image,source_document,page,source_type,width,height,sha256,content_ratio,duplicate_group,audit_status,audit_flags,include_in_training
images/qkvx8gp__p001.png,-qkvx8gP.pdf,1,pdf,1654,2339,4f1193522949e9959915ddf9127246242f31f8e0d207d618338255f4b0cadd9b,0.041333,,keep,,yes
images/052-facture-acompte-dade-pradella-2022-06-52__p001.png,052_Facture-acompte-DaDe-Pradella-2022-06-52.pdf,1,pdf,1654,2339,bc3627300a5d8933ec75f4ec5cba893f43456a43c777b310a24697916330c1eb,0.029374,,keep,,yes
images/056-facture-final-dade-pradella-2022-56__p001.png,056_Facture-final-DaDe-Pradella-2022-56.pdf,1,pdf,1654,2339,cb52249a19cf455c9c3a8f1eb1ac302460d25da41ad1446e4675714a31440f36,0.026795,,keep,,yes
images/1-1-invoice-35__p001.png,1-1  invoice (35).pdf,1,pdf,1654,2339,a0938cfa739600b4baa11c52de388d64c6c4156979d95aeadf2041ca0cd7875f,0.096707,dup_001,review,exact_duplicate,yes
images/1-1-invoice-35__p002.png,1-1  invoice (35).pdf,2,pdf,1654,2339,ca20925b67a9eab946acd42d7da9af9ba5b56efaf7b5e5a4cbf7cde564069337,0.021191,dup_002,review,exact_duplicate,yes
images/1-10-boulanger__p001.png,1-10 BOULANGER.pdf,1,pdf,1654,2339,ffab1355d706255a7e9bb69da995bd9601e461dd2dea676c17520d5c7776c202,0.253517,,keep,,yes
images/1-6-2026-07-10-13-39-1__p001.png,1-6 2026-07-10 13-39_1.pdf,1,pdf,1654,2359,ce61192fbf2c47750824eae38cbbb481cdfde44d214f81b3b651dded8cada187,0.052381,,keep,,yes
images/1-6-compensation-0026949-202606-q1__p001.png,1-6 Compensation_0026949_202606_Q1.pdf,1,pdf,1655,2128,f4761ae844759f1769bb6c7ec43d1de2d555be6b7a6d676b8800de0b637bfb80,0.039797,,keep,,yes
images/1-6-compensation-0026949-202606-q1__p002.png,1-6 Compensation_0026949_202606_Q1.pdf,2,pdf,1655,2128,8c5ed3a99e80b789db3e8f76fc736c2559c6dd54828da7cf50a7c0df00dba1ea,0.094637,,keep,,yes
images/1-6-compensation-0026949-202606-q1__p003.png,1-6 Compensation_0026949_202606_Q1.pdf,3,pdf,1655,2128,b1185081b6e695b1c346011f1fd1741716ada2f2239f4006e04521e782b4ecee,0.090927,,keep,,yes
images/1-6-compensation-0026949-202606-q1__p004.png,1-6 Compensation_0026949_202606_Q1.pdf,4,pdf,1655,2128,cfb455ffa254afccdd10eb124ffa7df43d5a3918957adc45c6857998eacea25c,0.094301,,keep,,yes
images/1-6-compensation-0026949-202606-q1__p005.png,1-6 Compensation_0026949_202606_Q1.pdf,5,pdf,1655,2128,087409c813e257ec052b4f332853193b7460a74f2faf25cf0bb58d833417d144,0.095886,,keep,,yes
images/1-6-compensation-0026949-202606-q1__p006.png,1-6 Compensation_0026949_202606_Q1.pdf,6,pdf,1655,2128,7406747e69cb4da0a386cc1ff521a93f9538eef8b5abe590b678d410f1ac26cd,0.092222,,keep,,yes
images/1-6-compensation-0026949-202606-q1__p007.png,1-6 Compensation_0026949_202606_Q1.pdf,7,pdf,1655,2128,d39057159f188080046a627e60a10eee9f6f342ddcc34b3bc4ed4d9aff628b39,0.066582,,keep,,yes
images/1-6-compensation-0026949-202606-q1__p008.png,1-6 Compensation_0026949_202606_Q1.pdf,8,pdf,1655,2128,503268251548c28fd50c0e39050f44211ce65c6ff3699395e9353d1cddb2953c,0.064161,,keep,,yes
images/1-6-compensation-0026949-202606-q1__p009.png,1-6 Compensation_0026949_202606_Q1.pdf,9,pdf,1655,2128,b289be8b5f7bb75af4fc2d47566b213a47e171af2ed876f07b341e2a6cc04ece,0.049332,,keep,,yes
images/1-6-pdf__p001.png,1-6-PDF-.pdf,1,pdf,1653,2339,c7d17a647e738c9eb080db4b51046f58246b8338b65424318bd611f664b17a14,0.137819,,keep,,yes
images/1-6-pdf__p002.png,1-6-PDF-.pdf,2,pdf,1653,2339,99e96af2b29266e9ebfc3ff2d8cc5283c1ee8f77dcda430786453064ab83fec4,0.023010,,keep,,yes
images/10-1-leb-2026-01-260925__p001.png,10-1  LEB-2026-01-260925.pdf,1,pdf,1653,2339,2e42b805b8d6a974993744d0d9a1f8beef5bdd23f6b93e4f6b219f7ad7285f6e,0.032934,,keep,,yes
images/10-10__p001.png,10-10.pdf,1,pdf,1654,2339,c5d2251b7ca7428b32d18ce738dbecca98caf16ef7fbca9a1c9c5076fa104917,0.133609,,keep,,yes
images/11-1-leb-2026-01-261006__p001.png,11-1  LEB-2026-01-261006.pdf,1,pdf,1653,2339,df099936fc4361ed54498ed7a41440a89bc1324a2fcc72a36703354b0cd27613,0.032817,,keep,,yes
images/11-10__p001.png,11-10.pdf,1,pdf,1654,2339,8b9f2aa6219e7949f3d17b0561fdc466aa6f737d31987916c1c698b49ff48b27,0.133870,,keep,,yes
images/12-1-leb-2026-01-266318__p001.png,12-1  LEB-2026-01-266318.pdf,1,pdf,1653,2339,eb57aebc8b08a38e5df97823caf673600726c4af2af6cee8cbad80fa4f6cdb57,0.032864,,keep,,yes
images/12-10__p001.png,12-10.pdf,1,pdf,1654,2339,1846b6d11165a4afe00655dbbf96ae83d1a579192b9538d4029fdb809c715f6a,0.279689,,keep,,yes
images/13-1-leb-2026-01-266330__p001.png,13-1  LEB-2026-01-266330.pdf,1,pdf,1653,2339,3f8682694b379d07ced0231bc719f0daa91a8dba8d6f118033df39ce46615d1f,0.032834,,keep,,yes
images/13-10__p001.png,13-10.pdf,1,pdf,1654,2339,d76318cf3f54840545e016e9aca9c4602589b728954fae40907fa6bb22e31cdf,0.123146,,keep,,yes
images/14-1-leb-2026-01-266353__p001.png,14-1  LEB-2026-01-266353.pdf,1,pdf,1653,2339,3f4a726a84b32537c7131cca293b8b4d0cb31883b7bc805f7805953b1e54fc4d,0.032854,,keep,,yes
images/14-10__p001.png,14-10.pdf,1,pdf,1654,2339,a94abde87b2c4057e56d36369124384124dc40da4899fbb2d86b01b0f819c65b,0.123831,,keep,,yes
images/15-1-leb-2026-01-266377__p001.png,15-1  LEB-2026-01-266377.pdf,1,pdf,1653,2339,b69c353b02242704ce2393c2e6684d1fd59c9d7bd7a9d74fa9e0737f0b4c9722,0.032740,,keep,,yes
images/15-10-greffe__p001.png,15-10 GREFFE.pdf,1,pdf,1654,2339,dc314797effd11bb8eecd0751f8046ede16cfe4d71e604f48b88d34aed6f26ea,0.170798,,keep,,yes
images/1552662462-5g5x5fgeod2oh2jt6smub027m6ji__p001.png,1552662462_5g5x5fgeod2oh2jt6smub027m6ji.pdf,1,pdf,1653,2339,b590a6472790e24761893a4b4054bcb85ca9eb8423b677ffd85c370812b724a8,0.066242,,keep,,yes
images/16-1-leb-2026-01-266407__p001.png,16-1  LEB-2026-01-266407.pdf,1,pdf,1653,2339,3fbf204658326620a4627fa795d104029f0f2680bc1d3fb2e0d513beafd71194,0.032757,,keep,,yes
images/16-10-arsecours__p001.png,16-10 ARSECOURS.pdf,1,pdf,1654,2339,7db48d47062ac035fcfcd132b6e5d16a8cd31995126545069dc4b56f579f0b1e,0.240497,,keep,,yes
images/17-10-tf87261428-20251015fac000927-f5x16346-oc__p001.png,17-10  TF87261428_20251015FAC000927_F5X16346_OC.pdf,1,pdf,1654,2339,ca8aebdcb237734ce05fe372ba5b5cb13e2b73d8957f93ee235bdcfbad2b8ea5,0.055132,,keep,,yes
images/17-10-tf87261428-20251015fac000927-f5x16346-oc__p002.png,17-10  TF87261428_20251015FAC000927_F5X16346_OC.pdf,2,pdf,1654,2339,bec964959ba21c5df326288f72135ff2400c8649cd620e81e73cd636e0a0c0e1,0.011914,,keep,,yes
images/17-10-tf87261428-20251015fac000927-f5x16346-oc__p003.png,17-10  TF87261428_20251015FAC000927_F5X16346_OC.pdf,3,pdf,1654,2339,0240e99423c9d93f81c56ba667259d863faad260b7fa63329acaf72fd13712f5,0.057922,,keep,,yes
images/1741792092-rvrtew6dxxf80cl3tbstvqrgdmmq__p001.png,1741792092_rvrtew6dxxf80cl3tbstvqrgdmmq.pdf,1,pdf,1654,2339,54a512bc2ca4de0e5cd712f8e8ab6b6892492140d23ee973f05a74882477108d,0.057737,,keep,,yes
images/1741792092-rvrtew6dxxf80cl3tbstvqrgdmmq__p002.png,1741792092_rvrtew6dxxf80cl3tbstvqrgdmmq.pdf,2,pdf,1654,2339,933c25a86f50d7fa557639e8a3cd520341025112414fb6854b46f2715e6a7105,0.126906,dup_003,review,exact_duplicate,yes
images/1741792092-rvrtew6dxxf80cl3tbstvqrgdmmq__p003.png,1741792092_rvrtew6dxxf80cl3tbstvqrgdmmq.pdf,3,pdf,1654,2339,5995588f01345f4182a34e29790f2142bd43f7f2fc88e920765e73821f69284a,0.811889,dup_004,review,exact_duplicate,yes
images/1741792092-rvrtew6dxxf80cl3tbstvqrgdmmq__p004.png,1741792092_rvrtew6dxxf80cl3tbstvqrgdmmq.pdf,4,pdf,1654,2339,f9fd7e57ecd5dac6aec81f23dac65df963ad6ff5dee523ea81dfd3a01248372b,0.676875,dup_005,review,exact_duplicate,yes
images/1741792484-5rzpo24w8q12j91797zsbb8jvewj__p001.png,1741792484_5rzpo24w8q12j91797zsbb8jvewj.pdf,1,pdf,1654,2339,c28f7df6b55ae2b56720b537b733ef4a047f064ad2900bade92cd3a3ff8c52e4,0.057905,,keep,,yes
images/1741792484-5rzpo24w8q12j91797zsbb8jvewj__p002.png,1741792484_5rzpo24w8q12j91797zsbb8jvewj.pdf,2,pdf,1654,2339,933c25a86f50d7fa557639e8a3cd520341025112414fb6854b46f2715e6a7105,0.126906,dup_003,review,exact_duplicate,yes
images/1741792484-5rzpo24w8q12j91797zsbb8jvewj__p003.png,1741792484_5rzpo24w8q12j91797zsbb8jvewj.pdf,3,pdf,1654,2339,5995588f01345f4182a34e29790f2142bd43f7f2fc88e920765e73821f69284a,0.811889,dup_004,review,exact_duplicate,yes
images/1741792484-5rzpo24w8q12j91797zsbb8jvewj__p004.png,1741792484_5rzpo24w8q12j91797zsbb8jvewj.pdf,4,pdf,1654,2339,f9fd7e57ecd5dac6aec81f23dac65df963ad6ff5dee523ea81dfd3a01248372b,0.676875,dup_005,review,exact_duplicate,yes
images/1741792485-4vmba652lakitpecz7mgb36w2hys__p001.png,1741792485_4vmba652lakitpecz7mgb36w2hys.pdf,1,pdf,1654,2339,a84fad5dcdff2ef1c4dca4167aa7c01c633d56d0a53de3807bab9982efef2fee,0.057876,,keep,,yes
images/1741792485-4vmba652lakitpecz7mgb36w2hys__p002.png,1741792485_4vmba652lakitpecz7mgb36w2hys.pdf,2,pdf,1654,2339,933c25a86f50d7fa557639e8a3cd520341025112414fb6854b46f2715e6a7105,0.126906,dup_003,review,exact_duplicate,yes
images/1741792485-4vmba652lakitpecz7mgb36w2hys__p003.png,1741792485_4vmba652lakitpecz7mgb36w2hys.pdf,3,pdf,1654,2339,5995588f01345f4182a34e29790f2142bd43f7f2fc88e920765e73821f69284a,0.811889,dup_004,review,exact_duplicate,yes
images/1741792485-4vmba652lakitpecz7mgb36w2hys__p004.png,1741792485_4vmba652lakitpecz7mgb36w2hys.pdf,4,pdf,1654,2339,f9fd7e57ecd5dac6aec81f23dac65df963ad6ff5dee523ea81dfd3a01248372b,0.676875,dup_005,review,exact_duplicate,yes
images/1741792486-02laoh1ucc1p6x6vkd4wydotmo33__p001.png,1741792486_02laoh1ucc1p6x6vkd4wydotmo33.pdf,1,pdf,1654,2339,ecb1c85435b1d1590cd01f6828fd58192f3d06433aca34847026d558c49d52e2,0.058051,,keep,,yes
images/1741792486-02laoh1ucc1p6x6vkd4wydotmo33__p002.png,1741792486_02laoh1ucc1p6x6vkd4wydotmo33.pdf,2,pdf,1654,2339,933c25a86f50d7fa557639e8a3cd520341025112414fb6854b46f2715e6a7105,0.126906,dup_003,review,exact_duplicate,yes
images/1741792486-02laoh1ucc1p6x6vkd4wydotmo33__p003.png,1741792486_02laoh1ucc1p6x6vkd4wydotmo33.pdf,3,pdf,1654,2339,5995588f01345f4182a34e29790f2142bd43f7f2fc88e920765e73821f69284a,0.811889,dup_004,review,exact_duplicate,yes
images/1741792486-02laoh1ucc1p6x6vkd4wydotmo33__p004.png,1741792486_02laoh1ucc1p6x6vkd4wydotmo33.pdf,4,pdf,1654,2339,f9fd7e57ecd5dac6aec81f23dac65df963ad6ff5dee523ea81dfd3a01248372b,0.676875,dup_005,review,exact_duplicate,yes
images/1744960742-qfq9a9dtyko5tv48s3rhyj1382n5__p001.png,1744960742_qfq9a9dtyko5tv48s3rhyj1382n5.pdf,1,pdf,1654,2339,b8a7ea50fb6cd05de6e75045b7484e852eb1df7a638a47f68161c19ce951c8e2,0.237177,,keep,,yes
images/1744960742-qfq9a9dtyko5tv48s3rhyj1382n5__p002.png,1744960742_qfq9a9dtyko5tv48s3rhyj1382n5.pdf,2,pdf,1654,2339,29ee87b6353894377c470782c5144fd54dc9996a70c05399cff7fc73737e077b,0.000000,dup_006,review,exact_duplicate;low_content,yes
images/1744960743-1ri9uw45qhxk4c0s2ubmdavm32wf__p001.png,1744960743_1ri9uw45qhxk4c0s2ubmdavm32wf.pdf,1,pdf,1654,2339,25bf8f05118f0ba7ffa1ab5772f53d17cc4e82cc0cc1993dce6b0e2c091aa85d,0.256454,,keep,,yes
images/1744960743-1ri9uw45qhxk4c0s2ubmdavm32wf__p002.png,1744960743_1ri9uw45qhxk4c0s2ubmdavm32wf.pdf,2,pdf,1654,2339,29ee87b6353894377c470782c5144fd54dc9996a70c05399cff7fc73737e077b,0.000000,dup_006,review,exact_duplicate;low_content,yes
images/1744960744-411oonsmnh1alazur4kry5ewtlak__p001.png,1744960744_411oonsmnh1alazur4kry5ewtlak.pdf,1,pdf,1654,2339,25e4ada1ea75fd7f6939406e50ba6c28e560fed53fab52b727b24a99148dc237,0.306706,,keep,,yes
images/1744960744-411oonsmnh1alazur4kry5ewtlak__p002.png,1744960744_411oonsmnh1alazur4kry5ewtlak.pdf,2,pdf,1654,2339,29ee87b6353894377c470782c5144fd54dc9996a70c05399cff7fc73737e077b,0.000000,dup_006,review,exact_duplicate;low_content,yes
images/1744960744-411oonsmnh1alazur4kry5ewtlak__p003.png,1744960744_411oonsmnh1alazur4kry5ewtlak.pdf,3,pdf,1654,2339,f0cfd7e22874983d243b960e4c8dc08b8421bdf6b2a513427fc8d51097dbd6b5,0.071797,,keep,,yes
images/1744960744-411oonsmnh1alazur4kry5ewtlak__p004.png,1744960744_411oonsmnh1alazur4kry5ewtlak.pdf,4,pdf,1654,2339,29ee87b6353894377c470782c5144fd54dc9996a70c05399cff7fc73737e077b,0.000000,dup_006,review,exact_duplicate;low_content,yes
images/1744960745-kaoos42fgwc6vqb7l0rmv274vmpb__p001.png,1744960745_kaoos42fgwc6vqb7l0rmv274vmpb.pdf,1,pdf,1654,2339,f2724bfff52896a66c1f28674067b45354a9e9afde25bbd809e317b48fa50385,0.114340,,keep,,yes
images/1744960746-ysb43bndbsdfns9yupbwzx8bped7__p001.png,1744960746_ysb43bndbsdfns9yupbwzx8bped7.pdf,1,pdf,1654,2339,7901da623f17948c585594976e73bec0b96340bf2ea30e3496864beeb5951bd0,0.059335,,keep,,yes
images/1744960747-6bewzpi4exlqyeyqq909y2u2pcax__p001.png,1744960747_6bewzpi4exlqyeyqq909y2u2pcax.pdf,1,pdf,1654,2339,579c1b40c0a6404441916cafe233df901a6ef7154691fd8fc28377f6afcc8362,0.058862,,keep,,yes
images/1744960748-zwkfvfnjf0n83w7gy8le6e9gn2pe__p001.png,1744960748_zwkfvfnjf0n83w7gy8le6e9gn2pe.pdf,1,pdf,1654,2339,eb0100498e2f83747ba6bac2147c2e7b812da2a10a1accda4b816b836a7d239b,0.052671,,keep,,yes
images/1744960749-rwpt8a81f4iq6hfiuetppz1ai3wj__p001.png,1744960749_rwpt8a81f4iq6hfiuetppz1ai3wj.pdf,1,pdf,1654,2339,b0f305121c174c4ed4ef6c64a306144df33db97f7d5973645501a10a5e5dd035,0.224502,,keep,,yes
images/1744960749-rwpt8a81f4iq6hfiuetppz1ai3wj__p002.png,1744960749_rwpt8a81f4iq6hfiuetppz1ai3wj.pdf,2,pdf,1654,2339,29ee87b6353894377c470782c5144fd54dc9996a70c05399cff7fc73737e077b,0.000000,dup_006,review,exact_duplicate;low_content,yes
images/1744960750-ayk0zuf4umxveqb1nigodse7xfmw__p001.png,1744960750_ayk0zuf4umxveqb1nigodse7xfmw.pdf,1,pdf,1654,2339,f0db175affcc4133faa1e73ef93b92ee3e79744e8442d3601daa0c66f4323be5,0.214157,,keep,,yes
images/1744960750-ayk0zuf4umxveqb1nigodse7xfmw__p002.png,1744960750_ayk0zuf4umxveqb1nigodse7xfmw.pdf,2,pdf,1654,2339,29ee87b6353894377c470782c5144fd54dc9996a70c05399cff7fc73737e077b,0.000000,dup_006,review,exact_duplicate;low_content,yes
images/1744975609-64pchbz57okh2hexqsk4a2t56jfn__p001.png,1744975609_64pchbz57okh2hexqsk4a2t56jfn.pdf,1,pdf,1654,2339,5cc49be86b132eee0f819c265f196da37fed9b08c72a089d92b44dba1a106b2e,0.050772,,keep,,yes
images/1744975611-js9ieumkidzj95q78iu3jm6evnnw__p001.png,1744975611_js9ieumkidzj95q78iu3jm6evnnw.pdf,1,pdf,1655,2339,9bb97232c3c7e7888feeb91f57deea08f9fb0c055c88d19611ac2ad41f3dda0d,0.140420,,keep,,yes
images/1744975612-tw5xdjhq1wlzoganjaj366w2ojmr__p001.png,1744975612_tw5xdjhq1wlzoganjaj366w2ojmr.pdf,1,pdf,1654,2339,998dc475cf9640fdc0299a58105402f2659924b70d51f60fb40bd7852e98c097,0.087429,,keep,,yes
images/1744975612-tw5xdjhq1wlzoganjaj366w2ojmr__p002.png,1744975612_tw5xdjhq1wlzoganjaj366w2ojmr.pdf,2,pdf,1654,2339,d4a059ec0d0158d72a3310855d393294bf0803f499bb31a22c3a66a558eb1297,0.036264,,keep,,yes
images/1744975613-zea0moeyd5l6xdsslajdyj51ybq4__p001.png,1744975613_zea0moeyd5l6xdsslajdyj51ybq4.pdf,1,pdf,1653,2339,6ad9b9285ca6521fac046c7d55e4bc82b7a29644ba07c7baae49dd67d96858e9,0.103842,,keep,,yes
images/1744975613-zea0moeyd5l6xdsslajdyj51ybq4__p002.png,1744975613_zea0moeyd5l6xdsslajdyj51ybq4.pdf,2,pdf,1653,2339,8e8bde8fad5712969edc7aee4612fc01c331c69fcf241fb3c3374b515ffa16c2,0.231220,,keep,,yes
images/1744975613-zea0moeyd5l6xdsslajdyj51ybq4__p003.png,1744975613_zea0moeyd5l6xdsslajdyj51ybq4.pdf,3,pdf,1653,2339,b050826188c276eaf417f3a3cceb04c15d4372f0941b1190846e45ed8ed53f66,0.083155,,keep,,yes
images/1744975613-zea0moeyd5l6xdsslajdyj51ybq4__p004.png,1744975613_zea0moeyd5l6xdsslajdyj51ybq4.pdf,4,pdf,1653,2339,2551226378eaa972bcc382c63e4096eadd2fa89b9ef4d92de7d9ac1a3c4dcbfd,0.000000,dup_007,review,exact_duplicate;low_content,yes
images/1744975615-q4g13uqrk7vd7xdcx7cfv2804iub__p001.png,1744975615_q4g13uqrk7vd7xdcx7cfv2804iub.pdf,1,pdf,1654,2339,59215e876d51cc7561111a0591e42c4d5a489076e06b905b45c12d8ab5ab096b,0.247342,,keep,,yes
images/1744975615-q4g13uqrk7vd7xdcx7cfv2804iub__p002.png,1744975615_q4g13uqrk7vd7xdcx7cfv2804iub.pdf,2,pdf,1654,2339,172e38e68159c26f06251fb49d9dc4d24b44135145cb64a9407f492af0b03235,0.108196,,keep,,yes
images/1744975615-q4g13uqrk7vd7xdcx7cfv2804iub__p003.png,1744975615_q4g13uqrk7vd7xdcx7cfv2804iub.pdf,3,pdf,1654,2339,8d6d6b3ccec97392253db5596e7ee3d593d7d5a36abde4aedfa566ea6871e33c,0.197143,,keep,,yes
images/1744975615-q4g13uqrk7vd7xdcx7cfv2804iub__p004.png,1744975615_q4g13uqrk7vd7xdcx7cfv2804iub.pdf,4,pdf,1654,2339,468cf29f51754684d9f3a65bec7f861e28ece16d39442974258a36a720e8ec70,0.113740,,keep,,yes
images/1744975616-yg0ca26qc3fg8ou08i49my0d3574__p001.png,1744975616_yg0ca26qc3fg8ou08i49my0d3574.pdf,1,pdf,1653,2339,94845bbbd3de91e573e63c736859aa2796031c04f14b12d18e9adfbbb5dad4d2,0.177876,,keep,,yes
images/1744975617-94e2m2plgqkcmp5obj8s9sd7b2u6__p001.png,1744975617_94e2m2plgqkcmp5obj8s9sd7b2u6.pdf,1,pdf,1653,2339,4db6d4ca33ba9ce455eda76ff73e1f087578fa7f225b7550a1b64f9c1f4f6755,0.067462,,keep,,yes
images/1744975619-odgvbavxfzh1wwq9ng91p3cikunh__p001.png,1744975619_odgvbavxfzh1wwq9ng91p3cikunh.pdf,1,pdf,1653,2339,e28e83ce55f8eab81e18a6572d6b7141c0b48a1dc5ca2f8257d927536957fb53,0.142744,,keep,,yes
images/1744975619-odgvbavxfzh1wwq9ng91p3cikunh__p002.png,1744975619_odgvbavxfzh1wwq9ng91p3cikunh.pdf,2,pdf,1653,2339,42eb8b06105b7dc7bae514847cb319f66579c8360910563155a4a21137787493,0.143422,,keep,,yes
images/1744975619-odgvbavxfzh1wwq9ng91p3cikunh__p003.png,1744975619_odgvbavxfzh1wwq9ng91p3cikunh.pdf,3,pdf,1653,2339,1e4b64dd2adca06671746745125687601f37fce0e08999becca6f0c6b0d4a4c1,0.141668,,keep,,yes
images/1744975619-odgvbavxfzh1wwq9ng91p3cikunh__p004.png,1744975619_odgvbavxfzh1wwq9ng91p3cikunh.pdf,4,pdf,1653,2339,51505dd4890c0616a19bdcdba1dc6fc1d039b91b217f097a8915547eb0b0199d,0.144550,,keep,,yes
images/1744975619-odgvbavxfzh1wwq9ng91p3cikunh__p005.png,1744975619_odgvbavxfzh1wwq9ng91p3cikunh.pdf,5,pdf,1653,2339,4b16bba416c9bd84b2c2e936c22e0ef4ff9c96243ce6a6087f8372111963f194,0.142336,,keep,,yes
images/1744975619-odgvbavxfzh1wwq9ng91p3cikunh__p006.png,1744975619_odgvbavxfzh1wwq9ng91p3cikunh.pdf,6,pdf,1653,2339,60f6512cbd1c9577cbbdd3fce3df98c77c3aba86687381253d384ef89a118bf9,0.144833,,keep,,yes
images/1744975619-odgvbavxfzh1wwq9ng91p3cikunh__p007.png,1744975619_odgvbavxfzh1wwq9ng91p3cikunh.pdf,7,pdf,1653,2339,19bf0d2acb0387f6d23722d7fb0fd18ed71baee2b8ff5fab1b64e7465d482d29,0.143623,,keep,,yes
images/1744975619-odgvbavxfzh1wwq9ng91p3cikunh__p008.png,1744975619_odgvbavxfzh1wwq9ng91p3cikunh.pdf,8,pdf,1653,2339,458f3fc83083511431a154e2edd24fad46e21e457d9782d8e4924dc858783f89,0.144162,,keep,,yes
images/1744975619-odgvbavxfzh1wwq9ng91p3cikunh__p009.png,1744975619_odgvbavxfzh1wwq9ng91p3cikunh.pdf,9,pdf,1653,2339,bba63f03e9d3729a1a431529851bb09b5065ef05dd8857bf5ddb49a0e0815321,0.142111,,keep,,yes
images/1744975619-odgvbavxfzh1wwq9ng91p3cikunh__p010.png,1744975619_odgvbavxfzh1wwq9ng91p3cikunh.pdf,10,pdf,1653,2339,b3635eb82c1fa4baf95332aa1be6ddc854e4dcaff25f105d9c6b979e6773f651,0.142622,,keep,,yes
images/1744975619-odgvbavxfzh1wwq9ng91p3cikunh__p011.png,1744975619_odgvbavxfzh1wwq9ng91p3cikunh.pdf,11,pdf,1653,2339,055a8c33f6af2df83f2572172048fecf1603966eb0d2d8e422b7d5a398eaf239,0.075630,,keep,,yes
images/1744975619-odgvbavxfzh1wwq9ng91p3cikunh__p012.png,1744975619_odgvbavxfzh1wwq9ng91p3cikunh.pdf,12,pdf,1653,2339,090975bf17363367a99b6a7a2016bca3b24779a46411d6b11f19d04e2a1041e0,0.110424,,keep,,yes
images/1744975619-odgvbavxfzh1wwq9ng91p3cikunh__p013.png,1744975619_odgvbavxfzh1wwq9ng91p3cikunh.pdf,13,pdf,1653,2339,99631b88bf793cbec831caf6da6614b6e22cc0bef6f96af7297a1844dc5f237e,0.061686,,keep,,yes
images/1744975619-odgvbavxfzh1wwq9ng91p3cikunh__p014.png,1744975619_odgvbavxfzh1wwq9ng91p3cikunh.pdf,14,pdf,1653,2339,c01c72bf7437a82057a64e34d9c1678bbedfcce8934ec424504858290306d2fa,0.052165,,keep,,yes
images/1744975619-odgvbavxfzh1wwq9ng91p3cikunh__p015.png,1744975619_odgvbavxfzh1wwq9ng91p3cikunh.pdf,15,pdf,1653,2339,cd892aeabe0bc206acc044f62ab1847d30ab8f32c7bb70e081b6b399e3fd215d,0.073599,,keep,,yes
images/1744981237-gclupqu0wj4einqk0ekahp0u5eem__p001.png,1744981237_gclupqu0wj4einqk0ekahp0u5eem.pdf,1,pdf,1654,2339,55046d6b6b06b73614b53763d5f5d57fd2df4ba2cbb51ad085b16c8c852ebd27,0.484533,,keep,,yes
images/1744981237-gclupqu0wj4einqk0ekahp0u5eem__p002.png,1744981237_gclupqu0wj4einqk0ekahp0u5eem.pdf,2,pdf,1654,2339,dcc7a47b78d2dbecaf4a31bb747e79e6b8ac9d7a239de9230a7e0ca49536a55d,0.475464,,keep,,yes
images/1744981244-vb82i8aqvy7mmqe52m4wugj7ixtd__p001.png,1744981244_vb82i8aqvy7mmqe52m4wugj7ixtd.pdf,1,pdf,1653,2339,76df47fd13068e81084815dd5e3f085a17202e371e3aebbcd156f8680b3d3a0a,0.101160,,keep,,yes
images/1744981246-3umat880hnooyarwhxvq7ae0cjdp__p001.png,1744981246_3umat880hnooyarwhxvq7ae0cjdp.pdf,1,pdf,1653,2339,395d2cfc862d51ac3468d3093236dd659dbdfc1f7c949d7fd4e3a5c9add6498b,0.077444,,keep,,yes
images/1750239730-4gjc58sf7t6x4t519p3972mc1pyc__p001.png,1750239730_4gjc58sf7t6x4t519p3972mc1pyc.pdf,1,pdf,1653,2339,89cd9567aa9a1c35ed9d9f6ce108e9ecb40bf07b00be6c0024d45dda89d50590,0.041181,,keep,,yes
images/1750239731-uoaxw2n6enq9rcrtl6ufd138l0oe__p001.png,1750239731_uoaxw2n6enq9rcrtl6ufd138l0oe.pdf,1,pdf,1653,2339,b0dda755e171645b2fc5167b8669fbb1893d674a688e8f128ff6a09eaf8f2ffa,0.038227,,keep,,yes
images/18-10-tf87261428-20251031fac003742-f5z00541-oc__p001.png,18-10  TF87261428_20251031FAC003742_F5Z00541_OC.pdf,1,pdf,1653,2339,1208e1b565ca7edb4598b2ebeebf14bc842398ec087b5f2ae8f709f1d557f30f,0.056634,,keep,,yes
images/18-10-tf87261428-20251031fac003742-f5z00541-oc__p002.png,18-10  TF87261428_20251031FAC003742_F5Z00541_OC.pdf,2,pdf,1653,2339,fe5976ef10addc875ed6d66eba51bcc56510d580c914bd169367b968047ec394,0.011916,,keep,,yes
images/18-10-tf87261428-20251031fac003742-f5z00541-oc__p003.png,18-10  TF87261428_20251031FAC003742_F5Z00541_OC.pdf,3,pdf,1653,2339,eeb8a5dcda703716d14c07ee99d455991fc5801ed2a6ee011f068cf06400b01e,0.056379,,keep,,yes
images/18-10-tf87261428-20251031fac003742-f5z00541-oc__p004.png,18-10  TF87261428_20251031FAC003742_F5Z00541_OC.pdf,4,pdf,1653,2339,598f5dac2ac63f62612cb3bfc29850f61285921c02438284dc6f346b73684762,0.017379,,keep,,yes
images/1826102277-ucmj8mampwiv7uqtqo99xocvesls__p001.png,1826102277_ucmj8mampwiv7uqtqo99xocvesls.pdf,1,pdf,1654,2339,bdb280492dffbfe049d1827fca2e6886f92ab90049d486ec3179b833c6578a31,0.070061,,keep,,yes
images/1826102316-n6ax6qp0kgbbqnkiqchbc5t5lklr__p001.png,1826102316_n6ax6qp0kgbbqnkiqchbc5t5lklr.pdf,1,pdf,1653,2337,f017ae1e4fe1cdceae241200fdc360deb274464a64479c4fb4e42af62d4b736e,0.040795,,keep,,yes
images/19-10-taxis-paris-bercy__p001.png,19-10 TAXIS PARIS-BERCY.pdf,1,pdf,1654,2339,3b7dfb79c640437a10818185246ae6f342977e2b9b1515f93f8dbea8e66a545c,0.111175,,keep,,yes
images/2-1-invoice-36__p001.png,2-1  invoice (36).pdf,1,pdf,1654,2339,e0468e8d20abc5277597b2393db0a098bd63de88774c3f99b7f6600408f95d06,0.104652,,keep,,yes
images/2-1-invoice-36__p002.png,2-1  invoice (36).pdf,2,pdf,1654,2339,c16699be9419347b4d8e8f04bc3af76cb30ef935b1a5120524e42ba48d7ad3e8,0.024131,,keep,,yes
images/2-10-leroy-merlin__p001.png,2-10 LEROY MERLIN.pdf,1,pdf,1654,2339,32e886b9566b271e11a5fcf61874935d809a23fbb9f3e8cfdd316fa6c147c313,0.237637,,keep,,yes
images/2-10-leroy-merlin__p002.png,2-10 LEROY MERLIN.pdf,2,pdf,1654,2339,4686c9f96dbe1fb17914f8a1be2cc7d835d6e2f9d214138c43a32f914d38ca04,0.224892,,keep,,yes
images/2-6-2026-07-10-13-39-1__p001.png,2-6 2026-07-10 13-39_1.pdf,1,pdf,1654,2360,5e73e7a2641badcfd19b1228fd8c72c8c4d4c62f25950b4027ae1627bde4bd84,0.059837,,keep,,yes
images/2-6-compensation-0026949-202606-q2__p001.png,2-6 Compensation_0026949_202606_Q2.pdf,1,pdf,1655,2128,6d8090485aa0fc08dbdd3bcd7e84552bd431fb58c2f684ed8eb6ac8e85872d7f,0.039839,,keep,,yes
images/2-6-compensation-0026949-202606-q2__p002.png,2-6 Compensation_0026949_202606_Q2.pdf,2,pdf,1655,2128,24ab73108023d8af6d95b20ed4e56366f3c2dfc0ee044590b29b6b787ba0c66c,0.088694,,keep,,yes
images/2-6-compensation-0026949-202606-q2__p003.png,2-6 Compensation_0026949_202606_Q2.pdf,3,pdf,1655,2128,886c14c28a95289a7b878121536f4a4ad0283670d143bc45dbd5dd4b0ebae5d6,0.093511,,keep,,yes
images/2-6-compensation-0026949-202606-q2__p004.png,2-6 Compensation_0026949_202606_Q2.pdf,4,pdf,1655,2128,19cda9b031d01d86864386fcf52c6deec2a2ce998af29e21fb34a26940ce18ba,0.092395,,keep,,yes
images/2-6-compensation-0026949-202606-q2__p005.png,2-6 Compensation_0026949_202606_Q2.pdf,5,pdf,1655,2128,340635c2524947f9dfb3e1fdd83c2c3cfde045d38ae03e48e049e53927edffa3,0.093132,,keep,,yes
images/2-6-compensation-0026949-202606-q2__p006.png,2-6 Compensation_0026949_202606_Q2.pdf,6,pdf,1655,2128,b9f41eb22a4e79b7cd4c5b11672142405f7f88d59f4638ca56bab643338f2800,0.081172,,keep,,yes
images/2-6-compensation-0026949-202606-q2__p007.png,2-6 Compensation_0026949_202606_Q2.pdf,7,pdf,1655,2128,abd6a902da5f765f5f89c15be6269463c79aba67eae3f890e13ebe1df0b783e2,0.038310,,keep,,yes
images/2-6-compensation-0026949-202606-q2__p008.png,2-6 Compensation_0026949_202606_Q2.pdf,8,pdf,1655,2128,ad259b72eadc06c0fa6c28433811144c3c62ba72ff8071c6c73e67ce78512c4e,0.059969,,keep,,yes
images/2-6-compensation-0026949-202606-q2__p009.png,2-6 Compensation_0026949_202606_Q2.pdf,9,pdf,1655,2128,43fe72cd107f6bd7379fefdfde02406f9de4755b685d20ee72c99ddf5956f40d,0.049460,,keep,,yes
images/2-6-pdf__p001.png,2-6-PDF-.pdf,1,pdf,1653,2339,403ff209c56ea7ebf7ce7b7e6fc368d1bf470cc48c279c0d488aaae1f7681450,0.224287,,keep,,yes
images/2-6-pdf__p002.png,2-6-PDF-.pdf,2,pdf,1653,2339,1f48869adf469a6769cdf240e8bc259d0a5227ca6e05b59b5b440f77e2524c9c,0.059994,,keep,,yes
images/20-1-facture-fact003730-43295__p001.png,20-1  facture-FACT003730-43295.pdf,1,pdf,1654,2339,c9fe1abcac7b175c0b08c86e9ac6c1858cdf9e1bbb5b721a0347c7a4c6cc7c7e,0.047764,,keep,,yes
images/20-10-bouyguestelecom-facture-20251006__p001.png,20-10  Bouyguestelecom_Facture_20251006.pdf,1,pdf,1653,2339,ad29962c75acbe5f1e920ef0e081a915f212e2901d67f57858b015f917d6e3a6,0.066648,,keep,,yes
images/20-10-bouyguestelecom-facture-20251006__p002.png,20-10  Bouyguestelecom_Facture_20251006.pdf,2,pdf,1653,2339,0184fa2eaf280c4cdbe6b6fbe3f1f1fe61b99b10fddc1fce6a8859ca05aaa606,0.096428,dup_008,review,exact_duplicate,yes
images/20-10-bouyguestelecom-facture-20251006__p003.png,20-10  Bouyguestelecom_Facture_20251006.pdf,3,pdf,1653,2339,f9c69bcab77da1b3206d0dc9a752256e6963f6ebf6bfbbd13d8e08bec36ef8c0,0.045518,,keep,,yes
images/20-10-bouyguestelecom-facture-20251006__p004.png,20-10  Bouyguestelecom_Facture_20251006.pdf,4,pdf,1653,2339,f00419d35c5bfa6e749effe92d4f663c5496fdec04c732b70607337e8b57da9c,0.033658,,keep,,yes
images/20-10-bouyguestelecom-facture-20251006__p005.png,20-10  Bouyguestelecom_Facture_20251006.pdf,5,pdf,1653,2339,0fa2a7be75f762fb24de75a14b51c46617fdebe112bed8fce89400c038aebdba,0.046337,,keep,,yes
images/20-10-bouyguestelecom-facture-20251006__p006.png,20-10  Bouyguestelecom_Facture_20251006.pdf,6,pdf,1653,2339,349118cebd6111a2dcd65cd30fff51c7bc1b9b97ede321c737c334261d5f1ef7,0.036501,,keep,,yes
images/2026-01-77156325-1__p001.png,2026-01-77156325-1.pdf,1,pdf,1654,2339,daf673417462fe0a726bd24e93d16ac4916fb79c570ef078734c889eb5d37b64,0.099492,,keep,,yes
images/2033367893-x3wnsvh04s72l0inn07o4101bkbr__p001.png,2033367893_x3wnsvh04s72l0inn07o4101bkbr.pdf,1,pdf,1653,2339,fc62a2ea9e97d32cc1d6492c0650a9cc0ac19275b527f8a9b0a2d1a4556ca4a5,0.109489,,keep,,yes
images/2033367896-94muaytmeg0qha1erqzd97u46tw6__p001.png,2033367896_94muaytmeg0qha1erqzd97u46tw6.pdf,1,pdf,1654,2339,0ccd8164ddc94c16ef20ffa8e631a90f7dbd1fe1fee8abfb29814736778f47a2,0.084261,,keep,,yes
images/2033367897-5kdnmwuxro9htaa2yqezmjvn88zr__p001.png,2033367897_5kdnmwuxro9htaa2yqezmjvn88zr.pdf,1,pdf,1654,2339,2fd93f423af3c230cdd6f27f037bb8ee1e6b53d517a71ea8ffda3c449652a71c,0.084301,,keep,,yes
images/21-1-appelloyer-707840-1__p001.png,21-1  AppelLoyer_707840_1.pdf,1,pdf,1653,2339,b0beda34914cfdd829227f4ba6e92c08eaa2885ac93f3d87b0a0529b53a27671,0.067559,,keep,,yes
images/21-10-edf__p001.png,21-10 EDF.pdf,1,pdf,1654,2339,beadd5e49d2b62f3d5e7cbe7ab58252b9a0a8b8342a811723f9da728b929baa0,0.102759,,keep,,yes
images/21-10-sci-dv-patrimoine__p001.png,21-10 SCI DV PATRIMOINE.pdf,1,pdf,1654,2339,9fa677e94f891f37f7a28c7062c8408c1286c5dc3801b5618f0287ff1282fd6a,0.020259,,keep,,yes
images/21069563940864-u6y501h2aavgfhfby5cmm91g4sp5__p001.png,21069563940864_u6y501h2aavgfhfby5cmm91g4sp5.pdf,1,pdf,1654,2339,9c2848501a54b81db891794dfe93063862aaa90daa927c6c84d0c2b3369214e8,0.068536,,keep,,yes
images/21069563944960-1vyrsn0wswz5vr2pintknjthih9n__p001.png,21069563944960_1vyrsn0wswz5vr2pintknjthih9n.pdf,1,pdf,1654,2339,0e27cb20ae05d3b190a12718587bca6146262d488122734ed5d8fc9759e543ed,0.067969,,keep,,yes
images/21069563949056-e54jg4zjki54o7mb1zr1vhy80pke__p001.png,21069563949056_e54jg4zjki54o7mb1zr1vhy80pke.pdf,1,pdf,1654,2339,02849364ae44eebedfbd4a0f14d02beb89e3721384bd07f3bbfcbd68930e7a15,0.101981,,keep,,yes
images/21069563953152-ofzibi3xndffy438flv1pn0041q6__p001.png,21069563953152_ofzibi3xndffy438flv1pn0041q6.pdf,1,pdf,1654,2339,0cad1e4bd7874ac25a136dcca2d366589d7714d57ce7bff0623563acac02038c,0.356780,,keep,,yes
images/21069563953152-ofzibi3xndffy438flv1pn0041q6__p002.png,21069563953152_ofzibi3xndffy438flv1pn0041q6.pdf,2,pdf,1654,2339,d5e16d4c035d4dfc2bdfb3cf722495b66e4cb10c2eb83c6ed19c31333e56d39b,0.355579,,keep,,yes
images/21069563953152-ofzibi3xndffy438flv1pn0041q6__p003.png,21069563953152_ofzibi3xndffy438flv1pn0041q6.pdf,3,pdf,1654,2339,b3f47633a2b43b2ba15d67d5252c0fd3ba56219928cf926dcb76eeb88c2e1c7f,0.356206,,keep,,yes
images/21069563953152-ofzibi3xndffy438flv1pn0041q6__p004.png,21069563953152_ofzibi3xndffy438flv1pn0041q6.pdf,4,pdf,1654,2339,029a911c44c5ea8103e0213e7db25cfc78f988096bfb3bfe886f72c400cb22b1,0.355906,,keep,,yes
images/21069563953152-ofzibi3xndffy438flv1pn0041q6__p005.png,21069563953152_ofzibi3xndffy438flv1pn0041q6.pdf,5,pdf,1654,2339,2538fe19e75619a39028dc02e71fc5710117483be3e52138c6e8c6eff471f58e,0.347110,,keep,,yes
images/21069563953152-ofzibi3xndffy438flv1pn0041q6__p006.png,21069563953152_ofzibi3xndffy438flv1pn0041q6.pdf,6,pdf,1654,2339,0d29dfa2e9ea17730933c724adde3cdd845b7e62442a020e791b807dd3e23661,0.319313,,keep,,yes
images/21069563953152-ofzibi3xndffy438flv1pn0041q6__p007.png,21069563953152_ofzibi3xndffy438flv1pn0041q6.pdf,7,pdf,1654,2339,a6145f9074870f927804406801c8c36aa059c7555203cb738a4f65a3cdd60ed8,0.243780,,keep,,yes
images/21069563953152-ofzibi3xndffy438flv1pn0041q6__p008.png,21069563953152_ofzibi3xndffy438flv1pn0041q6.pdf,8,pdf,1654,2339,cb9ac36e362b358686a84f81569c7af9af420accdbe0bbbc5bef886721a64a73,0.061714,dup_009,review,exact_duplicate,yes
images/21069563961344-3hnwlyna58uh39upneqc5sworwgi__p001.png,21069563961344_3hnwlyna58uh39upneqc5sworwgi.pdf,1,pdf,1654,2339,fbc36ff40ecbb4637a007acc2742d1b7c68a869118039af69905f5bba98ebbd2,0.356279,,keep,,yes
images/21069563961344-3hnwlyna58uh39upneqc5sworwgi__p002.png,21069563961344_3hnwlyna58uh39upneqc5sworwgi.pdf,2,pdf,1654,2339,bcae1f6fb6f6373c4550b28e6324e4efcbc94609cefae14e7295b7a9c0e0db77,0.355993,,keep,,yes
images/21069563961344-3hnwlyna58uh39upneqc5sworwgi__p003.png,21069563961344_3hnwlyna58uh39upneqc5sworwgi.pdf,3,pdf,1654,2339,68632d13ab8ced0496b22f80a15a629255512752471bd7f2fe4d2671d11b27b7,0.355450,,keep,,yes
images/21069563961344-3hnwlyna58uh39upneqc5sworwgi__p004.png,21069563961344_3hnwlyna58uh39upneqc5sworwgi.pdf,4,pdf,1654,2339,6898cd8b5167e25bb738071626ed75717ec992860a9c6bc6f225e5c7966f077e,0.356618,,keep,,yes
images/21069563961344-3hnwlyna58uh39upneqc5sworwgi__p005.png,21069563961344_3hnwlyna58uh39upneqc5sworwgi.pdf,5,pdf,1654,2339,505bbfb2fcb28e264ef630782aeff8c01d8da3e816e56a3fe5ad1e3d37f4de28,0.254333,,keep,,yes
images/21069563961344-3hnwlyna58uh39upneqc5sworwgi__p006.png,21069563961344_3hnwlyna58uh39upneqc5sworwgi.pdf,6,pdf,1654,2339,cb9ac36e362b358686a84f81569c7af9af420accdbe0bbbc5bef886721a64a73,0.061714,dup_009,review,exact_duplicate,yes
images/21069563969536-elec1oujr6wu5tuhlugukqguy5ni__p001.png,21069563969536_elec1oujr6wu5tuhlugukqguy5ni.pdf,1,pdf,1654,2339,40944df5a0c9b107fe7f68cdb3dbf4926c65f5ab8cdab1bf5f6dec9464452f84,0.354852,,keep,,yes
images/21069563969536-elec1oujr6wu5tuhlugukqguy5ni__p002.png,21069563969536_elec1oujr6wu5tuhlugukqguy5ni.pdf,2,pdf,1654,2339,3e5a2cbb6412d6cf4272c89b72ee761814107b794a8408161af8c7e27cb67c06,0.240713,,keep,,yes
images/21069563969536-elec1oujr6wu5tuhlugukqguy5ni__p003.png,21069563969536_elec1oujr6wu5tuhlugukqguy5ni.pdf,3,pdf,1654,2339,cb9ac36e362b358686a84f81569c7af9af420accdbe0bbbc5bef886721a64a73,0.061714,dup_009,review,exact_duplicate,yes
images/21069563977728-y3l1tud5aibx4j5895k7aou6uh60__p001.png,21069563977728_y3l1tud5aibx4j5895k7aou6uh60.pdf,1,pdf,2339,1654,8573ff30458d0de22a4fec6e3f1ead2e8ccc987fba6e3018a3ffee833953e0fb,0.348068,,keep,,yes
images/21069563977728-y3l1tud5aibx4j5895k7aou6uh60__p002.png,21069563977728_y3l1tud5aibx4j5895k7aou6uh60.pdf,2,pdf,2339,1654,82f0b0431ab0251045118cfcbe32c2009a74e62df7afcf392c3ffab489abf6a3,0.360284,,keep,,yes
images/21069563977728-y3l1tud5aibx4j5895k7aou6uh60__p003.png,21069563977728_y3l1tud5aibx4j5895k7aou6uh60.pdf,3,pdf,2339,1654,ae64a76614705e974edbfa6de68f6daf6ed1269d1f1dbcae850a91538cc774fb,0.359469,,keep,,yes
images/21069563977728-y3l1tud5aibx4j5895k7aou6uh60__p004.png,21069563977728_y3l1tud5aibx4j5895k7aou6uh60.pdf,4,pdf,2339,1654,0d897aa792dedad64cdcb03a22105fba6d927cc8deecd92e4e550bb4831c1fc3,0.362701,,keep,,yes
images/21069563977728-y3l1tud5aibx4j5895k7aou6uh60__p005.png,21069563977728_y3l1tud5aibx4j5895k7aou6uh60.pdf,5,pdf,2339,1654,6e639e17a78c2f647998e09f31ddb6ee8fc9f7e1bb2da33d68d6df5b4d173faf,0.362753,,keep,,yes
images/21069563977728-y3l1tud5aibx4j5895k7aou6uh60__p006.png,21069563977728_y3l1tud5aibx4j5895k7aou6uh60.pdf,6,pdf,2339,1654,58206f824a394ff7f43cd57bf843781f19587f4ab421638b6f78e85f7f42e3e5,0.362396,,keep,,yes
images/21069563977728-y3l1tud5aibx4j5895k7aou6uh60__p007.png,21069563977728_y3l1tud5aibx4j5895k7aou6uh60.pdf,7,pdf,2339,1654,37cea92d2970e465dcc5a4fc235a8efe519910441f039bce1e68453fdab1c333,0.361709,,keep,,yes
images/21069563977728-y3l1tud5aibx4j5895k7aou6uh60__p008.png,21069563977728_y3l1tud5aibx4j5895k7aou6uh60.pdf,8,pdf,2339,1654,352d5bf8a1de854e1a7cb08e701344dbcf2d133f61aa44fdf14fe762065a96da,0.361548,,keep,,yes
images/21069563977728-y3l1tud5aibx4j5895k7aou6uh60__p009.png,21069563977728_y3l1tud5aibx4j5895k7aou6uh60.pdf,9,pdf,2339,1654,d70cf1a13973376743628e0e1221821d998457789dac21fe2f7227029ee54284,0.361668,,keep,,yes
images/21069563977728-y3l1tud5aibx4j5895k7aou6uh60__p010.png,21069563977728_y3l1tud5aibx4j5895k7aou6uh60.pdf,10,pdf,2339,1654,47fe244dd220ed6ea2d9246eb516ed9369b92e7f1ad9f74a938414320bd5db3e,0.362582,,keep,,yes
images/21069563977728-y3l1tud5aibx4j5895k7aou6uh60__p011.png,21069563977728_y3l1tud5aibx4j5895k7aou6uh60.pdf,11,pdf,2339,1654,6e7e24db259112728a31218f88f2af8793c66e7845411a636521821690e48e11,0.359894,,keep,,yes
images/21069563977728-y3l1tud5aibx4j5895k7aou6uh60__p012.png,21069563977728_y3l1tud5aibx4j5895k7aou6uh60.pdf,12,pdf,2339,1654,9af166b5a2331dc8ccfa873ec6685f5c7ca77b0c1ad911ce1e1694935a06e89a,0.354101,,keep,,yes
images/21069563977728-y3l1tud5aibx4j5895k7aou6uh60__p013.png,21069563977728_y3l1tud5aibx4j5895k7aou6uh60.pdf,13,pdf,2339,1654,e705cc1db32053d978605e175084fe397cdc45d411df2ed629f65a8134f86d93,0.346496,,keep,,yes
images/21069563977728-y3l1tud5aibx4j5895k7aou6uh60__p014.png,21069563977728_y3l1tud5aibx4j5895k7aou6uh60.pdf,14,pdf,2339,1654,6c714e196974457973ca00645200416a7ec45dc1fa8297cc9cd6bd3c08ea0464,0.300072,,keep,,yes
images/21069563977728-y3l1tud5aibx4j5895k7aou6uh60__p015.png,21069563977728_y3l1tud5aibx4j5895k7aou6uh60.pdf,15,pdf,2339,1654,2d46f65b73c2ad2ea455b517edb16f5088d945ee2be2fb8477bd9f1d840a5fe8,0.061756,dup_010,review,exact_duplicate,yes
images/21069563994112-pl012zxayyf1wikkb1f0y1f21w0g__p001.png,21069563994112_pl012zxayyf1wikkb1f0y1f21w0g.pdf,1,pdf,1654,2339,4851fbac5efae9631ab780bc7bdb21a4b3ff74f052829458867cd16db3374638,0.357505,,keep,,yes
images/21069563994112-pl012zxayyf1wikkb1f0y1f21w0g__p002.png,21069563994112_pl012zxayyf1wikkb1f0y1f21w0g.pdf,2,pdf,1654,2339,bc0eaa84ee94961dba44fc62fc05312077f1cf5d7d938f3180b97247f3ddbf75,0.254967,,keep,,yes
images/21069563994112-pl012zxayyf1wikkb1f0y1f21w0g__p003.png,21069563994112_pl012zxayyf1wikkb1f0y1f21w0g.pdf,3,pdf,1654,2339,cb9ac36e362b358686a84f81569c7af9af420accdbe0bbbc5bef886721a64a73,0.061714,dup_009,review,exact_duplicate,yes
images/21069564002304-5ru2k5d2p7rtdumc3aomkqc9bioo__p001.png,21069564002304_5ru2k5d2p7rtdumc3aomkqc9bioo.pdf,1,pdf,2339,1654,b051e5687898e78f7e5e8436ce0d17087cc5efec69d87922b8db47776ae0d143,0.342844,,keep,,yes
images/21069564002304-5ru2k5d2p7rtdumc3aomkqc9bioo__p002.png,21069564002304_5ru2k5d2p7rtdumc3aomkqc9bioo.pdf,2,pdf,2339,1654,6b3e133b368415eaa921711c71e78bd755712d324fccb40837c4e41eb07eb566,0.360179,,keep,,yes
images/21069564002304-5ru2k5d2p7rtdumc3aomkqc9bioo__p003.png,21069564002304_5ru2k5d2p7rtdumc3aomkqc9bioo.pdf,3,pdf,2339,1654,51ca37e856758b368af2104b4b064f4c440ab782904c30a98b477ef58cd4a781,0.359508,,keep,,yes
images/21069564002304-5ru2k5d2p7rtdumc3aomkqc9bioo__p004.png,21069564002304_5ru2k5d2p7rtdumc3aomkqc9bioo.pdf,4,pdf,2339,1654,7a7d51b02e34ade9baa0b2b20b6d6f5b9d657bcd1de13f22e86283d687addaf9,0.362685,,keep,,yes
images/21069564002304-5ru2k5d2p7rtdumc3aomkqc9bioo__p005.png,21069564002304_5ru2k5d2p7rtdumc3aomkqc9bioo.pdf,5,pdf,2339,1654,a28dedc6b7686143f4c375019caac8ad54920413ba639331078eab6b3401b897,0.362465,,keep,,yes
images/21069564002304-5ru2k5d2p7rtdumc3aomkqc9bioo__p006.png,21069564002304_5ru2k5d2p7rtdumc3aomkqc9bioo.pdf,6,pdf,2339,1654,bb5eb02484e033773b2803ac5ae96252f52d5ab90faa743425444467b1ab573a,0.362838,,keep,,yes
images/21069564002304-5ru2k5d2p7rtdumc3aomkqc9bioo__p007.png,21069564002304_5ru2k5d2p7rtdumc3aomkqc9bioo.pdf,7,pdf,2339,1654,15439dc917f4a93eccb986cf491b40722c06d3b68a0299d0e8649228c9d52fb9,0.361823,,keep,,yes
images/21069564002304-5ru2k5d2p7rtdumc3aomkqc9bioo__p008.png,21069564002304_5ru2k5d2p7rtdumc3aomkqc9bioo.pdf,8,pdf,2339,1654,5a1bb02373fdcfbb6a90d44250dfe9d24d4e7fd53d7fea34043509969edb0f93,0.362569,,keep,,yes
images/21069564002304-5ru2k5d2p7rtdumc3aomkqc9bioo__p009.png,21069564002304_5ru2k5d2p7rtdumc3aomkqc9bioo.pdf,9,pdf,2339,1654,3dd40e51b461953fdff7fba661fa8528cce1eaf75f971898b03de961b0169b11,0.360810,,keep,,yes
images/21069564002304-5ru2k5d2p7rtdumc3aomkqc9bioo__p010.png,21069564002304_5ru2k5d2p7rtdumc3aomkqc9bioo.pdf,10,pdf,2339,1654,cd9714f89f9e33d7a279420f7c45d96b9be771eeacfe3f5b87c84fba24a17d2c,0.362078,,keep,,yes
images/21069564002304-5ru2k5d2p7rtdumc3aomkqc9bioo__p011.png,21069564002304_5ru2k5d2p7rtdumc3aomkqc9bioo.pdf,11,pdf,2339,1654,7a12e5146c13ab59c8e6a04021e72a6c31cb47af6408b443f8683a48e068d2ed,0.361032,,keep,,yes
images/21069564002304-5ru2k5d2p7rtdumc3aomkqc9bioo__p012.png,21069564002304_5ru2k5d2p7rtdumc3aomkqc9bioo.pdf,12,pdf,2339,1654,e1e40c3f8831ae20190629c8749e2d7a589efd12becadd870eb6ca811f88a589,0.361570,,keep,,yes
images/21069564002304-5ru2k5d2p7rtdumc3aomkqc9bioo__p013.png,21069564002304_5ru2k5d2p7rtdumc3aomkqc9bioo.pdf,13,pdf,2339,1654,4e953c64d691dc7d1af8a6d43bd5f5f92fb92e9e41b4740ddb80f7e084a652a2,0.360365,,keep,,yes
images/21069564002304-5ru2k5d2p7rtdumc3aomkqc9bioo__p014.png,21069564002304_5ru2k5d2p7rtdumc3aomkqc9bioo.pdf,14,pdf,2339,1654,a19878a7125230be476c0897f5ffe478200bfde67888167fb91c0758c06d653a,0.343874,,keep,,yes
images/21069564002304-5ru2k5d2p7rtdumc3aomkqc9bioo__p015.png,21069564002304_5ru2k5d2p7rtdumc3aomkqc9bioo.pdf,15,pdf,2339,1654,ea463511e57c5e1d6ac41837c78c5da4a1bc3ef8c26dd7db654fdca931eefa73,0.341683,,keep,,yes
images/21069564002304-5ru2k5d2p7rtdumc3aomkqc9bioo__p016.png,21069564002304_5ru2k5d2p7rtdumc3aomkqc9bioo.pdf,16,pdf,2339,1654,a969f85b6b58722610d1b487b54ea4e6f4b9f78d2914a0b3a67c03192e35dec0,0.300063,,keep,,yes
images/21069564002304-5ru2k5d2p7rtdumc3aomkqc9bioo__p017.png,21069564002304_5ru2k5d2p7rtdumc3aomkqc9bioo.pdf,17,pdf,2339,1654,2d46f65b73c2ad2ea455b517edb16f5088d945ee2be2fb8477bd9f1d840a5fe8,0.061756,dup_010,review,exact_duplicate,yes
images/21069564010496-008pga3y241y72qszbr7343niqvq__p001.png,21069564010496_008pga3y241y72qszbr7343niqvq.pdf,1,pdf,1654,2339,5e4a1304a04ed8ba82180fc8cc874f27a55a8da2aea49ae45efaea4fbc63c8b9,0.357781,,keep,,yes
images/21069564010496-008pga3y241y72qszbr7343niqvq__p002.png,21069564010496_008pga3y241y72qszbr7343niqvq.pdf,2,pdf,1654,2339,e79191d1cc4e82226e718f3be3621f5f1a5771ef0748e5933215ec5e1857108a,0.325477,,keep,,yes
images/21069564010496-008pga3y241y72qszbr7343niqvq__p003.png,21069564010496_008pga3y241y72qszbr7343niqvq.pdf,3,pdf,1654,2339,9ae344e8d8a7de6f9f57a4eec83abb2da501dcd963b63f3c9b4cfc5fb9024b28,0.248865,,keep,,yes
images/21069564010496-008pga3y241y72qszbr7343niqvq__p004.png,21069564010496_008pga3y241y72qszbr7343niqvq.pdf,4,pdf,1654,2339,cb9ac36e362b358686a84f81569c7af9af420accdbe0bbbc5bef886721a64a73,0.061714,dup_009,review,exact_duplicate,yes
images/21069564026880-hk00o0gnlinm3spj629vqoc37dqz__p001.png,21069564026880_hk00o0gnlinm3spj629vqoc37dqz.pdf,1,pdf,2339,1654,4a6956a991ff3f87a6a792a7fae8e1c02507b42c9f7ab21e4b08309f9057c7fc,0.345271,,keep,,yes
images/21069564026880-hk00o0gnlinm3spj629vqoc37dqz__p002.png,21069564026880_hk00o0gnlinm3spj629vqoc37dqz.pdf,2,pdf,2339,1654,6fb9c7a88d2ce90017c1dec3fc7d5711da0fa668bdfcf31d3612ebcc9dde7a0e,0.358574,,keep,,yes
images/21069564026880-hk00o0gnlinm3spj629vqoc37dqz__p003.png,21069564026880_hk00o0gnlinm3spj629vqoc37dqz.pdf,3,pdf,2339,1654,3c904f83eceafecefe9c1f81173fcccb84a3a4381f79ac90d96f276ebe410f2d,0.360700,,keep,,yes
images/21069564026880-hk00o0gnlinm3spj629vqoc37dqz__p004.png,21069564026880_hk00o0gnlinm3spj629vqoc37dqz.pdf,4,pdf,2339,1654,e7b3acefaa1b19d82c9caa8f0d0ad92d2413fba0cf9e2bec0f98c3959700144c,0.363098,,keep,,yes
images/21069564026880-hk00o0gnlinm3spj629vqoc37dqz__p005.png,21069564026880_hk00o0gnlinm3spj629vqoc37dqz.pdf,5,pdf,2339,1654,b7cc5764bfab227889a18418fe8df7d756145eef383e4f53338317b718f82be3,0.362715,,keep,,yes
images/21069564026880-hk00o0gnlinm3spj629vqoc37dqz__p006.png,21069564026880_hk00o0gnlinm3spj629vqoc37dqz.pdf,6,pdf,2339,1654,187f58d8b35d763772e3258264f9c3ff966ad7239ba0263792d8b099980a58fc,0.361113,,keep,,yes
images/21069564026880-hk00o0gnlinm3spj629vqoc37dqz__p007.png,21069564026880_hk00o0gnlinm3spj629vqoc37dqz.pdf,7,pdf,2339,1654,4305b806dd4770b3de5ee3840edc7f9a4035fa1d6556a17262a9dc3fa3fecec2,0.362969,,keep,,yes
images/21069564026880-hk00o0gnlinm3spj629vqoc37dqz__p008.png,21069564026880_hk00o0gnlinm3spj629vqoc37dqz.pdf,8,pdf,2339,1654,d7a09025ea50b2af7dd4d127b8b1fa5c5a88f3957add265817b04d9ea280da7b,0.362310,,keep,,yes
images/21069564026880-hk00o0gnlinm3spj629vqoc37dqz__p009.png,21069564026880_hk00o0gnlinm3spj629vqoc37dqz.pdf,9,pdf,2339,1654,f2d2133f9b13b2e631ab52669e2f1e122c25784fea90bcb571f3d6485a5bab52,0.361784,,keep,,yes
images/21069564026880-hk00o0gnlinm3spj629vqoc37dqz__p010.png,21069564026880_hk00o0gnlinm3spj629vqoc37dqz.pdf,10,pdf,2339,1654,84cbfa5d318eabd4bada564ea83764d952dc02bf0f24e709a85d2efa5e1fe0cd,0.361156,,keep,,yes
images/21069564026880-hk00o0gnlinm3spj629vqoc37dqz__p011.png,21069564026880_hk00o0gnlinm3spj629vqoc37dqz.pdf,11,pdf,2339,1654,595cc5b2e64f0975bd485dfca5cd298ab6b7ef69a13cbe661e6568cafaed259f,0.361052,,keep,,yes
images/21069564026880-hk00o0gnlinm3spj629vqoc37dqz__p012.png,21069564026880_hk00o0gnlinm3spj629vqoc37dqz.pdf,12,pdf,2339,1654,ef9fd011956dffecf550f315c08915773ea4f7a7a834cdfe8e0d11cdce388288,0.363115,,keep,,yes
images/21069564026880-hk00o0gnlinm3spj629vqoc37dqz__p013.png,21069564026880_hk00o0gnlinm3spj629vqoc37dqz.pdf,13,pdf,2339,1654,324b18fe3e512cfbd03e476a81b613d6ff081d20d791ed3f80f73960a6771136,0.360276,,keep,,yes
images/21069564026880-hk00o0gnlinm3spj629vqoc37dqz__p014.png,21069564026880_hk00o0gnlinm3spj629vqoc37dqz.pdf,14,pdf,2339,1654,08945ccf378caf8f92180b7ec67a2c43a591f42d8e7a4c42eb70eda7bb716989,0.345159,,keep,,yes
images/21069564026880-hk00o0gnlinm3spj629vqoc37dqz__p015.png,21069564026880_hk00o0gnlinm3spj629vqoc37dqz.pdf,15,pdf,2339,1654,6981b2c07cda00b0f22f89faeda6bb8d8620fd51d016dea7ab9cac7658a348dd,0.347955,,keep,,yes
images/21069564026880-hk00o0gnlinm3spj629vqoc37dqz__p016.png,21069564026880_hk00o0gnlinm3spj629vqoc37dqz.pdf,16,pdf,2339,1654,02c49aa3bf3305ee29de9e7564206b8a43c986cd601f84c0f12387b6053136d7,0.300047,,keep,,yes
images/21069564026880-hk00o0gnlinm3spj629vqoc37dqz__p017.png,21069564026880_hk00o0gnlinm3spj629vqoc37dqz.pdf,17,pdf,2339,1654,2d46f65b73c2ad2ea455b517edb16f5088d945ee2be2fb8477bd9f1d840a5fe8,0.061756,dup_010,review,exact_duplicate,yes
images/21069564035072-6kh9qw4naiexv8cv3mdfpahmutr9__p001.png,21069564035072_6kh9qw4naiexv8cv3mdfpahmutr9.pdf,1,pdf,1654,2339,fcc4aad4b5a187f510c16e147d52aa91c6515b76b3e2a5c7b2693412b7963843,0.357710,,keep,,yes
images/21069564035072-6kh9qw4naiexv8cv3mdfpahmutr9__p002.png,21069564035072_6kh9qw4naiexv8cv3mdfpahmutr9.pdf,2,pdf,1654,2339,b81dd2f1373af9033a45b10d67338db87ec7db809657bf1bc96cf6212879ddd4,0.324683,,keep,,yes
images/21069564035072-6kh9qw4naiexv8cv3mdfpahmutr9__p003.png,21069564035072_6kh9qw4naiexv8cv3mdfpahmutr9.pdf,3,pdf,1654,2339,6fd6ff336c18ff0a3b83f106ac3c640d16d435b06b2f0436d37ee7545ed5c7c5,0.248900,,keep,,yes
images/21069564035072-6kh9qw4naiexv8cv3mdfpahmutr9__p004.png,21069564035072_6kh9qw4naiexv8cv3mdfpahmutr9.pdf,4,pdf,1654,2339,cb9ac36e362b358686a84f81569c7af9af420accdbe0bbbc5bef886721a64a73,0.061714,dup_009,review,exact_duplicate,yes
images/21069564063744-9bu4qag30nlc7awkh492f9qn93yb__p001.png,21069564063744_9bu4qag30nlc7awkh492f9qn93yb.pdf,1,pdf,1654,2339,4e2bb718f094c1d81a1731903f997357c3811e0ecce597fc919d4fe2772dadec,0.357703,,keep,,yes
images/21069564063744-9bu4qag30nlc7awkh492f9qn93yb__p002.png,21069564063744_9bu4qag30nlc7awkh492f9qn93yb.pdf,2,pdf,1654,2339,7665126ecd54296e2accdc1f2fabb1c414795e776aab623968e07eee8a9c7d23,0.338085,,keep,,yes
images/21069564063744-9bu4qag30nlc7awkh492f9qn93yb__p003.png,21069564063744_9bu4qag30nlc7awkh492f9qn93yb.pdf,3,pdf,1654,2339,7b06fe4a270999d471608858dc7a1da9afcc63ebcf84276b91224be8e1a8f853,0.240966,,keep,,yes
images/21069564063744-9bu4qag30nlc7awkh492f9qn93yb__p004.png,21069564063744_9bu4qag30nlc7awkh492f9qn93yb.pdf,4,pdf,1654,2339,cb9ac36e362b358686a84f81569c7af9af420accdbe0bbbc5bef886721a64a73,0.061714,dup_009,review,exact_duplicate,yes
images/21069564071936-wmaesoq1ai4sik652r46huvzkv9f__p001.png,21069564071936_wmaesoq1ai4sik652r46huvzkv9f.pdf,1,pdf,1654,2339,1d75384195271af1931f289640fe903d4d205b86219ff8dbe760f8da0ed1ef6c,0.357448,,keep,,yes
images/21069564071936-wmaesoq1ai4sik652r46huvzkv9f__p002.png,21069564071936_wmaesoq1ai4sik652r46huvzkv9f.pdf,2,pdf,1654,2339,a0e280a0e8160a32328b264c00fde5801bef4b12e011524ece11b318d7905253,0.331617,,keep,,yes
images/21069564071936-wmaesoq1ai4sik652r46huvzkv9f__p003.png,21069564071936_wmaesoq1ai4sik652r46huvzkv9f.pdf,3,pdf,1654,2339,e60a1f29aabcde846db2a24122f85b10d10d04b2a571d5b5f27d7d6cb6e0d577,0.248775,,keep,,yes
images/21069564071936-wmaesoq1ai4sik652r46huvzkv9f__p004.png,21069564071936_wmaesoq1ai4sik652r46huvzkv9f.pdf,4,pdf,1654,2339,cb9ac36e362b358686a84f81569c7af9af420accdbe0bbbc5bef886721a64a73,0.061714,dup_009,review,exact_duplicate,yes
images/21069564076032-i0cf7rm2msh0c5kuk90v31do3j3e__p001.png,21069564076032_i0cf7rm2msh0c5kuk90v31do3j3e.pdf,1,pdf,1654,2339,b679fe2597076823ff42538974da6db091acf55ccaa083ef8b187b4c9ef2305f,0.355483,,keep,,yes
images/21069564076032-i0cf7rm2msh0c5kuk90v31do3j3e__p002.png,21069564076032_i0cf7rm2msh0c5kuk90v31do3j3e.pdf,2,pdf,1654,2339,948f46de9dcd6689755fc718798ea70371c19ccc7f23e5edd8fe7b8d3b32f8c7,0.355843,,keep,,yes
images/21069564076032-i0cf7rm2msh0c5kuk90v31do3j3e__p003.png,21069564076032_i0cf7rm2msh0c5kuk90v31do3j3e.pdf,3,pdf,1654,2339,c969deb4eb29fce684a82ee716d70de974c9c72847bca453f81d52ffde524b86,0.355521,,keep,,yes
images/21069564076032-i0cf7rm2msh0c5kuk90v31do3j3e__p004.png,21069564076032_i0cf7rm2msh0c5kuk90v31do3j3e.pdf,4,pdf,1654,2339,d73c0b97c8467c48f6fc270dd2cb768ee54d6ddb7a8e66263e4b2d8df740b597,0.355717,,keep,,yes
images/21069564076032-i0cf7rm2msh0c5kuk90v31do3j3e__p005.png,21069564076032_i0cf7rm2msh0c5kuk90v31do3j3e.pdf,5,pdf,1654,2339,3a4dc34cca488575abf273eb3115e1a73532425598df0d3d71bfbda7e7b68640,0.356378,,keep,,yes
images/21069564076032-i0cf7rm2msh0c5kuk90v31do3j3e__p006.png,21069564076032_i0cf7rm2msh0c5kuk90v31do3j3e.pdf,6,pdf,1654,2339,2643c3363c629eeddc1adad5698ff47adcc7259897e7228fa198837a8c75a640,0.329559,,keep,,yes
images/21069564076032-i0cf7rm2msh0c5kuk90v31do3j3e__p007.png,21069564076032_i0cf7rm2msh0c5kuk90v31do3j3e.pdf,7,pdf,1654,2339,57978d6458db246d1f6148cb545c71deaaa1e8ef1dbc600addc1af825aeeeb48,0.248949,,keep,,yes
images/21069564076032-i0cf7rm2msh0c5kuk90v31do3j3e__p008.png,21069564076032_i0cf7rm2msh0c5kuk90v31do3j3e.pdf,8,pdf,1654,2339,cb9ac36e362b358686a84f81569c7af9af420accdbe0bbbc5bef886721a64a73,0.061714,dup_009,review,exact_duplicate,yes
images/21069564112896-t1zwsryban8koljpiuu80w31oc1f__p001.png,21069564112896_t1zwsryban8koljpiuu80w31oc1f.pdf,1,pdf,2339,1654,cc934a3aaf5a1a7cd3c52640c4f1adf77c83850191664766995898634ebc8413,0.343582,,keep,,yes
images/21069564112896-t1zwsryban8koljpiuu80w31oc1f__p002.png,21069564112896_t1zwsryban8koljpiuu80w31oc1f.pdf,2,pdf,2339,1654,08a652e95e3bbcd934034fa75e6b87c26dcb6a139d11714dd4ba30db995927f9,0.360079,,keep,,yes
images/21069564112896-t1zwsryban8koljpiuu80w31oc1f__p003.png,21069564112896_t1zwsryban8koljpiuu80w31oc1f.pdf,3,pdf,2339,1654,2148517837f833cbcdf4a8acac1360e2d2c83c7e47305527626ebde23ca9c926,0.359565,,keep,,yes
images/21069564112896-t1zwsryban8koljpiuu80w31oc1f__p004.png,21069564112896_t1zwsryban8koljpiuu80w31oc1f.pdf,4,pdf,2339,1654,476a2cda339aa42d7c1278f4bb2163b04f5c6fdfde59440c8aa17e791c70575c,0.363233,,keep,,yes
images/21069564112896-t1zwsryban8koljpiuu80w31oc1f__p005.png,21069564112896_t1zwsryban8koljpiuu80w31oc1f.pdf,5,pdf,2339,1654,d712cae7c95d7a80d9ee44b883160be35faeda412bf6df60dbb16631b8918217,0.362507,,keep,,yes
images/21069564112896-t1zwsryban8koljpiuu80w31oc1f__p006.png,21069564112896_t1zwsryban8koljpiuu80w31oc1f.pdf,6,pdf,2339,1654,fc69b723f66e977df1c88f5759a4c99f4290b16f5d8e115835e767222aec4b78,0.361301,,keep,,yes
images/21069564112896-t1zwsryban8koljpiuu80w31oc1f__p007.png,21069564112896_t1zwsryban8koljpiuu80w31oc1f.pdf,7,pdf,2339,1654,d91ae7c96288a7ea185754868311325c222f0734425d25f05561e11a7954ff45,0.362480,,keep,,yes
images/21069564112896-t1zwsryban8koljpiuu80w31oc1f__p008.png,21069564112896_t1zwsryban8koljpiuu80w31oc1f.pdf,8,pdf,2339,1654,eb2bd2d86aa5468149c1d04dd16a843639a09c9ea539e380a8202d92ca1a5685,0.362662,,keep,,yes
images/21069564112896-t1zwsryban8koljpiuu80w31oc1f__p009.png,21069564112896_t1zwsryban8koljpiuu80w31oc1f.pdf,9,pdf,2339,1654,c171412440a881431f429a2541ee6bfd71e95a056f0c6e81aea6be41d730b922,0.362913,,keep,,yes
images/21069564112896-t1zwsryban8koljpiuu80w31oc1f__p010.png,21069564112896_t1zwsryban8koljpiuu80w31oc1f.pdf,10,pdf,2339,1654,63921b05b06dc065bcfaa448ddfc88f4220c62d10be28c99218276fa311eb36d,0.361826,,keep,,yes
images/21069564112896-t1zwsryban8koljpiuu80w31oc1f__p011.png,21069564112896_t1zwsryban8koljpiuu80w31oc1f.pdf,11,pdf,2339,1654,ca8c175b70707d60c4f621b467aa539d87d43efe966d9028f9388829e0cde81e,0.360952,,keep,,yes
images/21069564112896-t1zwsryban8koljpiuu80w31oc1f__p012.png,21069564112896_t1zwsryban8koljpiuu80w31oc1f.pdf,12,pdf,2339,1654,d69e320f1a479216bdcd0802c94a5726d774225a635e04166523179da3e7b513,0.359283,,keep,,yes
images/21069564112896-t1zwsryban8koljpiuu80w31oc1f__p013.png,21069564112896_t1zwsryban8koljpiuu80w31oc1f.pdf,13,pdf,2339,1654,f686d0ec38e439be438adffb0740f6f66a7a4990eedb4b01fd063c74cc7527cd,0.353057,,keep,,yes
images/21069564112896-t1zwsryban8koljpiuu80w31oc1f__p014.png,21069564112896_t1zwsryban8koljpiuu80w31oc1f.pdf,14,pdf,2339,1654,eab5c39b29c82676376cb7e43fd1038999efba49186f9c86b8f14603723330c4,0.347702,,keep,,yes
images/21069564112896-t1zwsryban8koljpiuu80w31oc1f__p015.png,21069564112896_t1zwsryban8koljpiuu80w31oc1f.pdf,15,pdf,2339,1654,bc4657ec7033f2b0e58d4b8809c0d06414ec6dd5da7636c8a3f547468c191349,0.303904,,keep,,yes
images/21069564112896-t1zwsryban8koljpiuu80w31oc1f__p016.png,21069564112896_t1zwsryban8koljpiuu80w31oc1f.pdf,16,pdf,2339,1654,2d46f65b73c2ad2ea455b517edb16f5088d945ee2be2fb8477bd9f1d840a5fe8,0.061756,dup_010,review,exact_duplicate,yes
images/21069564121088-8ryjgk5xt84evoithfpf8ajjooxf__p001.png,21069564121088_8ryjgk5xt84evoithfpf8ajjooxf.pdf,1,pdf,2339,1654,6f9b7732e01bb1e5db41808d7dec7d9ab7175a218177243a873b5311305962b2,0.345197,,keep,,yes
images/21069564121088-8ryjgk5xt84evoithfpf8ajjooxf__p002.png,21069564121088_8ryjgk5xt84evoithfpf8ajjooxf.pdf,2,pdf,2339,1654,144fd2ecff01fbc29f0da4e9752cd209bd6b63c6be3e3f1824c81b3f52cae74f,0.359750,,keep,,yes
images/21069564121088-8ryjgk5xt84evoithfpf8ajjooxf__p003.png,21069564121088_8ryjgk5xt84evoithfpf8ajjooxf.pdf,3,pdf,2339,1654,6b388b92a751d0d178da3d1b8d30d93a6ad956a416c79725a329a57ce4ce8cac,0.359343,,keep,,yes
images/21069564121088-8ryjgk5xt84evoithfpf8ajjooxf__p004.png,21069564121088_8ryjgk5xt84evoithfpf8ajjooxf.pdf,4,pdf,2339,1654,90d80f79c682656969f7ea7dd3d54c5b1a1bd2bef49feb3ba45d9c037aa4a6b8,0.363305,,keep,,yes
images/21069564121088-8ryjgk5xt84evoithfpf8ajjooxf__p005.png,21069564121088_8ryjgk5xt84evoithfpf8ajjooxf.pdf,5,pdf,2339,1654,6763e0e0db97b7e9c7890fea14546d3d38f10ed8b186344a67ee65dff38061ee,0.362879,,keep,,yes
images/21069564121088-8ryjgk5xt84evoithfpf8ajjooxf__p006.png,21069564121088_8ryjgk5xt84evoithfpf8ajjooxf.pdf,6,pdf,2339,1654,60da1b7b047514d075316b7140e00d76b9b7032dbf193ce9065b039553e7f697,0.362697,,keep,,yes
images/21069564121088-8ryjgk5xt84evoithfpf8ajjooxf__p007.png,21069564121088_8ryjgk5xt84evoithfpf8ajjooxf.pdf,7,pdf,2339,1654,d727552738d6bc19a41ecdc49e26faead5350f2095ba7ee40c718954e41ad462,0.361545,,keep,,yes
images/21069564121088-8ryjgk5xt84evoithfpf8ajjooxf__p008.png,21069564121088_8ryjgk5xt84evoithfpf8ajjooxf.pdf,8,pdf,2339,1654,2524e4c7bb5a9c9e663add368274d601e100256aa5a7283848b9eecf8bc4bd3c,0.363410,,keep,,yes
images/21069564121088-8ryjgk5xt84evoithfpf8ajjooxf__p009.png,21069564121088_8ryjgk5xt84evoithfpf8ajjooxf.pdf,9,pdf,2339,1654,d772f317774c6fb46f6c20febf563fee8a5060b07a7fc30d518d4e77d947e7a3,0.362699,,keep,,yes
images/21069564121088-8ryjgk5xt84evoithfpf8ajjooxf__p010.png,21069564121088_8ryjgk5xt84evoithfpf8ajjooxf.pdf,10,pdf,2339,1654,338da48d1e87f4858f7db51219e1978666e2c1041561c5e4c54a7ae40622fe14,0.361502,,keep,,yes
images/21069564121088-8ryjgk5xt84evoithfpf8ajjooxf__p011.png,21069564121088_8ryjgk5xt84evoithfpf8ajjooxf.pdf,11,pdf,2339,1654,51b7660144b684d72cc632f168a09d247b9166eed8de39f2a768e90ff8a404e8,0.361685,,keep,,yes
images/21069564121088-8ryjgk5xt84evoithfpf8ajjooxf__p012.png,21069564121088_8ryjgk5xt84evoithfpf8ajjooxf.pdf,12,pdf,2339,1654,6c173fc939efb5eb880899e65517e069a033e528f12f41295bc9b33ab12862c7,0.361146,,keep,,yes
images/21069564121088-8ryjgk5xt84evoithfpf8ajjooxf__p013.png,21069564121088_8ryjgk5xt84evoithfpf8ajjooxf.pdf,13,pdf,2339,1654,638f756602419dc485293fca28c2ca40a29dab80909edc917d72760834fe2087,0.362183,,keep,,yes
images/21069564121088-8ryjgk5xt84evoithfpf8ajjooxf__p014.png,21069564121088_8ryjgk5xt84evoithfpf8ajjooxf.pdf,14,pdf,2339,1654,b65f9011a89a08fce09ae86b7f4f01cdfa35522b86983ddc16c9f576e0754d6a,0.360775,,keep,,yes
images/21069564121088-8ryjgk5xt84evoithfpf8ajjooxf__p015.png,21069564121088_8ryjgk5xt84evoithfpf8ajjooxf.pdf,15,pdf,2339,1654,ffa5e9b5b3fe45c39ae531861f6898da056a1a09266a8002ff72a02872a86a36,0.360762,,keep,,yes
images/21069564121088-8ryjgk5xt84evoithfpf8ajjooxf__p016.png,21069564121088_8ryjgk5xt84evoithfpf8ajjooxf.pdf,16,pdf,2339,1654,a03300e4bc28490c6ee1b52be243ba0a7f9771d487be469073b96632034771cd,0.344246,,keep,,yes
images/21069564121088-8ryjgk5xt84evoithfpf8ajjooxf__p017.png,21069564121088_8ryjgk5xt84evoithfpf8ajjooxf.pdf,17,pdf,2339,1654,a2da9be77b56be06375dc617183a47ca7fbb4d55a6203ff4f743e3820eebadb3,0.347908,,keep,,yes
images/21069564121088-8ryjgk5xt84evoithfpf8ajjooxf__p018.png,21069564121088_8ryjgk5xt84evoithfpf8ajjooxf.pdf,18,pdf,2339,1654,6747f8238e50916925f213d52ce1fea497c9ee74539ac51477f8d3919c6e9631,0.300101,,keep,,yes
images/21069564121088-8ryjgk5xt84evoithfpf8ajjooxf__p019.png,21069564121088_8ryjgk5xt84evoithfpf8ajjooxf.pdf,19,pdf,2339,1654,2d46f65b73c2ad2ea455b517edb16f5088d945ee2be2fb8477bd9f1d840a5fe8,0.061756,dup_010,review,exact_duplicate,yes
images/21069564125184-b7gn85boos5tjj1n54pokvbc2gi9__p001.png,21069564125184_b7gn85boos5tjj1n54pokvbc2gi9.pdf,1,pdf,2339,1654,70f3016099b39b4591be2408dd7004e590a103a5c9a8ff9cec68850fa6d3eb9f,0.343619,,keep,,yes
images/21069564125184-b7gn85boos5tjj1n54pokvbc2gi9__p002.png,21069564125184_b7gn85boos5tjj1n54pokvbc2gi9.pdf,2,pdf,2339,1654,4bbe6ec95e1be0696b7f1ada601e8f59de65668c8b521ce0a02fd99c190ad8bb,0.360546,,keep,,yes
images/21069564125184-b7gn85boos5tjj1n54pokvbc2gi9__p003.png,21069564125184_b7gn85boos5tjj1n54pokvbc2gi9.pdf,3,pdf,2339,1654,73fee03c7fe9378105588f9312a82ae0d190dd219b4890cf5463f3abfac4654c,0.359008,,keep,,yes
images/21069564125184-b7gn85boos5tjj1n54pokvbc2gi9__p004.png,21069564125184_b7gn85boos5tjj1n54pokvbc2gi9.pdf,4,pdf,2339,1654,2bb978b880d928e90035d46b00d18dd132ba4933a1fde01631bcdaefca7112bc,0.363199,,keep,,yes
images/21069564125184-b7gn85boos5tjj1n54pokvbc2gi9__p005.png,21069564125184_b7gn85boos5tjj1n54pokvbc2gi9.pdf,5,pdf,2339,1654,e1477b46cc8d1a338bf9aee50ef84db11bdac5376d1e930d12456e85ae2f5774,0.363072,,keep,,yes
images/21069564125184-b7gn85boos5tjj1n54pokvbc2gi9__p006.png,21069564125184_b7gn85boos5tjj1n54pokvbc2gi9.pdf,6,pdf,2339,1654,efb47f6fb4141bdb87ea9fc807619c7ac840d18e5b6d14bcaf18ae46e3273293,0.361705,,keep,,yes
images/21069564125184-b7gn85boos5tjj1n54pokvbc2gi9__p007.png,21069564125184_b7gn85boos5tjj1n54pokvbc2gi9.pdf,7,pdf,2339,1654,a04c38044c05bbc078b983ffb1d8b507b37066c442c2bc8c29d74103f96e7f03,0.362683,,keep,,yes
images/21069564125184-b7gn85boos5tjj1n54pokvbc2gi9__p008.png,21069564125184_b7gn85boos5tjj1n54pokvbc2gi9.pdf,8,pdf,2339,1654,23b0ff11e9a5675a0f633ec1bff7019ffcb84fd2f252ecbbadb23b052d028d4d,0.362182,,keep,,yes
images/21069564125184-b7gn85boos5tjj1n54pokvbc2gi9__p009.png,21069564125184_b7gn85boos5tjj1n54pokvbc2gi9.pdf,9,pdf,2339,1654,da8b584af646e1f8332ff8f7c9a693086c6f8b7a1b04416df844d86bfb47769a,0.361740,,keep,,yes
images/21069564125184-b7gn85boos5tjj1n54pokvbc2gi9__p010.png,21069564125184_b7gn85boos5tjj1n54pokvbc2gi9.pdf,10,pdf,2339,1654,632e65d9267546c3633912e9d991a149c3d51fac05304fe06c5924ddf406f194,0.362888,,keep,,yes
images/21069564125184-b7gn85boos5tjj1n54pokvbc2gi9__p011.png,21069564125184_b7gn85boos5tjj1n54pokvbc2gi9.pdf,11,pdf,2339,1654,05337671c04126851ae159fcb0bb4216e16a51365f646ad4840f0c28ba2bd05b,0.362271,,keep,,yes
images/21069564125184-b7gn85boos5tjj1n54pokvbc2gi9__p012.png,21069564125184_b7gn85boos5tjj1n54pokvbc2gi9.pdf,12,pdf,2339,1654,9df14540bae7ca06cdc0f30908904578766f29332f4a4c051fb88c81f8770ea9,0.360397,,keep,,yes
images/21069564125184-b7gn85boos5tjj1n54pokvbc2gi9__p013.png,21069564125184_b7gn85boos5tjj1n54pokvbc2gi9.pdf,13,pdf,2339,1654,f97fbd960cd460a3151a52d723eac0d00b0c552aeee0ec0d80c95a9ee34f1514,0.344266,,keep,,yes
images/21069564125184-b7gn85boos5tjj1n54pokvbc2gi9__p014.png,21069564125184_b7gn85boos5tjj1n54pokvbc2gi9.pdf,14,pdf,2339,1654,a270f17bc2b27b562c10c3c15d7415315783bc927ac174ac155c5cf1a2b5fc8c,0.347968,,keep,,yes
images/21069564125184-b7gn85boos5tjj1n54pokvbc2gi9__p015.png,21069564125184_b7gn85boos5tjj1n54pokvbc2gi9.pdf,15,pdf,2339,1654,ad66a5986a1513e6427a11c4b068ead60607927f1dcd2b03c9ed0d0fd988de7d,0.300065,,keep,,yes
images/21069564125184-b7gn85boos5tjj1n54pokvbc2gi9__p016.png,21069564125184_b7gn85boos5tjj1n54pokvbc2gi9.pdf,16,pdf,2339,1654,2d46f65b73c2ad2ea455b517edb16f5088d945ee2be2fb8477bd9f1d840a5fe8,0.061756,dup_010,review,exact_duplicate,yes
images/21069564141568-cd27ccfs1z885vmhbig6vkr40y7d__p001.png,21069564141568_cd27ccfs1z885vmhbig6vkr40y7d.pdf,1,pdf,1654,2339,71d1a1b6700aa4e821aa3669c2690cb67b9ad9e4603c70e3e72a04d2cb0791c9,0.356177,,keep,,yes
images/21069564141568-cd27ccfs1z885vmhbig6vkr40y7d__p002.png,21069564141568_cd27ccfs1z885vmhbig6vkr40y7d.pdf,2,pdf,1654,2339,3496e4cc67491db94c8a08215a4a5d3f8d7479ab1488a8f4b0ef53f97e902f81,0.355417,,keep,,yes
images/21069564141568-cd27ccfs1z885vmhbig6vkr40y7d__p003.png,21069564141568_cd27ccfs1z885vmhbig6vkr40y7d.pdf,3,pdf,1654,2339,205f34c4bf1b60727f44da35b7dc97374219f035cd5b12cf5ff791d1b8fae7d9,0.355903,,keep,,yes
images/21069564141568-cd27ccfs1z885vmhbig6vkr40y7d__p004.png,21069564141568_cd27ccfs1z885vmhbig6vkr40y7d.pdf,4,pdf,1654,2339,08b8bddc6232254801ba97a79e8729490d4d436049f608e60576e5438b526e32,0.355725,,keep,,yes
images/21069564141568-cd27ccfs1z885vmhbig6vkr40y7d__p005.png,21069564141568_cd27ccfs1z885vmhbig6vkr40y7d.pdf,5,pdf,1654,2339,e60a1e13cb09c937060bc3931fef579a0aa03eca42e78bc093bace7b401091d5,0.321407,,keep,,yes
images/21069564141568-cd27ccfs1z885vmhbig6vkr40y7d__p006.png,21069564141568_cd27ccfs1z885vmhbig6vkr40y7d.pdf,6,pdf,1654,2339,fa72bac07779cbbe5f79066ba8da4670c29929affbc340a1ba5b13c459800768,0.249025,,keep,,yes
images/21069564141568-cd27ccfs1z885vmhbig6vkr40y7d__p007.png,21069564141568_cd27ccfs1z885vmhbig6vkr40y7d.pdf,7,pdf,1654,2339,cb9ac36e362b358686a84f81569c7af9af420accdbe0bbbc5bef886721a64a73,0.061714,dup_009,review,exact_duplicate,yes
images/21069564149760-gf62w0pxas9ri91gvkgwola465ny__p001.png,21069564149760_gf62w0pxas9ri91gvkgwola465ny.pdf,1,pdf,1654,2339,cdc3d21c17fcc8b35e35c34af4b8397778858169d3a4099a4d9dd2152a7f651e,0.357542,,keep,,yes
images/21069564149760-gf62w0pxas9ri91gvkgwola465ny__p002.png,21069564149760_gf62w0pxas9ri91gvkgwola465ny.pdf,2,pdf,1654,2339,c339b0ddfd3360a1d10b70e41dbd5ef5db7ebc99e496b798ab968fdda5ae6b96,0.339639,,keep,,yes
images/21069564149760-gf62w0pxas9ri91gvkgwola465ny__p003.png,21069564149760_gf62w0pxas9ri91gvkgwola465ny.pdf,3,pdf,1654,2339,8164579fc5757abe1aa11b480b518a9a1952bee6850b88a6c4152172cfaf28ce,0.248204,,keep,,yes
images/21069564149760-gf62w0pxas9ri91gvkgwola465ny__p004.png,21069564149760_gf62w0pxas9ri91gvkgwola465ny.pdf,4,pdf,1654,2339,cb9ac36e362b358686a84f81569c7af9af420accdbe0bbbc5bef886721a64a73,0.061714,dup_009,review,exact_duplicate,yes
images/21069564157952-ztoiof5pczr484c9htjf934o6qcl__p001.png,21069564157952_ztoiof5pczr484c9htjf934o6qcl.pdf,1,pdf,1654,2339,b06ba05d94e8ebe0d2ce679ab742b6a868c82dcc73b7cafd545e8620427c1b89,0.356524,,keep,,yes
images/21069564157952-ztoiof5pczr484c9htjf934o6qcl__p002.png,21069564157952_ztoiof5pczr484c9htjf934o6qcl.pdf,2,pdf,1654,2339,1b80bf8a1e57941097270f13d5807afb79188955624430ded9f60399cf264aec,0.355100,,keep,,yes
images/21069564157952-ztoiof5pczr484c9htjf934o6qcl__p003.png,21069564157952_ztoiof5pczr484c9htjf934o6qcl.pdf,3,pdf,1654,2339,69136124bff7a272caa3984792570d9f2d9814ce47c9bd17ed25557638afe882,0.356215,,keep,,yes
images/21069564157952-ztoiof5pczr484c9htjf934o6qcl__p004.png,21069564157952_ztoiof5pczr484c9htjf934o6qcl.pdf,4,pdf,1654,2339,19c2e6736401eac59584f5a9979e7705ab7c0f4c1fc4ef203036435994109e66,0.355891,,keep,,yes
images/21069564157952-ztoiof5pczr484c9htjf934o6qcl__p005.png,21069564157952_ztoiof5pczr484c9htjf934o6qcl.pdf,5,pdf,1654,2339,dc5b335a7400abdbfe85902e371d8dd3fd8d2d2fc4ae5b203b3379d1af58bada,0.330224,,keep,,yes
images/21069564157952-ztoiof5pczr484c9htjf934o6qcl__p006.png,21069564157952_ztoiof5pczr484c9htjf934o6qcl.pdf,6,pdf,1654,2339,e53a615ccb49f1c9233d257b4e75f0ef236cf243366e0f9fd6fc10f71c18a731,0.248996,,keep,,yes
images/21069564157952-ztoiof5pczr484c9htjf934o6qcl__p007.png,21069564157952_ztoiof5pczr484c9htjf934o6qcl.pdf,7,pdf,1654,2339,cb9ac36e362b358686a84f81569c7af9af420accdbe0bbbc5bef886721a64a73,0.061714,dup_009,review,exact_duplicate,yes
images/21069564162048-ayzkr7aqarl7u6myq7tz2u0gdwn5__p001.png,21069564162048_ayzkr7aqarl7u6myq7tz2u0gdwn5.pdf,1,pdf,2339,1654,e1e787aa294e7cac22dd232aa846b8f1be9d702514a71e12beda92e846c87701,0.344401,,keep,,yes
images/21069564162048-ayzkr7aqarl7u6myq7tz2u0gdwn5__p002.png,21069564162048_ayzkr7aqarl7u6myq7tz2u0gdwn5.pdf,2,pdf,2339,1654,5eb5aaa9cfbedceabf8f947ad322e8b870175a0efd1811cbf4221f20d0c34b19,0.358651,,keep,,yes
images/21069564162048-ayzkr7aqarl7u6myq7tz2u0gdwn5__p003.png,21069564162048_ayzkr7aqarl7u6myq7tz2u0gdwn5.pdf,3,pdf,2339,1654,1b217d4995a645c7ea0dc7e99ef5ed170872d9bb5363a0e3b1be60d56e7c3c7c,0.361802,,keep,,yes
images/21069564162048-ayzkr7aqarl7u6myq7tz2u0gdwn5__p004.png,21069564162048_ayzkr7aqarl7u6myq7tz2u0gdwn5.pdf,4,pdf,2339,1654,12f4646b533faa81d5cf98d4968580930705ec1de4584634a7b5ef911c4e9832,0.363471,,keep,,yes
images/21069564162048-ayzkr7aqarl7u6myq7tz2u0gdwn5__p005.png,21069564162048_ayzkr7aqarl7u6myq7tz2u0gdwn5.pdf,5,pdf,2339,1654,59527e35c015b3042c665f1a93895911bc5cc4294a4748e5aabc1da3dc72e311,0.362834,,keep,,yes
images/21069564162048-ayzkr7aqarl7u6myq7tz2u0gdwn5__p006.png,21069564162048_ayzkr7aqarl7u6myq7tz2u0gdwn5.pdf,6,pdf,2339,1654,e786ab92b34abe094783d6d2ce18f20500f88606794c7e1179d024f48b828b98,0.360949,,keep,,yes
images/21069564162048-ayzkr7aqarl7u6myq7tz2u0gdwn5__p007.png,21069564162048_ayzkr7aqarl7u6myq7tz2u0gdwn5.pdf,7,pdf,2339,1654,67ec8010e9a0c10b3dad97c6e7769c37d762ed163ffdb25e539d0e45b5f7140f,0.362211,,keep,,yes
images/21069564162048-ayzkr7aqarl7u6myq7tz2u0gdwn5__p008.png,21069564162048_ayzkr7aqarl7u6myq7tz2u0gdwn5.pdf,8,pdf,2339,1654,a41f6c9c7716ec9c8b9d130dfd810898be17cde25f26c3c0268b209342885ebc,0.362768,,keep,,yes
images/21069564162048-ayzkr7aqarl7u6myq7tz2u0gdwn5__p009.png,21069564162048_ayzkr7aqarl7u6myq7tz2u0gdwn5.pdf,9,pdf,2339,1654,ff480076c04b0f7b67aa557a1abcb98dcacd45b331f1c40bd32ad78425f19460,0.361125,,keep,,yes
images/21069564162048-ayzkr7aqarl7u6myq7tz2u0gdwn5__p010.png,21069564162048_ayzkr7aqarl7u6myq7tz2u0gdwn5.pdf,10,pdf,2339,1654,7f94cde4e26e1790fe966910e3f181083da84a408e1dbc435e5b7e6370e68e3a,0.361667,,keep,,yes
images/21069564162048-ayzkr7aqarl7u6myq7tz2u0gdwn5__p011.png,21069564162048_ayzkr7aqarl7u6myq7tz2u0gdwn5.pdf,11,pdf,2339,1654,0411a0fb2356096025734c214d758a5b98b12c5417ae4e7e609f7b9955db49d6,0.361442,,keep,,yes
images/21069564162048-ayzkr7aqarl7u6myq7tz2u0gdwn5__p012.png,21069564162048_ayzkr7aqarl7u6myq7tz2u0gdwn5.pdf,12,pdf,2339,1654,e1e2e8b79d7b30ba56e5ebd17f2b1fb4f7e37fb476b23b5d47ce92d49b0f595a,0.361835,,keep,,yes
images/21069564162048-ayzkr7aqarl7u6myq7tz2u0gdwn5__p013.png,21069564162048_ayzkr7aqarl7u6myq7tz2u0gdwn5.pdf,13,pdf,2339,1654,b3a35dd6309856d88d3f44ac402afa365feaef2147bd37229fe82dcf72d976da,0.361068,,keep,,yes
images/21069564162048-ayzkr7aqarl7u6myq7tz2u0gdwn5__p014.png,21069564162048_ayzkr7aqarl7u6myq7tz2u0gdwn5.pdf,14,pdf,2339,1654,c294789a5bd3f53ed2778cd4a1a611cc85a21341489f1546fc83c665b3f509b2,0.351225,,keep,,yes
images/21069564162048-ayzkr7aqarl7u6myq7tz2u0gdwn5__p015.png,21069564162048_ayzkr7aqarl7u6myq7tz2u0gdwn5.pdf,15,pdf,2339,1654,c081f0ec2ab8a1902ee7b85e986fb149c57439eb16723aef11ee365a119ac0cd,0.350070,,keep,,yes
images/21069564162048-ayzkr7aqarl7u6myq7tz2u0gdwn5__p016.png,21069564162048_ayzkr7aqarl7u6myq7tz2u0gdwn5.pdf,16,pdf,2339,1654,e66b1758c815ec5435198e0726bde5000a0453f03137f89df3d4d9f879f723a8,0.305775,,keep,,yes
images/21069564162048-ayzkr7aqarl7u6myq7tz2u0gdwn5__p017.png,21069564162048_ayzkr7aqarl7u6myq7tz2u0gdwn5.pdf,17,pdf,2339,1654,2d46f65b73c2ad2ea455b517edb16f5088d945ee2be2fb8477bd9f1d840a5fe8,0.061756,dup_010,review,exact_duplicate,yes
images/21069564166144-cfgiul90iykuqgc8cdffivbs5fg7__p001.png,21069564166144_cfgiul90iykuqgc8cdffivbs5fg7.pdf,1,pdf,1654,2339,2ae7882fc5a451a5cb3c75d7ca65a958d6c297021a290221d667c7004e7a6002,0.357578,,keep,,yes
images/21069564166144-cfgiul90iykuqgc8cdffivbs5fg7__p002.png,21069564166144_cfgiul90iykuqgc8cdffivbs5fg7.pdf,2,pdf,1654,2339,260abc18decf7d41846978ab1d48cab1be9a6244e8467224e780a9b88a7fa59f,0.327576,,keep,,yes
images/21069564166144-cfgiul90iykuqgc8cdffivbs5fg7__p003.png,21069564166144_cfgiul90iykuqgc8cdffivbs5fg7.pdf,3,pdf,1654,2339,ec114e8d6009d1ca7f7186061eafd4cfc31a41c61542f2b039797a49495f99a0,0.248858,,keep,,yes
images/21069564166144-cfgiul90iykuqgc8cdffivbs5fg7__p004.png,21069564166144_cfgiul90iykuqgc8cdffivbs5fg7.pdf,4,pdf,1654,2339,cb9ac36e362b358686a84f81569c7af9af420accdbe0bbbc5bef886721a64a73,0.061714,dup_009,review,exact_duplicate,yes
images/21069564223488-iii2a4t1qi3u64k5qq9h8dxcllzk__p001.png,21069564223488_iii2a4t1qi3u64k5qq9h8dxcllzk.pdf,1,pdf,2339,1654,723bcb4fc23fa877b29ffc4f8c8c816b7e1a0665870d6e15330c3b0ba18e8d38,0.351298,,keep,,yes
images/21069564223488-iii2a4t1qi3u64k5qq9h8dxcllzk__p002.png,21069564223488_iii2a4t1qi3u64k5qq9h8dxcllzk.pdf,2,pdf,2339,1654,036d157f4023922ea2b43157219481faaddf70661f2093c553fa67220d5cf0b0,0.359933,,keep,,yes
images/21069564223488-iii2a4t1qi3u64k5qq9h8dxcllzk__p003.png,21069564223488_iii2a4t1qi3u64k5qq9h8dxcllzk.pdf,3,pdf,2339,1654,248e347a849322466a584faad997195052285b8cb19dd7e92ac0425a7b4df9cc,0.359559,,keep,,yes
images/21069564223488-iii2a4t1qi3u64k5qq9h8dxcllzk__p004.png,21069564223488_iii2a4t1qi3u64k5qq9h8dxcllzk.pdf,4,pdf,2339,1654,f8b1737df0610ffcd9c0c8305c63d63fe51c085d7a9f041ebd86ae5afe54e55c,0.362955,,keep,,yes
images/21069564223488-iii2a4t1qi3u64k5qq9h8dxcllzk__p005.png,21069564223488_iii2a4t1qi3u64k5qq9h8dxcllzk.pdf,5,pdf,2339,1654,994cf22084d5ea8b2a71b9a905304c87a733dc54c9e97f314d082f027f798a77,0.362331,,keep,,yes
images/21069564223488-iii2a4t1qi3u64k5qq9h8dxcllzk__p006.png,21069564223488_iii2a4t1qi3u64k5qq9h8dxcllzk.pdf,6,pdf,2339,1654,b63b16940a87182caec53c21f72d86d3b20d567c576a508b20906a140c6d7183,0.362678,,keep,,yes
images/21069564223488-iii2a4t1qi3u64k5qq9h8dxcllzk__p007.png,21069564223488_iii2a4t1qi3u64k5qq9h8dxcllzk.pdf,7,pdf,2339,1654,7ba23545df829ae6443e486b6b3666d92a04ba96baba4827d8e66153e57d2855,0.362297,,keep,,yes
images/21069564223488-iii2a4t1qi3u64k5qq9h8dxcllzk__p008.png,21069564223488_iii2a4t1qi3u64k5qq9h8dxcllzk.pdf,8,pdf,2339,1654,00e384df97a24538b5dc60622c5f35e75cdf88dc8858099673cc3a5c9564d745,0.362456,,keep,,yes
images/21069564223488-iii2a4t1qi3u64k5qq9h8dxcllzk__p009.png,21069564223488_iii2a4t1qi3u64k5qq9h8dxcllzk.pdf,9,pdf,2339,1654,4011c1450c17bfea9ef06fb1927d7b6b0de4b94ad3a34f4994983071a7389b89,0.361698,,keep,,yes
images/21069564223488-iii2a4t1qi3u64k5qq9h8dxcllzk__p010.png,21069564223488_iii2a4t1qi3u64k5qq9h8dxcllzk.pdf,10,pdf,2339,1654,a101caece6ca90a0908935611c50e3b111f2156a10eaf35c19f9c5ad295781ab,0.361869,,keep,,yes
images/21069564223488-iii2a4t1qi3u64k5qq9h8dxcllzk__p011.png,21069564223488_iii2a4t1qi3u64k5qq9h8dxcllzk.pdf,11,pdf,2339,1654,3218b525e7a7811b8bc7065c37c1378afc726ee1fd48e19d552e3e436d31fceb,0.362303,,keep,,yes
images/21069564223488-iii2a4t1qi3u64k5qq9h8dxcllzk__p012.png,21069564223488_iii2a4t1qi3u64k5qq9h8dxcllzk.pdf,12,pdf,2339,1654,9e3e86cafd8faa26b3486a3bdff1aeaa873e6966f89b0e5525e64050888596c4,0.361834,,keep,,yes
images/21069564223488-iii2a4t1qi3u64k5qq9h8dxcllzk__p013.png,21069564223488_iii2a4t1qi3u64k5qq9h8dxcllzk.pdf,13,pdf,2339,1654,5f37d65d0726057dc8bac593cc15dce7c02316052279515c6fb702099b64fc1d,0.362289,,keep,,yes
images/21069564223488-iii2a4t1qi3u64k5qq9h8dxcllzk__p014.png,21069564223488_iii2a4t1qi3u64k5qq9h8dxcllzk.pdf,14,pdf,2339,1654,3e92f0d09db47e4ee5c99d12787d0116eda2745e0f60e1d322818b43055d6267,0.344096,,keep,,yes
images/21069564223488-iii2a4t1qi3u64k5qq9h8dxcllzk__p015.png,21069564223488_iii2a4t1qi3u64k5qq9h8dxcllzk.pdf,15,pdf,2339,1654,0f64012a3fbbee0a4c6b73b7785e5024f6c854b351aae79aa57385bd76eed152,0.347960,,keep,,yes
images/21069564223488-iii2a4t1qi3u64k5qq9h8dxcllzk__p016.png,21069564223488_iii2a4t1qi3u64k5qq9h8dxcllzk.pdf,16,pdf,2339,1654,8cdbd18f9cd008425b1c1c09fd4d369e116a61dd9081a4139664907e1cf969f9,0.300045,,keep,,yes
images/21069564223488-iii2a4t1qi3u64k5qq9h8dxcllzk__p017.png,21069564223488_iii2a4t1qi3u64k5qq9h8dxcllzk.pdf,17,pdf,2339,1654,2d46f65b73c2ad2ea455b517edb16f5088d945ee2be2fb8477bd9f1d840a5fe8,0.061756,dup_010,review,exact_duplicate,yes
images/21069564248064-hqvxmkacigbfrx1bq4n6xypa24a6__p001.png,21069564248064_hqvxmkacigbfrx1bq4n6xypa24a6.pdf,1,pdf,1654,2339,25c7e571d03019d8c1fe72aa98e6e1f7c79db092d008f76af2670ddd8e55d648,0.356980,,keep,,yes
images/21069564248064-hqvxmkacigbfrx1bq4n6xypa24a6__p002.png,21069564248064_hqvxmkacigbfrx1bq4n6xypa24a6.pdf,2,pdf,1654,2339,aa74325f9580a1e1073ed23d1fe8c72c6e741f99179014a8f88b11533738fbea,0.355949,,keep,,yes
images/21069564248064-hqvxmkacigbfrx1bq4n6xypa24a6__p003.png,21069564248064_hqvxmkacigbfrx1bq4n6xypa24a6.pdf,3,pdf,1654,2339,db4515a60ea54b4db552203340efa562b7c925f9f1be2148b449e99b7febc02e,0.356033,,keep,,yes
images/21069564248064-hqvxmkacigbfrx1bq4n6xypa24a6__p004.png,21069564248064_hqvxmkacigbfrx1bq4n6xypa24a6.pdf,4,pdf,1654,2339,5a9209d5771d405edd9dd2d421eb2f1c0a2ae0dbf5c56617a3872cd840831bb5,0.356385,,keep,,yes
images/21069564248064-hqvxmkacigbfrx1bq4n6xypa24a6__p005.png,21069564248064_hqvxmkacigbfrx1bq4n6xypa24a6.pdf,5,pdf,1654,2339,62b2180427938ed61ebd4f9cab154dbde515f62b319d4df18092967b4ae4b573,0.344436,,keep,,yes
images/21069564248064-hqvxmkacigbfrx1bq4n6xypa24a6__p006.png,21069564248064_hqvxmkacigbfrx1bq4n6xypa24a6.pdf,6,pdf,1654,2339,2aa84879ebf3f942672cb12a62c7c259073f080cdc6933b5ac6996161426f8a8,0.319268,,keep,,yes
images/21069564248064-hqvxmkacigbfrx1bq4n6xypa24a6__p007.png,21069564248064_hqvxmkacigbfrx1bq4n6xypa24a6.pdf,7,pdf,1654,2339,31d96d2612249091ffb42c3a75fa559bdddec9bdf4230057d74ec60422212fc4,0.249068,,keep,,yes
images/21069564248064-hqvxmkacigbfrx1bq4n6xypa24a6__p008.png,21069564248064_hqvxmkacigbfrx1bq4n6xypa24a6.pdf,8,pdf,1654,2339,cb9ac36e362b358686a84f81569c7af9af420accdbe0bbbc5bef886721a64a73,0.061714,dup_009,review,exact_duplicate,yes
images/21069564252160-chdvml200m88aj5hrz63c1p37qbf__p001.png,21069564252160_chdvml200m88aj5hrz63c1p37qbf.pdf,1,pdf,2339,1654,afc0b8211b5868c4b63bf0ab36b27df009aab5706e070bd3eb092e3ec86c0a45,0.354102,,keep,,yes
images/21069564252160-chdvml200m88aj5hrz63c1p37qbf__p002.png,21069564252160_chdvml200m88aj5hrz63c1p37qbf.pdf,2,pdf,2339,1654,0e3b77f0ac73e3e4437b033fda8cb698ed06fa3b18947a16a6114aa39544fdad,0.359137,,keep,,yes
images/21069564252160-chdvml200m88aj5hrz63c1p37qbf__p003.png,21069564252160_chdvml200m88aj5hrz63c1p37qbf.pdf,3,pdf,2339,1654,05c51187af6747eb84a070eecc4e066ca3b9ddabf52fd90b42fadb2750109bce,0.360859,,keep,,yes
images/21069564252160-chdvml200m88aj5hrz63c1p37qbf__p004.png,21069564252160_chdvml200m88aj5hrz63c1p37qbf.pdf,4,pdf,2339,1654,dd2c8dd8976a31e97ea306a8ccf4a48c6a772a39234275dbf9c50ea0d2fe2623,0.363080,,keep,,yes
images/21069564252160-chdvml200m88aj5hrz63c1p37qbf__p005.png,21069564252160_chdvml200m88aj5hrz63c1p37qbf.pdf,5,pdf,2339,1654,2adbeeeb8902b52aed73f65003c605423caef4496070760521c74449b05957e6,0.362555,,keep,,yes
images/21069564252160-chdvml200m88aj5hrz63c1p37qbf__p006.png,21069564252160_chdvml200m88aj5hrz63c1p37qbf.pdf,6,pdf,2339,1654,94a1438e7f9ae339a33b1df929644b853441a36e582f17d7542db0cd39537e66,0.361636,,keep,,yes
images/21069564252160-chdvml200m88aj5hrz63c1p37qbf__p007.png,21069564252160_chdvml200m88aj5hrz63c1p37qbf.pdf,7,pdf,2339,1654,d63619b69ec3b530807ffa8d78047f722dfab99bf703fd29b1be5544da484cfb,0.363090,,keep,,yes
images/21069564252160-chdvml200m88aj5hrz63c1p37qbf__p008.png,21069564252160_chdvml200m88aj5hrz63c1p37qbf.pdf,8,pdf,2339,1654,d2fcaa5d52eb45261717a8a84965084dc435e456ffaa2be343304d9063da8c0c,0.362644,,keep,,yes
images/21069564252160-chdvml200m88aj5hrz63c1p37qbf__p009.png,21069564252160_chdvml200m88aj5hrz63c1p37qbf.pdf,9,pdf,2339,1654,b93bc7f6a13577ee88901d8f3e13a2753494b80da6282a7bf080b3eee5beb626,0.360999,,keep,,yes
images/21069564252160-chdvml200m88aj5hrz63c1p37qbf__p010.png,21069564252160_chdvml200m88aj5hrz63c1p37qbf.pdf,10,pdf,2339,1654,23138f50755566b1ea9ea0a90bbcefe382e393902bb61fcb89570effc7ac83ba,0.362356,,keep,,yes
images/21069564252160-chdvml200m88aj5hrz63c1p37qbf__p011.png,21069564252160_chdvml200m88aj5hrz63c1p37qbf.pdf,11,pdf,2339,1654,766114ccfc3dee3ff6345cd584cb9935427abc4f1c4007e82d21f8f3da30ebb7,0.361340,,keep,,yes
images/21069564252160-chdvml200m88aj5hrz63c1p37qbf__p012.png,21069564252160_chdvml200m88aj5hrz63c1p37qbf.pdf,12,pdf,2339,1654,4557e36d7e5548892a93c847d3ac56af693bcd4a5b508f948d9147bb426c7b45,0.363069,,keep,,yes
images/21069564252160-chdvml200m88aj5hrz63c1p37qbf__p013.png,21069564252160_chdvml200m88aj5hrz63c1p37qbf.pdf,13,pdf,2339,1654,cbacd697504e1acf8eb667e61da7f9d12ad0fef925fe128f1a8ae5eed5a79acf,0.356889,,keep,,yes
images/21069564252160-chdvml200m88aj5hrz63c1p37qbf__p014.png,21069564252160_chdvml200m88aj5hrz63c1p37qbf.pdf,14,pdf,2339,1654,7af708329bfd01853dfdceb3121b69870b1810e3431d21d623052056843ed9b6,0.358379,,keep,,yes
images/21069564252160-chdvml200m88aj5hrz63c1p37qbf__p015.png,21069564252160_chdvml200m88aj5hrz63c1p37qbf.pdf,15,pdf,2339,1654,2f7087717289bf7b168daf8b5c4d72b76f2d9f86fa312d48c5a91e5b53b14895,0.350075,,keep,,yes
images/21069564252160-chdvml200m88aj5hrz63c1p37qbf__p016.png,21069564252160_chdvml200m88aj5hrz63c1p37qbf.pdf,16,pdf,2339,1654,6cb5eab63018e60a149aa0f4fc78e0b2231ae1b2d6ff140d07b9472a4b4b70a4,0.305737,,keep,,yes
images/21069564252160-chdvml200m88aj5hrz63c1p37qbf__p017.png,21069564252160_chdvml200m88aj5hrz63c1p37qbf.pdf,17,pdf,2339,1654,2d46f65b73c2ad2ea455b517edb16f5088d945ee2be2fb8477bd9f1d840a5fe8,0.061756,dup_010,review,exact_duplicate,yes
images/21069564268544-pi9kogqte8v04z24u6mr95wkjast__p001.png,21069564268544_pi9kogqte8v04z24u6mr95wkjast.pdf,1,pdf,1654,2339,1a48f1746982376aa7455740ce4e4ad66f7c7658449cae5404c38465c2918fb7,0.356579,,keep,,yes
images/21069564268544-pi9kogqte8v04z24u6mr95wkjast__p002.png,21069564268544_pi9kogqte8v04z24u6mr95wkjast.pdf,2,pdf,1654,2339,de83fa3eee135f164bb0ab5e19f444e24279484705185fe9a88a5e5d60053549,0.356123,,keep,,yes
images/21069564268544-pi9kogqte8v04z24u6mr95wkjast__p003.png,21069564268544_pi9kogqte8v04z24u6mr95wkjast.pdf,3,pdf,1654,2339,ed90bc59c5277317508306b00401279d99626a888e0abd3fe19560b7fdd1fd01,0.355643,,keep,,yes
images/21069564268544-pi9kogqte8v04z24u6mr95wkjast__p004.png,21069564268544_pi9kogqte8v04z24u6mr95wkjast.pdf,4,pdf,1654,2339,46cb7392782f48695fddfa6c7715bb4732d1589c92d0283be6fb8edbaec14697,0.356036,,keep,,yes
images/21069564268544-pi9kogqte8v04z24u6mr95wkjast__p005.png,21069564268544_pi9kogqte8v04z24u6mr95wkjast.pdf,5,pdf,1654,2339,3064b9bb9eba874d632ee6a30311986ba3eb79d588178411939dca660cd7250f,0.341488,,keep,,yes
images/21069564268544-pi9kogqte8v04z24u6mr95wkjast__p006.png,21069564268544_pi9kogqte8v04z24u6mr95wkjast.pdf,6,pdf,1654,2339,87136ff528ae80a177dc9fe0f34b7681b422ec048170ff69dd4e7264e921eceb,0.319107,,keep,,yes
images/21069564268544-pi9kogqte8v04z24u6mr95wkjast__p007.png,21069564268544_pi9kogqte8v04z24u6mr95wkjast.pdf,7,pdf,1654,2339,ab666c5dfe9a5fb674ca51aa48ce7d82ed3c1b70d640a2dc6a0ff61fee315517,0.248984,,keep,,yes
images/21069564268544-pi9kogqte8v04z24u6mr95wkjast__p008.png,21069564268544_pi9kogqte8v04z24u6mr95wkjast.pdf,8,pdf,1654,2339,cb9ac36e362b358686a84f81569c7af9af420accdbe0bbbc5bef886721a64a73,0.061714,dup_009,review,exact_duplicate,yes
images/21069564289024-05uxv4klhw9dy9ixkhoe93hqfk4q__p001.png,21069564289024_05uxv4klhw9dy9ixkhoe93hqfk4q.pdf,1,pdf,1654,2339,f92903e5455311f2e13ea56dcd07afdf775ac26f3af1bb752f3b2bb7c8171afe,0.356384,,keep,,yes
images/21069564289024-05uxv4klhw9dy9ixkhoe93hqfk4q__p002.png,21069564289024_05uxv4klhw9dy9ixkhoe93hqfk4q.pdf,2,pdf,1654,2339,63a081f5671846164489d7b115a9e7d234e600ca414f8b28fc726e399aab320d,0.355318,,keep,,yes
images/21069564289024-05uxv4klhw9dy9ixkhoe93hqfk4q__p003.png,21069564289024_05uxv4klhw9dy9ixkhoe93hqfk4q.pdf,3,pdf,1654,2339,5b244168d728009c73b3eb307521fd37b6e632f41a291c018a5c6fa3745be76f,0.355970,,keep,,yes
images/21069564289024-05uxv4klhw9dy9ixkhoe93hqfk4q__p004.png,21069564289024_05uxv4klhw9dy9ixkhoe93hqfk4q.pdf,4,pdf,1654,2339,489a44560a2453d35d15c4eaddf9eac7271a887f8db32ed610eaf82939a2454c,0.355921,,keep,,yes
images/21069564289024-05uxv4klhw9dy9ixkhoe93hqfk4q__p005.png,21069564289024_05uxv4klhw9dy9ixkhoe93hqfk4q.pdf,5,pdf,1654,2339,f811899831c136d4cf93ab906a119386da880b79c9bc6567f8a90556fd2a15a4,0.356347,,keep,,yes
images/21069564289024-05uxv4klhw9dy9ixkhoe93hqfk4q__p006.png,21069564289024_05uxv4klhw9dy9ixkhoe93hqfk4q.pdf,6,pdf,1654,2339,4ae905cb88d7b1c4a8f62f654d438c6b6b7891be041d5a734b5199edd69d304a,0.344680,,keep,,yes
images/21069564289024-05uxv4klhw9dy9ixkhoe93hqfk4q__p007.png,21069564289024_05uxv4klhw9dy9ixkhoe93hqfk4q.pdf,7,pdf,1654,2339,523bbfd8b1930c0d75f3a105a9a1b3ae7d1708fd1163245e95c524a9abe3abb0,0.319113,,keep,,yes
images/21069564289024-05uxv4klhw9dy9ixkhoe93hqfk4q__p008.png,21069564289024_05uxv4klhw9dy9ixkhoe93hqfk4q.pdf,8,pdf,1654,2339,1ccb8fa0430334bb5faaaf295e33423b439865c646f0d33edb2165728929f1ce,0.249035,,keep,,yes
images/21069564289024-05uxv4klhw9dy9ixkhoe93hqfk4q__p009.png,21069564289024_05uxv4klhw9dy9ixkhoe93hqfk4q.pdf,9,pdf,1654,2339,cb9ac36e362b358686a84f81569c7af9af420accdbe0bbbc5bef886721a64a73,0.061714,dup_009,review,exact_duplicate,yes
images/21069564305408-dv02tbcolnjpmgl029rr1k9aiuwk__p001.png,21069564305408_dv02tbcolnjpmgl029rr1k9aiuwk.pdf,1,pdf,1654,2339,74a28b9a443d2b56b5ebc9f6f15942f5e4a4d9222e6d5d51fd2e40d23db1916a,0.355974,,keep,,yes
images/21069564305408-dv02tbcolnjpmgl029rr1k9aiuwk__p002.png,21069564305408_dv02tbcolnjpmgl029rr1k9aiuwk.pdf,2,pdf,1654,2339,c40130659887bd6baef90d2be5f7e784fe24abec7e03ff53530863c7535b8878,0.356009,,keep,,yes
images/21069564305408-dv02tbcolnjpmgl029rr1k9aiuwk__p003.png,21069564305408_dv02tbcolnjpmgl029rr1k9aiuwk.pdf,3,pdf,1654,2339,22b2f166478568ba40dc5a3120a83df381d97eec00b2171e7244cbb4d6feaf8c,0.355463,,keep,,yes
images/21069564305408-dv02tbcolnjpmgl029rr1k9aiuwk__p004.png,21069564305408_dv02tbcolnjpmgl029rr1k9aiuwk.pdf,4,pdf,1654,2339,83e57effbd0625ccb6ded79b51d9a9aab0f5acefbfa97f74b4e4a6ffb1c8dcb8,0.355312,,keep,,yes
images/21069564305408-dv02tbcolnjpmgl029rr1k9aiuwk__p005.png,21069564305408_dv02tbcolnjpmgl029rr1k9aiuwk.pdf,5,pdf,1654,2339,a7e61607fa7db1344115c9dd88c1028e6188b44cf682e8ade7a0ce7f7c71ce16,0.356349,,keep,,yes
images/21069564305408-dv02tbcolnjpmgl029rr1k9aiuwk__p006.png,21069564305408_dv02tbcolnjpmgl029rr1k9aiuwk.pdf,6,pdf,1654,2339,ff3a3b078583c5de8396c0feef0857936c803041aede1829daba4ec27af81606,0.345690,,keep,,yes
images/21069564305408-dv02tbcolnjpmgl029rr1k9aiuwk__p007.png,21069564305408_dv02tbcolnjpmgl029rr1k9aiuwk.pdf,7,pdf,1654,2339,2af0eb6e568c3f4fc616ad1e9185fa8ae1f496fd63224918cbffc2f791c054a5,0.319152,,keep,,yes
images/21069564305408-dv02tbcolnjpmgl029rr1k9aiuwk__p008.png,21069564305408_dv02tbcolnjpmgl029rr1k9aiuwk.pdf,8,pdf,1654,2339,f9598c23674bb14023a6a14148addb1d9310b812b68ee6dcef13a06db965451c,0.249075,,keep,,yes
images/21069564305408-dv02tbcolnjpmgl029rr1k9aiuwk__p009.png,21069564305408_dv02tbcolnjpmgl029rr1k9aiuwk.pdf,9,pdf,1654,2339,cb9ac36e362b358686a84f81569c7af9af420accdbe0bbbc5bef886721a64a73,0.061714,dup_009,review,exact_duplicate,yes
images/21069564370944-3rfjnodyrfw6m950l8eh6078q3em__p001.png,21069564370944_3rfjnodyrfw6m950l8eh6078q3em.pdf,1,pdf,1654,2339,6cd34b84fd6d297514663e8af9db8abb06b99eb068ee21b6af635ba78f1c0b0a,0.357323,,keep,,yes
images/21069564370944-3rfjnodyrfw6m950l8eh6078q3em__p002.png,21069564370944_3rfjnodyrfw6m950l8eh6078q3em.pdf,2,pdf,1654,2339,a51e95e94fac7ba7de952423801ccbb07658434d0903f5a5ebf2f39a99bfc0ba,0.337999,,keep,,yes
images/21069564370944-3rfjnodyrfw6m950l8eh6078q3em__p003.png,21069564370944_3rfjnodyrfw6m950l8eh6078q3em.pdf,3,pdf,1654,2339,bbf873edcc28d118e38049c04c85143321cc058f9737cc85782a2d931a80c704,0.241050,,keep,,yes
images/21069564370944-3rfjnodyrfw6m950l8eh6078q3em__p004.png,21069564370944_3rfjnodyrfw6m950l8eh6078q3em.pdf,4,pdf,1654,2339,cb9ac36e362b358686a84f81569c7af9af420accdbe0bbbc5bef886721a64a73,0.061714,dup_009,review,exact_duplicate,yes
images/21069623816192-28bj9z2mzr0mbn7h8v2h87w4yu93__p001.png,21069623816192_28bj9z2mzr0mbn7h8v2h87w4yu93.pdf,1,pdf,1653,2339,484f49e71c4ac28177835c6f4e278142e6e1623bea2977a0494cc0b45b0a6519,0.083090,,keep,,yes
images/21069623816192-28bj9z2mzr0mbn7h8v2h87w4yu93__p002.png,21069623816192_28bj9z2mzr0mbn7h8v2h87w4yu93.pdf,2,pdf,1653,2339,fa485849973b143c4964c0f87c004824be836fff6541479aeb22d73b61d9eafd,0.064109,,keep,,yes
images/21069623848960-revq01nue8wapisdzbvbvp7wsjk6__p001.png,21069623848960_revq01nue8wapisdzbvbvp7wsjk6.pdf,1,pdf,1653,2339,8a663a3a3dae1a7cb019006de29489b296c8a93c6186581a253112fa64916887,0.076144,,keep,,yes
images/21069623848960-revq01nue8wapisdzbvbvp7wsjk6__p002.png,21069623848960_revq01nue8wapisdzbvbvp7wsjk6.pdf,2,pdf,1653,2339,aceeca0b2a4becb75caa57b529424f7a6f3318077447f35cf3cb64332d8010fe,0.061915,,keep,,yes
images/21069623865344-4wvy6gyfqk58hxpnivbppw24kd3s__p001.png,21069623865344_4wvy6gyfqk58hxpnivbppw24kd3s.pdf,1,pdf,1653,2339,f0b92debef35ae0ee0660db55537cad7076d7246c87d294cdc92893459f05fb0,0.083982,,keep,,yes
images/21069623865344-4wvy6gyfqk58hxpnivbppw24kd3s__p002.png,21069623865344_4wvy6gyfqk58hxpnivbppw24kd3s.pdf,2,pdf,1653,2339,b1f3f3197bfbd0ce6ff3c30315bb9f86a38771d2f65901923b40ddab94fd57df,0.061945,,keep,,yes
images/21069623877632-jm9e9j99s2113zhqw4lyxbvlk5nh__p001.png,21069623877632_jm9e9j99s2113zhqw4lyxbvlk5nh.pdf,1,pdf,1653,2339,71a08e947d79cebaaf3607992e9e5c0a4c5df998908bd1edbfa696e36f7969e5,0.088241,,keep,,yes
images/21069623877632-jm9e9j99s2113zhqw4lyxbvlk5nh__p002.png,21069623877632_jm9e9j99s2113zhqw4lyxbvlk5nh.pdf,2,pdf,1653,2339,958bcdb4fa6807ab635602dd5973ac7075f5a3a87713de150c8a692c66f03126,0.065125,,keep,,yes
images/21069623885824-r4wxl5d97ztst2944lc4kkfysgbz__p001.png,21069623885824_r4wxl5d97ztst2944lc4kkfysgbz.pdf,1,pdf,1653,2339,2b5189336bbbdf481bfb91800d8f07c3f85ae6e63ed1ee4db11898a8c7601ef4,0.077471,,keep,,yes
images/21069623885824-r4wxl5d97ztst2944lc4kkfysgbz__p002.png,21069623885824_r4wxl5d97ztst2944lc4kkfysgbz.pdf,2,pdf,1653,2339,99e54c6f080a2cdb5203bef1378e86be46709c9b411043689a57b4c407b9c151,0.064088,,keep,,yes
images/21069623918592-go8lk5fe8yadq9md7u1ax9lvk72f__p001.png,21069623918592_go8lk5fe8yadq9md7u1ax9lvk72f.pdf,1,pdf,1653,2339,c03d963bf787a1364a025d19b01145d2113b49db065681cee88fdb1524b3ef1d,0.084941,,keep,,yes
images/21069623918592-go8lk5fe8yadq9md7u1ax9lvk72f__p002.png,21069623918592_go8lk5fe8yadq9md7u1ax9lvk72f.pdf,2,pdf,1653,2339,52a0814a515da433a6baec6e8ddc61bce1c8595a082ca34fd8b345c21ed36511,0.064148,,keep,,yes
images/21069623930880-si17ee6yltosh3wr2tznc0fkjg2r__p001.png,21069623930880_si17ee6yltosh3wr2tznc0fkjg2r.pdf,1,pdf,1653,2339,c15b999f936f2b2f6dd6fe7ba2d6fbb278eaa5fd4b10150a98d11b3a04a05c2a,0.079534,,keep,,yes
images/21069623930880-si17ee6yltosh3wr2tznc0fkjg2r__p002.png,21069623930880_si17ee6yltosh3wr2tznc0fkjg2r.pdf,2,pdf,1653,2339,a2c83130abdbeef600da03bbc0d973532d9de60e66f4eb6bd08db921f648a3a9,0.061962,,keep,,yes
images/21069623943168-wmbs75n2zw2wskdyd1lyilo2g5ht__p001.png,21069623943168_wmbs75n2zw2wskdyd1lyilo2g5ht.pdf,1,pdf,1653,2339,3dff3e3d6a3a7a34dda2edb0aedf361440415c593f3a43e8bd7244b86921c7fc,0.082030,,keep,,yes
images/21069623943168-wmbs75n2zw2wskdyd1lyilo2g5ht__p002.png,21069623943168_wmbs75n2zw2wskdyd1lyilo2g5ht.pdf,2,pdf,1653,2339,174a0cf49817326baf3d4355f0e0e2acf3bca68b05b6ea14590efbdb41c4cd3e,0.064153,,keep,,yes
images/21069623971840-2k8tyfvkni9ed1piapqnrdcc2hs6__p001.png,21069623971840_2k8tyfvkni9ed1piapqnrdcc2hs6.pdf,1,pdf,1654,2339,9362eeb5416e2e058efe02199bcba4025f7abd4660f3e6f80243182151f5cf52,0.052471,,keep,,yes
images/21069623996416-4tnprfonxkk3fea8v75zayp5ohzm__p001.png,21069623996416_4tnprfonxkk3fea8v75zayp5ohzm.pdf,1,pdf,1653,2339,051a8d657271e3a855bf3ab830373adf59e52dc735d77db961870c3519e3040a,0.080591,,keep,,yes
images/21069623996416-4tnprfonxkk3fea8v75zayp5ohzm__p002.png,21069623996416_4tnprfonxkk3fea8v75zayp5ohzm.pdf,2,pdf,1653,2339,004a5efaeced3f5ed96a72102aaa9cde334a8faa53ece263d733dfc0bcb668fc,0.064161,,keep,,yes
images/21069624020992-hltbdrddksjvtum4l24nvv1vjpwr__p001.png,21069624020992_hltbdrddksjvtum4l24nvv1vjpwr.pdf,1,pdf,1653,2339,c41467232e2f551268bae90f0f49303a7ed2d906385d317ab862a990f2e07db7,0.180066,,keep,,yes
images/21069624049664-vohc3dt4tlis2tl2f37rqb7xj80c__p001.png,21069624049664_vohc3dt4tlis2tl2f37rqb7xj80c.pdf,1,pdf,1653,2339,91dc632f4ea0055f4979bd29a20c379bf6ff37969042c6a18d253d1b12249ab4,0.334519,,keep,,yes
images/21069624049664-vohc3dt4tlis2tl2f37rqb7xj80c__p002.png,21069624049664_vohc3dt4tlis2tl2f37rqb7xj80c.pdf,2,pdf,1653,2339,448576de5adb5f1ecc19c316482edecdc9920029a121801c0d904e1ac82d6125,0.115859,,keep,,yes
images/21069624053760-oblw17hj0jxwa0owlh86qewsxs15__p001.png,21069624053760_oblw17hj0jxwa0owlh86qewsxs15.pdf,1,pdf,1654,2339,f7c5834413ac4449404b5851d9e3a802edf8c2f01466ce265ff3ace82da1aa17,0.175771,,keep,,yes
images/21069624053760-oblw17hj0jxwa0owlh86qewsxs15__p002.png,21069624053760_oblw17hj0jxwa0owlh86qewsxs15.pdf,2,pdf,1654,2339,0f83dadf29cacfe1a954dde0762a32fb509993f06f40dd6c945c3b4f5b06be24,0.054836,,keep,,yes
images/21069624053760-oblw17hj0jxwa0owlh86qewsxs15__p003.png,21069624053760_oblw17hj0jxwa0owlh86qewsxs15.pdf,3,pdf,1655,2339,155659f58e3be26aea6efd704156b5acc4c271fe4f1032970aebdd147180478a,0.145793,dup_011,review,exact_duplicate,yes
images/21069624053760-oblw17hj0jxwa0owlh86qewsxs15__p004.png,21069624053760_oblw17hj0jxwa0owlh86qewsxs15.pdf,4,pdf,1655,2339,dc3de6addb68b3d55f636a3028829a9f032a8c4859c2aec4e5bec14b73827968,0.149402,dup_012,review,exact_duplicate,yes
images/21069624053760-oblw17hj0jxwa0owlh86qewsxs15__p005.png,21069624053760_oblw17hj0jxwa0owlh86qewsxs15.pdf,5,pdf,1655,2339,29cc69a202afc8cd3ac5ce4a6400960058322774d4822788dc02e9a90ffcabfe,0.151681,dup_013,review,exact_duplicate,yes
images/21069624053760-oblw17hj0jxwa0owlh86qewsxs15__p006.png,21069624053760_oblw17hj0jxwa0owlh86qewsxs15.pdf,6,pdf,1655,2339,cc77b1540353fee644259b527d2b4cd654f81f5b6d73c43d8938611cb4d24d22,0.111271,dup_014,review,exact_duplicate,yes
images/21069624053760-oblw17hj0jxwa0owlh86qewsxs15__p007.png,21069624053760_oblw17hj0jxwa0owlh86qewsxs15.pdf,7,pdf,1655,2339,d4c4be31118cfc754562fa38edc2cadbba0eb3c1828fc5b7bcf8d45b03be4773,0.066601,dup_015,review,exact_duplicate,yes
images/21069624086528-yda8m9ivfwssqf4f48ztkrfa5cku__p001.png,21069624086528_yda8m9ivfwssqf4f48ztkrfa5cku.pdf,1,pdf,1653,2339,af2b2a3bae65ac2ac57e50781e759070a0affb9652d486b7ac1e4c101a6a78ec,0.061254,,keep,,yes
images/21069624086528-yda8m9ivfwssqf4f48ztkrfa5cku__p002.png,21069624086528_yda8m9ivfwssqf4f48ztkrfa5cku.pdf,2,pdf,1653,2339,acfa85c2d00b4e4b332965f6b277e256fbf9997b222cd951627919c4be693798,0.079861,,keep,,yes
images/21069624086528-yda8m9ivfwssqf4f48ztkrfa5cku__p003.png,21069624086528_yda8m9ivfwssqf4f48ztkrfa5cku.pdf,3,pdf,1653,2339,b9e6d7bd19d8b22c98a951b6b2161ada44c333b17625c9c9a3127b2ff59c49f1,0.047613,,keep,,yes
images/21069624086528-yda8m9ivfwssqf4f48ztkrfa5cku__p004.png,21069624086528_yda8m9ivfwssqf4f48ztkrfa5cku.pdf,4,pdf,1653,2339,9c6b590563e388d6ee0294515ff10fa7647be16a7fee6c40181c439dd65ad7a2,0.047043,,keep,,yes
images/21069624086528-yda8m9ivfwssqf4f48ztkrfa5cku__p005.png,21069624086528_yda8m9ivfwssqf4f48ztkrfa5cku.pdf,5,pdf,1653,2339,67d1737d2f23089a2e3f3696badf7710709229338c09b24ac2c39d69525de3e3,0.048205,,keep,,yes
images/21069624086528-yda8m9ivfwssqf4f48ztkrfa5cku__p006.png,21069624086528_yda8m9ivfwssqf4f48ztkrfa5cku.pdf,6,pdf,1653,2339,9decf12f735dbcba87e3e8b3e3ba61361c59ae68b63b00fb6a08abbad1429705,0.047480,,keep,,yes
images/21069624086528-yda8m9ivfwssqf4f48ztkrfa5cku__p007.png,21069624086528_yda8m9ivfwssqf4f48ztkrfa5cku.pdf,7,pdf,1653,2339,e6fe5efc08d9fbb97140c9c8bda94f47d2dbabf0a9835ff998a4a996febc2796,0.046947,,keep,,yes
images/21069624086528-yda8m9ivfwssqf4f48ztkrfa5cku__p008.png,21069624086528_yda8m9ivfwssqf4f48ztkrfa5cku.pdf,8,pdf,1653,2339,1987bc374985c6c1ad2320a9a6914839981dc9a695072c58da3dcb8bb241e0a2,0.047338,,keep,,yes
images/21069624086528-yda8m9ivfwssqf4f48ztkrfa5cku__p009.png,21069624086528_yda8m9ivfwssqf4f48ztkrfa5cku.pdf,9,pdf,1653,2339,87e37a5c3b47161e961f4c3e9a7196218fa5b78a349bfbed37e78c57f391b1aa,0.046450,,keep,,yes
images/21069624086528-yda8m9ivfwssqf4f48ztkrfa5cku__p010.png,21069624086528_yda8m9ivfwssqf4f48ztkrfa5cku.pdf,10,pdf,1653,2339,7e2015c7c8d0c1f4828a9a8febe0fc79369fedf3e69a529af08a66f2601d066f,0.018798,,keep,,yes
images/21069624090624-f6lw5g8tigik819g25gqiddjr6eb__p001.png,21069624090624_f6lw5g8tigik819g25gqiddjr6eb.pdf,1,pdf,4178,6056,1d3727dfd4eaac06f8a90a233f463b4a9e86ccfb459147d8df8309fb39fe4b60,0.089215,,keep,,yes
images/21069624094720-vce5ypdb4a76hgomjauj06tz9ceh__p001.png,21069624094720_vce5ypdb4a76hgomjauj06tz9ceh.pdf,1,pdf,1654,2339,a22c3bf0bc446817f6a8a10c8d5bebfd4d9209257b83073760b373a2cafe47d0,0.177580,,keep,,yes
images/21069624094720-vce5ypdb4a76hgomjauj06tz9ceh__p002.png,21069624094720_vce5ypdb4a76hgomjauj06tz9ceh.pdf,2,pdf,1654,2339,3ac8cd8d84e048dd4e1082b40976d9bb03fb43d8c16c936057263de3ff403cfc,0.058354,,keep,,yes
images/21069624094720-vce5ypdb4a76hgomjauj06tz9ceh__p003.png,21069624094720_vce5ypdb4a76hgomjauj06tz9ceh.pdf,3,pdf,1655,2339,155659f58e3be26aea6efd704156b5acc4c271fe4f1032970aebdd147180478a,0.145793,dup_011,review,exact_duplicate,yes
images/21069624094720-vce5ypdb4a76hgomjauj06tz9ceh__p004.png,21069624094720_vce5ypdb4a76hgomjauj06tz9ceh.pdf,4,pdf,1655,2339,dc3de6addb68b3d55f636a3028829a9f032a8c4859c2aec4e5bec14b73827968,0.149402,dup_012,review,exact_duplicate,yes
images/21069624094720-vce5ypdb4a76hgomjauj06tz9ceh__p005.png,21069624094720_vce5ypdb4a76hgomjauj06tz9ceh.pdf,5,pdf,1655,2339,29cc69a202afc8cd3ac5ce4a6400960058322774d4822788dc02e9a90ffcabfe,0.151681,dup_013,review,exact_duplicate,yes
images/21069624094720-vce5ypdb4a76hgomjauj06tz9ceh__p006.png,21069624094720_vce5ypdb4a76hgomjauj06tz9ceh.pdf,6,pdf,1655,2339,cc77b1540353fee644259b527d2b4cd654f81f5b6d73c43d8938611cb4d24d22,0.111271,dup_014,review,exact_duplicate,yes
images/21069624094720-vce5ypdb4a76hgomjauj06tz9ceh__p007.png,21069624094720_vce5ypdb4a76hgomjauj06tz9ceh.pdf,7,pdf,1655,2339,d4c4be31118cfc754562fa38edc2cadbba0eb3c1828fc5b7bcf8d45b03be4773,0.066601,dup_015,review,exact_duplicate,yes
images/21069624111104-gsh88fpvtg7tt4yl4slxpoh17ak1__p001.png,21069624111104_gsh88fpvtg7tt4yl4slxpoh17ak1.pdf,1,pdf,1653,2339,21322d3c78b044cb2e577ccd2b8a67dbd544bf1b37a9fe185386e98486628cca,0.323451,,keep,,yes
images/21069624111104-gsh88fpvtg7tt4yl4slxpoh17ak1__p002.png,21069624111104_gsh88fpvtg7tt4yl4slxpoh17ak1.pdf,2,pdf,1653,2339,aeb677b11e9672d16a1eb5d214990ffe14266bfb220203081e7ea6568677a74d,0.076033,,keep,,yes
images/21069624127488-owoojl3f5gp4ssjtn16hs3thax91__p001.png,21069624127488_owoojl3f5gp4ssjtn16hs3thax91.pdf,1,pdf,1654,2339,25a191fc9cc4a288d7b482229df25d63628071c6db624bf6a647dd25b3e4c488,0.177324,,keep,,yes
images/21069624127488-owoojl3f5gp4ssjtn16hs3thax91__p002.png,21069624127488_owoojl3f5gp4ssjtn16hs3thax91.pdf,2,pdf,1654,2339,800f88633bb3096a2055b2fb2ee796703a0e7990f10d6af0a8dc02b0a304ad9a,0.052753,,keep,,yes
images/21069624127488-owoojl3f5gp4ssjtn16hs3thax91__p003.png,21069624127488_owoojl3f5gp4ssjtn16hs3thax91.pdf,3,pdf,1655,2339,155659f58e3be26aea6efd704156b5acc4c271fe4f1032970aebdd147180478a,0.145793,dup_011,review,exact_duplicate,yes
images/21069624127488-owoojl3f5gp4ssjtn16hs3thax91__p004.png,21069624127488_owoojl3f5gp4ssjtn16hs3thax91.pdf,4,pdf,1655,2339,dc3de6addb68b3d55f636a3028829a9f032a8c4859c2aec4e5bec14b73827968,0.149402,dup_012,review,exact_duplicate,yes
images/21069624127488-owoojl3f5gp4ssjtn16hs3thax91__p005.png,21069624127488_owoojl3f5gp4ssjtn16hs3thax91.pdf,5,pdf,1655,2339,29cc69a202afc8cd3ac5ce4a6400960058322774d4822788dc02e9a90ffcabfe,0.151681,dup_013,review,exact_duplicate,yes
images/21069624127488-owoojl3f5gp4ssjtn16hs3thax91__p006.png,21069624127488_owoojl3f5gp4ssjtn16hs3thax91.pdf,6,pdf,1655,2339,cc77b1540353fee644259b527d2b4cd654f81f5b6d73c43d8938611cb4d24d22,0.111271,dup_014,review,exact_duplicate,yes
images/21069624127488-owoojl3f5gp4ssjtn16hs3thax91__p007.png,21069624127488_owoojl3f5gp4ssjtn16hs3thax91.pdf,7,pdf,1655,2339,d4c4be31118cfc754562fa38edc2cadbba0eb3c1828fc5b7bcf8d45b03be4773,0.066601,dup_015,review,exact_duplicate,yes
images/21069624156160-henxt3p56j1t723axfxbb09ydx8w__p001.png,21069624156160_henxt3p56j1t723axfxbb09ydx8w.pdf,1,pdf,1654,2339,2ae3d01cc94e2b99813f088ac4c2a50bd930d5f146b6b5ef4b2103acf1065e18,0.176501,,keep,,yes
images/21069624156160-henxt3p56j1t723axfxbb09ydx8w__p002.png,21069624156160_henxt3p56j1t723axfxbb09ydx8w.pdf,2,pdf,1654,2339,c71dbe5f4d752c8231605c3b2f6d6aebc2f25cf1dc0e34e828cb1d643cfce556,0.049432,,keep,,yes
images/21069624156160-henxt3p56j1t723axfxbb09ydx8w__p003.png,21069624156160_henxt3p56j1t723axfxbb09ydx8w.pdf,3,pdf,1655,2339,155659f58e3be26aea6efd704156b5acc4c271fe4f1032970aebdd147180478a,0.145793,dup_011,review,exact_duplicate,yes
images/21069624156160-henxt3p56j1t723axfxbb09ydx8w__p004.png,21069624156160_henxt3p56j1t723axfxbb09ydx8w.pdf,4,pdf,1655,2339,dc3de6addb68b3d55f636a3028829a9f032a8c4859c2aec4e5bec14b73827968,0.149402,dup_012,review,exact_duplicate,yes
images/21069624156160-henxt3p56j1t723axfxbb09ydx8w__p005.png,21069624156160_henxt3p56j1t723axfxbb09ydx8w.pdf,5,pdf,1655,2339,29cc69a202afc8cd3ac5ce4a6400960058322774d4822788dc02e9a90ffcabfe,0.151681,dup_013,review,exact_duplicate,yes
images/21069624156160-henxt3p56j1t723axfxbb09ydx8w__p006.png,21069624156160_henxt3p56j1t723axfxbb09ydx8w.pdf,6,pdf,1655,2339,cc77b1540353fee644259b527d2b4cd654f81f5b6d73c43d8938611cb4d24d22,0.111271,dup_014,review,exact_duplicate,yes
images/21069624156160-henxt3p56j1t723axfxbb09ydx8w__p007.png,21069624156160_henxt3p56j1t723axfxbb09ydx8w.pdf,7,pdf,1655,2339,d4c4be31118cfc754562fa38edc2cadbba0eb3c1828fc5b7bcf8d45b03be4773,0.066601,dup_015,review,exact_duplicate,yes
images/21069624160256-7dkfnxfewfkdms69h5coblrews2k__p001.png,21069624160256_7dkfnxfewfkdms69h5coblrews2k.pdf,1,pdf,1654,2339,66ddac5bab6bb20c872bcb4f9031d7e5bc4a2863b4df0ea169aa066ab7c863d8,0.176475,,keep,,yes
images/21069624160256-7dkfnxfewfkdms69h5coblrews2k__p002.png,21069624160256_7dkfnxfewfkdms69h5coblrews2k.pdf,2,pdf,1654,2339,fad814fea53396a8729fbea8c9e64f00df0aa93f2fb558a909e97c4576f0d980,0.048395,,keep,,yes
images/21069624160256-7dkfnxfewfkdms69h5coblrews2k__p003.png,21069624160256_7dkfnxfewfkdms69h5coblrews2k.pdf,3,pdf,1654,2339,f0af44d7298e045b7f63b08b366ae827b773624f13bd769617f00a528440fc0a,0.035570,,keep,,yes
images/21069624160256-7dkfnxfewfkdms69h5coblrews2k__p004.png,21069624160256_7dkfnxfewfkdms69h5coblrews2k.pdf,4,pdf,1655,2339,155659f58e3be26aea6efd704156b5acc4c271fe4f1032970aebdd147180478a,0.145793,dup_011,review,exact_duplicate,yes
images/21069624160256-7dkfnxfewfkdms69h5coblrews2k__p005.png,21069624160256_7dkfnxfewfkdms69h5coblrews2k.pdf,5,pdf,1655,2339,dc3de6addb68b3d55f636a3028829a9f032a8c4859c2aec4e5bec14b73827968,0.149402,dup_012,review,exact_duplicate,yes
images/21069624160256-7dkfnxfewfkdms69h5coblrews2k__p006.png,21069624160256_7dkfnxfewfkdms69h5coblrews2k.pdf,6,pdf,1655,2339,29cc69a202afc8cd3ac5ce4a6400960058322774d4822788dc02e9a90ffcabfe,0.151681,dup_013,review,exact_duplicate,yes
images/21069624160256-7dkfnxfewfkdms69h5coblrews2k__p007.png,21069624160256_7dkfnxfewfkdms69h5coblrews2k.pdf,7,pdf,1655,2339,cc77b1540353fee644259b527d2b4cd654f81f5b6d73c43d8938611cb4d24d22,0.111271,dup_014,review,exact_duplicate,yes
images/21069624160256-7dkfnxfewfkdms69h5coblrews2k__p008.png,21069624160256_7dkfnxfewfkdms69h5coblrews2k.pdf,8,pdf,1655,2339,d4c4be31118cfc754562fa38edc2cadbba0eb3c1828fc5b7bcf8d45b03be4773,0.066601,dup_015,review,exact_duplicate,yes
images/21325580599296-adsd3bx77ronw3n4kcxg4qil8v31__p001.png,21325580599296_adsd3bx77ronw3n4kcxg4qil8v31.pdf,1,pdf,1654,2339,fa7fd24577bb45ef481acfc5c7edf535d484a2727c3bc6ed4ce0c1f29bfbc9e7,0.095739,,keep,,yes
images/21325756051456-8xubh7twkmhl1vcwhy1u7wodw5j9__p001.png,21325756051456_8xubh7twkmhl1vcwhy1u7wodw5j9.pdf,1,pdf,1654,2339,ca29d6e5e4452134f59dd81bc0bd02f3f1d40f7352cff28adcd39013962016d9,0.096544,,keep,,yes
images/21325756084224-krbn1j0s2uucahsv83tuwuqkkmq9__p001.png,21325756084224_krbn1j0s2uucahsv83tuwuqkkmq9.pdf,1,pdf,1654,2339,6d9884eed4a73c4e541ef2116a03960c9cd75f7f825885d0367b65e7c4a81695,0.096142,,keep,,yes
images/21355702571008-ag32cnzx0cc5aa4xrn7n29mc8aph__p001.png,21355702571008_ag32cnzx0cc5aa4xrn7n29mc8aph.pdf,1,pdf,1654,2339,2e3929f85b8a03ac58ced8be8b984d59bfffb61c735968973f6f1e7424d4d9e7,0.108225,,keep,,yes
images/21355964665856-q58s3suo8zfqbqtyv4qgmnix61md__p001.png,21355964665856_q58s3suo8zfqbqtyv4qgmnix61md.pdf,1,pdf,1653,2339,1f7b53e570635afec24aa5d6d50ea901c220d33ddcefab7f7c1b700122085c2c,0.149577,,keep,,yes
images/21470585327616-jtztbiqflyiy2qwgr8x69lazuyyc__p001.png,21470585327616_jtztbiqflyiy2qwgr8x69lazuyyc.pdf,1,pdf,1653,2339,0b1dafb4e5e0ba4ace957d637de117cafda9237302ad826719bb069defbdb32c,0.122243,,keep,,yes
images/21470739701760-hi8lcbxubkn22rdllywjge7k7vxm__p001.png,21470739701760_hi8lcbxubkn22rdllywjge7k7vxm.pdf,1,pdf,1653,2339,4172c424edc681dc80f751da1904dc5ee128060ab7fe11ceabdb89fe41bcb4e2,0.122287,,keep,,yes
images/21667355774976-4cjonsk6e3lo2d82xk4rkze626ld__p001.png,21667355774976_4cjonsk6e3lo2d82xk4rkze626ld.pdf,1,pdf,1653,2339,e8b3ef09b950cdc4dbfe844ede236eb11d0450c9c7efff5014c13cded473407e,0.110810,,keep,,yes
images/21667355783168-l7ntwfulbuotms8l1hunuuukiy3h__p001.png,21667355783168_l7ntwfulbuotms8l1hunuuukiy3h.pdf,1,pdf,1653,2339,47816824dfa32d96fdf7d5a01ec133dd02a39e0bcbed8d7a160a449f11481a71,0.121546,,keep,,yes
images/21667355787264-xb9p2jiohnvbo8ajqe6x16y7t6rc__p001.png,21667355787264_xb9p2jiohnvbo8ajqe6x16y7t6rc.pdf,1,pdf,1653,2339,d6585a7e19c36a770d65e1d070afc52e5e7e53e16d4fbc240b15e53ef436fd3c,0.105143,,keep,,yes
images/21667355791360-31bg1r8zhmf9wq6hejz465bmrv9d__p001.png,21667355791360_31bg1r8zhmf9wq6hejz465bmrv9d.pdf,1,pdf,1653,2339,ca40b169954cc83df0441ef42b30172ef26e82bd51a35737820f50fe0e6f200c,0.090264,,keep,,yes
images/21667355795456-8d5f2aify8zbwlzv4dmx9qbab4oi__p001.png,21667355795456_8d5f2aify8zbwlzv4dmx9qbab4oi.pdf,1,pdf,1653,2339,c449caf915a357737a2a0e5974cbf580ffd1acf94b09ceb31a40ca79863ec659,0.097330,,keep,,yes
images/21667355799552-5pj70pw2xozqsa8k7o83y3ry770z__p001.png,21667355799552_5pj70pw2xozqsa8k7o83y3ry770z.pdf,1,pdf,1653,2339,32e76854fa43149b8b99aaaffd95f8f9cd1aa054f6511c0ca15e23cdb719a065,0.110082,,keep,,yes
images/21667355803648-7df8va74o1bii5uqe29yt2m2ta7y__p001.png,21667355803648_7df8va74o1bii5uqe29yt2m2ta7y.pdf,1,pdf,1653,2339,1220366b1a237e5a74fac255680c0d5728e8bb032f00ed142152a40633c5407d,0.091691,,keep,,yes
images/21667355807744-a3cwd8o5hce80j5taeu8d0o3g6q4__p001.png,21667355807744_a3cwd8o5hce80j5taeu8d0o3g6q4.pdf,1,pdf,1653,2339,be0da162352dd34b13001eb6d738246b58abca52774db29b8f9135e73ecf0473,0.109300,,keep,,yes
images/21667355811840-b6k4icd5g4zzhaas18z1wi3es3sn__p001.png,21667355811840_b6k4icd5g4zzhaas18z1wi3es3sn.pdf,1,pdf,1653,2339,a8ea5d704d525cf498ca43fe86c70453264fd213fa94bdedcb3b7bdba27658ba,0.090544,,keep,,yes
images/21667355815936-fjwqv49kiahb5rwkwjl71m2z5l2f__p001.png,21667355815936_fjwqv49kiahb5rwkwjl71m2z5l2f.pdf,1,pdf,1653,2339,3eadaf9f530790606e3d522d02d69ab4e1beee0f80d3763b821a52495c5259fd,0.087749,,keep,,yes
images/21667355820032-edoou54o99cpaj62bjkr1jcpznjg__p001.png,21667355820032_edoou54o99cpaj62bjkr1jcpznjg.pdf,1,pdf,1653,2339,414654094bb198d39634d512afa417424c0230ac313676019cc598293d243d0d,0.074672,,keep,,yes
images/21667355824128-hchl75z1kk0hlez6q4e5lvhh0i2x__p001.png,21667355824128_hchl75z1kk0hlez6q4e5lvhh0i2x.pdf,1,pdf,1653,2339,9ef8a29478cfb272370d0c23efeea685b0829448f01047562e8c8b3f8079ef83,0.093561,,keep,,yes
images/21667355828224-ddctgwoft6vhgye4zswl7xmrubji__p001.png,21667355828224_ddctgwoft6vhgye4zswl7xmrubji.pdf,1,pdf,1653,2339,e6e6a5796d7a64eb30b6477d5156ad73a4d9eca8fa4e3d8dde6ba683f9ca36ba,0.087314,,keep,,yes
images/21667355832320-g9ffxbohvnmv29p4t3hxwnyl98hl__p001.png,21667355832320_g9ffxbohvnmv29p4t3hxwnyl98hl.pdf,1,pdf,1653,2339,28b79fcdbedda84e7e8515acd72064d9ccae2d591902c127d5236bb52d5e64de,0.088609,,keep,,yes
images/21667355836416-zswdefaujd1hbexcobn4slkgsp8t__p001.png,21667355836416_zswdefaujd1hbexcobn4slkgsp8t.pdf,1,pdf,1653,2339,5882bf0dbd200505c02e081e5bf70a300843653b636240806d051f45f5e078e0,0.137890,,keep,,yes
images/21667355840512-bgvafy7cwqrlb0nin6qo1a7mqtlp__p001.png,21667355840512_bgvafy7cwqrlb0nin6qo1a7mqtlp.pdf,1,pdf,1653,2339,6380a54a76d1c400fb18b1aae318db31f127ed6f998a7c3d81315c98cf189508,0.113811,,keep,,yes
images/21667355844608-p3rmcrdekqt60sebyrc3dko9v0qw__p001.png,21667355844608_p3rmcrdekqt60sebyrc3dko9v0qw.pdf,1,pdf,1653,2339,7b97c40fc2fc8d1e752b11f26cfe6e2621e846d7ebf169e2cd9e990f85927489,0.072587,,keep,,yes
images/21667355848704-xc57802wt8shlf7sn32zkdsmjr6h__p001.png,21667355848704_xc57802wt8shlf7sn32zkdsmjr6h.pdf,1,pdf,1653,2339,5141e6556c84af155283610f892e88e55876e74cdb2d75344885f7f9750d0f88,0.125579,,keep,,yes
images/21667355852800-1k828zzufq8ljsg6mkek6dbsgxwe__p001.png,21667355852800_1k828zzufq8ljsg6mkek6dbsgxwe.pdf,1,pdf,1653,2339,531f6ad5bfe2897e9af42dfd4817427138857662f4a64a8c25cce4be962b065c,0.086164,,keep,,yes
images/21667355856896-8r9znzjo6dbwjylnfszwb437a8n4__p001.png,21667355856896_8r9znzjo6dbwjylnfszwb437a8n4.pdf,1,pdf,1653,2339,c2427348e447aae192a249e38c4f9a238206ec53cb90bb915e003a9caa6d57cd,0.126497,,keep,,yes
images/21667355860992-l62oibkj0ul7o360pyarvuq7uw2k__p001.png,21667355860992_l62oibkj0ul7o360pyarvuq7uw2k.pdf,1,pdf,1653,2339,4f5bca1d7ea42261fe5c6f9d8d3663a97ff94dc434b924e9ffb4c522a1fac0bb,0.085341,,keep,,yes
images/21667355865088-e8erprwgoqiwkj7wyh3pp7887650__p001.png,21667355865088_e8erprwgoqiwkj7wyh3pp7887650.pdf,1,pdf,1653,2339,3267c028cc14aba587a3d4248b6672515ca4c62ccd5a87f7188960d1beb85dfa,0.129348,,keep,,yes
images/21667355869184-ri00v2zlftnat0f71komwudmdeew__p001.png,21667355869184_ri00v2zlftnat0f71komwudmdeew.pdf,1,pdf,1653,2339,fd355ff37ffb5b229949817960c36b1fc2779a7dd1cb983f2cf21d7a379981ab,0.090743,,keep,,yes
images/21667355873280-2jn5lazfv5o3d8n8com2i6v56v3x__p001.png,21667355873280_2jn5lazfv5o3d8n8com2i6v56v3x.pdf,1,pdf,1653,2339,a7f42fe0d9d95142d3c8fdaf57dd060e45fda08fcc768aa481b46522f8b86497,0.031697,,keep,,yes
images/21667355877376-wiuz9rs6uwz9mkczehdrcvnresur__p001.png,21667355877376_wiuz9rs6uwz9mkczehdrcvnresur.pdf,1,pdf,1653,2339,562871663b5c70cef82151e75c03f59260f9cadc76f139f70b857ba324906e1d,0.138509,,keep,,yes
images/21667355881472-8aov25906l3yvsy16h2yoqryyzm5__p001.png,21667355881472_8aov25906l3yvsy16h2yoqryyzm5.pdf,1,pdf,1653,2339,b71a7b749dc8be0eef17b3dbb121d7ac972a4f7e7ce2724f5c6e78b8e5500049,0.121248,,keep,,yes
images/21667355885568-g0ycuhjt94aiuyzfjrnbjka4utn9__p001.png,21667355885568_g0ycuhjt94aiuyzfjrnbjka4utn9.pdf,1,pdf,1653,2339,6fea443cb7b6c3305c71e44b49fc87997836cd4bd4abe27a19f3d863080a4659,0.086974,,keep,,yes
images/21667355893760-yn8681gwdcmfsmn5ibffqlzbxsta__p001.png,21667355893760_yn8681gwdcmfsmn5ibffqlzbxsta.pdf,1,pdf,1653,2339,19c40f1742b838aa5b44eeba04cd418d754feb475420c43cf3d054b471fd7446,0.077138,,keep,,yes
images/21667355897856-agfhuq3q3m4vkhyu8u2q384git9z__p001.png,21667355897856_agfhuq3q3m4vkhyu8u2q384git9z.pdf,1,pdf,1653,2339,cc15a78f36242d9ba6b6206fcec5459853653b0ea8e2f65c63824b68207168b5,0.079547,,keep,,yes
images/21667355906048-235co3odi7u0m87sa6yf3eenpnyp__p001.png,21667355906048_235co3odi7u0m87sa6yf3eenpnyp.pdf,1,pdf,1653,2339,f38cd77f1af22c163c5c9ffca29f65d109d3d9ec211f3b92f1ae93bd9bd25c78,0.077713,,keep,,yes
images/21667355910144-p8gvxfc1d9z56tseq926atpn992f__p001.png,21667355910144_p8gvxfc1d9z56tseq926atpn992f.pdf,1,pdf,1653,2339,9c9463dfa9a98e6b59ffe726232fef2735a5ef1d02fa1a05db0a91e259662d65,0.077275,,keep,,yes
images/21667355914240-he5t3vukkjx19p3zdond0wxieq92__p001.png,21667355914240_he5t3vukkjx19p3zdond0wxieq92.pdf,1,pdf,1653,2339,acdf1631c80fa995ea416e03fdd77018d7f6da62a47e39eaf5377ad7e207b9e6,0.123487,,keep,,yes
images/21667355918336-h63irqa0x3q912dt770wfyp9bvjo__p001.png,21667355918336_h63irqa0x3q912dt770wfyp9bvjo.pdf,1,pdf,1653,2339,d47756603b46b15cbc8d741ce0bd044dd841db8dde05a32961e09146b21c6e71,0.078743,,keep,,yes
images/21667376197632-zoj5nthhhwp9rrb0g45qs1q9j5vx__p001.png,21667376197632_zoj5nthhhwp9rrb0g45qs1q9j5vx.pdf,1,pdf,1653,2339,b67656e4b87fe12458c70fc5022564af2b7551a9f51e282892c1689a8a6368eb,0.078749,,keep,,yes
images/21667376201728-bhl0o9uc9c11hpy0ysufffve38ot__p001.png,21667376201728_bhl0o9uc9c11hpy0ysufffve38ot.pdf,1,pdf,1653,2339,679e0471737bc828a6cc1faaa8a50e12f186b6555e7cbeaca7acec3e6e7cf1c8,0.116048,,keep,,yes
images/21667376205824-l8i7cx75n1e036xa726seqnn434m__p001.png,21667376205824_l8i7cx75n1e036xa726seqnn434m.pdf,1,pdf,1653,2339,aecb03aa0106288a745f31341d167ae3495b6209e141c4588c90feff80ece0a9,0.091895,,keep,,yes
images/21667376209920-uepeqp313cccuei8g4bczf633yp2__p001.png,21667376209920_uepeqp313cccuei8g4bczf633yp2.pdf,1,pdf,1653,2339,c7af175741f698f61ba5b5a49ef91d01a162b131763a412d5ff6a3aa4fcfbb64,0.080280,,keep,,yes
images/21667376218112-9da1x8ttht6ng8s3qflflkc1vlep__p001.png,21667376218112_9da1x8ttht6ng8s3qflflkc1vlep.pdf,1,pdf,1653,2339,575ae167c5d50776c7a3400736e375d3a4fda2ea0f6cec9fa46326fdcba08c45,0.084180,,keep,,yes
images/21667376222208-30091zb17ei4tpjc93jnepjaocv0__p001.png,21667376222208_30091zb17ei4tpjc93jnepjaocv0.pdf,1,pdf,1653,2339,884710111991b413b3aac15b0ae835490c4b43c9cda6dc16d52b0fd74ff6af0c,0.077898,,keep,,yes
images/21667376226304-1f0cjsnphd9vr1n9eh7ft1mg5t0i__p001.png,21667376226304_1f0cjsnphd9vr1n9eh7ft1mg5t0i.pdf,1,pdf,1653,2339,28588a749fa1034bc5ca5b9d5ab2248fe9df511758ff9e0610dad4117eaf9f73,0.092270,,keep,,yes
images/21667376230400-vmv7hgz9l0cxxhqippu1avzcw1lc__p001.png,21667376230400_vmv7hgz9l0cxxhqippu1avzcw1lc.pdf,1,pdf,1653,2339,fd23cc12fdd922b7de14517c777d955e438ad279f637d5059afcf42a15a30366,0.121337,,keep,,yes
images/21667376234496-by0tzkh9j5g4zy3t7taexxx8kiiz__p001.png,21667376234496_by0tzkh9j5g4zy3t7taexxx8kiiz.pdf,1,pdf,1653,2339,95dbf47bc3651e1d3979a544689b05f47970aaa867240b3135893eb8b4a23a95,0.122058,,keep,,yes
images/21667376238592-jcj4s1hydzhflygbpdypl2qa63dv__p001.png,21667376238592_jcj4s1hydzhflygbpdypl2qa63dv.pdf,1,pdf,1653,2339,f6dd56cd8d3859f4e256452fad5905d55104cfb66203a6be10356fb6c461ca7f,0.110238,,keep,,yes
images/21667376242688-hjm7s8n6w6xvow1012qgoxlobr4j__p001.png,21667376242688_hjm7s8n6w6xvow1012qgoxlobr4j.pdf,1,pdf,1653,2339,75341d5d036c848be775562c8aee7df1ad1ea55754097a5e097f547c118315d2,0.124901,,keep,,yes
images/21667376246784-4b6gb49u9w27cd4d7zgrwz7ena78__p001.png,21667376246784_4b6gb49u9w27cd4d7zgrwz7ena78.pdf,1,pdf,1653,2339,53ab29c5ff339474428b4d58d389463b2c9c6c6e44af4059f68111fde810610c,0.118670,,keep,,yes
images/21667376250880-pjcpksvdd7lgedurl9nq7hszjdmf__p001.png,21667376250880_pjcpksvdd7lgedurl9nq7hszjdmf.pdf,1,pdf,1653,2339,24fdadb1b4353479d0dce9cdadc84c393688693ff88860d32e9a1d109ef1e95e,0.078480,,keep,,yes
images/21667376254976-jqt6tg848nsma4829vhi44m9zwcf__p001.png,21667376254976_jqt6tg848nsma4829vhi44m9zwcf.pdf,1,pdf,1653,2339,2a4dacc456417487d51e9c78498c24002d5406891c99ac572fe3c8bab8977af7,0.132272,,keep,,yes
images/21667376259072-hm9zbu9q8bjeg5hl44gof56fhkd7__p001.png,21667376259072_hm9zbu9q8bjeg5hl44gof56fhkd7.pdf,1,pdf,1653,2339,372e62414288060fe72863d12311fc344028a519f1b33139f3696e60f2f65b09,0.083860,,keep,,yes
images/21667376267264-ss5yz9elf4746lcyjkpxf24pkrcy__p001.png,21667376267264_ss5yz9elf4746lcyjkpxf24pkrcy.pdf,1,pdf,1653,2339,4032d8b681821fd6e0a8ddc92a6f63e48eb0a4e8bd047f42e9e5748fb07452fa,0.050835,,keep,,yes
images/21667376271360-tppcazh06supzgo5xcedcentjfj7__p001.png,21667376271360_tppcazh06supzgo5xcedcentjfj7.pdf,1,pdf,1653,2339,11e185e4afe9909659fd3e038d5730888d5770065b31d7a73add98e07710d9df,0.096467,,keep,,yes
images/21667376275456-y7sjxuiyc2h6e8ydwik39gxftrks__p001.png,21667376275456_y7sjxuiyc2h6e8ydwik39gxftrks.pdf,1,pdf,1653,2339,c348415aa536ce1f2ac31860ee2f8ca119c4b2481ff8192461e5b0ff6589f914,0.083396,,keep,,yes
images/21667376279552-317f830maetqliherwfpw2am8yig__p001.png,21667376279552_317f830maetqliherwfpw2am8yig.pdf,1,pdf,1653,2339,60d7df938cabaa6ef19adbf55e2642aabb0774d519b29b168a048d4042f58680,0.103566,,keep,,yes
images/21667376283648-ui5q5loziauw114mg75zs53mvqso__p001.png,21667376283648_ui5q5loziauw114mg75zs53mvqso.pdf,1,pdf,1653,2339,e0e4fc241f067cf28806aa00657e8e194e4d9c6b4966d4dac00d54a434918816,0.083135,,keep,,yes
images/21667376287744-9c9wg2mp7y9v3hixd0hyhaubwgp6__p001.png,21667376287744_9c9wg2mp7y9v3hixd0hyhaubwgp6.pdf,1,pdf,1653,2339,8207dc6010ce32a3b9fb94589567c641e7ee5fad379fbea9a6d6d340e268910c,0.135016,,keep,,yes
images/21667376291840-8dw232c87o3icpotooh7s9n17k7e__p001.png,21667376291840_8dw232c87o3icpotooh7s9n17k7e.pdf,1,pdf,1653,2339,e405ab2df936a068aa910098973954d8ca6383e9b08470a8eab8ee4ada16cab2,0.088985,,keep,,yes
images/21667376300032-zpczqm9443vgg2vnabiy7nxjkgaa__p001.png,21667376300032_zpczqm9443vgg2vnabiy7nxjkgaa.pdf,1,pdf,1653,2339,c0466fb4501720e98110701fea5abde29132f03d73352c7895c016c8ab62bf13,0.089717,,keep,,yes
images/21667376304128-puw6le2lyth7plphjqt9waq3il59__p001.png,21667376304128_puw6le2lyth7plphjqt9waq3il59.pdf,1,pdf,1653,2339,d49137d129c807cfb683ba8ae73e6c9a0872f3a5ac24546bfd6a9d6051d59192,0.090026,,keep,,yes
images/21667376308224-awbj4sx9tne3xm9qxuwfunnbcp2m__p001.png,21667376308224_awbj4sx9tne3xm9qxuwfunnbcp2m.pdf,1,pdf,1653,2339,c4c30faf62682a3d96325c1e415d2ec0fbf5a80f5dfa659769690bd0f5ab779c,0.089734,,keep,,yes
images/21667376312320-48unnmowhr82isgenbq4kdrzzia1__p001.png,21667376312320_48unnmowhr82isgenbq4kdrzzia1.pdf,1,pdf,1653,2339,7705a696e9ba3a0786f721aed108d68b4035ff405ba0e2944977aefc3a14f168,0.088597,,keep,,yes
images/21667376316416-clnz4q4ebtq6x8471s0y1smtp3xh__p001.png,21667376316416_clnz4q4ebtq6x8471s0y1smtp3xh.pdf,1,pdf,1653,2339,e0651f4cc0597736b58a389ff53a3591973054ab3105eef28e4d198cb5a518ff,0.093325,,keep,,yes
images/21667376320512-vvrdw79zy2ydpycdy61sz72csgyo__p001.png,21667376320512_vvrdw79zy2ydpycdy61sz72csgyo.pdf,1,pdf,1653,2339,0dcd83631fd60273fd2f2db0720b46893d5c13a5f4fade93bfbc09ff586f5fd3,0.089868,,keep,,yes
images/21667376324608-vvhuoue7ob9e4oav9mn2hznnxr4e__p001.png,21667376324608_vvhuoue7ob9e4oav9mn2hznnxr4e.pdf,1,pdf,1653,2339,771584cdba42068f55f2d955fac68d509e1b93d1427e5b8b0ea0dcbf0d6f00f9,0.089324,,keep,,yes
images/21667376328704-h1zq4kqtf1o37a7aaszgpwa4ax3m__p001.png,21667376328704_h1zq4kqtf1o37a7aaszgpwa4ax3m.pdf,1,pdf,1653,2339,f433763568f9ac8fce240110bf0380d2c1d8e706ff493a57705e1a0844e08bb6,0.090259,,keep,,yes
images/21667376332800-0klzo8e32vytf2o46z9fphsrs09b__p001.png,21667376332800_0klzo8e32vytf2o46z9fphsrs09b.pdf,1,pdf,1653,2339,8285b1de24022ea82e66ab0a8e5853b9ce0221e6dd037731b811b62f56e12c23,0.091268,,keep,,yes
images/21667376336896-mgv48m5o9ierbdc0i5mrp159myq7__p001.png,21667376336896_mgv48m5o9ierbdc0i5mrp159myq7.pdf,1,pdf,1653,2339,a52a20c1e38987393669ce924276549eb0bf60fb23ca60889395cfe29ae63877,0.088907,,keep,,yes
images/21667376340992-sm49o109k3k52nfkg011089jw45s__p001.png,21667376340992_sm49o109k3k52nfkg011089jw45s.pdf,1,pdf,1653,2339,77150c472728c4c685ec66a4c8679c52c722bfc5dcec06b45c87896c9a6aae4b,0.066484,,keep,,yes
images/21667376345088-9axyvrduy8dldpf7nyoohm8280r2__p001.png,21667376345088_9axyvrduy8dldpf7nyoohm8280r2.pdf,1,pdf,1653,2339,4dc124a60489a3b06ba01b20fe4c1e5715c248085f860fa5b92d8ab687c3b340,0.116433,,keep,,yes
images/21667376349184-maywjaktxpgoqi9zqfgu1wxwj1sd__p001.png,21667376349184_maywjaktxpgoqi9zqfgu1wxwj1sd.pdf,1,pdf,1653,2339,2da5fe961c9002d779af875770562fe015ff858eaf45eab454872e53a4654648,0.083918,,keep,,yes
images/21667376353280-dgqlqa00huauhoyxvqunlj43hyoe__p001.png,21667376353280_dgqlqa00huauhoyxvqunlj43hyoe.pdf,1,pdf,1653,2339,47a543dad7d3a62de315edbd0867cffda6876c0f598e1724ebdec0c1902fb31d,0.167403,,keep,,yes
images/21667376361472-daagtz1k7jmu29tj0oodhzor9953__p001.png,21667376361472_daagtz1k7jmu29tj0oodhzor9953.pdf,1,pdf,1653,2339,a452b0f2997998e468877ff1fb016934b4b656008b2458b9dc62402d09abfb37,0.059496,,keep,,yes
images/21667376365568-ln8yd0l3lemozuhet70v45dnmuf8__p001.png,21667376365568_ln8yd0l3lemozuhet70v45dnmuf8.pdf,1,pdf,1653,2339,4e5b31ec772931e2ebf400e9de07033a5c5f7e3304a866c2dc614708d74f14f3,0.144105,,keep,,yes
images/21667376369664-54q9fg96fijb9pz45mpcao2wip54__p001.png,21667376369664_54q9fg96fijb9pz45mpcao2wip54.pdf,1,pdf,1653,2339,ced4aa094edeedea1a56bd9129d7642a8ffcc9a28c70f5e453c6303d01ea0b22,0.145080,,keep,,yes
images/21667376373760-ynbi42woispklt8cail8hjr20p26__p001.png,21667376373760_ynbi42woispklt8cail8hjr20p26.pdf,1,pdf,1653,2339,8c6e1d48fc5eb3c3fd6d4e47adfbbfc6a94f383177284d68cba0f9466efc8c9e,0.124300,,keep,,yes
images/21667376377856-dj4yhpwebdskjh82tundk3ok2a9t__p001.png,21667376377856_dj4yhpwebdskjh82tundk3ok2a9t.pdf,1,pdf,1653,2339,245242703665385f2ee470faecfc46b8aa2a966b680a48778967d34a2f9cbbda,0.118475,,keep,,yes
images/21667376381952-k49jsvabwrxlp3tmnqgbsqa64joc__p001.png,21667376381952_k49jsvabwrxlp3tmnqgbsqa64joc.pdf,1,pdf,1653,2339,0301197c00d4fda102c45df0bff2364e68e494f89e9e0b3c6327660af01eeac2,0.076428,,keep,,yes
images/21667376390144-g5tovey17yfuzqrvwwrtrhx4v1mz__p001.png,21667376390144_g5tovey17yfuzqrvwwrtrhx4v1mz.pdf,1,pdf,1653,2339,62abcf57522e527747432e20551bba60159608c170995939628bf2480c68f453,0.097345,,keep,,yes
images/21667376398336-qr6upp9iw7jy5aeu3jzfr9skl0y2__p001.png,21667376398336_qr6upp9iw7jy5aeu3jzfr9skl0y2.pdf,1,pdf,1653,2339,f370faa8d62ca2b5ec2f293fffcd93f522b46521c08251ee81daffc660ee90e5,0.079502,,keep,,yes
images/21667376402432-3aikiyh0hd8qyyeuykzuxpiqk17h__p001.png,21667376402432_3aikiyh0hd8qyyeuykzuxpiqk17h.pdf,1,pdf,1653,2339,28d5b887f34b606ef93290dd18adf25e172d47730eece6099386a5570223029e,0.079126,,keep,,yes
images/21667376414720-w0zyy05p8367e8gqaa8cxxxeoqpr__p001.png,21667376414720_w0zyy05p8367e8gqaa8cxxxeoqpr.pdf,1,pdf,1653,2339,5bc25073df3ec48ccfdce5eb71e7c6a744e62dad377541b10393158c7bc0fe46,0.078512,,keep,,yes
images/21667376418816-orsbt3qrs46aq43ndr2xb7nllz5z__p001.png,21667376418816_orsbt3qrs46aq43ndr2xb7nllz5z.pdf,1,pdf,1653,2339,32a7c8d325c51c69cb047553fa608c6e305b9a695fc02535f44f38250d0d862f,0.075809,,keep,,yes
images/21667376422912-7ouxojihkerdko5x4mqrb3tabrz8__p001.png,21667376422912_7ouxojihkerdko5x4mqrb3tabrz8.pdf,1,pdf,1653,2339,a20c21df8b44ddc6c27af53c5a22520e5a85040c744a0a55360f69f596a12986,0.076594,,keep,,yes
images/21667376427008-93fj07vybvdhvvsexgsh86nkqm93__p001.png,21667376427008_93fj07vybvdhvvsexgsh86nkqm93.pdf,1,pdf,1653,2339,a7cd41f9dffd8f9b904737240f29adc34ddb9d81f030274ef1eda49909c0d8eb,0.157569,,keep,,yes
images/21667485454336-juclr1xl57sjyfwjrjhrzcgzvhnp__p001.png,21667485454336_juclr1xl57sjyfwjrjhrzcgzvhnp.pdf,1,pdf,1653,2339,129c7ba5d3c69db30aa20eb4214572be97506dfedb301cc84d67e07b6db6606b,0.191870,,keep,,yes
images/21667485458432-kqxfompppri155fwk103xnhsplwe__p001.png,21667485458432_kqxfompppri155fwk103xnhsplwe.pdf,1,pdf,1653,2339,a77804f2336394b0d6df6440f4ba7f4a2fe134bace1a4310d7b28dedb9b4bf0c,0.197502,,keep,,yes
images/21667485462528-zge0dubv3es383z9mjg4uk9m2by6__p001.png,21667485462528_zge0dubv3es383z9mjg4uk9m2by6.pdf,1,pdf,1653,2339,44ac996b6cd7f66c946b889ce3f1d4910d1754183901e65de9fb7009acc5a7e7,0.190933,,keep,,yes
images/21667485466624-swt9q02nzf5c8jb5orkglgbfhc5f__p001.png,21667485466624_swt9q02nzf5c8jb5orkglgbfhc5f.pdf,1,pdf,1653,2339,c38dff3434dcdaca70c899fbc49ce955cbb289c92e4a5de2777a3f32caae80c2,0.079102,,keep,,yes
images/21667485470720-dxym29g44nhs1ltkxhusol6jxnsx__p001.png,21667485470720_dxym29g44nhs1ltkxhusol6jxnsx.pdf,1,pdf,1653,2339,431bbd19261d683baa5d971b9636c5ba0c5994b9fb444835e398a68a8d5555d8,0.079533,,keep,,yes
images/21667485474816-56726etvnz9xbtp2l11b65y4917d__p001.png,21667485474816_56726etvnz9xbtp2l11b65y4917d.pdf,1,pdf,1653,2339,6f4887f3988981d94a99d5cb89e93b182b9dce94897a5c7209b821c2d1b4f579,0.085698,,keep,,yes
images/21667485478912-t7rbhwvcuim3eu5oyw0uknrr2ir6__p001.png,21667485478912_t7rbhwvcuim3eu5oyw0uknrr2ir6.pdf,1,pdf,1653,2339,5db906d13f895bd739df7bcbf8a6b4ee9c44a336345c2ce4362887fb0f66d8bd,0.078311,,keep,,yes
images/21667485483008-luca4a341ryc8mp8ff4fsn84nwaj__p001.png,21667485483008_luca4a341ryc8mp8ff4fsn84nwaj.pdf,1,pdf,1653,2339,9b57c34020a24e495b9606dde1b399a68607f273f15b34af9a4e03220087c2c8,0.082250,,keep,,yes
images/21667485487104-ckmv84ghgmczk4lrsvqrym9qbl23__p001.png,21667485487104_ckmv84ghgmczk4lrsvqrym9qbl23.pdf,1,pdf,1653,2339,1f70ac4156171811890c0be18ab2e58a9196adb09aa2f75cfca42ef732854bd9,0.083216,,keep,,yes
images/21667485491200-wg44fwpwyhz4s579yxdsjhnhm1h2__p001.png,21667485491200_wg44fwpwyhz4s579yxdsjhnhm1h2.pdf,1,pdf,1653,2339,ed283b369faf5fd54662657ae1e4f8d76655ca236232ca5bdb38096f5ab6c3c0,0.085017,,keep,,yes
images/21667485503488-juyl4z7e7tfbj2a42xdy5pn022kt__p001.png,21667485503488_juyl4z7e7tfbj2a42xdy5pn022kt.pdf,1,pdf,1653,2339,d66f676883f2ae6ee22c1dbb5904470491a41a7041172baadd239709060723d4,0.078324,,keep,,yes
images/21667485507584-dg5bcefninmk95nvtsfsw8treqhz__p001.png,21667485507584_dg5bcefninmk95nvtsfsw8treqhz.pdf,1,pdf,1653,2339,da04658cde1bd27d55087001e13c3ef2d822288b8f1babfd8acb4502665d44b9,0.081564,,keep,,yes
images/21667485511680-wkd3sl8kszy42r5z4d8c1swoyjxv__p001.png,21667485511680_wkd3sl8kszy42r5z4d8c1swoyjxv.pdf,1,pdf,1653,2339,7607038134f5acbffefb486bfd8bbb0923dc6ef899d1c41e0343a4c2a668a80e,0.084807,,keep,,yes
images/21667485519872-5q26659jw8egz8x6rwthjsi3j2j8__p001.png,21667485519872_5q26659jw8egz8x6rwthjsi3j2j8.pdf,1,pdf,1653,2339,3d4be077f537c21e393363ef7eee444f748053a40188e95dfd36f8e5e26bfabd,0.085709,,keep,,yes
images/21667485523968-f48u8viu2g8u50g4vr5me1s2gn48__p001.png,21667485523968_f48u8viu2g8u50g4vr5me1s2gn48.pdf,1,pdf,1653,2339,5f2b98efb5a26cd14d3c8d8771089c5ba3881ffb7b853c2a9f81a930daf7b934,0.079234,,keep,,yes
images/21667485528064-dtt6vx7qfnq17xqh91jah5mklgm4__p001.png,21667485528064_dtt6vx7qfnq17xqh91jah5mklgm4.pdf,1,pdf,1653,2339,62cbdc46fecf3097711eb6053c9255d86a55c0184390c4c00f33325d7566ab21,0.078577,,keep,,yes
images/21667485536256-f42y5i79mc8ndtqydxlbf870z062__p001.png,21667485536256_f42y5i79mc8ndtqydxlbf870z062.pdf,1,pdf,1653,2339,d1c77739eaa00485ab3dddb0724de8ec2f9d1930d9aa55c9a95d92d67604a26a,0.078620,,keep,,yes
images/21667485540352-pmlgd8drdkll307sdwy7sqo9keaf__p001.png,21667485540352_pmlgd8drdkll307sdwy7sqo9keaf.pdf,1,pdf,1653,2339,6ca7aef6679ab44f9faa083cd209d3724d38b53db38291e5179feaaf81916ed9,0.077822,,keep,,yes
images/21667485544448-c9re6dxuep10khns6a7osdm0io4w__p001.png,21667485544448_c9re6dxuep10khns6a7osdm0io4w.pdf,1,pdf,1653,2339,dfd8731001b57bde503960b965beb7ffac0c1ba7ef81fbc0aacc6dac0463c1b9,0.082347,,keep,,yes
images/21667485548544-4u5eg6cibe5b4ycvd0w7uc3pcxbr__p001.png,21667485548544_4u5eg6cibe5b4ycvd0w7uc3pcxbr.pdf,1,pdf,1653,2339,8656ec1eafa5242953bfa7b599bfba55d12e39ddc4a9e15e09c555c95b39bb05,0.078873,,keep,,yes
images/21667485573120-2xgnhxko0yqnvuu8owwqceuedq63__p001.png,21667485573120_2xgnhxko0yqnvuu8owwqceuedq63.pdf,1,pdf,1653,2339,d3a9829ee288ae31fffe9bd7ea526993b941eb52665a1a1d3023373c63f407b0,0.078947,,keep,,yes
images/21667485581312-rj8sec5eztp6c3fza30udmezns9q__p001.png,21667485581312_rj8sec5eztp6c3fza30udmezns9q.pdf,1,pdf,1653,2339,d7143af844c93ba53058cb049207580766873d63b8d595116fe86b925a9a5863,0.079146,,keep,,yes
images/21667485585408-osz5yzczj9ek5y5lcmtb2pz9d0rf__p001.png,21667485585408_osz5yzczj9ek5y5lcmtb2pz9d0rf.pdf,1,pdf,1653,2339,09e93f02a602c791d3b4734551c738cf6794a5144dc0d3012369658c0691f08f,0.078005,,keep,,yes
images/21667485585408-osz5yzczj9ek5y5lcmtb2pz9d0rf__p002.png,21667485585408_osz5yzczj9ek5y5lcmtb2pz9d0rf.pdf,2,pdf,1653,2339,7d449e8a8b29a7518afcf89c4c0da983b3ff8d3bde25f76bd3f99adceda29949,0.252254,,keep,,yes
images/21667485589504-5gi88x4ylm68f3lbvgs5k7as3an8__p001.png,21667485589504_5gi88x4ylm68f3lbvgs5k7as3an8.pdf,1,pdf,1653,2339,bd58bf994818b6f452b7302c33e4050d42ff130f68042ef866baaceb8c4c891e,0.248616,,keep,,yes
images/21667485593600-m1sslhvmo70lcfk5upv94108niob__p001.png,21667485593600_m1sslhvmo70lcfk5upv94108niob.pdf,1,pdf,1653,2339,f71e8f27e4fddeb742a8b84bc9436bcab4334573e71107d90683b7f990732f24,0.129406,,keep,,yes
images/21667485597696-wo8voqwp7gz067wzpo15ttq7v4tf__p001.png,21667485597696_wo8voqwp7gz067wzpo15ttq7v4tf.pdf,1,pdf,1653,2339,bc95e9cbe896076bc88753757f1e8a2a527908b856e6d7e612a5007612a7c11f,0.086391,,keep,,yes
images/21667485601792-nashum1o264i1u4t5qkfqg5ft1vu__p001.png,21667485601792_nashum1o264i1u4t5qkfqg5ft1vu.pdf,1,pdf,1653,2339,f8aa3dbe8d9c050a1154d1b8937fdf28fbd8a48a4b4755c1d2409280c77dad30,0.175483,,keep,,yes
images/21667485605888-ywt6oozil1fe9eauc8rfwrrp4zac__p001.png,21667485605888_ywt6oozil1fe9eauc8rfwrrp4zac.pdf,1,pdf,1653,2339,aa577215b91e8996cfea4f705820a427541754fde2bff84c7e7335159b54e9d8,0.086299,,keep,,yes
images/21667485614080-dpo3uteu4h9fkhwv3jeka5zytc55__p001.png,21667485614080_dpo3uteu4h9fkhwv3jeka5zytc55.pdf,1,pdf,1653,2339,f245018d5d2c64409336448ff7b449e55f97fb0332e6d0260399c7423173956e,0.169111,,keep,,yes
images/21667485618176-o78h2xsyz20qkff4pcq8ezss1ljr__p001.png,21667485618176_o78h2xsyz20qkff4pcq8ezss1ljr.pdf,1,pdf,1653,2339,338d6357959111f7f6e0e260757b5d281fb387c327f88bad78eb4caa7afb77b3,0.169924,,keep,,yes
images/21667485622272-6ubnv0vyio5s22mmjspoxo8xua66__p001.png,21667485622272_6ubnv0vyio5s22mmjspoxo8xua66.pdf,1,pdf,1653,2339,ad8377ed7c452f69ef96c5379489f08efe947fd49a895d83bb3c5bb0576f032c,0.180252,,keep,,yes
images/21667485626368-nou0hq26v1rnfwdzv0q1290l3pna__p001.png,21667485626368_nou0hq26v1rnfwdzv0q1290l3pna.pdf,1,pdf,1653,2339,c1e56b6b90092a35cb86070f7e7640afba48cdb86d367f810c59d5f1488afeeb,0.184217,,keep,,yes
images/21667485630464-stbvh4p2le47bv9jsp3rsi50cqbi__p001.png,21667485630464_stbvh4p2le47bv9jsp3rsi50cqbi.pdf,1,pdf,1653,2339,78e554c6eedfb989327167906f8ba9def294d1bad52a8ac269bd7b264c031f7c,0.175960,,keep,,yes
images/21667630702592-4ixr9535ajiyw1iwu9kzqxj7r28k__p001.png,21667630702592_4ixr9535ajiyw1iwu9kzqxj7r28k.pdf,1,pdf,1653,2339,09c5888d5f8f9c44eb2aae25ccf6c111a92ad96437ab1d52cc7b76baf29bbb09,0.088795,,keep,,yes
images/21667630706688-5utx7x7ol056wpmdpkcwdd48xbhl__p001.png,21667630706688_5utx7x7ol056wpmdpkcwdd48xbhl.pdf,1,pdf,1653,2339,5eb39fbcd7e57bb8d3c6663abfb3fea5383bb66a7f929c7c283d938415c1f576,0.072769,,keep,,yes
images/21667630714880-ioinlsstt76r5340bw63c36ktgqa__p001.png,21667630714880_ioinlsstt76r5340bw63c36ktgqa.pdf,1,pdf,1653,2339,10601d220f9e9bd063f1d975c964dcfa2ae1cf204211803db9dcb3ea905e6838,0.191616,,keep,,yes
images/21667630718976-0wu94zdeziqs0zx7id2hp8nw2j0q__p001.png,21667630718976_0wu94zdeziqs0zx7id2hp8nw2j0q.pdf,1,pdf,1653,2339,eb22b7aa60fe35a0034a729843d811bed45cad77dd3c4b9f98ec49af65c13c42,0.191118,,keep,,yes
images/21667630723072-1368334bm0r2xwrjhipzjok3avtq__p001.png,21667630723072_1368334bm0r2xwrjhipzjok3avtq.pdf,1,pdf,1653,2339,b66f7f470ccadb482059165569323e406a3d18f3108a8f1b7611293d1ae498e0,0.191476,,keep,,yes
images/21667630727168-ofw2gcrrfpplenthdoxuqf07ox7p__p001.png,21667630727168_ofw2gcrrfpplenthdoxuqf07ox7p.pdf,1,pdf,1653,2339,31c28499bc88759186b85796ab9a4e886feb2d0ae1c5f573ba1adb7229099d5e,0.118363,,keep,,yes
images/21667630731264-tz4j5nsd8knsy3zgt2jw4wztrg0q__p001.png,21667630731264_tz4j5nsd8knsy3zgt2jw4wztrg0q.pdf,1,pdf,1653,2339,c0a78ec7e0e40c2a250ba477afd2c8b63e688cd060002f7bff3d25e4ca4a2998,0.119477,,keep,,yes
images/21667630735360-t7yncwp1j62d02ov4pfwyimgzg7k__p001.png,21667630735360_t7yncwp1j62d02ov4pfwyimgzg7k.pdf,1,pdf,1653,2339,cdc45374528022b879a0f873327c7f93750f5a9161952a5cfa31d4716abcbb98,0.160349,,keep,,yes
images/21667630739456-sc05f3fqxexsinwwl15xatlb0a27__p001.png,21667630739456_sc05f3fqxexsinwwl15xatlb0a27.pdf,1,pdf,1653,2339,24fd7bc4096f557205fca66cbcdd133e799d599da182652017e0d4107ffbcc0c,0.191524,,keep,,yes
images/21667630743552-6honfbxdrmthznzzvqwart7z6q72__p001.png,21667630743552_6honfbxdrmthznzzvqwart7z6q72.pdf,1,pdf,1653,2339,4069fb411b2ccf1015ac1f54443775df9ac98faa4e1cacf81e3a838fb6571e14,0.112710,,keep,,yes
images/21667630747648-5lcd50wtsscp98f7mxpyyj3w16j0__p001.png,21667630747648_5lcd50wtsscp98f7mxpyyj3w16j0.pdf,1,pdf,1653,2339,7f68466e7d302bd78862bd3200e87840f5f3e7b80c37fb9d480ddb38d6206689,0.128817,,keep,,yes
images/21667630751744-izsa69e39bk6lc1yn9ht2nse2de1__p001.png,21667630751744_izsa69e39bk6lc1yn9ht2nse2de1.pdf,1,pdf,1653,2339,ee6cafa6721da1a85c94f209de44cecd7512911d7edcdc7e6f2d86caacf51d0f,0.123306,,keep,,yes
images/21667630768128-3cztej1c8vit93oxp2cewubocadr__p001.png,21667630768128_3cztej1c8vit93oxp2cewubocadr.pdf,1,pdf,1653,2339,e92323503b9a5a7bcd6c2a2e03e1d17ae506d0cfd2d9dcac125f1f7487dec2f6,0.116751,,keep,,yes
images/21667630772224-v8ktgfty8rtb34lka3aoh683nlxf__p001.png,21667630772224_v8ktgfty8rtb34lka3aoh683nlxf.pdf,1,pdf,1653,2339,07f7003cca083a0f0ab12a45abb235f8378da20b7f7c517888ae043ca0ff84e8,0.092232,,keep,,yes
images/21667630776320-57xe7zmlfr6vvj8xa6lbvvqkncnv__p001.png,21667630776320_57xe7zmlfr6vvj8xa6lbvvqkncnv.pdf,1,pdf,1653,2339,cec6cc9c60ad4883dca912d3e54c53000042bc2e39b9c179919b43385febb0f9,0.123492,,keep,,yes
images/21667630780416-7chq4goh8fb7stofcqagi7rg98x0__p001.png,21667630780416_7chq4goh8fb7stofcqagi7rg98x0.pdf,1,pdf,1653,2339,7552264bcfad05ffba56720b63bf9cc676a0ea09ebd9355ac97b214c6db2d83b,0.179522,,keep,,yes
images/21667630784512-6mln98y1wwqxwm5wkwzxcgncg832__p001.png,21667630784512_6mln98y1wwqxwm5wkwzxcgncg832.pdf,1,pdf,1653,2339,d172571ea6952e5077da11b64dc9d272df88f5bcd0bd597e68efaf65168dc42c,0.145783,,keep,,yes
images/21667630788608-mgaoh03uogtep5sl3wm6kt6r2uto__p001.png,21667630788608_mgaoh03uogtep5sl3wm6kt6r2uto.pdf,1,pdf,1653,2339,12dd1d3c021d572eefff635ec81ea8b1c7cc5fa16ccd3a8510bacb436ed947cf,0.077148,,keep,,yes
images/21667630792704-hthhnrdam6kyljtegssostmcw279__p001.png,21667630792704_hthhnrdam6kyljtegssostmcw279.pdf,1,pdf,1653,2339,75b4dc7ca47697b6ac6d2d22b4478dd1dc30a19906450c41f7623bb10de408e7,0.218218,,keep,,yes
images/21667630796800-w2zexkh2poi3sx1ffw5y4czobr37__p001.png,21667630796800_w2zexkh2poi3sx1ffw5y4czobr37.pdf,1,pdf,1653,2339,1daef1b9753a92062e9fae41d1328ab1ded20af09889572d3f155c22aa32a48f,0.124500,,keep,,yes
images/21667630800896-yg8i6el02vlkfhu5s978rvhc4zf4__p001.png,21667630800896_yg8i6el02vlkfhu5s978rvhc4zf4.pdf,1,pdf,1653,2339,d0d65c05a6fecb6d1cbb8ce12f32b5d064cd394b0a4b20fd4903b3ce0be48b10,0.082052,,keep,,yes
images/21667630804992-md4jgvw7p4ftji6o1zh7aayngoz1__p001.png,21667630804992_md4jgvw7p4ftji6o1zh7aayngoz1.pdf,1,pdf,1653,2339,73a428587fbb12e46545f65e398b623d0e61e2276bdb1a62199a88bdfaf4ac15,0.127750,,keep,,yes
images/21667630809088-awbatfptql7i6jsci583cy0ejvzw__p001.png,21667630809088_awbatfptql7i6jsci583cy0ejvzw.pdf,1,pdf,1653,2339,30638cb58b5fdc579bd7fd35dddaa47bb4c35e0e2a791116d22e5482d3111bb1,0.118247,,keep,,yes
images/21667630813184-9jis1920mkqjvbvz91e45uxiv5hm__p001.png,21667630813184_9jis1920mkqjvbvz91e45uxiv5hm.pdf,1,pdf,1653,2339,339e0e34aac7e60025f36d355a7910ae1ddd5aa9b37340519aba015358c541e9,0.079532,,keep,,yes
images/21697340977152-1oq8dpkrhw6asd1wwvgr57uhq928__p001.png,21697340977152_1oq8dpkrhw6asd1wwvgr57uhq928.pdf,1,pdf,1653,2339,25cfb341f177f14a63f4de880168eb8f616ef0924379ed446b6350a25bfa8a86,0.080486,,keep,,yes
images/21697340977152-1oq8dpkrhw6asd1wwvgr57uhq928__p002.png,21697340977152_1oq8dpkrhw6asd1wwvgr57uhq928.pdf,2,pdf,1653,2339,a6daa4a7d957e53b18b8674c41cc3444a3b7aa159acbd265050a43f72639c08e,0.045370,,keep,,yes
images/21856660848640-qu5l6ljpxcaar47vfmp8z1w7m4uh.jpeg,21856660848640_qu5l6ljpxcaar47vfmp8z1w7m4uh.jpeg,1,image,1413,2147,b10ebc4f383944a9efb39429e2dc85cd126e3474ac5acb3335a10e92dba5c042,0.198186,,keep,,yes
images/22-1-facture-fa260161__p001.png,22-1  Facture FA260161.pdf,1,pdf,1654,2339,d28ad01354d0fc97bb91ede6b831d7ccf067dec4dea123ecab8cc95451ba356c,0.178846,,keep,,yes
images/22-10-loxit__p001.png,22-10 LOXIT.pdf,1,pdf,1654,2339,403082e263f0958be76d2393105520484d5edbf20b81a5651505c2d6bc111fc0,0.057943,,keep,,yes
images/2212001-mona__p001.png,2212001 MoNa.pdf,1,pdf,1654,2339,6c052b041c7991f08a941278f632b2c85d17f41989204b6c25a7c32face8384f,0.038552,,keep,,yes
images/22136101552128-3arvhv66kokn4akhaxk6ueix2zzd__p001.png,22136101552128_3arvhv66kokn4akhaxk6ueix2zzd.pdf,1,pdf,1654,2339,fba5cd8d5ede4a5059adc908c7e3f176eab052ff833468ff725bfb8fc1c02354,0.629169,dup_016,review,exact_duplicate,yes
images/22136101552128-3arvhv66kokn4akhaxk6ueix2zzd__p002.png,22136101552128_3arvhv66kokn4akhaxk6ueix2zzd.pdf,2,pdf,1654,2339,e1e4dbdb05017924adec20df79e27db754b238735db106afcd5a096a253a64dd,0.592870,dup_017,review,exact_duplicate,yes
images/22136101552128-3arvhv66kokn4akhaxk6ueix2zzd-organized__p001.png,22136101552128_3arvhv66kokn4akhaxk6ueix2zzd_organized.pdf,1,pdf,1654,2339,e1e4dbdb05017924adec20df79e27db754b238735db106afcd5a096a253a64dd,0.592870,dup_017,review,exact_duplicate,yes
images/22136101552128-3arvhv66kokn4akhaxk6ueix2zzd-organized__p002.png,22136101552128_3arvhv66kokn4akhaxk6ueix2zzd_organized.pdf,2,pdf,1654,2339,fba5cd8d5ede4a5059adc908c7e3f176eab052ff833468ff725bfb8fc1c02354,0.629169,dup_016,review,exact_duplicate,yes
images/22136120381440-iijf4hba9cpyrcgbz8nyd6yo9t24__p001.png,22136120381440_iijf4hba9cpyrcgbz8nyd6yo9t24.pdf,1,pdf,1654,2339,50e33dc32e234f73672bec1f3ff464c70261091e491caf83aa6ccd4ca9cfb1ec,0.629169,,keep,,yes
images/22136120381440-iijf4hba9cpyrcgbz8nyd6yo9t24__p002.png,22136120381440_iijf4hba9cpyrcgbz8nyd6yo9t24.pdf,2,pdf,1654,2339,4afd2b898c1f4131c08e290cdd2ac9c44bb449d219ef4bd817bc1c75afbe089a,0.592870,,keep,,yes
images/22167521431552-hqn7x8pw9nn67g4s9pduodrobi0y__p001.png,22167521431552_hqn7x8pw9nn67g4s9pduodrobi0y.pdf,1,pdf,1654,2339,025b1e61a825df1db46c37c10b254a639dea03c67a73067aab9fc7213862ede9,0.024858,,keep,,yes
images/22167521439744-x54qu391mhlw8q4pupl8i0es2t72__p001.png,22167521439744_x54qu391mhlw8q4pupl8i0es2t72.pdf,1,pdf,1654,2339,3d2fdd495352eea623d18648461eda540ef137418b4fd54b9cde181bed7816b1,0.229883,,keep,,yes
images/22167521443840-eq981dm48kx3b422iethnnyac80g__p001.png,22167521443840_eq981dm48kx3b422iethnnyac80g.pdf,1,pdf,1654,2339,69e02456f77e27dba0bee11e6ed4cdbc092d19013b6afe772dc0d1b14bf89316,0.213994,,keep,,yes
images/22167521447936-k70ssled78z4u0c418nnnky3iimz__p001.png,22167521447936_k70ssled78z4u0c418nnnky3iimz.pdf,1,pdf,1654,2339,ab1e167d19e65f89a1093e585a36b5c645cb73c49aefc1e53691650fab1da681,0.052464,,keep,,yes
images/22167521452032-ifi440a4gn6a3u4gsvi9x2lenvuz__p001.png,22167521452032_ifi440a4gn6a3u4gsvi9x2lenvuz.pdf,1,pdf,1654,2339,cfd6407ee43ef298469dcec6423b30829c0042844d9c87636beb8025e070bbe4,0.176544,,keep,,yes
images/22167521452032-ifi440a4gn6a3u4gsvi9x2lenvuz__p002.png,22167521452032_ifi440a4gn6a3u4gsvi9x2lenvuz.pdf,2,pdf,1654,2339,733a18f62087bc13b4017c65b331c6da1f887221ada6f03dfe6b625d52965f44,0.053977,,keep,,yes
images/22167521452032-ifi440a4gn6a3u4gsvi9x2lenvuz__p003.png,22167521452032_ifi440a4gn6a3u4gsvi9x2lenvuz.pdf,3,pdf,1655,2339,155659f58e3be26aea6efd704156b5acc4c271fe4f1032970aebdd147180478a,0.145793,dup_011,review,exact_duplicate,yes
images/22167521452032-ifi440a4gn6a3u4gsvi9x2lenvuz__p004.png,22167521452032_ifi440a4gn6a3u4gsvi9x2lenvuz.pdf,4,pdf,1655,2339,dc3de6addb68b3d55f636a3028829a9f032a8c4859c2aec4e5bec14b73827968,0.149402,dup_012,review,exact_duplicate,yes
images/22167521452032-ifi440a4gn6a3u4gsvi9x2lenvuz__p005.png,22167521452032_ifi440a4gn6a3u4gsvi9x2lenvuz.pdf,5,pdf,1655,2339,29cc69a202afc8cd3ac5ce4a6400960058322774d4822788dc02e9a90ffcabfe,0.151681,dup_013,review,exact_duplicate,yes
images/22167521452032-ifi440a4gn6a3u4gsvi9x2lenvuz__p006.png,22167521452032_ifi440a4gn6a3u4gsvi9x2lenvuz.pdf,6,pdf,1655,2339,cc77b1540353fee644259b527d2b4cd654f81f5b6d73c43d8938611cb4d24d22,0.111271,dup_014,review,exact_duplicate,yes
images/22167521452032-ifi440a4gn6a3u4gsvi9x2lenvuz__p007.png,22167521452032_ifi440a4gn6a3u4gsvi9x2lenvuz.pdf,7,pdf,1655,2339,d4c4be31118cfc754562fa38edc2cadbba0eb3c1828fc5b7bcf8d45b03be4773,0.066601,dup_015,review,exact_duplicate,yes
images/22167521456128-c4ojymrtuu0gv9dbxspwtpuonuuv__p001.png,22167521456128_c4ojymrtuu0gv9dbxspwtpuonuuv.pdf,1,pdf,1654,2339,ed558f5d90900637ef739eda5b4e2272b5486af9b0e0b6e5de2cafcb3dc0fd6f,0.177743,,keep,,yes
images/22167521456128-c4ojymrtuu0gv9dbxspwtpuonuuv__p002.png,22167521456128_c4ojymrtuu0gv9dbxspwtpuonuuv.pdf,2,pdf,1654,2339,cf9a2d19ec442c06f32acf9754bff38a2c9b8d54991ed93b6b19cc29e1518716,0.039192,,keep,,yes
images/22167521456128-c4ojymrtuu0gv9dbxspwtpuonuuv__p003.png,22167521456128_c4ojymrtuu0gv9dbxspwtpuonuuv.pdf,3,pdf,1654,2339,4ee8480ba294ac59fcc95bc4600d89e16125b42dd24ba82e5554901ba6254fb3,0.035547,,keep,,yes
images/22167521456128-c4ojymrtuu0gv9dbxspwtpuonuuv__p004.png,22167521456128_c4ojymrtuu0gv9dbxspwtpuonuuv.pdf,4,pdf,1655,2339,155659f58e3be26aea6efd704156b5acc4c271fe4f1032970aebdd147180478a,0.145793,dup_011,review,exact_duplicate,yes
images/22167521456128-c4ojymrtuu0gv9dbxspwtpuonuuv__p005.png,22167521456128_c4ojymrtuu0gv9dbxspwtpuonuuv.pdf,5,pdf,1655,2339,dc3de6addb68b3d55f636a3028829a9f032a8c4859c2aec4e5bec14b73827968,0.149402,dup_012,review,exact_duplicate,yes
images/22167521456128-c4ojymrtuu0gv9dbxspwtpuonuuv__p006.png,22167521456128_c4ojymrtuu0gv9dbxspwtpuonuuv.pdf,6,pdf,1655,2339,29cc69a202afc8cd3ac5ce4a6400960058322774d4822788dc02e9a90ffcabfe,0.151681,dup_013,review,exact_duplicate,yes
images/22167521456128-c4ojymrtuu0gv9dbxspwtpuonuuv__p007.png,22167521456128_c4ojymrtuu0gv9dbxspwtpuonuuv.pdf,7,pdf,1655,2339,cc77b1540353fee644259b527d2b4cd654f81f5b6d73c43d8938611cb4d24d22,0.111271,dup_014,review,exact_duplicate,yes
images/22167521456128-c4ojymrtuu0gv9dbxspwtpuonuuv__p008.png,22167521456128_c4ojymrtuu0gv9dbxspwtpuonuuv.pdf,8,pdf,1655,2339,d4c4be31118cfc754562fa38edc2cadbba0eb3c1828fc5b7bcf8d45b03be4773,0.066601,dup_015,review,exact_duplicate,yes
images/22167521460224-2c79vqnebtw7zaz9mq74papg7wul__p001.png,22167521460224_2c79vqnebtw7zaz9mq74papg7wul.pdf,1,pdf,1654,2339,8e324d0665097ad4f3a4d4035db79bc751d3539749f32fd0045fe9add140aabc,0.177504,,keep,,yes
images/22167521460224-2c79vqnebtw7zaz9mq74papg7wul__p002.png,22167521460224_2c79vqnebtw7zaz9mq74papg7wul.pdf,2,pdf,1654,2339,dad5d26f46ff86ed5b28bededbceb23233b8f782ce1f6e69f47737352c2bcf21,0.049764,,keep,,yes
images/22167521460224-2c79vqnebtw7zaz9mq74papg7wul__p003.png,22167521460224_2c79vqnebtw7zaz9mq74papg7wul.pdf,3,pdf,1655,2339,155659f58e3be26aea6efd704156b5acc4c271fe4f1032970aebdd147180478a,0.145793,dup_011,review,exact_duplicate,yes
images/22167521460224-2c79vqnebtw7zaz9mq74papg7wul__p004.png,22167521460224_2c79vqnebtw7zaz9mq74papg7wul.pdf,4,pdf,1655,2339,dc3de6addb68b3d55f636a3028829a9f032a8c4859c2aec4e5bec14b73827968,0.149402,dup_012,review,exact_duplicate,yes
images/22167521460224-2c79vqnebtw7zaz9mq74papg7wul__p005.png,22167521460224_2c79vqnebtw7zaz9mq74papg7wul.pdf,5,pdf,1655,2339,29cc69a202afc8cd3ac5ce4a6400960058322774d4822788dc02e9a90ffcabfe,0.151681,dup_013,review,exact_duplicate,yes
images/22167521460224-2c79vqnebtw7zaz9mq74papg7wul__p006.png,22167521460224_2c79vqnebtw7zaz9mq74papg7wul.pdf,6,pdf,1655,2339,cc77b1540353fee644259b527d2b4cd654f81f5b6d73c43d8938611cb4d24d22,0.111271,dup_014,review,exact_duplicate,yes
images/22167521460224-2c79vqnebtw7zaz9mq74papg7wul__p007.png,22167521460224_2c79vqnebtw7zaz9mq74papg7wul.pdf,7,pdf,1655,2339,d4c4be31118cfc754562fa38edc2cadbba0eb3c1828fc5b7bcf8d45b03be4773,0.066601,dup_015,review,exact_duplicate,yes
images/22167521468416-rjr3fnbat27r9tslnmph1t1p97t0__p001.png,22167521468416_rjr3fnbat27r9tslnmph1t1p97t0.pdf,1,pdf,1654,2339,94a1202020ebab84c82575f902308d7d01827540f18ef6a4351de2da881806a7,0.177306,,keep,,yes
images/22167521468416-rjr3fnbat27r9tslnmph1t1p97t0__p002.png,22167521468416_rjr3fnbat27r9tslnmph1t1p97t0.pdf,2,pdf,1654,2339,4c35690a55609a40f53b0b8c9ad167d2e0ed502ff4b6c9f4abc144bb9dd4ae99,0.063186,,keep,,yes
images/22167521468416-rjr3fnbat27r9tslnmph1t1p97t0__p003.png,22167521468416_rjr3fnbat27r9tslnmph1t1p97t0.pdf,3,pdf,1655,2339,155659f58e3be26aea6efd704156b5acc4c271fe4f1032970aebdd147180478a,0.145793,dup_011,review,exact_duplicate,yes
images/22167521468416-rjr3fnbat27r9tslnmph1t1p97t0__p004.png,22167521468416_rjr3fnbat27r9tslnmph1t1p97t0.pdf,4,pdf,1655,2339,dc3de6addb68b3d55f636a3028829a9f032a8c4859c2aec4e5bec14b73827968,0.149402,dup_012,review,exact_duplicate,yes
images/22167521468416-rjr3fnbat27r9tslnmph1t1p97t0__p005.png,22167521468416_rjr3fnbat27r9tslnmph1t1p97t0.pdf,5,pdf,1655,2339,29cc69a202afc8cd3ac5ce4a6400960058322774d4822788dc02e9a90ffcabfe,0.151681,dup_013,review,exact_duplicate,yes
images/22167521468416-rjr3fnbat27r9tslnmph1t1p97t0__p006.png,22167521468416_rjr3fnbat27r9tslnmph1t1p97t0.pdf,6,pdf,1655,2339,cc77b1540353fee644259b527d2b4cd654f81f5b6d73c43d8938611cb4d24d22,0.111271,dup_014,review,exact_duplicate,yes
images/22167521468416-rjr3fnbat27r9tslnmph1t1p97t0__p007.png,22167521468416_rjr3fnbat27r9tslnmph1t1p97t0.pdf,7,pdf,1655,2339,d4c4be31118cfc754562fa38edc2cadbba0eb3c1828fc5b7bcf8d45b03be4773,0.066601,dup_015,review,exact_duplicate,yes
images/22167521472512-tdbvcfts35i5iugjlywy3oa8fce8__p001.png,22167521472512_tdbvcfts35i5iugjlywy3oa8fce8.pdf,1,pdf,1654,2339,4f0c324950221daf0e5b5d6b5c2052c22b75abe47f826331f8a5f1267790d7f9,0.119081,,keep,,yes
images/22167521480704-jcy88jgh256dudicoz7a9rcvfjev__p001.png,22167521480704_jcy88jgh256dudicoz7a9rcvfjev.pdf,1,pdf,1654,2339,136fa7cdb25c0e50a8241baa0b303bddcf2c7e7ec61f9246fb0ed42037f51e21,0.176403,,keep,,yes
images/22167521480704-jcy88jgh256dudicoz7a9rcvfjev__p002.png,22167521480704_jcy88jgh256dudicoz7a9rcvfjev.pdf,2,pdf,1654,2339,7bf5315cc7606566d133ace0ce78b4ec43cec6075f69ae0830151e4d9e9b26fd,0.047542,,keep,,yes
images/22167521480704-jcy88jgh256dudicoz7a9rcvfjev__p003.png,22167521480704_jcy88jgh256dudicoz7a9rcvfjev.pdf,3,pdf,1654,2339,2d0b2c26c84389df4dffd8da336730422914cf9f8272786aae5b404dd7902491,0.035547,,keep,,yes
images/22167521480704-jcy88jgh256dudicoz7a9rcvfjev__p004.png,22167521480704_jcy88jgh256dudicoz7a9rcvfjev.pdf,4,pdf,1655,2339,155659f58e3be26aea6efd704156b5acc4c271fe4f1032970aebdd147180478a,0.145793,dup_011,review,exact_duplicate,yes
images/22167521480704-jcy88jgh256dudicoz7a9rcvfjev__p005.png,22167521480704_jcy88jgh256dudicoz7a9rcvfjev.pdf,5,pdf,1655,2339,dc3de6addb68b3d55f636a3028829a9f032a8c4859c2aec4e5bec14b73827968,0.149402,dup_012,review,exact_duplicate,yes
images/22167521480704-jcy88jgh256dudicoz7a9rcvfjev__p006.png,22167521480704_jcy88jgh256dudicoz7a9rcvfjev.pdf,6,pdf,1655,2339,29cc69a202afc8cd3ac5ce4a6400960058322774d4822788dc02e9a90ffcabfe,0.151681,dup_013,review,exact_duplicate,yes
images/22167521480704-jcy88jgh256dudicoz7a9rcvfjev__p007.png,22167521480704_jcy88jgh256dudicoz7a9rcvfjev.pdf,7,pdf,1655,2339,cc77b1540353fee644259b527d2b4cd654f81f5b6d73c43d8938611cb4d24d22,0.111271,dup_014,review,exact_duplicate,yes
images/22167521480704-jcy88jgh256dudicoz7a9rcvfjev__p008.png,22167521480704_jcy88jgh256dudicoz7a9rcvfjev.pdf,8,pdf,1655,2339,d4c4be31118cfc754562fa38edc2cadbba0eb3c1828fc5b7bcf8d45b03be4773,0.066601,dup_015,review,exact_duplicate,yes
images/22167521484800-165aztiid47dyfrdc8n44ohvunsx__p001.png,22167521484800_165aztiid47dyfrdc8n44ohvunsx.pdf,1,pdf,1654,2339,8bd62c33a87f18d7e79a5396d5dce701d4b64d9c35c38a3bae640a3ed241bbb7,0.067920,,keep,,yes
images/22167521488896-5et39qivvviopvi9pcjz4hpixvm3__p001.png,22167521488896_5et39qivvviopvi9pcjz4hpixvm3.pdf,1,pdf,1654,2339,cd5f676219671adaf0eed0c9fa390fea696a63e27e7bf481bf6ae1cab776bda3,0.068071,,keep,,yes
images/22167521497088-j39v7whdg3v37rfe47f4xmrhgjty__p001.png,22167521497088_j39v7whdg3v37rfe47f4xmrhgjty.pdf,1,pdf,1654,2339,76f7226280e3559a6a5d3a94bba44c95f8cc8bf216048004ad0733074692ea72,0.101912,,keep,,yes
images/22167521501184-6cirepxvhtwoa3mmqm1q9z4uqnek__p001.png,22167521501184_6cirepxvhtwoa3mmqm1q9z4uqnek.pdf,1,pdf,1654,2339,966e6d7db032bc0a3f429de766ac4cd9db2f6d4ef51c71c615adfc1b75b4f1c9,0.251806,,keep,,yes
images/22167521501184-6cirepxvhtwoa3mmqm1q9z4uqnek__p002.png,22167521501184_6cirepxvhtwoa3mmqm1q9z4uqnek.pdf,2,pdf,1654,2339,cb9ac36e362b358686a84f81569c7af9af420accdbe0bbbc5bef886721a64a73,0.061714,dup_009,review,exact_duplicate,yes
images/22167521505280-g0jnfsxjqus9zzswrw8bw1g8p35a__p001.png,22167521505280_g0jnfsxjqus9zzswrw8bw1g8p35a.pdf,1,pdf,1654,2339,b5787a091c27b6c1cef63a0771222e7811e756239245304f762a090f60c0b8da,0.356982,,keep,,yes
images/22167521505280-g0jnfsxjqus9zzswrw8bw1g8p35a__p002.png,22167521505280_g0jnfsxjqus9zzswrw8bw1g8p35a.pdf,2,pdf,1654,2339,56ab267afe923537876ae188342966cc1eaa591a1ef2892582493781f921a190,0.341951,,keep,,yes
images/22167521505280-g0jnfsxjqus9zzswrw8bw1g8p35a__p003.png,22167521505280_g0jnfsxjqus9zzswrw8bw1g8p35a.pdf,3,pdf,1654,2339,f5988dcd1707aa63f530c5890478f9c6454b9dd5dbc0a05d1790d2ce85ca5f7f,0.319252,,keep,,yes
images/22167521505280-g0jnfsxjqus9zzswrw8bw1g8p35a__p004.png,22167521505280_g0jnfsxjqus9zzswrw8bw1g8p35a.pdf,4,pdf,1654,2339,0523941a875ca2442e0a7ea703442b64b23f1d6f137092bcad462f6a0d061c2f,0.247974,,keep,,yes
images/22167521505280-g0jnfsxjqus9zzswrw8bw1g8p35a__p005.png,22167521505280_g0jnfsxjqus9zzswrw8bw1g8p35a.pdf,5,pdf,1654,2339,cb9ac36e362b358686a84f81569c7af9af420accdbe0bbbc5bef886721a64a73,0.061714,dup_009,review,exact_duplicate,yes
images/22167521509376-v1cl9qqbml50dfa75878not7eo4j__p001.png,22167521509376_v1cl9qqbml50dfa75878not7eo4j.pdf,1,pdf,1654,2339,5cc52245b452623aeb5edda897952f7135bab6a99b7b715df2e1c37230898ddd,0.355919,,keep,,yes
images/22167521509376-v1cl9qqbml50dfa75878not7eo4j__p002.png,22167521509376_v1cl9qqbml50dfa75878not7eo4j.pdf,2,pdf,1654,2339,efcc3958746bba63d5d5072f724027b27d40ba459c8094be0a71c17ce12c334f,0.355937,,keep,,yes
images/22167521509376-v1cl9qqbml50dfa75878not7eo4j__p003.png,22167521509376_v1cl9qqbml50dfa75878not7eo4j.pdf,3,pdf,1654,2339,01f61ded925eb21804ade6bfe4df6a00be057d0b5eb8e7cadf0fd17b5824f284,0.355886,,keep,,yes
images/22167521509376-v1cl9qqbml50dfa75878not7eo4j__p004.png,22167521509376_v1cl9qqbml50dfa75878not7eo4j.pdf,4,pdf,1654,2339,fc2f7c852983d45c691c2cab1016483e9dd78c07850ef14d9edbea7f653a27cd,0.355464,,keep,,yes
images/22167521509376-v1cl9qqbml50dfa75878not7eo4j__p005.png,22167521509376_v1cl9qqbml50dfa75878not7eo4j.pdf,5,pdf,1654,2339,abb2e789880700d67e08ca374b358bba11443e80722eb0fb26f51c56c16c4e99,0.356210,,keep,,yes
images/22167521509376-v1cl9qqbml50dfa75878not7eo4j__p006.png,22167521509376_v1cl9qqbml50dfa75878not7eo4j.pdf,6,pdf,1654,2339,771ef9e2f1507910f64b8ddd3e9e011932d6a82f75f879462243dd331858dc42,0.355859,,keep,,yes
images/22167521509376-v1cl9qqbml50dfa75878not7eo4j__p007.png,22167521509376_v1cl9qqbml50dfa75878not7eo4j.pdf,7,pdf,1654,2339,b4372ae8bf79a32f1c6d4a441bb26c72a39439a76733d5442e09d41107195f21,0.329006,,keep,,yes
images/22167521509376-v1cl9qqbml50dfa75878not7eo4j__p008.png,22167521509376_v1cl9qqbml50dfa75878not7eo4j.pdf,8,pdf,1654,2339,565b9cd0f21794086fd8f943190ad51f6ac93310994fd18c397f5eee60ffa060,0.248024,,keep,,yes
images/22167521509376-v1cl9qqbml50dfa75878not7eo4j__p009.png,22167521509376_v1cl9qqbml50dfa75878not7eo4j.pdf,9,pdf,1654,2339,cb9ac36e362b358686a84f81569c7af9af420accdbe0bbbc5bef886721a64a73,0.061714,dup_009,review,exact_duplicate,yes
images/22167521513472-z4barixbpgz1zhy5suac2dya5g70__p001.png,22167521513472_z4barixbpgz1zhy5suac2dya5g70.pdf,1,pdf,1654,2339,3a0ceab1e6a085cf0f16c6de9625b4f0883c89ce3ccd1a72d6e5d3532348d984,0.357562,,keep,,yes
images/22167521513472-z4barixbpgz1zhy5suac2dya5g70__p002.png,22167521513472_z4barixbpgz1zhy5suac2dya5g70.pdf,2,pdf,1654,2339,7e40731aef580d9046c205c0a7a56bea7b1e4172af0ab8fd7a4fcdfd48cc7153,0.324711,,keep,,yes
images/22167521513472-z4barixbpgz1zhy5suac2dya5g70__p003.png,22167521513472_z4barixbpgz1zhy5suac2dya5g70.pdf,3,pdf,1654,2339,7cd37a2e31ac3e62a0d2b6bc350f1264e94965364e9910d3d906078eb610d248,0.247898,,keep,,yes
images/22167521513472-z4barixbpgz1zhy5suac2dya5g70__p004.png,22167521513472_z4barixbpgz1zhy5suac2dya5g70.pdf,4,pdf,1654,2339,cb9ac36e362b358686a84f81569c7af9af420accdbe0bbbc5bef886721a64a73,0.061714,dup_009,review,exact_duplicate,yes
images/22167521517568-aqay2k0x0wkg3nvvlkqf76l1ie8z__p001.png,22167521517568_aqay2k0x0wkg3nvvlkqf76l1ie8z.pdf,1,pdf,1654,2339,f41b6badf9f75243b4553bbb82391480009ddfbd81ba36150e8cba67f03e9ee9,0.355540,,keep,,yes
images/22167521517568-aqay2k0x0wkg3nvvlkqf76l1ie8z__p002.png,22167521517568_aqay2k0x0wkg3nvvlkqf76l1ie8z.pdf,2,pdf,1654,2339,b24c2c00bb2937513b8eafe8944c926c3cfefc051f5292b6cd0b60a0f148c816,0.356503,,keep,,yes
images/22167521517568-aqay2k0x0wkg3nvvlkqf76l1ie8z__p003.png,22167521517568_aqay2k0x0wkg3nvvlkqf76l1ie8z.pdf,3,pdf,1654,2339,0bd330cb19da91d8da983919493b5d2d49a3b46d3b46e1c349a32d3a773ff0c4,0.356030,,keep,,yes
images/22167521517568-aqay2k0x0wkg3nvvlkqf76l1ie8z__p004.png,22167521517568_aqay2k0x0wkg3nvvlkqf76l1ie8z.pdf,4,pdf,1654,2339,595c4133625fb12649a40bcc177346f461816836a4a7ae646aae86b327ef7ad1,0.356283,,keep,,yes
images/22167521517568-aqay2k0x0wkg3nvvlkqf76l1ie8z__p005.png,22167521517568_aqay2k0x0wkg3nvvlkqf76l1ie8z.pdf,5,pdf,1654,2339,7d63097feb25b1a8f196da4708994cd254f010b0c1a5a2503786f8766b4d409a,0.351206,,keep,,yes
images/22167521517568-aqay2k0x0wkg3nvvlkqf76l1ie8z__p006.png,22167521517568_aqay2k0x0wkg3nvvlkqf76l1ie8z.pdf,6,pdf,1654,2339,fc7bb696dfbfa717e1577e4e11fed3cd352b48a21e73717ccfc5a12ad2c6e812,0.244414,,keep,,yes
images/22167521517568-aqay2k0x0wkg3nvvlkqf76l1ie8z__p007.png,22167521517568_aqay2k0x0wkg3nvvlkqf76l1ie8z.pdf,7,pdf,1654,2339,cb9ac36e362b358686a84f81569c7af9af420accdbe0bbbc5bef886721a64a73,0.061714,dup_009,review,exact_duplicate,yes
images/22167521521664-3y3uhveryo97wyqbxc2qyhj1r1lh__p001.png,22167521521664_3y3uhveryo97wyqbxc2qyhj1r1lh.pdf,1,pdf,1654,2339,1c8fe1af13ac2b3ab0b038bd4d8ec121b6f38b3828ef3729b895522877b7754a,0.357694,,keep,,yes
images/22167521521664-3y3uhveryo97wyqbxc2qyhj1r1lh__p002.png,22167521521664_3y3uhveryo97wyqbxc2qyhj1r1lh.pdf,2,pdf,1654,2339,566789a95f64bf549c38d535d8e67b34e129a58bdf67b783a585f3e422ca7155,0.336891,,keep,,yes
images/22167521521664-3y3uhveryo97wyqbxc2qyhj1r1lh__p003.png,22167521521664_3y3uhveryo97wyqbxc2qyhj1r1lh.pdf,3,pdf,1654,2339,86a4b325efa4ebf253b835f96c85cc6eb743b6999e8bc264e89ed854dc8c3f6b,0.245517,,keep,,yes
images/22167521521664-3y3uhveryo97wyqbxc2qyhj1r1lh__p004.png,22167521521664_3y3uhveryo97wyqbxc2qyhj1r1lh.pdf,4,pdf,1654,2339,cb9ac36e362b358686a84f81569c7af9af420accdbe0bbbc5bef886721a64a73,0.061714,dup_009,review,exact_duplicate,yes
images/22167521525760-u37onkxqx5skdp19vrqcn90bh3m0__p001.png,22167521525760_u37onkxqx5skdp19vrqcn90bh3m0.pdf,1,pdf,1654,2339,9fa46ab3cd46a80ab2b3c2e7ed979db267b304e5fbe2950a3e6b708adb8c9fab,0.356240,,keep,,yes
images/22167521525760-u37onkxqx5skdp19vrqcn90bh3m0__p002.png,22167521525760_u37onkxqx5skdp19vrqcn90bh3m0.pdf,2,pdf,1654,2339,b109c8d842480bfeca2a6a57abf1449d2dc23dc2dd548447b1a7b2573835f554,0.355570,,keep,,yes
images/22167521525760-u37onkxqx5skdp19vrqcn90bh3m0__p003.png,22167521525760_u37onkxqx5skdp19vrqcn90bh3m0.pdf,3,pdf,1654,2339,02cc1daee75250eee8e2cc1206af3ea605fd3ec5a835bdd7abdc88d113f258dd,0.355505,,keep,,yes
images/22167521525760-u37onkxqx5skdp19vrqcn90bh3m0__p004.png,22167521525760_u37onkxqx5skdp19vrqcn90bh3m0.pdf,4,pdf,1654,2339,817c25271643861cc0cd2bb905e5e6e3bd6c2040dacfa9e1cbc8bf1603d55c09,0.355955,,keep,,yes
images/22167521525760-u37onkxqx5skdp19vrqcn90bh3m0__p005.png,22167521525760_u37onkxqx5skdp19vrqcn90bh3m0.pdf,5,pdf,1654,2339,d41d8726412349babae4fe564bd58bcfbfc16f43a1704389f4fd1a065c6cf7ca,0.334156,,keep,,yes
images/22167521525760-u37onkxqx5skdp19vrqcn90bh3m0__p006.png,22167521525760_u37onkxqx5skdp19vrqcn90bh3m0.pdf,6,pdf,1654,2339,c759057bd554567ce3c995ed3564c3b0a94f4561ec939df54724c3f70ff02d75,0.247948,,keep,,yes
images/22167521525760-u37onkxqx5skdp19vrqcn90bh3m0__p007.png,22167521525760_u37onkxqx5skdp19vrqcn90bh3m0.pdf,7,pdf,1654,2339,cb9ac36e362b358686a84f81569c7af9af420accdbe0bbbc5bef886721a64a73,0.061714,dup_009,review,exact_duplicate,yes
images/22167521529856-zejvvbdvupfu07gjsgueqgmuo1hq__p001.png,22167521529856_zejvvbdvupfu07gjsgueqgmuo1hq.pdf,1,pdf,1654,2339,e68aa3e7d91d2509b1f59154baac6aefacc6a98fa6d7fd6cc7a108ffe7982707,0.356374,,keep,,yes
images/22167521529856-zejvvbdvupfu07gjsgueqgmuo1hq__p002.png,22167521529856_zejvvbdvupfu07gjsgueqgmuo1hq.pdf,2,pdf,1654,2339,06472e054d68afb150e02c986958284ec79be3eaef238f3a2522f20c1c2a73f0,0.355953,,keep,,yes
images/22167521529856-zejvvbdvupfu07gjsgueqgmuo1hq__p003.png,22167521529856_zejvvbdvupfu07gjsgueqgmuo1hq.pdf,3,pdf,1654,2339,a934d5871032881fa714bf35c4ffc99c8bd5d73121e0e91147a4f888df1ec8ab,0.354773,,keep,,yes
images/22167521529856-zejvvbdvupfu07gjsgueqgmuo1hq__p004.png,22167521529856_zejvvbdvupfu07gjsgueqgmuo1hq.pdf,4,pdf,1654,2339,275eb1165e8fbe99fe6366d74c8bc2ab587a36daa4ded73349edc3cc6bc1cbf1,0.355604,,keep,,yes
images/22167521529856-zejvvbdvupfu07gjsgueqgmuo1hq__p005.png,22167521529856_zejvvbdvupfu07gjsgueqgmuo1hq.pdf,5,pdf,1654,2339,276db116a144be114f7725ce03682ca887afb43afb59c9692c287f4998d03e6d,0.356059,,keep,,yes
images/22167521529856-zejvvbdvupfu07gjsgueqgmuo1hq__p006.png,22167521529856_zejvvbdvupfu07gjsgueqgmuo1hq.pdf,6,pdf,1654,2339,74bcba0f771f7ee50bb2a071ae8a504d89ed183408dd09e2bdfda38fc84729bd,0.345280,,keep,,yes
images/22167521529856-zejvvbdvupfu07gjsgueqgmuo1hq__p007.png,22167521529856_zejvvbdvupfu07gjsgueqgmuo1hq.pdf,7,pdf,1654,2339,3e558269a861574fb7715d9f3825e890842686f918bcb33c5766c3d5ecd9fb1d,0.319110,,keep,,yes
images/22167521529856-zejvvbdvupfu07gjsgueqgmuo1hq__p008.png,22167521529856_zejvvbdvupfu07gjsgueqgmuo1hq.pdf,8,pdf,1654,2339,ba09792242d12d7186e5f774faf83dbe01c0104c6e150b19ac961c5b0f151e1b,0.247973,,keep,,yes
images/22167521529856-zejvvbdvupfu07gjsgueqgmuo1hq__p009.png,22167521529856_zejvvbdvupfu07gjsgueqgmuo1hq.pdf,9,pdf,1654,2339,cb9ac36e362b358686a84f81569c7af9af420accdbe0bbbc5bef886721a64a73,0.061714,dup_009,review,exact_duplicate,yes
images/22167521533952-55x4ybumyfc2e2dh6iz01athw652__p001.png,22167521533952_55x4ybumyfc2e2dh6iz01athw652.pdf,1,pdf,1654,2339,5bc681552d9a28188f63293bb23bcfb35dda6413e06a36eb985c5009ecca1885,0.356404,,keep,,yes
images/22167521533952-55x4ybumyfc2e2dh6iz01athw652__p002.png,22167521533952_55x4ybumyfc2e2dh6iz01athw652.pdf,2,pdf,1654,2339,4d138fdb412c373eca33c158677e7f85acbdd82e63777fbf12c18993687cec4e,0.355752,,keep,,yes
images/22167521533952-55x4ybumyfc2e2dh6iz01athw652__p003.png,22167521533952_55x4ybumyfc2e2dh6iz01athw652.pdf,3,pdf,1654,2339,b9c78782644bb10cc060ec3f415fbf0b1ea87cf10799321614f746706be5f1dd,0.355766,,keep,,yes
images/22167521533952-55x4ybumyfc2e2dh6iz01athw652__p004.png,22167521533952_55x4ybumyfc2e2dh6iz01athw652.pdf,4,pdf,1654,2339,b7e77c82ba9fe6a99b8c4f162d64652a58c20decc33a4b3feaa85d641ab9528d,0.355976,,keep,,yes
images/22167521533952-55x4ybumyfc2e2dh6iz01athw652__p005.png,22167521533952_55x4ybumyfc2e2dh6iz01athw652.pdf,5,pdf,1654,2339,20d50b908f3442dfb27f9faab944de9832671e4e0f34a884cef7fc7f2dda03ed,0.355972,,keep,,yes
images/22167521533952-55x4ybumyfc2e2dh6iz01athw652__p006.png,22167521533952_55x4ybumyfc2e2dh6iz01athw652.pdf,6,pdf,1654,2339,606c5e4157a0ba15e744ba0575fc16db4676a3a4e702cddcc07886ee311ff519,0.345539,,keep,,yes
images/22167521533952-55x4ybumyfc2e2dh6iz01athw652__p007.png,22167521533952_55x4ybumyfc2e2dh6iz01athw652.pdf,7,pdf,1654,2339,0323e507213369cef033bb0af5cb2483f323cfcf1c70ebfa9125f4b88b3df222,0.319111,,keep,,yes
images/22167521533952-55x4ybumyfc2e2dh6iz01athw652__p008.png,22167521533952_55x4ybumyfc2e2dh6iz01athw652.pdf,8,pdf,1654,2339,06acf9bddec0933c4877e7b38bd43a7361c36396713806db767315714a6f57e8,0.248027,,keep,,yes
images/22167521533952-55x4ybumyfc2e2dh6iz01athw652__p009.png,22167521533952_55x4ybumyfc2e2dh6iz01athw652.pdf,9,pdf,1654,2339,cb9ac36e362b358686a84f81569c7af9af420accdbe0bbbc5bef886721a64a73,0.061714,dup_009,review,exact_duplicate,yes
images/22167521538048-dkro3c9u90glxa0slla8vgbvba3x__p001.png,22167521538048_dkro3c9u90glxa0slla8vgbvba3x.pdf,1,pdf,1654,2339,b8f003c6173c3f4b29840dd8906e34ac813570869e03afa3fffc5fe9d89058d2,0.357448,,keep,,yes
images/22167521538048-dkro3c9u90glxa0slla8vgbvba3x__p002.png,22167521538048_dkro3c9u90glxa0slla8vgbvba3x.pdf,2,pdf,1654,2339,5f4e530931d972ba983e69457830b500e388fc7bb0b041440fe7a615908585e6,0.323003,,keep,,yes
images/22167521538048-dkro3c9u90glxa0slla8vgbvba3x__p003.png,22167521538048_dkro3c9u90glxa0slla8vgbvba3x.pdf,3,pdf,1654,2339,e4a589cc6d44d563da44c278409d0d6cc5e47947ada934a757088c02d73f3d39,0.247818,,keep,,yes
images/22167521538048-dkro3c9u90glxa0slla8vgbvba3x__p004.png,22167521538048_dkro3c9u90glxa0slla8vgbvba3x.pdf,4,pdf,1654,2339,cb9ac36e362b358686a84f81569c7af9af420accdbe0bbbc5bef886721a64a73,0.061714,dup_009,review,exact_duplicate,yes
images/22167521542144-prhujtuzm5ld7u05w7scs4y3oflr__p001.png,22167521542144_prhujtuzm5ld7u05w7scs4y3oflr.pdf,1,pdf,1654,2339,71fe115423a3d9f5f2ef473af6c9440af3cd98a4e5f688cff4891b4f5deff038,0.357116,,keep,,yes
images/22167521542144-prhujtuzm5ld7u05w7scs4y3oflr__p002.png,22167521542144_prhujtuzm5ld7u05w7scs4y3oflr.pdf,2,pdf,1654,2339,4defd590a6d7d406ad030abae36e3603d350cc03436337996d37b25a00085275,0.355822,,keep,,yes
images/22167521542144-prhujtuzm5ld7u05w7scs4y3oflr__p003.png,22167521542144_prhujtuzm5ld7u05w7scs4y3oflr.pdf,3,pdf,1654,2339,6b2cab1a3b041c30edfac9746ea253fc340f4fec0c77fcf3733f288438c66794,0.356318,,keep,,yes
images/22167521542144-prhujtuzm5ld7u05w7scs4y3oflr__p004.png,22167521542144_prhujtuzm5ld7u05w7scs4y3oflr.pdf,4,pdf,1654,2339,5fef76254e45590398e6ada443be3f8fee849321e051ae21d70ffb747f31d257,0.356572,,keep,,yes
images/22167521542144-prhujtuzm5ld7u05w7scs4y3oflr__p005.png,22167521542144_prhujtuzm5ld7u05w7scs4y3oflr.pdf,5,pdf,1654,2339,912fdcb8af2e8b677ddcc5812de2012d8f104d861abd0db6fb8008d4741abf4f,0.336527,,keep,,yes
images/22167521542144-prhujtuzm5ld7u05w7scs4y3oflr__p006.png,22167521542144_prhujtuzm5ld7u05w7scs4y3oflr.pdf,6,pdf,1654,2339,f367ab79738d3b526be0256e21a6f18f8fbdcf52d81c1364bbe3ec3f709b2bd3,0.247991,,keep,,yes
images/22167521542144-prhujtuzm5ld7u05w7scs4y3oflr__p007.png,22167521542144_prhujtuzm5ld7u05w7scs4y3oflr.pdf,7,pdf,1654,2339,cb9ac36e362b358686a84f81569c7af9af420accdbe0bbbc5bef886721a64a73,0.061714,dup_009,review,exact_duplicate,yes
images/22167521546240-wm0a2ksjgfsynqmz4jzef7njzo8m__p001.png,22167521546240_wm0a2ksjgfsynqmz4jzef7njzo8m.pdf,1,pdf,1654,2339,6575dc5ae663f25f1c08f0a85852b26f239210c0d8f97070c370b24d457b09e8,0.357430,,keep,,yes
images/22167521546240-wm0a2ksjgfsynqmz4jzef7njzo8m__p002.png,22167521546240_wm0a2ksjgfsynqmz4jzef7njzo8m.pdf,2,pdf,1654,2339,1933814791122e1f0294101726d9d97f5cbe8725366bcc7d18dff4e0b47e106d,0.328294,,keep,,yes
images/22167521546240-wm0a2ksjgfsynqmz4jzef7njzo8m__p003.png,22167521546240_wm0a2ksjgfsynqmz4jzef7njzo8m.pdf,3,pdf,1654,2339,24817a3b4c51566f0fd03b6ac97a47b91b718617b977d332d3f760c714caa6be,0.247869,,keep,,yes
images/22167521546240-wm0a2ksjgfsynqmz4jzef7njzo8m__p004.png,22167521546240_wm0a2ksjgfsynqmz4jzef7njzo8m.pdf,4,pdf,1654,2339,cb9ac36e362b358686a84f81569c7af9af420accdbe0bbbc5bef886721a64a73,0.061714,dup_009,review,exact_duplicate,yes
images/22167521550336-5gw4l3ue7c3ad3wh0possj3wl1if__p001.png,22167521550336_5gw4l3ue7c3ad3wh0possj3wl1if.pdf,1,pdf,1654,2339,8bed57fdd0f712507563c26a5a9131062e21b49d339ec317b6be247a6d9dfd1c,0.357940,,keep,,yes
images/22167521550336-5gw4l3ue7c3ad3wh0possj3wl1if__p002.png,22167521550336_5gw4l3ue7c3ad3wh0possj3wl1if.pdf,2,pdf,1654,2339,dbc96e2af42b1d3cfb5678be7e3558a014d7278ac0cc501b7273f5c4d46898b9,0.322473,,keep,,yes
images/22167521550336-5gw4l3ue7c3ad3wh0possj3wl1if__p003.png,22167521550336_5gw4l3ue7c3ad3wh0possj3wl1if.pdf,3,pdf,1654,2339,d1435d970b892651f832cd86ad32f1d04465882030b441fd344e7296b19128f5,0.247815,,keep,,yes
images/22167521550336-5gw4l3ue7c3ad3wh0possj3wl1if__p004.png,22167521550336_5gw4l3ue7c3ad3wh0possj3wl1if.pdf,4,pdf,1654,2339,cb9ac36e362b358686a84f81569c7af9af420accdbe0bbbc5bef886721a64a73,0.061714,dup_009,review,exact_duplicate,yes
images/22167521554432-ka6p5szpbhpai0ifpkcyi79cwt13__p001.png,22167521554432_ka6p5szpbhpai0ifpkcyi79cwt13.pdf,1,pdf,1654,2339,1000958bf03e977c2f27da10c3ba60c9126e40d36ef931ad5334df6937359eed,0.356805,,keep,,yes
images/22167521554432-ka6p5szpbhpai0ifpkcyi79cwt13__p002.png,22167521554432_ka6p5szpbhpai0ifpkcyi79cwt13.pdf,2,pdf,1654,2339,ac0afbe245dd5fb9759648ecaa7269e07a6fe74734ea8d5a920f154b79b9c799,0.355462,,keep,,yes
images/22167521554432-ka6p5szpbhpai0ifpkcyi79cwt13__p003.png,22167521554432_ka6p5szpbhpai0ifpkcyi79cwt13.pdf,3,pdf,1654,2339,67551c13b3c3621ed203860b6e3340c5e911bbdf7c32ee932cfbbddf91905d61,0.355928,,keep,,yes
images/22167521554432-ka6p5szpbhpai0ifpkcyi79cwt13__p004.png,22167521554432_ka6p5szpbhpai0ifpkcyi79cwt13.pdf,4,pdf,1654,2339,82d0857d41d2fdc57ab5a06a5eb4ccae5ab216cff766102e158650759ae2310a,0.354837,,keep,,yes
images/22167521554432-ka6p5szpbhpai0ifpkcyi79cwt13__p005.png,22167521554432_ka6p5szpbhpai0ifpkcyi79cwt13.pdf,5,pdf,1654,2339,cea9f4468fb33a2d4566de53ed19c1d95b40f8eb16a69ba57a54f430d934754b,0.356192,,keep,,yes
images/22167521554432-ka6p5szpbhpai0ifpkcyi79cwt13__p006.png,22167521554432_ka6p5szpbhpai0ifpkcyi79cwt13.pdf,6,pdf,1654,2339,6d94ae4ffd0bd036e6565a83c6fa810c4c0a1b8da67a82cdb6914d3f91203de6,0.325720,,keep,,yes
images/22167521554432-ka6p5szpbhpai0ifpkcyi79cwt13__p007.png,22167521554432_ka6p5szpbhpai0ifpkcyi79cwt13.pdf,7,pdf,1654,2339,3cd137503d2eaa0db144b769ae3dea299648f5d8c8ed9ccde7ee15fce17622b1,0.247958,,keep,,yes
images/22167521554432-ka6p5szpbhpai0ifpkcyi79cwt13__p008.png,22167521554432_ka6p5szpbhpai0ifpkcyi79cwt13.pdf,8,pdf,1654,2339,cb9ac36e362b358686a84f81569c7af9af420accdbe0bbbc5bef886721a64a73,0.061714,dup_009,review,exact_duplicate,yes
images/22167521558528-fjrq0co5wp7a7bsxl1km2q5c7ca3__p001.png,22167521558528_fjrq0co5wp7a7bsxl1km2q5c7ca3.pdf,1,pdf,1654,2339,d703a8a7db01b92b3e01c2a8cc3cffc360804fc508ac377051ee6fc3644c0d6f,0.357814,,keep,,yes
images/22167521558528-fjrq0co5wp7a7bsxl1km2q5c7ca3__p002.png,22167521558528_fjrq0co5wp7a7bsxl1km2q5c7ca3.pdf,2,pdf,1654,2339,9180dff9fe2b7dd4a8fbae44b65647cf063c4fb8730eabb1f4a52c7e63abd0a0,0.328310,,keep,,yes
images/22167521558528-fjrq0co5wp7a7bsxl1km2q5c7ca3__p003.png,22167521558528_fjrq0co5wp7a7bsxl1km2q5c7ca3.pdf,3,pdf,1654,2339,03d03a201b9e674df782c3ac52a013534098cac09598b3bdccbc6e7728f1f571,0.247905,,keep,,yes
images/22167521558528-fjrq0co5wp7a7bsxl1km2q5c7ca3__p004.png,22167521558528_fjrq0co5wp7a7bsxl1km2q5c7ca3.pdf,4,pdf,1654,2339,cb9ac36e362b358686a84f81569c7af9af420accdbe0bbbc5bef886721a64a73,0.061714,dup_009,review,exact_duplicate,yes
images/22167521562624-5b43ocbilsi7d7x1io3hhidhv2rf__p001.png,22167521562624_5b43ocbilsi7d7x1io3hhidhv2rf.pdf,1,pdf,1654,2339,cc58ed9b83632c47afa67f1f494f047ab238fde656ea9ea5123c641ed6899d6c,0.357141,,keep,,yes
images/22167521562624-5b43ocbilsi7d7x1io3hhidhv2rf__p002.png,22167521562624_5b43ocbilsi7d7x1io3hhidhv2rf.pdf,2,pdf,1654,2339,c719dda6cb1b512b7dd0bd38c4eb4083eed15e060573e4544dc5c5b3d50a222b,0.356126,,keep,,yes
images/22167521562624-5b43ocbilsi7d7x1io3hhidhv2rf__p003.png,22167521562624_5b43ocbilsi7d7x1io3hhidhv2rf.pdf,3,pdf,1654,2339,2e84d1aabc88d0608d886ea331ef746b03f57fed0f1cf2b8f201e71c959a82e5,0.355627,,keep,,yes
images/22167521562624-5b43ocbilsi7d7x1io3hhidhv2rf__p004.png,22167521562624_5b43ocbilsi7d7x1io3hhidhv2rf.pdf,4,pdf,1654,2339,6689cc717fe0cef1aaa5d1b4d9f31b076180286a5926ee957c3e8ded29eb0ee5,0.355617,,keep,,yes
images/22167521562624-5b43ocbilsi7d7x1io3hhidhv2rf__p005.png,22167521562624_5b43ocbilsi7d7x1io3hhidhv2rf.pdf,5,pdf,1654,2339,2cde8a9df58715c166d3f0bb684b09abcaced82599f8735c31ba1284580bd7c3,0.353023,,keep,,yes
images/22167521562624-5b43ocbilsi7d7x1io3hhidhv2rf__p006.png,22167521562624_5b43ocbilsi7d7x1io3hhidhv2rf.pdf,6,pdf,1654,2339,81c5b299acd504fe9491fbd713f2fdd663e81d7cfde0609e49373f7d735e5933,0.319081,,keep,,yes
images/22167521562624-5b43ocbilsi7d7x1io3hhidhv2rf__p007.png,22167521562624_5b43ocbilsi7d7x1io3hhidhv2rf.pdf,7,pdf,1654,2339,4acbf51680cd2bf351db586bd3bc99e110d4d40202ba83a18f653f989e8aa3b5,0.248023,,keep,,yes
images/22167521562624-5b43ocbilsi7d7x1io3hhidhv2rf__p008.png,22167521562624_5b43ocbilsi7d7x1io3hhidhv2rf.pdf,8,pdf,1654,2339,cb9ac36e362b358686a84f81569c7af9af420accdbe0bbbc5bef886721a64a73,0.061714,dup_009,review,exact_duplicate,yes
images/22167521566720-a8zzxhofmg1g8lvi3vn0a9r8v7jz__p001.png,22167521566720_a8zzxhofmg1g8lvi3vn0a9r8v7jz.pdf,1,pdf,1654,2339,9620c21e22db6d4fb520e86144be819be4314545d78e41312a2c51147c7040b7,0.357510,,keep,,yes
images/22167521566720-a8zzxhofmg1g8lvi3vn0a9r8v7jz__p002.png,22167521566720_a8zzxhofmg1g8lvi3vn0a9r8v7jz.pdf,2,pdf,1654,2339,6b6dcd43fa3c10ec2d5139b7c1a03bab05de4707bca60ccfa59ef5999a27fe7a,0.337025,,keep,,yes
images/22167521566720-a8zzxhofmg1g8lvi3vn0a9r8v7jz__p003.png,22167521566720_a8zzxhofmg1g8lvi3vn0a9r8v7jz.pdf,3,pdf,1654,2339,8486cc949c88c04395d82cc837460497451b11f9b7e65d8a05a1bd756c99418c,0.246079,,keep,,yes
images/22167521566720-a8zzxhofmg1g8lvi3vn0a9r8v7jz__p004.png,22167521566720_a8zzxhofmg1g8lvi3vn0a9r8v7jz.pdf,4,pdf,1654,2339,cb9ac36e362b358686a84f81569c7af9af420accdbe0bbbc5bef886721a64a73,0.061714,dup_009,review,exact_duplicate,yes
images/22167521570816-6jofn47x31mpg7n5v4n402ktahfg__p001.png,22167521570816_6jofn47x31mpg7n5v4n402ktahfg.pdf,1,pdf,2339,1654,93c835efe419beebdbd5c333f39b0f58c60cd58f1d9477b7dfb9ca85454c08cf,0.350560,,keep,,yes
images/22167521570816-6jofn47x31mpg7n5v4n402ktahfg__p002.png,22167521570816_6jofn47x31mpg7n5v4n402ktahfg.pdf,2,pdf,2339,1654,ea2eff05b59ce9747b3be3face3aeba85152966cc53ee7acd9bbe94c9d9b54f9,0.360537,,keep,,yes
images/22167521570816-6jofn47x31mpg7n5v4n402ktahfg__p003.png,22167521570816_6jofn47x31mpg7n5v4n402ktahfg.pdf,3,pdf,2339,1654,e8fb908a0dc15f53c315023e6215106161c257789448359e0fea964b272768ac,0.358966,,keep,,yes
images/22167521570816-6jofn47x31mpg7n5v4n402ktahfg__p004.png,22167521570816_6jofn47x31mpg7n5v4n402ktahfg.pdf,4,pdf,2339,1654,78d8a5a46d9d6d4dea3f929da3d8e60973fbcfc8141043653e0cf9ebd66afe13,0.363188,,keep,,yes
images/22167521570816-6jofn47x31mpg7n5v4n402ktahfg__p005.png,22167521570816_6jofn47x31mpg7n5v4n402ktahfg.pdf,5,pdf,2339,1654,39d2bf71931725039f37c08bac516430aacb22a5708e63afa24dbb0cf3b87ac2,0.362538,,keep,,yes
images/22167521570816-6jofn47x31mpg7n5v4n402ktahfg__p006.png,22167521570816_6jofn47x31mpg7n5v4n402ktahfg.pdf,6,pdf,2339,1654,f58397d8ff8ba13700538b346f3936b6f4c06ec8e3f1fceecd1bc99bb82d61e6,0.363100,,keep,,yes
images/22167521570816-6jofn47x31mpg7n5v4n402ktahfg__p007.png,22167521570816_6jofn47x31mpg7n5v4n402ktahfg.pdf,7,pdf,2339,1654,0f1584df693d5766c9f7d31a24c601013b00850179f08136ce5b9aed24f7357e,0.360249,,keep,,yes
images/22167521570816-6jofn47x31mpg7n5v4n402ktahfg__p008.png,22167521570816_6jofn47x31mpg7n5v4n402ktahfg.pdf,8,pdf,2339,1654,22f8930d87453126395d04dd0c56363a06a84e4bfb85ef3bc010144beefd7d7a,0.361261,,keep,,yes
images/22167521570816-6jofn47x31mpg7n5v4n402ktahfg__p009.png,22167521570816_6jofn47x31mpg7n5v4n402ktahfg.pdf,9,pdf,2339,1654,0d4c506b58f313e3a23b1517b6ae39dc9f3748fe806ca29b1b380f0003e5b68f,0.362702,,keep,,yes
images/22167521570816-6jofn47x31mpg7n5v4n402ktahfg__p010.png,22167521570816_6jofn47x31mpg7n5v4n402ktahfg.pdf,10,pdf,2339,1654,229e6b39b4e92ff3f28fcafe3add7e844ba45948001b0152ba3f0ca84eb02d89,0.362679,,keep,,yes
images/22167521570816-6jofn47x31mpg7n5v4n402ktahfg__p011.png,22167521570816_6jofn47x31mpg7n5v4n402ktahfg.pdf,11,pdf,2339,1654,99d479a2cddcdccf6e5450c2807d2161e38c91bda0098e7f0c472b3354b14033,0.361732,,keep,,yes
images/22167521570816-6jofn47x31mpg7n5v4n402ktahfg__p012.png,22167521570816_6jofn47x31mpg7n5v4n402ktahfg.pdf,12,pdf,2339,1654,60edc2971ece77b284e5b245275ceae65c705e35b7f753aa52ae93a224b270f3,0.362801,,keep,,yes
images/22167521570816-6jofn47x31mpg7n5v4n402ktahfg__p013.png,22167521570816_6jofn47x31mpg7n5v4n402ktahfg.pdf,13,pdf,2339,1654,beeb050e5712f4ace8a29d0a9e5b88e9394a30ed4f037de34f1b38afa82098e1,0.362624,,keep,,yes
images/22167521570816-6jofn47x31mpg7n5v4n402ktahfg__p014.png,22167521570816_6jofn47x31mpg7n5v4n402ktahfg.pdf,14,pdf,2339,1654,f35a3153c7686b057153f807af8c98739d7f3a74901f3fd84146f767f25cc36f,0.361295,,keep,,yes
images/22167521570816-6jofn47x31mpg7n5v4n402ktahfg__p015.png,22167521570816_6jofn47x31mpg7n5v4n402ktahfg.pdf,15,pdf,2339,1654,a15bfb0e1e2256b1a9109ad8e6d4bf0d52a632220d403b5a1a6ca4a440d6427e,0.362508,,keep,,yes
images/22167521570816-6jofn47x31mpg7n5v4n402ktahfg__p016.png,22167521570816_6jofn47x31mpg7n5v4n402ktahfg.pdf,16,pdf,2339,1654,88a7157d861eac569848ae9d53cf30b81932a76518ab62ebd4af5a34c3e85e69,0.352722,,keep,,yes
images/22167521570816-6jofn47x31mpg7n5v4n402ktahfg__p017.png,22167521570816_6jofn47x31mpg7n5v4n402ktahfg.pdf,17,pdf,2339,1654,3fc8f306270a05062dbf2f4cb2fe8d0db0bc06fe908cc6363c8a9fadb3fb3f91,0.343291,,keep,,yes
images/22167521570816-6jofn47x31mpg7n5v4n402ktahfg__p018.png,22167521570816_6jofn47x31mpg7n5v4n402ktahfg.pdf,18,pdf,2339,1654,b1fda8294cdc28fdfc1662be65495d9a8f0b055f4d8b6f4131b2a5b24a041103,0.341707,,keep,,yes
images/22167521570816-6jofn47x31mpg7n5v4n402ktahfg__p019.png,22167521570816_6jofn47x31mpg7n5v4n402ktahfg.pdf,19,pdf,2339,1654,c099bae243b48fa0fc8067e3615a5cec9d295c4dda4b818fa92a53fe9bc5256f,0.300154,,keep,,yes
images/22167521570816-6jofn47x31mpg7n5v4n402ktahfg__p020.png,22167521570816_6jofn47x31mpg7n5v4n402ktahfg.pdf,20,pdf,2339,1654,2d46f65b73c2ad2ea455b517edb16f5088d945ee2be2fb8477bd9f1d840a5fe8,0.061756,dup_010,review,exact_duplicate,yes
images/22167521574912-a5t1ag2iaq6hdm55v516pcvjstri__p001.png,22167521574912_a5t1ag2iaq6hdm55v516pcvjstri.pdf,1,pdf,2339,1654,cd8e3987ae279de4a57a95eae86a4e440d79b2444bf60756fc769c41ffd5478c,0.345195,,keep,,yes
images/22167521574912-a5t1ag2iaq6hdm55v516pcvjstri__p002.png,22167521574912_a5t1ag2iaq6hdm55v516pcvjstri.pdf,2,pdf,2339,1654,b5c66acbcaa84622f4a1c4b0806fafedb4f9297cd1862da0012541d7e12255ea,0.359030,,keep,,yes
images/22167521574912-a5t1ag2iaq6hdm55v516pcvjstri__p003.png,22167521574912_a5t1ag2iaq6hdm55v516pcvjstri.pdf,3,pdf,2339,1654,9e915de62cd8f7a075c1478c8ea5a391db63b43e4c2453d4cf19a11dd3c7766d,0.361060,,keep,,yes
images/22167521574912-a5t1ag2iaq6hdm55v516pcvjstri__p004.png,22167521574912_a5t1ag2iaq6hdm55v516pcvjstri.pdf,4,pdf,2339,1654,6bb8dd6e2a2101fb04f146de5f79abc655ce356fc082fd2c37083948a28a3699,0.363110,,keep,,yes
images/22167521574912-a5t1ag2iaq6hdm55v516pcvjstri__p005.png,22167521574912_a5t1ag2iaq6hdm55v516pcvjstri.pdf,5,pdf,2339,1654,47465d6b957fcefd1ca080865f1582e63a8bea192e8f01b01aa9900da0374b1e,0.363172,,keep,,yes
images/22167521574912-a5t1ag2iaq6hdm55v516pcvjstri__p006.png,22167521574912_a5t1ag2iaq6hdm55v516pcvjstri.pdf,6,pdf,2339,1654,1432775da07ebd3171f2aecf2287b81d6efacbd172569430dfae4f7ae0f98968,0.361165,,keep,,yes
images/22167521574912-a5t1ag2iaq6hdm55v516pcvjstri__p007.png,22167521574912_a5t1ag2iaq6hdm55v516pcvjstri.pdf,7,pdf,2339,1654,1d29237c087c76fa54a69755a46abf1ab75b32a565b24ccbc40ab3f7f002e948,0.362552,,keep,,yes
images/22167521574912-a5t1ag2iaq6hdm55v516pcvjstri__p008.png,22167521574912_a5t1ag2iaq6hdm55v516pcvjstri.pdf,8,pdf,2339,1654,86c729a6a7eeed8f7cd981e6f9492b082719945512bd2ec650350fc426083783,0.362485,,keep,,yes
images/22167521574912-a5t1ag2iaq6hdm55v516pcvjstri__p009.png,22167521574912_a5t1ag2iaq6hdm55v516pcvjstri.pdf,9,pdf,2339,1654,963d31085cdb5f715bc28b636f0b6db47388e35b9c1ce09caf7764b787ba851d,0.361525,,keep,,yes
images/22167521574912-a5t1ag2iaq6hdm55v516pcvjstri__p010.png,22167521574912_a5t1ag2iaq6hdm55v516pcvjstri.pdf,10,pdf,2339,1654,cf5c460cd893ae255695df602f051d1109e134e7343e602670d9274eda706595,0.362139,,keep,,yes
images/22167521574912-a5t1ag2iaq6hdm55v516pcvjstri__p011.png,22167521574912_a5t1ag2iaq6hdm55v516pcvjstri.pdf,11,pdf,2339,1654,6ff92d1057e58e66c036b14760b86b596f8041ecf9909b89d22efa9c3a1d3424,0.361962,,keep,,yes
images/22167521574912-a5t1ag2iaq6hdm55v516pcvjstri__p012.png,22167521574912_a5t1ag2iaq6hdm55v516pcvjstri.pdf,12,pdf,2339,1654,1bef2c1d6c020dbebb6134bdd1b3f2f3ba74707545a7c3d8991095c7f30c72c0,0.362024,,keep,,yes
images/22167521574912-a5t1ag2iaq6hdm55v516pcvjstri__p013.png,22167521574912_a5t1ag2iaq6hdm55v516pcvjstri.pdf,13,pdf,2339,1654,5ba8c9c38a991972c5d31ab1e164313fe9b173e82fafef2d628d7a8d939f79ea,0.361150,,keep,,yes
images/22167521574912-a5t1ag2iaq6hdm55v516pcvjstri__p014.png,22167521574912_a5t1ag2iaq6hdm55v516pcvjstri.pdf,14,pdf,2339,1654,7ff1ea11a5c74775318df2a7037157bbd86b6b6fd70e4eeabc162df225216cb7,0.347854,,keep,,yes
images/22167521574912-a5t1ag2iaq6hdm55v516pcvjstri__p015.png,22167521574912_a5t1ag2iaq6hdm55v516pcvjstri.pdf,15,pdf,2339,1654,78edf56788ab96af0189c03850f559cd85df9323f2105ac5029407d27f66900e,0.347088,,keep,,yes
images/22167521574912-a5t1ag2iaq6hdm55v516pcvjstri__p016.png,22167521574912_a5t1ag2iaq6hdm55v516pcvjstri.pdf,16,pdf,2339,1654,3cf453e13438f536fcfe8fbb0d1bd632610951d2ae605894e76dd2f9344a5969,0.300102,,keep,,yes
images/22167521574912-a5t1ag2iaq6hdm55v516pcvjstri__p017.png,22167521574912_a5t1ag2iaq6hdm55v516pcvjstri.pdf,17,pdf,2339,1654,2d46f65b73c2ad2ea455b517edb16f5088d945ee2be2fb8477bd9f1d840a5fe8,0.061756,dup_010,review,exact_duplicate,yes
images/22167521579008-b6vvm2s5o3frpix3nyvd9vclwuhw__p001.png,22167521579008_b6vvm2s5o3frpix3nyvd9vclwuhw.pdf,1,pdf,2339,1654,6b4494ac3f2bc3b38a216f1e9de9f329604ac308ee8af3bdfe96fcd01636a973,0.342626,,keep,,yes
images/22167521579008-b6vvm2s5o3frpix3nyvd9vclwuhw__p002.png,22167521579008_b6vvm2s5o3frpix3nyvd9vclwuhw.pdf,2,pdf,2339,1654,71e52842928b8b4a972d8975f7c8cfa1d5ceb23d222dea01123882ec2fa44ee8,0.360647,,keep,,yes
images/22167521579008-b6vvm2s5o3frpix3nyvd9vclwuhw__p003.png,22167521579008_b6vvm2s5o3frpix3nyvd9vclwuhw.pdf,3,pdf,2339,1654,61f23ba2c5ea696fde4059b5d9db6254edafc7eeb656c97f2ce45204eea3da66,0.359553,,keep,,yes
images/22167521579008-b6vvm2s5o3frpix3nyvd9vclwuhw__p004.png,22167521579008_b6vvm2s5o3frpix3nyvd9vclwuhw.pdf,4,pdf,2339,1654,3353a0eb8c92c72fca2ebd4249a74db4c60d6a08e33c45f6aed69c378159320a,0.363491,,keep,,yes
images/22167521579008-b6vvm2s5o3frpix3nyvd9vclwuhw__p005.png,22167521579008_b6vvm2s5o3frpix3nyvd9vclwuhw.pdf,5,pdf,2339,1654,34a2b5d6e40446d07dd4b21ae47558981d137c49fe244cb049715df68361e543,0.363407,,keep,,yes
images/22167521579008-b6vvm2s5o3frpix3nyvd9vclwuhw__p006.png,22167521579008_b6vvm2s5o3frpix3nyvd9vclwuhw.pdf,6,pdf,2339,1654,ba1cb96b99dbe96b59b9c6eae949f4f7898240b72be9cf1bb4120391a98459dc,0.360092,,keep,,yes
images/22167521579008-b6vvm2s5o3frpix3nyvd9vclwuhw__p007.png,22167521579008_b6vvm2s5o3frpix3nyvd9vclwuhw.pdf,7,pdf,2339,1654,54d3140c7876d7085080e8061defd7f877908486795f6ad11712455e4add62bf,0.362559,,keep,,yes
images/22167521579008-b6vvm2s5o3frpix3nyvd9vclwuhw__p008.png,22167521579008_b6vvm2s5o3frpix3nyvd9vclwuhw.pdf,8,pdf,2339,1654,383fc239971f469643208a2bfade010319b65a3f7e5dd7b91411ed92a9ead732,0.362716,,keep,,yes
images/22167521579008-b6vvm2s5o3frpix3nyvd9vclwuhw__p009.png,22167521579008_b6vvm2s5o3frpix3nyvd9vclwuhw.pdf,9,pdf,2339,1654,85b2f89404f78b2031444f0df3e747ce30be144fd66dc18f90fe4d49c6abfde4,0.362580,,keep,,yes
images/22167521579008-b6vvm2s5o3frpix3nyvd9vclwuhw__p010.png,22167521579008_b6vvm2s5o3frpix3nyvd9vclwuhw.pdf,10,pdf,2339,1654,431950d63bf765d2ecd1d96ece06b95243ee5833525e7d3911e0a5759f300faa,0.362210,,keep,,yes
images/22167521579008-b6vvm2s5o3frpix3nyvd9vclwuhw__p011.png,22167521579008_b6vvm2s5o3frpix3nyvd9vclwuhw.pdf,11,pdf,2339,1654,e4c9473a755213c8f1a7784f2d73e10a5e2fe26fb6a0930315c9b6ff08098790,0.361811,,keep,,yes
images/22167521579008-b6vvm2s5o3frpix3nyvd9vclwuhw__p012.png,22167521579008_b6vvm2s5o3frpix3nyvd9vclwuhw.pdf,12,pdf,2339,1654,b3df9db595430785064c7f154e8a9ddc4bbac3ac2de56c064deca907f2ad50d2,0.361455,,keep,,yes
images/22167521579008-b6vvm2s5o3frpix3nyvd9vclwuhw__p013.png,22167521579008_b6vvm2s5o3frpix3nyvd9vclwuhw.pdf,13,pdf,2339,1654,34c9b3f5986133a292e3957ba795d5481ffc43ddb2c2918bdedff93f58c5dba1,0.362461,,keep,,yes
images/22167521579008-b6vvm2s5o3frpix3nyvd9vclwuhw__p014.png,22167521579008_b6vvm2s5o3frpix3nyvd9vclwuhw.pdf,14,pdf,2339,1654,330f1cef21f0f742756a94b2ecedd35b4427d447fcf885048602edd50ac7f1e6,0.356434,,keep,,yes
images/22167521579008-b6vvm2s5o3frpix3nyvd9vclwuhw__p015.png,22167521579008_b6vvm2s5o3frpix3nyvd9vclwuhw.pdf,15,pdf,2339,1654,f15a51ddee8cded70fc374beaf6054dd57384d00bb5a26e2c6f482303e74506d,0.342101,,keep,,yes
images/22167521579008-b6vvm2s5o3frpix3nyvd9vclwuhw__p016.png,22167521579008_b6vvm2s5o3frpix3nyvd9vclwuhw.pdf,16,pdf,2339,1654,104c6504cf5b105189f8d6dda0ce7bb681acf8b5c9ed3cca3da1c7d34f603543,0.306711,,keep,,yes
images/22167521579008-b6vvm2s5o3frpix3nyvd9vclwuhw__p017.png,22167521579008_b6vvm2s5o3frpix3nyvd9vclwuhw.pdf,17,pdf,2339,1654,2d46f65b73c2ad2ea455b517edb16f5088d945ee2be2fb8477bd9f1d840a5fe8,0.061756,dup_010,review,exact_duplicate,yes
images/22167521583104-y9j4f7wk3hgt6p2t0sn6slrjbwi6__p001.png,22167521583104_y9j4f7wk3hgt6p2t0sn6slrjbwi6.pdf,1,pdf,2339,1654,6469bcf2d44ac870d678aa834bd37c1b771086e8ce9b7a077aa90edd75559734,0.346189,,keep,,yes
images/22167521583104-y9j4f7wk3hgt6p2t0sn6slrjbwi6__p002.png,22167521583104_y9j4f7wk3hgt6p2t0sn6slrjbwi6.pdf,2,pdf,2339,1654,1be7194afe97f4e5daa60f7287ec2f6633f4c46f5dae4cee2972d0d29b26ecf5,0.360253,,keep,,yes
images/22167521583104-y9j4f7wk3hgt6p2t0sn6slrjbwi6__p003.png,22167521583104_y9j4f7wk3hgt6p2t0sn6slrjbwi6.pdf,3,pdf,2339,1654,f9f1f724f123dcf4ad4e2d0984b6d200b89e2e6dfa97b3f1cfd3253893f35a49,0.360032,,keep,,yes
images/22167521583104-y9j4f7wk3hgt6p2t0sn6slrjbwi6__p004.png,22167521583104_y9j4f7wk3hgt6p2t0sn6slrjbwi6.pdf,4,pdf,2339,1654,65998c841e758be540ae2a52e2bda7e75f8a1f35b1725f94b3512148349e18b9,0.360600,,keep,,yes
images/22167521583104-y9j4f7wk3hgt6p2t0sn6slrjbwi6__p005.png,22167521583104_y9j4f7wk3hgt6p2t0sn6slrjbwi6.pdf,5,pdf,2339,1654,48bfb3a8ad004a3ba3b174cf1d4ab2eb062e61d082969e755f33add64e3a99e8,0.362017,,keep,,yes
images/22167521583104-y9j4f7wk3hgt6p2t0sn6slrjbwi6__p006.png,22167521583104_y9j4f7wk3hgt6p2t0sn6slrjbwi6.pdf,6,pdf,2339,1654,97c399e11cfd0435b95291f6016fb91f07990b1ee12fbbf1a3cc739b31ee615b,0.361764,,keep,,yes
images/22167521583104-y9j4f7wk3hgt6p2t0sn6slrjbwi6__p007.png,22167521583104_y9j4f7wk3hgt6p2t0sn6slrjbwi6.pdf,7,pdf,2339,1654,24e5a7ad7d3c09be5fd34ddcba6de4df2e1ee324838dc7dff97bcb15f2bd0eaf,0.362269,,keep,,yes
images/22167521583104-y9j4f7wk3hgt6p2t0sn6slrjbwi6__p008.png,22167521583104_y9j4f7wk3hgt6p2t0sn6slrjbwi6.pdf,8,pdf,2339,1654,dbb3f556324d197e3f995ba9bd66cbf46a9f8550ea969e87ad38b999971b18ec,0.362509,,keep,,yes
images/22167521583104-y9j4f7wk3hgt6p2t0sn6slrjbwi6__p009.png,22167521583104_y9j4f7wk3hgt6p2t0sn6slrjbwi6.pdf,9,pdf,2339,1654,0ce9773f232dc8e0f605b151e7b56f93eebf1cca9e8430008f2b0ff7e22d9951,0.362031,,keep,,yes
images/22167521583104-y9j4f7wk3hgt6p2t0sn6slrjbwi6__p010.png,22167521583104_y9j4f7wk3hgt6p2t0sn6slrjbwi6.pdf,10,pdf,2339,1654,a8997c78c72219715ed9fa657b1fbf89d193a96a894e79d08806939318856c54,0.361993,,keep,,yes
images/22167521583104-y9j4f7wk3hgt6p2t0sn6slrjbwi6__p011.png,22167521583104_y9j4f7wk3hgt6p2t0sn6slrjbwi6.pdf,11,pdf,2339,1654,26eeca7a0f795399217159bdd0e80dfdcdca0e72e87c7c33ffa740a2911d7427,0.362981,,keep,,yes
images/22167521583104-y9j4f7wk3hgt6p2t0sn6slrjbwi6__p012.png,22167521583104_y9j4f7wk3hgt6p2t0sn6slrjbwi6.pdf,12,pdf,2339,1654,a63271d34e226d14aaf364a8b9a83e37a8fd509ab435811c3004ba61a0a9c01e,0.362457,,keep,,yes
images/22167521583104-y9j4f7wk3hgt6p2t0sn6slrjbwi6__p013.png,22167521583104_y9j4f7wk3hgt6p2t0sn6slrjbwi6.pdf,13,pdf,2339,1654,754789b9b432f5a7d0fe90c28069b300e2fcbf07dd0e59a9288d3e38491cf1ce,0.360793,,keep,,yes
images/22167521583104-y9j4f7wk3hgt6p2t0sn6slrjbwi6__p014.png,22167521583104_y9j4f7wk3hgt6p2t0sn6slrjbwi6.pdf,14,pdf,2339,1654,c28d40038934b17f6505f21d5374cf40deec22fc128aa09229eb18ceb8625434,0.351492,,keep,,yes
images/22167521583104-y9j4f7wk3hgt6p2t0sn6slrjbwi6__p015.png,22167521583104_y9j4f7wk3hgt6p2t0sn6slrjbwi6.pdf,15,pdf,2339,1654,64b39e345046708de0fc1bfadf7d47164c169e9cd4ac1ded15efdd78d616ebf6,0.347361,,keep,,yes
images/22167521583104-y9j4f7wk3hgt6p2t0sn6slrjbwi6__p016.png,22167521583104_y9j4f7wk3hgt6p2t0sn6slrjbwi6.pdf,16,pdf,2339,1654,046cf19439ff08ae1d4de1096d2761ba64f1b392a1d067c937a192d67222f517,0.300107,,keep,,yes
images/22167521583104-y9j4f7wk3hgt6p2t0sn6slrjbwi6__p017.png,22167521583104_y9j4f7wk3hgt6p2t0sn6slrjbwi6.pdf,17,pdf,2339,1654,2d46f65b73c2ad2ea455b517edb16f5088d945ee2be2fb8477bd9f1d840a5fe8,0.061756,dup_010,review,exact_duplicate,yes
images/22167521587200-b4k6ejaxc14sb4l6mbdfhy6gd2ob__p001.png,22167521587200_b4k6ejaxc14sb4l6mbdfhy6gd2ob.pdf,1,pdf,2339,1654,d730b5e0e19a4f1f5312b4c864437e434d9663a1ef564d61ffdab50946d59978,0.348166,,keep,,yes
images/22167521587200-b4k6ejaxc14sb4l6mbdfhy6gd2ob__p002.png,22167521587200_b4k6ejaxc14sb4l6mbdfhy6gd2ob.pdf,2,pdf,2339,1654,f987e9a16fba823ad137117cbe5927fce95e85b51e72d5ef5a87b92cac6c5488,0.360403,,keep,,yes
images/22167521587200-b4k6ejaxc14sb4l6mbdfhy6gd2ob__p003.png,22167521587200_b4k6ejaxc14sb4l6mbdfhy6gd2ob.pdf,3,pdf,2339,1654,517a6bfb31b9bab7f9c47d926fa62e0ece8dd91884bf9880aaea7cbec11438e7,0.360891,,keep,,yes
images/22167521587200-b4k6ejaxc14sb4l6mbdfhy6gd2ob__p004.png,22167521587200_b4k6ejaxc14sb4l6mbdfhy6gd2ob.pdf,4,pdf,2339,1654,e12a58adce64610aefe78adb0676b578d6449779c9a69c66e2e06e3662a3d864,0.363103,,keep,,yes
images/22167521587200-b4k6ejaxc14sb4l6mbdfhy6gd2ob__p005.png,22167521587200_b4k6ejaxc14sb4l6mbdfhy6gd2ob.pdf,5,pdf,2339,1654,e87610ac96dfee29aaa6c8e83b00f0569bd5ec7538bb9ead03ec0fa00eb33617,0.362577,,keep,,yes
images/22167521587200-b4k6ejaxc14sb4l6mbdfhy6gd2ob__p006.png,22167521587200_b4k6ejaxc14sb4l6mbdfhy6gd2ob.pdf,6,pdf,2339,1654,94562271ba2659c95c66a3545af0c5ab33fcbda18424f2b9c5a02372e45b8ad9,0.361343,,keep,,yes
images/22167521587200-b4k6ejaxc14sb4l6mbdfhy6gd2ob__p007.png,22167521587200_b4k6ejaxc14sb4l6mbdfhy6gd2ob.pdf,7,pdf,2339,1654,c773d78cfd03348c0f0639c7a4f4e94bfd170eaf49ac0caf6a01e6bd689938e3,0.363250,,keep,,yes
images/22167521587200-b4k6ejaxc14sb4l6mbdfhy6gd2ob__p008.png,22167521587200_b4k6ejaxc14sb4l6mbdfhy6gd2ob.pdf,8,pdf,2339,1654,1f8573d893057d782ebcd7988772aec6f3f5c008ba5f856f9274e7f34b804af8,0.362492,,keep,,yes
images/22167521587200-b4k6ejaxc14sb4l6mbdfhy6gd2ob__p009.png,22167521587200_b4k6ejaxc14sb4l6mbdfhy6gd2ob.pdf,9,pdf,2339,1654,392ba1f15933779be356b7a882bbb9f2459e58030c4a458688c75018a7628b30,0.362998,,keep,,yes
images/22167521587200-b4k6ejaxc14sb4l6mbdfhy6gd2ob__p010.png,22167521587200_b4k6ejaxc14sb4l6mbdfhy6gd2ob.pdf,10,pdf,2339,1654,db4ea870da01dad851a6457785e4b761d6b1929b14f2e6eb053d789ad3fab87d,0.361483,,keep,,yes
images/22167521587200-b4k6ejaxc14sb4l6mbdfhy6gd2ob__p011.png,22167521587200_b4k6ejaxc14sb4l6mbdfhy6gd2ob.pdf,11,pdf,2339,1654,33ac27d2b37db9deda97294bfff68caf50f58bc3c5d356bfc7061e055113640c,0.361536,,keep,,yes
images/22167521587200-b4k6ejaxc14sb4l6mbdfhy6gd2ob__p012.png,22167521587200_b4k6ejaxc14sb4l6mbdfhy6gd2ob.pdf,12,pdf,2339,1654,ed601d0868e465aab5a708f74d388c6deb466162a79c5dfef30f913791d82bcd,0.361490,,keep,,yes
images/22167521587200-b4k6ejaxc14sb4l6mbdfhy6gd2ob__p013.png,22167521587200_b4k6ejaxc14sb4l6mbdfhy6gd2ob.pdf,13,pdf,2339,1654,64110d42a4bab20253e40af3dc5498e7f98da8e145e49762efd31b0894846ea9,0.358425,,keep,,yes
images/22167521587200-b4k6ejaxc14sb4l6mbdfhy6gd2ob__p014.png,22167521587200_b4k6ejaxc14sb4l6mbdfhy6gd2ob.pdf,14,pdf,2339,1654,718fb8d5712c71fa6b0d72c91432a921751674b80ed1467e7cf18baaf4f1ea14,0.342096,,keep,,yes
images/22167521587200-b4k6ejaxc14sb4l6mbdfhy6gd2ob__p015.png,22167521587200_b4k6ejaxc14sb4l6mbdfhy6gd2ob.pdf,15,pdf,2339,1654,7ecbd3a54987eee96de184a4dc0231418f6f1f6728684d6795ca7661eca6c2c1,0.306702,,keep,,yes
images/22167521587200-b4k6ejaxc14sb4l6mbdfhy6gd2ob__p016.png,22167521587200_b4k6ejaxc14sb4l6mbdfhy6gd2ob.pdf,16,pdf,2339,1654,2d46f65b73c2ad2ea455b517edb16f5088d945ee2be2fb8477bd9f1d840a5fe8,0.061756,dup_010,review,exact_duplicate,yes
images/22167521591296-i6vjvf8etyx408cp6erwe5dsn7ug__p001.png,22167521591296_i6vjvf8etyx408cp6erwe5dsn7ug.pdf,1,pdf,2339,1654,13ca99c3e94540306bcd12718fdd472eaea2fcbd9db5f8f82924418d0aec8e5f,0.342671,,keep,,yes
images/22167521591296-i6vjvf8etyx408cp6erwe5dsn7ug__p002.png,22167521591296_i6vjvf8etyx408cp6erwe5dsn7ug.pdf,2,pdf,2339,1654,b013f8d520e900fb8d63b9d391a5656b7685d6c4913a5816b2a64349dc5e4a26,0.358749,,keep,,yes
images/22167521591296-i6vjvf8etyx408cp6erwe5dsn7ug__p003.png,22167521591296_i6vjvf8etyx408cp6erwe5dsn7ug.pdf,3,pdf,2339,1654,28ff8878e8ac25c701ecc49f3067a630ae31945266043dc1de003f33aa3eacf1,0.361223,,keep,,yes
images/22167521591296-i6vjvf8etyx408cp6erwe5dsn7ug__p004.png,22167521591296_i6vjvf8etyx408cp6erwe5dsn7ug.pdf,4,pdf,2339,1654,8ecdac88e430588c867384c640fb343445d1cb06838e95c16c2562c20ee4dfe4,0.362390,,keep,,yes
images/22167521591296-i6vjvf8etyx408cp6erwe5dsn7ug__p005.png,22167521591296_i6vjvf8etyx408cp6erwe5dsn7ug.pdf,5,pdf,2339,1654,3b03eab4a3604fcce7426ec42cbc2472f7b8eed6d3b6280b25c81d86413f6087,0.363291,,keep,,yes
images/22167521591296-i6vjvf8etyx408cp6erwe5dsn7ug__p006.png,22167521591296_i6vjvf8etyx408cp6erwe5dsn7ug.pdf,6,pdf,2339,1654,fd28e3876ea37103164b8b3d354113c172949503a3beaa177f3ce40489576f4e,0.361263,,keep,,yes
images/22167521591296-i6vjvf8etyx408cp6erwe5dsn7ug__p007.png,22167521591296_i6vjvf8etyx408cp6erwe5dsn7ug.pdf,7,pdf,2339,1654,75d11751e1c6f2786d7d11992100733d4f638c2cc08163726c6bd8d038c90446,0.362313,,keep,,yes
images/22167521591296-i6vjvf8etyx408cp6erwe5dsn7ug__p008.png,22167521591296_i6vjvf8etyx408cp6erwe5dsn7ug.pdf,8,pdf,2339,1654,5a7cbf68c79386824b72c156c41741a756452c2aae968d84a23b6fecb15a72f6,0.362188,,keep,,yes
images/22167521591296-i6vjvf8etyx408cp6erwe5dsn7ug__p009.png,22167521591296_i6vjvf8etyx408cp6erwe5dsn7ug.pdf,9,pdf,2339,1654,42aa9a736f49eab8b79c54992075d6361a26cd82ed04f214b1bbded6eb6cebb2,0.362336,,keep,,yes
images/22167521591296-i6vjvf8etyx408cp6erwe5dsn7ug__p010.png,22167521591296_i6vjvf8etyx408cp6erwe5dsn7ug.pdf,10,pdf,2339,1654,693c5c5c8d220901acec0636cb89ab8b6d269af8decd7b3e211d456de2b9f090,0.361334,,keep,,yes
images/22167521591296-i6vjvf8etyx408cp6erwe5dsn7ug__p011.png,22167521591296_i6vjvf8etyx408cp6erwe5dsn7ug.pdf,11,pdf,2339,1654,930daffcb76913812f688fb9342431fc9838933231bc48c4d3a8fedccc1f5d76,0.361350,,keep,,yes
images/22167521591296-i6vjvf8etyx408cp6erwe5dsn7ug__p012.png,22167521591296_i6vjvf8etyx408cp6erwe5dsn7ug.pdf,12,pdf,2339,1654,bcf9192b9c7e7d9a74af8b2b87a2d32fb54fb72d728efeef3c7290777fb7ccac,0.355599,,keep,,yes
images/22167521591296-i6vjvf8etyx408cp6erwe5dsn7ug__p013.png,22167521591296_i6vjvf8etyx408cp6erwe5dsn7ug.pdf,13,pdf,2339,1654,f5ef0d6361e225e1e53d95efe0a6b4e3332d46d6c145221795e586f4be13e901,0.341825,,keep,,yes
images/22167521591296-i6vjvf8etyx408cp6erwe5dsn7ug__p014.png,22167521591296_i6vjvf8etyx408cp6erwe5dsn7ug.pdf,14,pdf,2339,1654,8632dd772df3ed7128f9d218b56330cf4fdde6ee3a067a89068b8f1e6a274410,0.306550,,keep,,yes
images/22167521591296-i6vjvf8etyx408cp6erwe5dsn7ug__p015.png,22167521591296_i6vjvf8etyx408cp6erwe5dsn7ug.pdf,15,pdf,2339,1654,2d46f65b73c2ad2ea455b517edb16f5088d945ee2be2fb8477bd9f1d840a5fe8,0.061756,dup_010,review,exact_duplicate,yes
images/22167521595392-0fhrs5bzkoa6bdmfpbz1rkmkwj9x__p001.png,22167521595392_0fhrs5bzkoa6bdmfpbz1rkmkwj9x.pdf,1,pdf,2339,1654,29f07b7cc779d15af89af1ccce746b10d33ea17a026fd61423e45f0b45fcca21,0.345282,,keep,,yes
images/22167521595392-0fhrs5bzkoa6bdmfpbz1rkmkwj9x__p002.png,22167521595392_0fhrs5bzkoa6bdmfpbz1rkmkwj9x.pdf,2,pdf,2339,1654,c564f67dd50c1d9a8d485aa123df6f3339738a5f69e8cf0ace272acf0a21a1f3,0.358794,,keep,,yes
images/22167521595392-0fhrs5bzkoa6bdmfpbz1rkmkwj9x__p003.png,22167521595392_0fhrs5bzkoa6bdmfpbz1rkmkwj9x.pdf,3,pdf,2339,1654,8921571ad79027db9e49127eeb0c822e1534d49ec0f3bcc0585732d71f2c1c46,0.361367,,keep,,yes
images/22167521595392-0fhrs5bzkoa6bdmfpbz1rkmkwj9x__p004.png,22167521595392_0fhrs5bzkoa6bdmfpbz1rkmkwj9x.pdf,4,pdf,2339,1654,a848f2da5861bc9e97bb436dde428dd27a29c25237483986320845f968d8d273,0.363064,,keep,,yes
images/22167521595392-0fhrs5bzkoa6bdmfpbz1rkmkwj9x__p005.png,22167521595392_0fhrs5bzkoa6bdmfpbz1rkmkwj9x.pdf,5,pdf,2339,1654,6fc728d4a3a5f8adfd971c307c29d3d262e9dc157f8eb5096294f27ff0314185,0.362134,,keep,,yes
images/22167521595392-0fhrs5bzkoa6bdmfpbz1rkmkwj9x__p006.png,22167521595392_0fhrs5bzkoa6bdmfpbz1rkmkwj9x.pdf,6,pdf,2339,1654,b03762ef1aa1bc49a38c880c7068742e2709a839314008071dc75d83512f74e9,0.361424,,keep,,yes
images/22167521595392-0fhrs5bzkoa6bdmfpbz1rkmkwj9x__p007.png,22167521595392_0fhrs5bzkoa6bdmfpbz1rkmkwj9x.pdf,7,pdf,2339,1654,716ef7a95861c381b922f8b689bfc7ded7cfd91554a9fcf18473434376f3cac0,0.362678,,keep,,yes
images/22167521595392-0fhrs5bzkoa6bdmfpbz1rkmkwj9x__p008.png,22167521595392_0fhrs5bzkoa6bdmfpbz1rkmkwj9x.pdf,8,pdf,2339,1654,2c7a7f7f8634eddf4e58e3bf4cb6e516d7006707a02d18373edb82ebfc29ef1e,0.361624,,keep,,yes
images/22167521595392-0fhrs5bzkoa6bdmfpbz1rkmkwj9x__p009.png,22167521595392_0fhrs5bzkoa6bdmfpbz1rkmkwj9x.pdf,9,pdf,2339,1654,1da402cce10b628538410a21f2953a59409a55d29d92e7b3d532365566e55d84,0.362752,,keep,,yes
images/22167521595392-0fhrs5bzkoa6bdmfpbz1rkmkwj9x__p010.png,22167521595392_0fhrs5bzkoa6bdmfpbz1rkmkwj9x.pdf,10,pdf,2339,1654,52c1e975b7b6ee00761d0ba1921715e26581644315a22f52591a057047d30699,0.363014,,keep,,yes
images/22167521595392-0fhrs5bzkoa6bdmfpbz1rkmkwj9x__p011.png,22167521595392_0fhrs5bzkoa6bdmfpbz1rkmkwj9x.pdf,11,pdf,2339,1654,62be4a41f231f282d686d0708892669686e6c7dfbe49b23ea7f22b392451392b,0.360468,,keep,,yes
images/22167521595392-0fhrs5bzkoa6bdmfpbz1rkmkwj9x__p012.png,22167521595392_0fhrs5bzkoa6bdmfpbz1rkmkwj9x.pdf,12,pdf,2339,1654,a5d75ee36a47ae4038bcdab6a823564ea561a6f1a0adc9ca47d3e530d3a15c1e,0.355810,,keep,,yes
images/22167521595392-0fhrs5bzkoa6bdmfpbz1rkmkwj9x__p013.png,22167521595392_0fhrs5bzkoa6bdmfpbz1rkmkwj9x.pdf,13,pdf,2339,1654,9086e0fc48e11b478391c4146e50d966d4afe3d4e7830d01c06ad2fe0b4dcba7,0.342049,,keep,,yes
images/22167521595392-0fhrs5bzkoa6bdmfpbz1rkmkwj9x__p014.png,22167521595392_0fhrs5bzkoa6bdmfpbz1rkmkwj9x.pdf,14,pdf,2339,1654,b710d4cd2ac0bf98f5a1730f565e0f9efb33f495195cae3f93b8965aa32b0d29,0.306687,,keep,,yes
images/22167521595392-0fhrs5bzkoa6bdmfpbz1rkmkwj9x__p015.png,22167521595392_0fhrs5bzkoa6bdmfpbz1rkmkwj9x.pdf,15,pdf,2339,1654,2d46f65b73c2ad2ea455b517edb16f5088d945ee2be2fb8477bd9f1d840a5fe8,0.061756,dup_010,review,exact_duplicate,yes
images/22167521599488-xwbi170bzy6yc2rxg1qjyy5pwbca__p001.png,22167521599488_xwbi170bzy6yc2rxg1qjyy5pwbca.pdf,1,pdf,2339,1654,b628e5f82b9307c41d9302bb0c9b0f24c773e32c749aaa9463f571e004126209,0.350616,,keep,,yes
images/22167521599488-xwbi170bzy6yc2rxg1qjyy5pwbca__p002.png,22167521599488_xwbi170bzy6yc2rxg1qjyy5pwbca.pdf,2,pdf,2339,1654,f38e68d5c872ecf5b6819b0425d33ef6f1042dfbe9e4374b54006fab09af663d,0.360018,,keep,,yes
images/22167521599488-xwbi170bzy6yc2rxg1qjyy5pwbca__p003.png,22167521599488_xwbi170bzy6yc2rxg1qjyy5pwbca.pdf,3,pdf,2339,1654,087edde9a141c4839024bcdf0e0a9c65cada4a883af2f9beb36390e10a71d5e8,0.359088,,keep,,yes
images/22167521599488-xwbi170bzy6yc2rxg1qjyy5pwbca__p004.png,22167521599488_xwbi170bzy6yc2rxg1qjyy5pwbca.pdf,4,pdf,2339,1654,4ec864a9067c4773b419389a0b6575dabcf510dd15412b33138ebdac2882b9a3,0.362392,,keep,,yes
images/22167521599488-xwbi170bzy6yc2rxg1qjyy5pwbca__p005.png,22167521599488_xwbi170bzy6yc2rxg1qjyy5pwbca.pdf,5,pdf,2339,1654,6c0c352cc3733a3ed239f56f829e4c248ed67cfa0f22038ed00da32bd658690a,0.362018,,keep,,yes
images/22167521599488-xwbi170bzy6yc2rxg1qjyy5pwbca__p006.png,22167521599488_xwbi170bzy6yc2rxg1qjyy5pwbca.pdf,6,pdf,2339,1654,451d10c64f636df9e666830e7584ebc4b87235b60739fd9319d4d24e615705fd,0.362146,,keep,,yes
images/22167521599488-xwbi170bzy6yc2rxg1qjyy5pwbca__p007.png,22167521599488_xwbi170bzy6yc2rxg1qjyy5pwbca.pdf,7,pdf,2339,1654,54d7622b9685ef92ba8c7592d530ee377757a11d08908fa1f0f7a0c189fb6b87,0.362313,,keep,,yes
images/22167521599488-xwbi170bzy6yc2rxg1qjyy5pwbca__p008.png,22167521599488_xwbi170bzy6yc2rxg1qjyy5pwbca.pdf,8,pdf,2339,1654,cc82017cfefa6b4501a9dac530c864e4c0c1092c7dbf93934d5b4627ba04b283,0.361618,,keep,,yes
images/22167521599488-xwbi170bzy6yc2rxg1qjyy5pwbca__p009.png,22167521599488_xwbi170bzy6yc2rxg1qjyy5pwbca.pdf,9,pdf,2339,1654,f912ec9877274445c3aea92c5bc464c0341298bb4f4208809b0d8da840e7ea17,0.363689,,keep,,yes
images/22167521599488-xwbi170bzy6yc2rxg1qjyy5pwbca__p010.png,22167521599488_xwbi170bzy6yc2rxg1qjyy5pwbca.pdf,10,pdf,2339,1654,c3b8a31d4c05e0762ad3c2e1d7433b2e14b57f7a19ae9c13b0fff0fa353b29f5,0.361645,,keep,,yes
images/22167521599488-xwbi170bzy6yc2rxg1qjyy5pwbca__p011.png,22167521599488_xwbi170bzy6yc2rxg1qjyy5pwbca.pdf,11,pdf,2339,1654,eb7541ffbe2811edadf9beede2fb8b57dccb7937371f52e0e9ef34fd3661abd9,0.361396,,keep,,yes
images/22167521599488-xwbi170bzy6yc2rxg1qjyy5pwbca__p012.png,22167521599488_xwbi170bzy6yc2rxg1qjyy5pwbca.pdf,12,pdf,2339,1654,707890d7f85f9803f329fdf44555da23241459362086b837744eeb3a5a3eab8e,0.362346,,keep,,yes
images/22167521599488-xwbi170bzy6yc2rxg1qjyy5pwbca__p013.png,22167521599488_xwbi170bzy6yc2rxg1qjyy5pwbca.pdf,13,pdf,2339,1654,1495202c7ef89027cffab79415bd69ac80c40c241137f867c0deea0673e14ce0,0.357172,,keep,,yes
images/22167521599488-xwbi170bzy6yc2rxg1qjyy5pwbca__p014.png,22167521599488_xwbi170bzy6yc2rxg1qjyy5pwbca.pdf,14,pdf,2339,1654,20bb75d14e9451e93431f4b28ba6c694479deb2058e1a914cecd4a605feba96b,0.361245,,keep,,yes
images/22167521599488-xwbi170bzy6yc2rxg1qjyy5pwbca__p015.png,22167521599488_xwbi170bzy6yc2rxg1qjyy5pwbca.pdf,15,pdf,2339,1654,ff6ba0eaa10cda74e78e1c546f168e8a8f00be7309391177236fee512b3ea752,0.342183,,keep,,yes
images/22167521599488-xwbi170bzy6yc2rxg1qjyy5pwbca__p016.png,22167521599488_xwbi170bzy6yc2rxg1qjyy5pwbca.pdf,16,pdf,2339,1654,f7d0176e13e8dbec882a2316c9273e1bc55b90c7f892c25edbde83d86e1109bf,0.341624,,keep,,yes
images/22167521599488-xwbi170bzy6yc2rxg1qjyy5pwbca__p017.png,22167521599488_xwbi170bzy6yc2rxg1qjyy5pwbca.pdf,17,pdf,2339,1654,e5cf354298ee454d8221ffb18eeafea2aa26f44aa5a894726f712f6c5d39f707,0.300062,,keep,,yes
images/22167521599488-xwbi170bzy6yc2rxg1qjyy5pwbca__p018.png,22167521599488_xwbi170bzy6yc2rxg1qjyy5pwbca.pdf,18,pdf,2339,1654,2d46f65b73c2ad2ea455b517edb16f5088d945ee2be2fb8477bd9f1d840a5fe8,0.061756,dup_010,review,exact_duplicate,yes
images/22209403236352-uom1ps1ciizliewvk6j8e065smh4__p001.png,22209403236352_uom1ps1ciizliewvk6j8e065smh4.pdf,1,pdf,1653,2339,fd2c23b6a70f3ee78932c8f00c352202d700419029042e54a72d94d9fdfe6286,0.019304,,keep,,yes
images/22223338348544-umfg9ijex35czespvdgap9k9edin__p001.png,22223338348544_umfg9ijex35czespvdgap9k9edin.pdf,1,pdf,1652,2340,c4edb67cb049b5ff0a2f965ae6fffcfa7a896e173d24597c32f0d338a3153bdd,0.084210,,keep,,yes
images/22223338348544-umfg9ijex35czespvdgap9k9edin__p002.png,22223338348544_umfg9ijex35czespvdgap9k9edin.pdf,2,pdf,1654,2339,edf7ae3afd1eeb8ca04a928627bcb5c18190150926fe36f5a1aac99dd120eb75,0.013994,,keep,,yes
images/22223338352640-4me7t0izfzbff2id6iwnemn0cnhn__p001.png,22223338352640_4me7t0izfzbff2id6iwnemn0cnhn.pdf,1,pdf,1661,2345,27292fbe5b1a236e39e89466bfc434fd72b3cffccad8dee593567b53ec15c637,0.097310,,keep,,yes
images/22223338352640-4me7t0izfzbff2id6iwnemn0cnhn__p002.png,22223338352640_4me7t0izfzbff2id6iwnemn0cnhn.pdf,2,pdf,1661,2345,0146b162185e14414d79d388475ec04476ca0e4b6215fface1119b3443b35873,0.020128,,keep,,yes
images/22223338356736-o5wlwqqrlotrgen74stksiuy5i9e__p001.png,22223338356736_o5wlwqqrlotrgen74stksiuy5i9e.pdf,1,pdf,1655,2345,f90bc637eb531e69548b16a0e19bac8ef99e1a91ad44dbf9737edcac0042e378,0.083084,,keep,,yes
images/22223338356736-o5wlwqqrlotrgen74stksiuy5i9e__p002.png,22223338356736_o5wlwqqrlotrgen74stksiuy5i9e.pdf,2,pdf,1657,2345,825a11a6aa3cd1016cbf7c0f7313bf5526855a27b39d080cb151b3a1c7274716,0.016370,,keep,,yes
images/22223338360832-0rlg4gv07jlbyc3sos7p0s81dby6__p001.png,22223338360832_0rlg4gv07jlbyc3sos7p0s81dby6.pdf,1,pdf,1652,2343,4a1f8831c7460855b046d2d90af4b2caa38a15e8cad5e465777cd8f6c1042ba0,0.095505,,keep,,yes
images/22223338360832-0rlg4gv07jlbyc3sos7p0s81dby6__p002.png,22223338360832_0rlg4gv07jlbyc3sos7p0s81dby6.pdf,2,pdf,1654,2343,54776b94f3bea481bf8a4ac615fb41df77e24904a1be05b9b98babacbf7118e2,0.035254,,keep,,yes
images/22223338364928-2b0j28e5y2fvmms68lobm0zqzm97__p001.png,22223338364928_2b0j28e5y2fvmms68lobm0zqzm97.pdf,1,pdf,1648,2342,317075629cd1bbc02750076c912a6d5bd9467cd23ad13c7221625c98dcaac0d7,0.097133,,keep,,yes
images/22223338364928-2b0j28e5y2fvmms68lobm0zqzm97__p002.png,22223338364928_2b0j28e5y2fvmms68lobm0zqzm97.pdf,2,pdf,1648,2343,1dc2b61f50d3f8c98b15fcc75fd98d2abe98ee502e73c08f5bb74378f4796260,0.037723,,keep,,yes
images/22223338369024-d4tnjpisp8rq90fn5f62r4twa3p0__p001.png,22223338369024_d4tnjpisp8rq90fn5f62r4twa3p0.pdf,1,pdf,1658,2337,b00895030ea79336c25f4fbd6ce0b434acac49601ea3b6c95637cb5e4fb26b36,0.084020,,keep,,yes
images/22223338369024-d4tnjpisp8rq90fn5f62r4twa3p0__p002.png,22223338369024_d4tnjpisp8rq90fn5f62r4twa3p0.pdf,2,pdf,1660,2336,84ca914e353aa7cf808f787f9fd8f5a8c77bdb96d932e0d3d5c3dc9ee8a739b0,0.028499,,keep,,yes
images/22223338373120-sc1ta99c6a9jbd35bdwgez6o0jf9__p001.png,22223338373120_sc1ta99c6a9jbd35bdwgez6o0jf9.pdf,1,pdf,1652,2342,4d69527069c2a77d1ea1d07704ea341f9d69e448b824453756387628478d37a6,0.086406,,keep,,yes
images/22223338373120-sc1ta99c6a9jbd35bdwgez6o0jf9__p002.png,22223338373120_sc1ta99c6a9jbd35bdwgez6o0jf9.pdf,2,pdf,1652,2343,f28e61438e5312c04d445ff660b898e1c656507445745f981391c215e6b5b20f,0.014333,,keep,,yes
images/22223338377216-z8t6g18kjrhm361xnwwppor9am1u__p001.png,22223338377216_z8t6g18kjrhm361xnwwppor9am1u.pdf,1,pdf,1650,2343,986ae6ee8c6878d00ca5551b5b47007986a9e3e648fb6a36738794543a6b25b6,0.081185,,keep,,yes
images/22223338377216-z8t6g18kjrhm361xnwwppor9am1u__p002.png,22223338377216_z8t6g18kjrhm361xnwwppor9am1u.pdf,2,pdf,1650,2343,a64c8172f2da69816c44fc316aabe4c82d18bf6ddb221e8962ee4ff2b4f39ada,0.014981,,keep,,yes
images/22223338381312-yi17ngio3sjgnx8wssl99gccdxu9__p001.png,22223338381312_yi17ngio3sjgnx8wssl99gccdxu9.pdf,1,pdf,1650,2343,6ec62aa29fdd2e5ad82a64318a127d2c0c54d2969c15b931f896b403de126f77,0.083974,,keep,,yes
images/22223338381312-yi17ngio3sjgnx8wssl99gccdxu9__p002.png,22223338381312_yi17ngio3sjgnx8wssl99gccdxu9.pdf,2,pdf,1652,2342,38d619b5a3e6d6a4492fdc766dbe29dec66cb6b07edfad07aae060f789345199,0.013718,,keep,,yes
images/22223338389504-xfi6x6yhs4nyeg60pzvel13wtdyt__p001.png,22223338389504_xfi6x6yhs4nyeg60pzvel13wtdyt.pdf,1,pdf,1657,2339,76f1f3c99b46e3672968d3663cad5ed92a6d9bf89efc18d368e774b64b3e2fc5,0.087018,,keep,,yes
images/22223338389504-xfi6x6yhs4nyeg60pzvel13wtdyt__p002.png,22223338389504_xfi6x6yhs4nyeg60pzvel13wtdyt.pdf,2,pdf,1655,2337,70f36a45f0915e68820ab8822571052bc38acf5629890bc6fb6951e027b0fd9a,0.014827,,keep,,yes
images/22223338393600-u1y0az2u07hfuz3il0j3ho6xyh08__p001.png,22223338393600_u1y0az2u07hfuz3il0j3ho6xyh08.pdf,1,pdf,1652,2337,97fa97d55d550d52d998926407a01c58922671ac0d42183fa5b65ee01ef2c839,0.083043,,keep,,yes
images/22223338393600-u1y0az2u07hfuz3il0j3ho6xyh08__p002.png,22223338393600_u1y0az2u07hfuz3il0j3ho6xyh08.pdf,2,pdf,1650,2337,54aabbd2fb473350d8edb6b28c2b04b6edd2c9fa0ae894a72ff8242046780559,0.013926,,keep,,yes
images/22234695016448-1lb6d75v7qeq7x7m4ztunkvlu2nw__p001.png,22234695016448_1lb6d75v7qeq7x7m4ztunkvlu2nw.pdf,1,pdf,1654,2339,8a726e282ef3064bc4b38979cca612ff25daafcccb6de486730b74af4ba2e85f,0.305027,,keep,,yes
images/22234695213056-sp8of67lfpqirj6jqcykacm5bmdd__p001.png,22234695213056_sp8of67lfpqirj6jqcykacm5bmdd.pdf,1,pdf,1654,2339,536101b9820a76805e4fa2380c4097509afb6270fad611425b2d0784acf1784a,0.307426,,keep,,yes
images/22234695335936-jnbhrotuw1423phg1tp300rjubig__p001.png,22234695335936_jnbhrotuw1423phg1tp300rjubig.pdf,1,pdf,1654,2339,b81562108ea431dec9593d30d00a00fa7aa16c5dc7b7749101f2c272170529cf,0.304295,,keep,,yes
images/22234695983104-q9v7o7px3r2btci8us83c7tfbup2__p001.png,22234695983104_q9v7o7px3r2btci8us83c7tfbup2.pdf,1,pdf,1654,2339,fa18b2f54987efc6388e267529871859644c6b986beecd15337a3a2a5485c66d,0.304905,,keep,,yes
images/22234696052736-a6zb0yb6qqwz612kd8lowdvc7d7z__p001.png,22234696052736_a6zb0yb6qqwz612kd8lowdvc7d7z.pdf,1,pdf,1654,2339,891c9e685c47f44e424576a1cc3d0e8d51d8850de0b9f06919ff8b25084935b2,0.315527,,keep,,yes
images/22234696052736-a6zb0yb6qqwz612kd8lowdvc7d7z__p002.png,22234696052736_a6zb0yb6qqwz612kd8lowdvc7d7z.pdf,2,pdf,1654,2339,83a944db539a712a7aad723e13def98cc163cd97c9379477ee68e4dfaa78b1a0,0.306957,,keep,,yes
images/22234696138752-coc75jwkd9cvwnpsj7sck9lwqteo__p001.png,22234696138752_coc75jwkd9cvwnpsj7sck9lwqteo.pdf,1,pdf,1654,2339,bc04b079cc92a82f4768e702ca9d2104e1465245a49bcd3bb644767745de9fb8,0.290232,,keep,,yes
images/22234696175616-lvvn9hdig3bws2civdmi4clzvb4e__p001.png,22234696175616_lvvn9hdig3bws2civdmi4clzvb4e.pdf,1,pdf,1654,2339,033dfd2e08ac2d397804eee58757bae9b6b2ceac8715082074a083494da1fd89,0.298745,,keep,,yes
images/22234696232960-4qz3zdupfpdp95hwnbu1f97mawav__p001.png,22234696232960_4qz3zdupfpdp95hwnbu1f97mawav.pdf,1,pdf,1654,2339,01a6a6d6745a608ffe3aa982dcbdec7425f1d0c4f937dda1f6ccdbdca8cf84b1,0.307156,,keep,,yes
images/22234696245248-dmgtkyz5yfm6pquajudecyqg7qcy__p001.png,22234696245248_dmgtkyz5yfm6pquajudecyqg7qcy.pdf,1,pdf,1654,2339,745ba797f76ad338a006b703d727743571f56f545cb78619b01721698297703a,0.308871,,keep,,yes
images/22234696269824-pja4b3m6oq4gf7k2hzvyl3rnjpla__p001.png,22234696269824_pja4b3m6oq4gf7k2hzvyl3rnjpla.pdf,1,pdf,1654,2339,4e3c342cad8b8e6e9f51dfd0450d1d63629409eb32a231f530a9bad6e9468d38,0.312507,,keep,,yes
images/22234696380416-ozzqxstoi96t7fhlgshqpku984gv__p001.png,22234696380416_ozzqxstoi96t7fhlgshqpku984gv.pdf,1,pdf,1654,2339,669bb07825663dfe1372bdb4b771f4d353f22f9b5158983dfe3c607ead70d7f5,0.314496,,keep,,yes
images/22234696380416-ozzqxstoi96t7fhlgshqpku984gv__p002.png,22234696380416_ozzqxstoi96t7fhlgshqpku984gv.pdf,2,pdf,1654,2339,94eb71359477ae686e5db124594249e9952173dd80cd7fed70e2d5acc281a5c7,0.302456,,keep,,yes
images/22234696450048-fhz1v514tt74p2yi7z5szzd7k2ql__p001.png,22234696450048_fhz1v514tt74p2yi7z5szzd7k2ql.pdf,1,pdf,1654,2339,9dbc3fc304131f61793b3688e032aefa419ac52392dc06f8b703d068483643af,0.297604,,keep,,yes
images/22234696482816-eoqcpdptr9xobjkevolfdvcg0xud__p001.png,22234696482816_eoqcpdptr9xobjkevolfdvcg0xud.pdf,1,pdf,1654,2339,8b2b8499e4ace18289217780c38280225f174d597a4ec528e80652b98f7c1bd3,0.304826,,keep,,yes
images/22234696519680-vg9v59uh1f8ut2lb8sd2r2yg4e03__p001.png,22234696519680_vg9v59uh1f8ut2lb8sd2r2yg4e03.pdf,1,pdf,1654,2339,afe274d4f448720ae87d5e061969da80ad8a8c3fcba32f91c7f90ded413a461d,0.308182,,keep,,yes
images/22234697150464-6ywi55q89q62twek2cmhkbzqk11z__p001.png,22234697150464_6ywi55q89q62twek2cmhkbzqk11z.pdf,1,pdf,1654,2339,e771faa53af0cbd61171bfc55b0e252297bd4c95120addd3a3330c9d2aa40d82,0.302407,,keep,,yes
images/22234697842688-0dkiu6f0n83yr3zmwse6azc4geko__p001.png,22234697842688_0dkiu6f0n83yr3zmwse6azc4geko.pdf,1,pdf,1654,2339,9819354794cc370a2931fc38cce997f502c4867fb43fb745fd0489d054b11acd,0.303901,,keep,,yes
images/22234697920512-yc80nuj7790nadj3s2afk54gmafx__p001.png,22234697920512_yc80nuj7790nadj3s2afk54gmafx.pdf,1,pdf,1654,2339,29766a93655451e51c56598ef73911a32ab9b8f85e303aa6b9d6465200678a90,0.301605,,keep,,yes
images/22234697998336-hmu0wbrzkdo3yy165n3yspc802x7__p001.png,22234697998336_hmu0wbrzkdo3yy165n3yspc802x7.pdf,1,pdf,1654,2339,eb3020ae8d7493b190cb3b8f89b2d3bce07f0ce76f5d9025567d2a0d09128a33,0.313423,,keep,,yes
images/22234698158080-wio5179nsq5jczsra3z97r5gwyjf__p001.png,22234698158080_wio5179nsq5jczsra3z97r5gwyjf.pdf,1,pdf,1654,2339,defb302ddb880565530b3e9a66c7a4c6cefcea55fcfa18fa9f5e2e3473d27544,0.302673,,keep,,yes
images/22234699546624-ud8939o1ckdccmxghi4nj1doyscg__p001.png,22234699546624_ud8939o1ckdccmxghi4nj1doyscg.pdf,1,pdf,1654,2339,ef0d5e5d7255806d1269507be20339e61c3d8c9d39323d28b39a99a1ed9570b8,0.313345,,keep,,yes
images/22234699546624-ud8939o1ckdccmxghi4nj1doyscg__p002.png,22234699546624_ud8939o1ckdccmxghi4nj1doyscg.pdf,2,pdf,1654,2339,6fb8ffa56ed44c00c79d33892e8aba3df35c607ed01c38b608c49ffedc048514,0.297621,,keep,,yes
images/22234699730944-y4w6fcxmjm7of2ebz3422pxp82rf__p001.png,22234699730944_y4w6fcxmjm7of2ebz3422pxp82rf.pdf,1,pdf,1654,2339,adf9b365b25d7efbb5bddb7cd15a70f7fa5cfc567d00132ccf684091e344125f,0.313349,,keep,,yes
images/22234699730944-y4w6fcxmjm7of2ebz3422pxp82rf__p002.png,22234699730944_y4w6fcxmjm7of2ebz3422pxp82rf.pdf,2,pdf,1654,2339,7b5fb5970512c1ebb5355c22488d736f89899e40bd1c19388af9d623a1626635,0.298650,,keep,,yes
images/22234700251136-br2d9mbtcurpj4pr6gavsd9vobq1__p001.png,22234700251136_br2d9mbtcurpj4pr6gavsd9vobq1.pdf,1,pdf,1654,2339,92f3b9b6523cb3a53c6c4cfce5328bc164b873f6554a5abf3784a69f543b7453,0.313571,,keep,,yes
images/22234700251136-br2d9mbtcurpj4pr6gavsd9vobq1__p002.png,22234700251136_br2d9mbtcurpj4pr6gavsd9vobq1.pdf,2,pdf,1654,2339,21adda93c6e6ca8f0657c5509709c871f53ee36830430f74cad9f698c0af77e3,0.284505,,keep,,yes
images/22234700275712-uzcrfd0a1mwplr2t0itqoc5a6mie__p001.png,22234700275712_uzcrfd0a1mwplr2t0itqoc5a6mie.pdf,1,pdf,1654,2339,5184b7f9d9a76c1bb54475ba25934dbea08cc18a9b484b07f2f99f454ece830a,0.302742,,keep,,yes
images/22234700341248-ckscrlxa4p1ovrxp4ue0wkeippwj__p001.png,22234700341248_ckscrlxa4p1ovrxp4ue0wkeippwj.pdf,1,pdf,1654,2339,171fb3fbe589952d9f1007a760d267e0a6816f892c277f8c4fe93cff6424f0dd,0.314434,,keep,,yes
images/22234700341248-ckscrlxa4p1ovrxp4ue0wkeippwj__p002.png,22234700341248_ckscrlxa4p1ovrxp4ue0wkeippwj.pdf,2,pdf,1654,2339,0bf1cabff2bed8617f4e03e926da021f28ab1a3b99a304bf485c834eb3f322b4,0.299288,,keep,,yes
images/22234700382208-0f9e713vq2d0et3pxjhffsrszgos__p001.png,22234700382208_0f9e713vq2d0et3pxjhffsrszgos.pdf,1,pdf,1654,2339,b144c2568a892d773edb3ffe79a2cacc59cfb15b65bdcf86dbf5d22ce28e3ebf,0.304576,,keep,,yes
images/22234700509184-j90hsljcv3a3vkl7to04lkyq1r4u__p001.png,22234700509184_j90hsljcv3a3vkl7to04lkyq1r4u.pdf,1,pdf,1654,2339,af56204a6aa6cd37c6e06d27bb1bbcbf7962bdd3b4bfcc45d1f16d1783b5e823,0.307645,,keep,,yes
images/22234700734464-ha1soi1lixncw6wn4juazzw3d49b__p001.png,22234700734464_ha1soi1lixncw6wn4juazzw3d49b.pdf,1,pdf,1654,2339,e769c3c34c9da627859ea6966bfff364f6bdbdb7f34763aba0e45d2cfa366668,0.313634,,keep,,yes
images/22234700836864-8owj8wsuk2oebn4ugvryzsn6nyqp__p001.png,22234700836864_8owj8wsuk2oebn4ugvryzsn6nyqp.pdf,1,pdf,1654,2339,7b41aca1d926d812b173fdb8f2fb1dfa1e0566f533c07dafd12257da717a85a5,0.305079,,keep,,yes
images/22234701168640-c68q8163l0mltq1xpu252e5a8z20__p001.png,22234701168640_c68q8163l0mltq1xpu252e5a8z20.pdf,1,pdf,1654,2339,7c1d0eb7d26534296c3282a58103756b6a85fb195e36bd642569e33687b6dd11,0.313765,,keep,,yes
images/22234701168640-c68q8163l0mltq1xpu252e5a8z20__p002.png,22234701168640_c68q8163l0mltq1xpu252e5a8z20.pdf,2,pdf,1654,2339,223664032b4bf09253c707cb2f9ef51fd927c05ed096bd1c4bb3e2513b6bd3d1,0.294719,,keep,,yes
images/22234701262848-pfx3pugvadhzex0y1wwhl3ojmmov__p001.png,22234701262848_pfx3pugvadhzex0y1wwhl3ojmmov.pdf,1,pdf,1654,2339,cc7f9440fdef8f720190bfe6ad477bfefbc81fd31d5453461c2a9cfc32b6437b,0.304703,,keep,,yes
images/22234701422592-hin5sssd2v7pk2vmxpifzebm7w5z__p001.png,22234701422592_hin5sssd2v7pk2vmxpifzebm7w5z.pdf,1,pdf,1654,2339,3544745fb8c0b5e5c7d2c0bee25b898be56a9b69401ac23783753583aa855500,0.305193,,keep,,yes
images/22234701500416-ovtphuioie8kz8kbb1nohw3lesry__p001.png,22234701500416_ovtphuioie8kz8kbb1nohw3lesry.pdf,1,pdf,1654,2339,23e9cae3362ae36b3bf68b30ec8e666cc0e24e6c68102ce6796a91454b2d70f6,0.306599,,keep,,yes
images/22234701533184-0n625w9y6klf4dn7lq1qkm5mn34x__p001.png,22234701533184_0n625w9y6klf4dn7lq1qkm5mn34x.pdf,1,pdf,1654,2339,eda97b40ba7a90faa63ca2ae569a9ec238807f9deeb6e09a61407e4f2a2651ed,0.301520,,keep,,yes
images/22234701557760-kf945xz9dmuyi2m5yu3lyho0pg8n__p001.png,22234701557760_kf945xz9dmuyi2m5yu3lyho0pg8n.pdf,1,pdf,1654,2339,8bf7c36a762eca3eb2ac55b8432260df4f908986a3e528e48ca3f0c8ad9f8334,0.313141,,keep,,yes
images/22234701557760-kf945xz9dmuyi2m5yu3lyho0pg8n__p002.png,22234701557760_kf945xz9dmuyi2m5yu3lyho0pg8n.pdf,2,pdf,1654,2339,bd0845eddeacc0e99410f41d3d117a50f072bf60a415b01169d17b53441434bb,0.303724,,keep,,yes
images/22234701811712-07xr55tbt5l1hmeozz9zesra9xpf__p001.png,22234701811712_07xr55tbt5l1hmeozz9zesra9xpf.pdf,1,pdf,1654,2339,1e7ce67f46afa351b64210d128177de3c98ee8429140c982e467f97c96712b2e,0.305333,,keep,,yes
images/22234702000128-gtlojfwc1c3abr3gvs27ipdom981__p001.png,22234702000128_gtlojfwc1c3abr3gvs27ipdom981.pdf,1,pdf,1654,2339,49e27121e951ac83ba9ea7fc8218c1847efe956975a77ca531904b3002de2031,0.309192,,keep,,yes
images/22234702077952-pdfp7l45rdh8y3kvrzc1z7xxnkik__p001.png,22234702077952_pdfp7l45rdh8y3kvrzc1z7xxnkik.pdf,1,pdf,1654,2339,baac70cfba728ba0935b585e599e1fdf75ad9c6e89137c891a9a1cb8111771c9,0.310849,,keep,,yes
images/22234702147584-21e9nwf51zze8h9x1qs8j93oo6jp__p001.png,22234702147584_21e9nwf51zze8h9x1qs8j93oo6jp.pdf,1,pdf,1654,2339,c61efa5fc852e2f444d1387da19fa989d6d55383cdc0782d9d3523ee0e645314,0.299659,,keep,,yes
images/22234702295040-4vwtvnh75qha3aj2xlkwf9a7v017__p001.png,22234702295040_4vwtvnh75qha3aj2xlkwf9a7v017.pdf,1,pdf,1654,2339,801961b682fa58a4864b43ff4b74aae33215bb7a1b1ca091f443e1cbd1a8065f,0.314080,,keep,,yes
images/22234702295040-4vwtvnh75qha3aj2xlkwf9a7v017__p002.png,22234702295040_4vwtvnh75qha3aj2xlkwf9a7v017.pdf,2,pdf,1654,2339,eedcbfc83d0a7995bb1a8b79b2166ddb666056fd02806d7484ce7419dea311d9,0.292462,,keep,,yes
images/22234702798848-1e5bhj969jpkgokklnngb4swtrhr__p001.png,22234702798848_1e5bhj969jpkgokklnngb4swtrhr.pdf,1,pdf,1654,2339,7b8661f79f6df9f575dfc873fbdef54d95e11e693ddd03890f760ed509d74d2a,0.302706,,keep,,yes
images/22234703638528-5ogdi30sbep8nlv9zgced2d0zz3c__p001.png,22234703638528_5ogdi30sbep8nlv9zgced2d0zz3c.pdf,1,pdf,1654,2339,01d340ebe6408f0bf4c7beccdc28224ed261e0f7409b7fa4fa59cb42d5d39c50,0.314328,,keep,,yes
images/22234703638528-5ogdi30sbep8nlv9zgced2d0zz3c__p002.png,22234703638528_5ogdi30sbep8nlv9zgced2d0zz3c.pdf,2,pdf,1654,2339,6d79deaa9fc914533d144d2f0165a3f10bbd2a204a3847e96c9a89cdd8f759e8,0.281938,,keep,,yes
images/22234704207872-o9fjdk13weq887kc06kwlnpb3whs__p001.png,22234704207872_o9fjdk13weq887kc06kwlnpb3whs.pdf,1,pdf,1654,2339,ce72c9717151af7945e6201f4ecf7b8badaba57eb689b626ecf651727ab9462e,0.306651,,keep,,yes
images/22237102219264-5i6akspfn8htnu2k3jxi6ov5ik3y__p001.png,22237102219264_5i6akspfn8htnu2k3jxi6ov5ik3y.pdf,1,pdf,1650,2338,2e08bd2cc8ba7ba3113d7a428b36d6afb65525333a5f67d08d775fa956cee578,0.083757,,keep,,yes
images/22237102219264-5i6akspfn8htnu2k3jxi6ov5ik3y__p002.png,22237102219264_5i6akspfn8htnu2k3jxi6ov5ik3y.pdf,2,pdf,1652,2339,ba14bfb7205a029a2f06fb69d318dd3c5fbf19f7e7392208dc015df329d8a6a0,0.014909,,keep,,yes
images/22513734762496-qco1c7r682aqp3snk6qp5l4i1p5f__p001.png,22513734762496_qco1c7r682aqp3snk6qp5l4i1p5f.pdf,1,pdf,1653,2339,adaceb3a237ce0a0d9c739efb8c1df07502e16d84a9a55934766469a36d68978,0.221295,,keep,,yes
images/22513734766592-ahi978bjxjkf348betid1g53ybvs__p001.png,22513734766592_ahi978bjxjkf348betid1g53ybvs.pdf,1,pdf,1653,2339,040e25760420f2387fc049b0155ff88705c715894f60ab41e7bdfa8b256506c4,0.219405,,keep,,yes
images/22513734774784-3mo79s08xrzgejx3pp38qj3ir4aq__p001.png,22513734774784_3mo79s08xrzgejx3pp38qj3ir4aq.pdf,1,pdf,1653,2339,79d4bb469d656dd6ee0cd89fd10f9573d698afe9eefadddd447b64617c83e580,0.198266,,keep,,yes
images/22513734778880-df5drnmdwlm8akpzspzb4c6pffd2__p001.png,22513734778880_df5drnmdwlm8akpzspzb4c6pffd2.pdf,1,pdf,1653,2339,a9632ec891e9222183344e2b1acc0f1d3d7b218551648289cc453bca5f1db7b2,0.205843,,keep,,yes
images/22513734782976-5qt9d7vldvkreuucompq4r5yv3j3__p001.png,22513734782976_5qt9d7vldvkreuucompq4r5yv3j3.pdf,1,pdf,1653,2339,d4d636fbe2271b66ae3233746d9d04a99b81beccc4e4556fc31c7b0835e25f42,0.208500,,keep,,yes
images/22513734787072-w17wzh49zzyc0xg2if7iq4qzf8dv__p001.png,22513734787072_w17wzh49zzyc0xg2if7iq4qzf8dv.pdf,1,pdf,1653,2339,1027a91ee9cd27a8f9d0cc8390e9b6c9e0b9c149242cad02f433027ff2480c83,0.212585,,keep,,yes
images/22513734791168-rths1dxwo9avtke4ssed4i70l81a__p001.png,22513734791168_rths1dxwo9avtke4ssed4i70l81a.pdf,1,pdf,1653,2339,d7942230f0cf0699226d6cae59d429a45a45a8953abac51fed476700dceeab36,0.217540,,keep,,yes
images/22513734795264-cl3aoy6n37dhv4kvcsge70kcwcth__p001.png,22513734795264_cl3aoy6n37dhv4kvcsge70kcwcth.pdf,1,pdf,1653,2339,611bb5eabc0720f90d60587b06a6fd5e961120d77e5289db3c796af2a3a3cfeb,0.200154,,keep,,yes
images/22513734799360-9ng9bcsvm3srbjk5eu6cyzi402r1__p001.png,22513734799360_9ng9bcsvm3srbjk5eu6cyzi402r1.pdf,1,pdf,1653,2339,4560c4f04f33d6f74c4cf8d03caa29276a58bd58c7ec9c16a9522862af17f735,0.219510,,keep,,yes
images/22513734807552-0977nkrd8ngoxdr4xz7f9slimw6r__p001.png,22513734807552_0977nkrd8ngoxdr4xz7f9slimw6r.pdf,1,pdf,1653,2339,39d2524faa3be564ae236f8df0cee0ff8f030c0292c93b323f68eedfc1c3b764,0.209675,,keep,,yes
images/22513734811648-u4b3q5qxvkd21ns0t545j9baidnu__p001.png,22513734811648_u4b3q5qxvkd21ns0t545j9baidnu.pdf,1,pdf,1653,2339,4b33a905d755c5600b3985653a0427550ba2c9ccf5da3d42faf43eec0543dcd1,0.210870,,keep,,yes
images/22513734815744-i6te1k7feq0y0c2cnnz7bfa1xzr2__p001.png,22513734815744_i6te1k7feq0y0c2cnnz7bfa1xzr2.pdf,1,pdf,1653,2339,91197f51d3810259d5ea50ec7ea57022ed82f85455f0255682ff113d87c6af45,0.219252,,keep,,yes
images/22513734819840-xkdoo6qpzb0q8js10e0gyr56t4ee__p001.png,22513734819840_xkdoo6qpzb0q8js10e0gyr56t4ee.pdf,1,pdf,1653,2339,21a1359a05544fc214b984746158f192e2d94968d85fbaf1f834676ac9d6819b,0.211640,,keep,,yes
images/22513734823936-47bxdvgfrjz3h5g4z6a8171jytsz__p001.png,22513734823936_47bxdvgfrjz3h5g4z6a8171jytsz.pdf,1,pdf,1653,2339,3007054f827b4d762b448f53f3559706041f65450ee55961796c0d1248ada480,0.208744,,keep,,yes
images/22513734828032-un1sk3jdufr8pwjczcwznpxts4pg__p001.png,22513734828032_un1sk3jdufr8pwjczcwznpxts4pg.pdf,1,pdf,1653,2339,cb9d5052f9eae4b3331c67ea438d395036df93a7db393a4b5739a5cf1d23bd0b,0.200289,,keep,,yes
images/22513734832128-sh5z8wlud82pedxxjx2mvztp87cn__p001.png,22513734832128_sh5z8wlud82pedxxjx2mvztp87cn.pdf,1,pdf,1653,2339,fb433510dabd78831e94cc0a8ecedb414beafbbacfa114fe7d6ecc8c214f7eb9,0.225940,,keep,,yes
images/22513734836224-opkvv957x5dw7lg4vogscojj8ry6__p001.png,22513734836224_opkvv957x5dw7lg4vogscojj8ry6.pdf,1,pdf,1653,2339,09468cc8d421ac7ef7e0fdc963fc71cad2298cee60343812272766af25af2afd,0.216760,,keep,,yes
images/22513734840320-1yz0tq7ekam1gll8gw55yb82f4jq__p001.png,22513734840320_1yz0tq7ekam1gll8gw55yb82f4jq.pdf,1,pdf,1653,2339,96d1ba7d3b05873c1c3736594277e84fb3fc926453dd9f40032e8eaa6365cd9f,0.206385,,keep,,yes
images/22513734844416-3nmzszvp4ga80mchh15rz4gj03wh__p001.png,22513734844416_3nmzszvp4ga80mchh15rz4gj03wh.pdf,1,pdf,1653,2339,5294a47f5093d3e3375b0a3f73e156ee4bc6979b1cb8b5745c96d9d50a74a792,0.199866,,keep,,yes
images/22513734848512-4sauqtgi0tntg6psdlczpakhogty__p001.png,22513734848512_4sauqtgi0tntg6psdlczpakhogty.pdf,1,pdf,1653,2339,2f3301484c5fa24bda5e4e9a062436c0eaa8fd3b80f92947fd4936522165dffa,0.202584,,keep,,yes
images/22513734852608-t1y2810hmqbsgnbsr1imoqllmm8l__p001.png,22513734852608_t1y2810hmqbsgnbsr1imoqllmm8l.pdf,1,pdf,1653,2339,df3495e688e93136a0a35f1d6161c7bd1478ca91238e6c23f679b2f8a9d67272,0.196458,,keep,,yes
images/22513734856704-bm2dq75gype3yp2z43yrv3wk9i6r__p001.png,22513734856704_bm2dq75gype3yp2z43yrv3wk9i6r.pdf,1,pdf,1653,2339,98d6e30761e975e48b5da81d0c998ef205b970b5760c7c2e5cce9872f0a090ad,0.194484,,keep,,yes
images/22513734860800-kry8g0fc2t171e3w51q1b9llzpvi__p001.png,22513734860800_kry8g0fc2t171e3w51q1b9llzpvi.pdf,1,pdf,1653,2339,263cc90a6640d1885e91c63cac399e60ccf005d1ffb1c9be6f0b232ca36e29ad,0.215102,,keep,,yes
images/22513734864896-ppjqbk3at2op2lydzveyh37bautk__p001.png,22513734864896_ppjqbk3at2op2lydzveyh37bautk.pdf,1,pdf,1653,2339,2c80fbade38c65bad4fedecfd5715694bb1f9ca2b1062d3e0d463f3e0b4d24f2,0.205217,,keep,,yes
images/22513734873088-7nz3a8ai365p0pt6zi2kns1liogw__p001.png,22513734873088_7nz3a8ai365p0pt6zi2kns1liogw.pdf,1,pdf,1653,2339,73156235645119a30450851cfbe15cd6fc17e4e1399d740f3840916a6f176a27,0.202336,,keep,,yes
images/22513734877184-nys64bpny7lme2eu1zyagcinebdc__p001.png,22513734877184_nys64bpny7lme2eu1zyagcinebdc.pdf,1,pdf,1653,2339,4482faed8966a949b46f08b6afa7ab64756971b5f676f6fcff1c9e081a9efe42,0.220544,,keep,,yes
images/22513734881280-5e6azqhjgcrlyamqxdtiwr61n969__p001.png,22513734881280_5e6azqhjgcrlyamqxdtiwr61n969.pdf,1,pdf,1653,2339,cc80a4b67e416b1c418d491000ae505b2432e0c45211e6c211ab78afc0fea383,0.204453,,keep,,yes
images/22513734885376-ifxplk15oi3kqlg9rfcjlvssdkth__p001.png,22513734885376_ifxplk15oi3kqlg9rfcjlvssdkth.pdf,1,pdf,1653,2339,06e67ae0f38acb4d3afb15035fc678dde133c76c145c91b658c3ef5fbcd061ff,0.208907,,keep,,yes
images/22513734889472-2b0m566hc8gl11c1v9c2sy36gal3__p001.png,22513734889472_2b0m566hc8gl11c1v9c2sy36gal3.pdf,1,pdf,1653,2339,fe64594f448aaf14f1861b7bee50031570216692a78f0f845887997558ef87e6,0.202036,,keep,,yes
images/22513734893568-sg6pv1jyrmcukpuv2tioljqksz5f__p001.png,22513734893568_sg6pv1jyrmcukpuv2tioljqksz5f.pdf,1,pdf,1653,2339,a2477ad57459b33126c15dc9ca41a204f462b9fd404f74600e0c9aeabaeadf4d,0.205042,,keep,,yes
images/22513734897664-yqhw2j3jwb5ap5wbe6046sx0xrlp__p001.png,22513734897664_yqhw2j3jwb5ap5wbe6046sx0xrlp.pdf,1,pdf,1653,2339,e6486354678eb98c09b9a350375355d1a27fbcecd9aa0e69968d8bda1f42c47d,0.223248,,keep,,yes
images/22513734901760-507tegf0k22kkugrbavu1955nt8t__p001.png,22513734901760_507tegf0k22kkugrbavu1955nt8t.pdf,1,pdf,1653,2339,f3a145a0cd8389028a8f7e5ba73970fd9007cb5a460cc9bae15a76f28db42899,0.208976,,keep,,yes
images/22513734905856-7ord478tb85zrg5tkhissxvcku4f__p001.png,22513734905856_7ord478tb85zrg5tkhissxvcku4f.pdf,1,pdf,1653,2339,6370298a3a6fe610a9e4567829822a384d7bbec5ac87e5b27f21ce04452057e5,0.207713,,keep,,yes
images/22513734909952-j5hxj17yb07qgpjzxr4tp0gq4zi2__p001.png,22513734909952_j5hxj17yb07qgpjzxr4tp0gq4zi2.pdf,1,pdf,1653,2339,30fb91d84c768f6e96290811ec0241d0b55daa0c3e1ba9d33ece0f6778b3edba,0.207118,,keep,,yes
images/22513734914048-1s6p80nxvo9yfo6a8fri399oh7rf__p001.png,22513734914048_1s6p80nxvo9yfo6a8fri399oh7rf.pdf,1,pdf,1653,2339,60784c4666113d2e744c5437f4fad22c3fc00c5ed666952d0ca7956e2daed057,0.205387,,keep,,yes
images/22513734918144-mh9u58pef1k486hgbv5c6xe6ng8b__p001.png,22513734918144_mh9u58pef1k486hgbv5c6xe6ng8b.pdf,1,pdf,1653,2339,8e1b41b15c8c7597f2b18c335098291009dc3d16f1c89bcb1b6cd878e111242d,0.202831,,keep,,yes
images/22513734922240-jratfdizcwluh530v14hgbpvz0uv__p001.png,22513734922240_jratfdizcwluh530v14hgbpvz0uv.pdf,1,pdf,1653,2339,07589b12850faf4231113ada2bff613a8fa6cf5cab85f8aa41ee8c7fc9e32aa0,0.212246,,keep,,yes
images/22513734926336-uy9hjbjvpiks3lxbux7nn96n65um__p001.png,22513734926336_uy9hjbjvpiks3lxbux7nn96n65um.pdf,1,pdf,1653,2339,5396297bcd79c9678d4576a221399ab2e6b9a011a4d656b7e07c00ee8939028c,0.208262,,keep,,yes
images/22513734930432-jq9xqtk3q4wiqh3r79ydku736vyr__p001.png,22513734930432_jq9xqtk3q4wiqh3r79ydku736vyr.pdf,1,pdf,1653,2339,2218642e4699f6c59c4aabe1dc6aa0a0a75bf538b83b434738cf012100483bec,0.200396,,keep,,yes
images/22513734934528-vyts9f0umkbnfcfypm3szksodgps__p001.png,22513734934528_vyts9f0umkbnfcfypm3szksodgps.pdf,1,pdf,1653,2339,b0195f7bbd6534164477ac3760b816ace5c4d317715743acedecc46d11f3b477,0.199062,,keep,,yes
images/22513734938624-xdyqsvcyklm8weqfl3q0zxk559vx__p001.png,22513734938624_xdyqsvcyklm8weqfl3q0zxk559vx.pdf,1,pdf,1653,2339,c316adf0a4c53629503165c7e8532fe5c730067833ef91ff58b627f3b5da0c24,0.212194,,keep,,yes
images/22513734942720-shv4q8dwotxshs7qlcyw6dxgtnks__p001.png,22513734942720_shv4q8dwotxshs7qlcyw6dxgtnks.pdf,1,pdf,1653,2339,fb52b95dac4af016d5178f5f5212a72ff211e9ffc7d954f18f764fe97810a5eb,0.215253,,keep,,yes
images/22513734946816-b1ksq0av0qbiue4yh7ec7e675wvk__p001.png,22513734946816_b1ksq0av0qbiue4yh7ec7e675wvk.pdf,1,pdf,1653,2339,9c7745a4452088113fcb5a521eb159c18b22bdbaf79f7280fe9f15f466e5d706,0.202309,,keep,,yes
images/22513734950912-7cwjbj3na3lkuam1sbint62qpjtn__p001.png,22513734950912_7cwjbj3na3lkuam1sbint62qpjtn.pdf,1,pdf,1653,2339,2b5d9618f4529544c4c748f173aec79ea3540d5d9d7718983e49a364b90c129c,0.239672,,keep,,yes
images/22513734950912-7cwjbj3na3lkuam1sbint62qpjtn__p002.png,22513734950912_7cwjbj3na3lkuam1sbint62qpjtn.pdf,2,pdf,1653,2339,42f28c728743111f4797d4c503a00f536cbc58dc97c8a7f9b17881feff93c509,0.165540,,keep,,yes
images/22513734955008-7mot8161eq8b0dhtek5fodofyvbp__p001.png,22513734955008_7mot8161eq8b0dhtek5fodofyvbp.pdf,1,pdf,1653,2339,f778ee9b9d6240d87ef4f49e3f5349fddae66930754df6f12c42b2bde18debed,0.217877,,keep,,yes
images/22513734959104-q1s4q13rjif0xtyb6k3j48y016od__p001.png,22513734959104_q1s4q13rjif0xtyb6k3j48y016od.pdf,1,pdf,1653,2339,18f81e8d9eca658887842ff9ecbe1f4f42e50dae0e617695b201517ed5e60013,0.202932,,keep,,yes
images/22513734963200-m675vxvamv729k0l7prbfq9idcsx__p001.png,22513734963200_m675vxvamv729k0l7prbfq9idcsx.pdf,1,pdf,1653,2339,d11b845283e2b46f055ee64b5360f6a05f9d55177bc7af2d79a8d836983bef91,0.206361,,keep,,yes
images/22513734967296-23ta5snj1ly3soidv1wyj9bqjey1__p001.png,22513734967296_23ta5snj1ly3soidv1wyj9bqjey1.pdf,1,pdf,1653,2339,bc57926ba51bdd39c6f452acc5f2e11f0589421662bf924256f1185e271606ab,0.210740,,keep,,yes
images/22513734971392-yfwwa7wqisrs8x5q05gspkl7b07c__p001.png,22513734971392_yfwwa7wqisrs8x5q05gspkl7b07c.pdf,1,pdf,1653,2339,d3437e64c587a038b677f861967f0e4689aa16752243b4308c54d8d728755ed3,0.204108,,keep,,yes
images/22513734975488-7xl8qe4zuhq5kpo4ae4ez98qfha2__p001.png,22513734975488_7xl8qe4zuhq5kpo4ae4ez98qfha2.pdf,1,pdf,1653,2339,c7b5e200078acb088202d74d8c05883533f9117b2fcc9293b5ee6a53121c40f2,0.204939,,keep,,yes
images/22513734979584-nywer0fl2qktkcehlh47eoc5ekt0__p001.png,22513734979584_nywer0fl2qktkcehlh47eoc5ekt0.pdf,1,pdf,1653,2339,c55a2d8247504a07cd330de33cf6d849f5d4421d73ed04b315f8e2736b844fef,0.204893,,keep,,yes
images/22513734983680-78f79oi7lmaurd6lk4fmidhbsc5f__p001.png,22513734983680_78f79oi7lmaurd6lk4fmidhbsc5f.pdf,1,pdf,1653,2339,10a350864702d138b1dd45b60f499ad3f742bd4d2a5d0323d59110fa26e78ad2,0.223484,,keep,,yes
images/22513734987776-8w2l9tbwx4ecrzc60v32oob81lq9__p001.png,22513734987776_8w2l9tbwx4ecrzc60v32oob81lq9.pdf,1,pdf,1653,2339,1a804b11cdbda7a9557dd00169a29b058fccf4512d66720ee19492c3e607f9d7,0.198605,,keep,,yes
images/22513734991872-vhyjpy4w04o1cf1fgg5xx5brflat__p001.png,22513734991872_vhyjpy4w04o1cf1fgg5xx5brflat.pdf,1,pdf,1653,2339,fa64206f2e72a9d014aa90d285c51f4cb46edb4bb0551859d049b5037097fe0d,0.199209,,keep,,yes
images/22513734995968-7ubzo4fle6ou41pw6gh48evy5hio__p001.png,22513734995968_7ubzo4fle6ou41pw6gh48evy5hio.pdf,1,pdf,1653,2339,6292b31853d8da391e50e96cf192998dc886aa90e4d6e0cd818fae5d1317b647,0.211180,,keep,,yes
images/22513735000064-1u029gpy1u6af8l32vdvqdlmepcj__p001.png,22513735000064_1u029gpy1u6af8l32vdvqdlmepcj.pdf,1,pdf,1653,2339,3fed755ff1587e795690215aea36ee9e67373f5020598289d2c99f6edc2cc784,0.198681,,keep,,yes
images/22513735004160-6iryxy5gjo3eo6anbgeiurw3lz4h__p001.png,22513735004160_6iryxy5gjo3eo6anbgeiurw3lz4h.pdf,1,pdf,1653,2339,9ef35efa9077d33bedb868c235aa1a49073ed8026b9ff2f91db4af74464ebd8c,0.213027,,keep,,yes
images/22513735008256-84few7zhgas5mdxty5fn1xbhrl8o__p001.png,22513735008256_84few7zhgas5mdxty5fn1xbhrl8o.pdf,1,pdf,1653,2339,c0b8caab84a7ca39277def117cf6b8cc884a8f4007a5d1f759373a2d60da2f0a,0.214265,,keep,,yes
images/22513735012352-rnfefc0zpg0trwvjwjnhdde8qjnv__p001.png,22513735012352_rnfefc0zpg0trwvjwjnhdde8qjnv.pdf,1,pdf,1653,2339,234e53e36671e59735b198c954347f83b0ed44f89faaf91217d2c76e7671f14f,0.216366,,keep,,yes
images/22513735016448-w792r5lmynt19ce7037ki9trpjvu__p001.png,22513735016448_w792r5lmynt19ce7037ki9trpjvu.pdf,1,pdf,1653,2339,cc355bcd7f3ef24dd3c5c8514c79a62e8e9acb6b369f618694c493676cab59b9,0.201565,,keep,,yes
images/22513735020544-9q61jusb6sh08keswfteen4gqocp__p001.png,22513735020544_9q61jusb6sh08keswfteen4gqocp.pdf,1,pdf,1653,2339,c823baab9215cc1f26483b81ff6ef4cf31aec6e5cb978ef8f3866317644f5fa1,0.225218,,keep,,yes
images/22513735024640-p8h5f4smboxqthtg8japdbnb0syc__p001.png,22513735024640_p8h5f4smboxqthtg8japdbnb0syc.pdf,1,pdf,1653,2339,dfc556b0f1519bbacde1bd695f8bbfab2b0ade85c5565437e0ef612a0281b707,0.198835,,keep,,yes
images/22513735028736-wk45cy824oq3xm9p29xv2ue0oeex__p001.png,22513735028736_wk45cy824oq3xm9p29xv2ue0oeex.pdf,1,pdf,1653,2339,19455d9ccafc0349de2902cff0bab9b7e17a3f4e4aefad4f9b370d45f8a51999,0.206699,,keep,,yes
images/22513735032832-36gbw11zxx4zg34gftnx5esf5v05__p001.png,22513735032832_36gbw11zxx4zg34gftnx5esf5v05.pdf,1,pdf,1653,2339,4edb40e28386f2a4a079f3585fde1a8d69652b193e9584cf7a980819399e18bb,0.206967,,keep,,yes
images/22513735032832-36gbw11zxx4zg34gftnx5esf5v05__p002.png,22513735032832_36gbw11zxx4zg34gftnx5esf5v05.pdf,2,pdf,1653,2339,3ac462c05b86b096074f79b8d657c2225d57e53a010f5f1d7608451e33d50a95,0.047894,,keep,,yes
images/22513735036928-cdk9i3khlpi93uhrtlyxto9i6m4b__p001.png,22513735036928_cdk9i3khlpi93uhrtlyxto9i6m4b.pdf,1,pdf,1653,2339,eb933d229a5344fd0cbcae425797ac66831de699885b04fca0be484c9208972e,0.221855,,keep,,yes
images/22513735041024-fqhso25wrjdd4tn1xwo1ituwqrt9__p001.png,22513735041024_fqhso25wrjdd4tn1xwo1ituwqrt9.pdf,1,pdf,1653,2339,147767f45eada793ac1ae22cf1f41749cf71f8e554e1126e073d88eeacf43ecf,0.209471,,keep,,yes
images/22513735045120-901zvyxd25wdv2x9c9cef4dot7k6__p001.png,22513735045120_901zvyxd25wdv2x9c9cef4dot7k6.pdf,1,pdf,1653,2339,a47ea8e3fafd28df9811d4eb75c32312542e6e6766211389c0bdecc4e9402a9f,0.227503,,keep,,yes
images/22513735049216-fuycj75i23xv5lixl1u2lj9vaf5e__p001.png,22513735049216_fuycj75i23xv5lixl1u2lj9vaf5e.pdf,1,pdf,1653,2339,b68889ff87ece9811b6ffb9628951912b620f8ff10f9bba14de4e3be420ff325,0.213252,,keep,,yes
images/22513735053312-yf9jeug9flvdffdev2koxvzqco3q__p001.png,22513735053312_yf9jeug9flvdffdev2koxvzqco3q.pdf,1,pdf,1653,2339,d8341a59d46cac05102b0e8ce26c73b392635a3f8e19a5a3ddd2f59ec0d5c2d6,0.219134,,keep,,yes
images/22513735057408-tnhe9rrztnj5xmrnjkwrqtc1rbf1__p001.png,22513735057408_tnhe9rrztnj5xmrnjkwrqtc1rbf1.pdf,1,pdf,1653,2339,a63d97a042fcacce5a4546152ab3adaf2aca0406ea095b17f43defd572ce146f,0.216855,,keep,,yes
images/22513735061504-4nbfjm19vc3lys7fvhvdoabg6ixo__p001.png,22513735061504_4nbfjm19vc3lys7fvhvdoabg6ixo.pdf,1,pdf,1653,2339,7ae8ff19301c5ae4f1feb2d747a0e5e88a570602809788e1655a8918ee2f7292,0.199655,,keep,,yes
images/22513735065600-fx9iah9m0lsafth7turcsi9jkbgi__p001.png,22513735065600_fx9iah9m0lsafth7turcsi9jkbgi.pdf,1,pdf,1653,2339,1aeb9bd5acbcac192e3553110526c8471a25c54b50a3c4ac090fa154f9640b35,0.199462,,keep,,yes
images/22513735069696-80p5t5fwzl6p9z3ibng1c161lt9p__p001.png,22513735069696_80p5t5fwzl6p9z3ibng1c161lt9p.pdf,1,pdf,1653,2339,75bc05ff0789b9b4f8ed3fe119b742be4a4cb081858d54e8edd6c7882f9990af,0.200940,,keep,,yes
images/22584368095232-f6pkdtmxvypcngu13thavdjrcs7a__p001.png,22584368095232_f6pkdtmxvypcngu13thavdjrcs7a.pdf,1,pdf,1653,2339,8379f365fdcd23f8eb720fcff0f64a1757ba92e7e9de869417293d31450910f6,0.085878,,keep,,yes
images/22584368095232-f6pkdtmxvypcngu13thavdjrcs7a__p002.png,22584368095232_f6pkdtmxvypcngu13thavdjrcs7a.pdf,2,pdf,1653,2339,2d23936dca22ef38ea814a44ba0678d4a2206923e3dffccc90e6c4b5a5ae2149,0.064268,,keep,,yes
images/22584368099328-bsnqo3ga00k6x9oao9rl0zmiyigo__p001.png,22584368099328_bsnqo3ga00k6x9oao9rl0zmiyigo.pdf,1,pdf,1653,2339,29098c33ed52001b88bb1a1cc92fcde64b44b9e3e441a56ec83893248ad04f77,0.087270,,keep,,yes
images/22584368099328-bsnqo3ga00k6x9oao9rl0zmiyigo__p002.png,22584368099328_bsnqo3ga00k6x9oao9rl0zmiyigo.pdf,2,pdf,1653,2339,e5ed930654f066175fdabc3545e657e8f9d9008dabcbc1008ae414a973f38480,0.064182,,keep,,yes
images/22584368107520-nzofzqfi2pcr5lcjiwyon3majdit__p001.png,22584368107520_nzofzqfi2pcr5lcjiwyon3majdit.pdf,1,pdf,1653,2339,4ff42d95e3a7dcfc925ebd0300f678e62fa6f8a5db61e63912779c3db3015e3c,0.083930,,keep,,yes
images/22584368107520-nzofzqfi2pcr5lcjiwyon3majdit__p002.png,22584368107520_nzofzqfi2pcr5lcjiwyon3majdit.pdf,2,pdf,1653,2339,ff456af7b0f405f162ec0a940fb1302cb65b2049dc1b79edb79458f5a187f5a6,0.063984,,keep,,yes
images/22584368111616-56qhtcxlv6fqkrt5nx60b3fmqays__p001.png,22584368111616_56qhtcxlv6fqkrt5nx60b3fmqays.pdf,1,pdf,1653,2339,ddf1a554379bff64d071826e0e80d308fe971f30969c0b4be2b222a3be50e2f4,0.099592,,keep,,yes
images/22584368115712-n0k8ufgkkffjjneg7necio53s1jl__p001.png,22584368115712_n0k8ufgkkffjjneg7necio53s1jl.pdf,1,pdf,1653,2339,3da47564fe4464911771523ec1a324e36200a50533a8e962358810ee76e2f223,0.075190,,keep,,yes
images/22584368115712-n0k8ufgkkffjjneg7necio53s1jl__p002.png,22584368115712_n0k8ufgkkffjjneg7necio53s1jl.pdf,2,pdf,1653,2339,59d62ac47be69d6af72cc71ec900a478a0950f25658108eb36c54eab5f27335d,0.059799,,keep,,yes
images/22584368123904-edbw0j88u65ogcr98lywyt4wqeg3__p001.png,22584368123904_edbw0j88u65ogcr98lywyt4wqeg3.pdf,1,pdf,1653,2339,8d706537326db3dff4e2878f512e33740284d02362b537e5589a53001a73ad88,0.069253,,keep,,yes
images/22584368123904-edbw0j88u65ogcr98lywyt4wqeg3__p002.png,22584368123904_edbw0j88u65ogcr98lywyt4wqeg3.pdf,2,pdf,1653,2339,bbac69d7039c7215a2ee2b8c4e7818d5573c497d396f02b49eb3001d17560cb2,0.059025,,keep,,yes
images/22584368128000-e0sjxff3hjh12p8r86q31nw4e5bo__p001.png,22584368128000_e0sjxff3hjh12p8r86q31nw4e5bo.pdf,1,pdf,1653,2339,d07d373519fa1ae22f4f22dadc616e6f69cd8d7f1bd1beda7c56f5b775c4c861,0.094195,,keep,,yes
images/22584368128000-e0sjxff3hjh12p8r86q31nw4e5bo__p002.png,22584368128000_e0sjxff3hjh12p8r86q31nw4e5bo.pdf,2,pdf,1653,2339,ef677ce64a952a6e86bdc5456f78bdb2e4ad542fe77740d81954ec4c61c20946,0.064863,,keep,,yes
images/22584368132096-gplhbrv42nbezaq1lzw8174npzs3__p001.png,22584368132096_gplhbrv42nbezaq1lzw8174npzs3.pdf,1,pdf,1653,2339,d9b6e171d8ea687879da111c53cb8967be252746449cbb2230a1ed27db289a07,0.085892,,keep,,yes
images/22584368136192-t4qaxoiwpg0gn87krn170jdzy5vb__p001.png,22584368136192_t4qaxoiwpg0gn87krn170jdzy5vb.pdf,1,pdf,1653,2339,a7633d57892c91bb3adf2be8f6ce050f36c70537fe4abc2c55f9581022fd79cc,0.085872,,keep,,yes
images/22584368140288-z4pgg23u6kz7mlas4f551iagrdec__p001.png,22584368140288_z4pgg23u6kz7mlas4f551iagrdec.pdf,1,pdf,1653,2339,4106b736ee57bcfe3366e8df2ae3aa0192a5e8b008130617e6ff576584d387d9,0.110238,,keep,,yes
images/22584368148480-gmhho2e4zx5941kr6l8lo1bjjjdt__p001.png,22584368148480_gmhho2e4zx5941kr6l8lo1bjjjdt.pdf,1,pdf,1654,2339,89b86331defcbb209e6b1722b9921946e1ee465ee7bf290b2bada9c0d9f4f9e2,0.147979,,keep,,yes
images/22584368148480-gmhho2e4zx5941kr6l8lo1bjjjdt__p002.png,22584368148480_gmhho2e4zx5941kr6l8lo1bjjjdt.pdf,2,pdf,1654,2339,dbcca79ba6eb37b22d3e57ad42886cd1ce1974d4e23198848b307fd6d2e5260d,0.104210,,keep,,yes
images/22584368148480-gmhho2e4zx5941kr6l8lo1bjjjdt__p003.png,22584368148480_gmhho2e4zx5941kr6l8lo1bjjjdt.pdf,3,pdf,1654,2339,b4f0a4582bb128825f99c823c216a307e96f7194fad5d2ec7558dcc166615988,0.132875,,keep,,yes
images/22584368148480-gmhho2e4zx5941kr6l8lo1bjjjdt__p004.png,22584368148480_gmhho2e4zx5941kr6l8lo1bjjjdt.pdf,4,pdf,1654,2339,7dc9dfc6365e400a9ed982c2749be91904e5526531ee6038363ad045ac87266e,0.171398,,keep,,yes
images/22584368148480-gmhho2e4zx5941kr6l8lo1bjjjdt__p005.png,22584368148480_gmhho2e4zx5941kr6l8lo1bjjjdt.pdf,5,pdf,1654,2339,9c1ee1062358821931449c373b8bbf28e396da6f885bde996e2147a23c5e5844,0.130614,,keep,,yes
images/22584368148480-gmhho2e4zx5941kr6l8lo1bjjjdt__p006.png,22584368148480_gmhho2e4zx5941kr6l8lo1bjjjdt.pdf,6,pdf,1654,2339,3d09fdbf6adf50da77bbcfd15ff508792127ce3e26a395c28b8961be45931885,0.132012,,keep,,yes
images/22584368156672-k1q46k3093tybqewnynjw0qblsvs__p001.png,22584368156672_k1q46k3093tybqewnynjw0qblsvs.pdf,1,pdf,6089,9212,629e495f8f69548e8e8fe2fdcd67f1777581d114e8173f000b24d1da38115239,0.127078,,keep,,yes
images/22589955518464-fgz26fzk6dxa2kir99d9d4xk2gvc__p001.png,22589955518464_fgz26fzk6dxa2kir99d9d4xk2gvc.pdf,1,pdf,1654,2339,512e94242027fcd76d5182ae71d601acbaa8593cfdcd37b72eac961f88188c94,0.024907,,keep,,yes
images/22590040588288-t832bx3rse25job0tyg3nxenk5th__p001.png,22590040588288_t832bx3rse25job0tyg3nxenk5th.pdf,1,pdf,1700,2200,47f33c4e4ac8386d135c1699f2552403eead466b3316e0af10fcbe104f072e83,0.112501,,keep,,yes
images/22957638189056-rsw0ysrwkjuen1i1o1xdd0v989sh__p001.png,22957638189056_rsw0ysrwkjuen1i1o1xdd0v989sh.pdf,1,pdf,1654,2339,5c8c2ea63ec1b069feb046f98d7dcb0421ee9156ea5f1b8b4727cb079f873171,0.140206,,keep,,yes
images/22957638189056-rsw0ysrwkjuen1i1o1xdd0v989sh__p002.png,22957638189056_rsw0ysrwkjuen1i1o1xdd0v989sh.pdf,2,pdf,1654,2339,3c09f3d16998a9dca75812cc1e33c94bdad9dc13d371e7cb36894bbc7b3ecb4a,0.103452,,keep,,yes
images/23-1-dipro-pneu__p001.png,23-1 DIPRO PNEU.pdf,1,pdf,1654,2339,e8abe032d4f0e0886cb3e8d937a9c82c5c9b6cd300f2b6aa4e54650844b1ec00,0.077748,,keep,,yes
images/23-10-orange__p001.png,23-10 ORANGE.pdf,1,pdf,1654,2339,fbc4a43e5e160d2aea9f13adca004180aa6d501fcd0afde6f93a170cd830d6f5,0.098982,,keep,,yes
images/23384685322240-ndxme64inb1qhjwjo36yuait1s1i__p001.png,23384685322240_ndxme64inb1qhjwjo36yuait1s1i.pdf,1,pdf,1653,2339,a0e9ebd4115951565eb1d41cd0e907518bcdce25f22b2f8cc5445f49caa3d985,0.082887,,keep,,yes
images/23384685322240-ndxme64inb1qhjwjo36yuait1s1i__p002.png,23384685322240_ndxme64inb1qhjwjo36yuait1s1i.pdf,2,pdf,1653,2339,48e6e2842a3608cab1022520079b66c4cfc0251210eedd927416390ec07cbfe9,0.077039,,keep,,yes
images/23384685322240-ndxme64inb1qhjwjo36yuait1s1i__p003.png,23384685322240_ndxme64inb1qhjwjo36yuait1s1i.pdf,3,pdf,1653,2339,e981fe703577566588f3e585713f38a3221ab6a2fea54a82619645707618966f,0.052275,,keep,,yes
images/23422762954752-qqbsjnk1znf5x8wcwht0avv77wnj__p001.png,23422762954752_qqbsjnk1znf5x8wcwht0avv77wnj.pdf,1,pdf,1660,2346,40349b3b7c0cf369b4b9420d45e783b499ba2084e43235629d92214aeb6ee735,0.187139,,keep,,yes
images/23422762958848-y6jrfykkpyeye0chgefzjckps0z5__p001.png,23422762958848_y6jrfykkpyeye0chgefzjckps0z5.pdf,1,pdf,1658,2349,0660ddb0058404007b04965f4ba3ced754e49b6609f1fc5d6631ffd36235ac0e,0.189201,,keep,,yes
images/23422762962944-5v4e0iifx5592sng8tgh4ks69ewc__p001.png,23422762962944_5v4e0iifx5592sng8tgh4ks69ewc.pdf,1,pdf,1660,2348,eb6389cbf3b7564c53459a1b89807007f5d21c35ef16581203cf90b407c30438,0.187168,,keep,,yes
images/23422762967040-tohxkj8d44ntvl0quyhnnxqnpn3c__p001.png,23422762967040_tohxkj8d44ntvl0quyhnnxqnpn3c.pdf,1,pdf,1656,2343,409c84e2d6f64aae209b13f33edf4b9e84c3daebfc975690598733b93a83287d,0.189561,,keep,,yes
images/23422762971136-saveekpcsitarzcdd59q0nsdz7hf__p001.png,23422762971136_saveekpcsitarzcdd59q0nsdz7hf.pdf,1,pdf,1656,2345,7ca756b5ffe77461eaad08ec0ce8b22828adb551c006efa958060b1104e67280,0.188646,,keep,,yes
images/23422762975232-czjx5yqxxmzxuwppqpzqy31kye5u__p001.png,23422762975232_czjx5yqxxmzxuwppqpzqy31kye5u.pdf,1,pdf,1660,2345,db44bbe4ba8336cc7e034c4cc5ffc9a7e8df51930a68743e87df442f64a0aa5c,0.188898,,keep,,yes
images/23422762979328-dtqysho7k4ngq5tdly69s2jnmcqy__p001.png,23422762979328_dtqysho7k4ngq5tdly69s2jnmcqy.pdf,1,pdf,1662,2340,cc713c73aed62388c004e67c51eb2663da3e64f71fc2a46e8bfd7f0d1c3e2462,0.188167,,keep,,yes
images/23422762983424-cktnme44ujxkp9115cwwbhkaq8ry__p001.png,23422762983424_cktnme44ujxkp9115cwwbhkaq8ry.pdf,1,pdf,1656,2346,f42090cc53c8790ce3264effcd540801dec34b87a1b4651193fde250e02c9fef,0.188507,,keep,,yes
images/23422762987520-rx38hyw4yg2bel9nputu6q4yj4f3__p001.png,23422762987520_rx38hyw4yg2bel9nputu6q4yj4f3.pdf,1,pdf,1662,2342,0ae67362b1a417cf7d3a4c25cda404bb9d0e6dbda7885fef5a9c11efa94f1c86,0.186783,,keep,,yes
images/23422762991616-a5ecro8s81baaq1x4384jkejiy2y__p001.png,23422762991616_a5ecro8s81baaq1x4384jkejiy2y.pdf,1,pdf,1656,2347,cb01bcb8054b40dbb43f4115f7de132471a2f9ddb3900ecffdfd25382df3a12c,0.187642,,keep,,yes
images/23422762995712-pe7op3s4w7ws7l2xfyy1hj9cikdj__p001.png,23422762995712_pe7op3s4w7ws7l2xfyy1hj9cikdj.pdf,1,pdf,1666,2344,24480ae15618efeeb250b6852474833e7995cf99a5d382294f320d00697d2ad9,0.190027,,keep,,yes
images/23422762999808-emqdi4h1xh2mt1rl9b9jk8zjnqkd__p001.png,23422762999808_emqdi4h1xh2mt1rl9b9jk8zjnqkd.pdf,1,pdf,1674,2349,d398ee32e02c84e1be5da1cf101cffc3e26a6210111ba46a0bf967b5894f4f17,0.188502,,keep,,yes
images/23422763003904-eym2w9ys2l8edd8bxarcsx95zpg2__p001.png,23422763003904_eym2w9ys2l8edd8bxarcsx95zpg2.pdf,1,pdf,1658,2347,4777e4dbc80e11368893fd8c5aa3fbce45a2c84f5767268df2144363eb466914,0.186253,,keep,,yes
images/23422763008000-q0wmkum05dvzchtc38o9ebwpj9h1__p001.png,23422763008000_q0wmkum05dvzchtc38o9ebwpj9h1.pdf,1,pdf,1660,2342,11e1c64905785b58f6ce2354e36958e8beaa60d1f7c1243d4c617a38cb245569,0.189915,,keep,,yes
images/23422763012096-vnx4c64w82lrwc6ckwemxqo94osa__p001.png,23422763012096_vnx4c64w82lrwc6ckwemxqo94osa.pdf,1,pdf,1656,2346,dcbb5d817a81d649486d80684ccdce26e14a28a045ce2ae2dea1344d302fb44d,0.188577,,keep,,yes
images/23422763016192-xaf6da1e1n0wtiof4aglljbftktn__p001.png,23422763016192_xaf6da1e1n0wtiof4aglljbftktn.pdf,1,pdf,1662,2346,b4295d23e2045d62293626df83c83af71c329bb43a93854a3e1037428dab9ae2,0.188554,,keep,,yes
images/23422763024384-ogaqv0o292vuwi5l8h9mzrl7pitf__p001.png,23422763024384_ogaqv0o292vuwi5l8h9mzrl7pitf.pdf,1,pdf,1660,2348,66b51be457320caebd2db7f0b59b6fc696301ec264629371ea84178e9b5e1716,0.189163,,keep,,yes
images/23422763028480-o8fraov9rzb6mg7pvyie6eialsjb__p001.png,23422763028480_o8fraov9rzb6mg7pvyie6eialsjb.pdf,1,pdf,1662,2344,9fc809c4852e7a80a8175fc95141af402be24edc05db69c18b36a363c61ab357,0.189734,,keep,,yes
images/23422763032576-onbcsp5urb6zq6v3uslu6fd31p05__p001.png,23422763032576_onbcsp5urb6zq6v3uslu6fd31p05.pdf,1,pdf,1660,2348,8f00fbe13990a2b83037ee9a086c0d15113f4377e2a0ab16407ff2dd2eee0992,0.080115,,keep,,yes
images/23422763036672-7lbwkmnzdjf5d2d7cmwb3ucenncs__p001.png,23422763036672_7lbwkmnzdjf5d2d7cmwb3ucenncs.pdf,1,pdf,1656,2346,3d9397a0ae1ebc3efe7bb54b6cf69c02b050d51bfacea4db5e6cb7dd88b80476,0.190903,,keep,,yes
images/23422763040768-pjaebu8fh167xk37j4go7ap124xx__p001.png,23422763040768_pjaebu8fh167xk37j4go7ap124xx.pdf,1,pdf,1654,2343,5e3fc363326741a655d6e4bd0ccdc963264644eae221422d997a82fa984f07b8,0.189116,,keep,,yes
images/23422763044864-ywq7132oonu4o9yilwec3n8yraxa__p001.png,23422763044864_ywq7132oonu4o9yilwec3n8yraxa.pdf,1,pdf,1660,2345,3a34f789f7e1b1b78753bee556f62faf2c6d05aa69fc5f8f050d08bc0faf562a,0.190361,,keep,,yes
images/23422763053056-ctsqw0cdx4076brot2u32tu9qr6f__p001.png,23422763053056_ctsqw0cdx4076brot2u32tu9qr6f.pdf,1,pdf,1656,2343,26d855909eafe24962aa224ca26af99ab2ea4af3bebc165a8999f082672cf6ef,0.189416,,keep,,yes
images/23422763061248-pdpck0y8y5jnh31zbcy6jm34oq0a__p001.png,23422763061248_pdpck0y8y5jnh31zbcy6jm34oq0a.pdf,1,pdf,1672,2349,228202dbbe5da7961cd4b91772df968fefb772428d19562df154f05d3d6148c2,0.186973,,keep,,yes
images/23422763065344-vhvu3dqbidj3q1gdho1afg7v4bsp__p001.png,23422763065344_vhvu3dqbidj3q1gdho1afg7v4bsp.pdf,1,pdf,1656,2342,7acdf19dffb52de398dc4a947f31259be030dabe02c7eafce88ac609dd33dc3f,0.188635,,keep,,yes
images/23422763069440-iwmbais06cpl8ady20pnp5mmqjj2__p001.png,23422763069440_iwmbais06cpl8ady20pnp5mmqjj2.pdf,1,pdf,1660,2346,596cc922af707b91fe57feab856b1bbc97f34f160681e20572151a613ed9a9bf,0.187443,,keep,,yes
images/23422763073536-08rui7as5fpvtn1saltjqxhktmsf__p001.png,23422763073536_08rui7as5fpvtn1saltjqxhktmsf.pdf,1,pdf,1656,2345,a63b47c8729ebc0a732df852539f32a80d51b63de0fec4dd101b919f3cc63ff5,0.189526,,keep,,yes
images/23422763081728-lnqy2ke00l5b707wpx5yohdt0nek__p001.png,23422763081728_lnqy2ke00l5b707wpx5yohdt0nek.pdf,1,pdf,1654,2346,9a5468fccacc205999a0b7cf0b52994dfee7998c4ab19bc7e6358ee9ff6f774d,0.190302,,keep,,yes
images/23422763085824-4e5huvgafmzetpczghof7f3b12w2__p001.png,23422763085824_4e5huvgafmzetpczghof7f3b12w2.pdf,1,pdf,1662,2348,df7c02557c0ef269041dd928e2dc947bca69685c39d8960132f332d05ff37ded,0.188563,,keep,,yes
images/23422763089920-9blpte3bd54wet8ql779zg3ltovb__p001.png,23422763089920_9blpte3bd54wet8ql779zg3ltovb.pdf,1,pdf,1652,2343,35fe8721def9561bd18ca8fbaa14b2c60cd7e1d3c6b397d51267ebe956f7cfa3,0.189968,,keep,,yes
images/23422763094016-8rrycbojqaq7ca133cueaibnkyp0__p001.png,23422763094016_8rrycbojqaq7ca133cueaibnkyp0.pdf,1,pdf,1650,2344,f95c3252e5fd31b8193e053e4ee5949c55fe1716262b891ad5868e6b88e92954,0.190515,,keep,,yes
images/23422763098112-p00gebalabam8c4vq4njqzvsnqtp__p001.png,23422763098112_p00gebalabam8c4vq4njqzvsnqtp.pdf,1,pdf,1662,2342,db92f677986ad3f0b02d75af007908db2679dae2d6f2c46de9fd64c8bf91fb36,0.190246,,keep,,yes
images/23422763102208-iemic6qwwxpccm6n6pjc5weqeynz__p001.png,23422763102208_iemic6qwwxpccm6n6pjc5weqeynz.pdf,1,pdf,1660,2345,ced0683fcaf309e4ae37afba237a07cb4740b95c930d87535193496944f3b7e6,0.188720,,keep,,yes
images/23422763106304-jnbifqk9i3n9jfszb17ko2g88fwe__p001.png,23422763106304_jnbifqk9i3n9jfszb17ko2g88fwe.pdf,1,pdf,1656,2340,1e1e4a626d078e68a62b9cb6879e5d6c81bd2b9a3569a2f3b765fa9d4c2a6b5c,0.189184,,keep,,yes
images/23422763110400-m1kmkmq06swdfgjokblngj6npr65__p001.png,23422763110400_m1kmkmq06swdfgjokblngj6npr65.pdf,1,pdf,1658,2344,6c2e940650a8eabed717a122c4eeb95e0583900553da045612b43195131b5013,0.189315,,keep,,yes
images/23422763114496-6ljeuo5o86ak6mvpl83yqucx01gh__p001.png,23422763114496_6ljeuo5o86ak6mvpl83yqucx01gh.pdf,1,pdf,1671,2347,33569ca75b4d3ab4274721d774a136d25f5d7cccf742a835530baf59d3ccf8b5,0.187408,,keep,,yes
images/23422763118592-c6cbsc0t2ayaiomzzmwf1f9v4ti1__p001.png,23422763118592_c6cbsc0t2ayaiomzzmwf1f9v4ti1.pdf,1,pdf,1652,2337,01682e9aea54ac8d2c8e0d8efe7032f504c8fe010446a4e0cfe5c9169b45d40e,0.188964,,keep,,yes
images/23422763315200-1b3pqkup3850mil1680tmwo74bj2__p001.png,23422763315200_1b3pqkup3850mil1680tmwo74bj2.pdf,1,pdf,1654,2342,63d02dd3c945aece5d8a95824a5c67d6acbf5e2cda1b8cdb55d5274d052d603c,0.106713,,keep,,yes
images/23422763319296-cfz7zflponrq56oks7wgxxdpbxjt__p001.png,23422763319296_cfz7zflponrq56oks7wgxxdpbxjt.pdf,1,pdf,1668,2347,6392b78d33c71b33b7f96208bd733ff5e31ff33a9fb3a060e1e005b9034c1b1f,0.102875,,keep,,yes
images/23422763323392-a2p2gp0nyxzalof5ep7gwodfnk5p__p001.png,23422763323392_a2p2gp0nyxzalof5ep7gwodfnk5p.pdf,1,pdf,1656,2342,903cde2500f047f1d991d1f313d2064958a45c05a5ca6d0d03c10cc3098c5065,0.111449,,keep,,yes
images/23422763327488-3sx7yv85kqllau8rvxqfo07n6l43__p001.png,23422763327488_3sx7yv85kqllau8rvxqfo07n6l43.pdf,1,pdf,1658,2345,7049e8f2f65589e0444a271f83bb51877cfa55c15dd344cc1d473f28fc8eb172,0.132791,,keep,,yes
images/23422763393024-f6w59llcxlqriq0xgxc3ys7lqopv__p001.png,23422763393024_f6w59llcxlqriq0xgxc3ys7lqopv.pdf,1,pdf,1666,2341,52bf86dd6a1f6d839e16eb1bbc3662bc8bdc92e75a3b446da8ef13f194ac5f27,0.325722,,keep,,yes
images/23422763401216-47y099r1shs36nfrlowih5uez2nz__p001.png,23422763401216_47y099r1shs36nfrlowih5uez2nz.pdf,1,pdf,1664,2344,20f0d2088c99e8641fe1949aacc21a7aba485976afbbfdf0d61601a52f7ec501,0.326331,,keep,,yes
images/23422763454464-4cfyo9bya08oiw2eh6458at6oumx__p001.png,23422763454464_4cfyo9bya08oiw2eh6458at6oumx.pdf,1,pdf,1660,2346,c98539c33144be4a233b18b64a3871bbb2485fff36e29aaaaff935b170d6fc0c,0.093450,,keep,,yes
images/23422763458560-4qc8ykulud07lqs5rg3seojzmhzk__p001.png,23422763458560_4qc8ykulud07lqs5rg3seojzmhzk.pdf,1,pdf,1662,2345,8893812b0fcb80d9db38ed9a860c294cacb7d060eb55fbd3b9feb2b4350a0578,0.078678,,keep,,yes
images/23422763462656-60bpxrrxqh14tpgxiwjdnasijof5__p001.png,23422763462656_60bpxrrxqh14tpgxiwjdnasijof5.pdf,1,pdf,1666,2345,ff7012ddb1bad66bd48baaf1ad175fb15867b639ef44c40b6ff4794e37184925,0.075172,,keep,,yes
images/23422763466752-8lxhdewd6nrj60byrtsx953hr8z4__p001.png,23422763466752_8lxhdewd6nrj60byrtsx953hr8z4.pdf,1,pdf,1666,2345,8cd23759406bd3c70d5673fe3ee2c028e1f46ffd19064f4380ed890b2a87c4da,0.092512,,keep,,yes
images/23422763466752-8lxhdewd6nrj60byrtsx953hr8z4__p002.png,23422763466752_8lxhdewd6nrj60byrtsx953hr8z4.pdf,2,pdf,1662,2342,682320a2ce2790b8258c58e6aa706348b52f298a843a0577dee4e5cc74b65a91,0.019622,,keep,,yes
images/23422763679744-9iqe7zxk2ks0xov5z7kowl8ji27k__p001.png,23422763679744_9iqe7zxk2ks0xov5z7kowl8ji27k.pdf,1,pdf,1654,2342,6e9eb86575d68e5fc9c1e552411f3b36af8bde99b6c76ea289619d05443a787d,0.094599,,keep,,yes
images/23422763724800-isj0laax4pryyoj4rk8zm1kjsf8q__p001.png,23422763724800_isj0laax4pryyoj4rk8zm1kjsf8q.pdf,1,pdf,1658,2344,5d75eb1047917a2161de0dc7f8c4c0c7dc286e4637d6989df31ce6c4d7e65167,0.076687,,keep,,yes
images/23544048222208-yaclxtxb8mbgmhjw2l63m85zhe1f__p001.png,23544048222208_yaclxtxb8mbgmhjw2l63m85zhe1f.pdf,1,pdf,1653,2339,459d604bdc9cfcde785bbc797377e2dc3a3b2271b3cbdb0eb823624cd02c7c08,0.173113,,keep,,yes
images/23544048594944-jgn2g7rpcqu4iq2s0fai2uwvpzdq__p001.png,23544048594944_jgn2g7rpcqu4iq2s0fai2uwvpzdq.pdf,1,pdf,1653,2339,a9e4fb972b49eb1a337ae7738f1dbc0b2a25bda8abf142db792d40ea8fdb9ed1,0.130381,,keep,,yes
images/23544048594944-jgn2g7rpcqu4iq2s0fai2uwvpzdq__p002.png,23544048594944_jgn2g7rpcqu4iq2s0fai2uwvpzdq.pdf,2,pdf,1653,2339,e22926da2554cb684a3705cc26414cd6285d51f6627670872252fe4863924ea2,0.128223,,keep,,yes
images/23544048611328-cdvfef80gr9vtbsu3x8cr0ci8pr0__p001.png,23544048611328_cdvfef80gr9vtbsu3x8cr0ci8pr0.pdf,1,pdf,1653,2339,78a3cc42f5ff823a7ba27045693ef4173c8a505c3947caec395f7c2fcda64609,0.158143,,keep,,yes
images/23544048611328-cdvfef80gr9vtbsu3x8cr0ci8pr0__p002.png,23544048611328_cdvfef80gr9vtbsu3x8cr0ci8pr0.pdf,2,pdf,1653,2339,62410297f099f0cc1e4bf97f72f9c4125fa8df30ac867686e84f1a8e3fd9030e,0.091984,,keep,,yes
images/23544048615424-vcv5jt6brthivg6pk6x41ix97s2j__p001.png,23544048615424_vcv5jt6brthivg6pk6x41ix97s2j.pdf,1,pdf,1653,2339,cf9c8be55b9e83672cdbcb56a193b51155d0dac7ec5b3675fc0af7d968ba3519,0.142378,,keep,,yes
images/23544048615424-vcv5jt6brthivg6pk6x41ix97s2j__p002.png,23544048615424_vcv5jt6brthivg6pk6x41ix97s2j.pdf,2,pdf,1653,2339,e3886ebdb44bd361780b46a3206337eaf7e1db0a58ea6e4aca495201298da1a4,0.079932,,keep,,yes
images/23544048619520-xg15wtjnpo664g64d5r77s23v6zs__p001.png,23544048619520_xg15wtjnpo664g64d5r77s23v6zs.pdf,1,pdf,1653,2339,7b2cb07cba14eb71f17ed50427f2a049fdbdacab77e427aed0b8465851a8b9fb,0.063484,,keep,,yes
images/23544048652288-yx3ejlyrh5c27xbo3ep4lp3jc6xu__p001.png,23544048652288_yx3ejlyrh5c27xbo3ep4lp3jc6xu.pdf,1,pdf,1653,2339,5cc936bde43c721a09cc1f8680e790fbd673c450708a063012d59fdc1146ae1e,0.174193,,keep,,yes
images/23544048652288-yx3ejlyrh5c27xbo3ep4lp3jc6xu__p002.png,23544048652288_yx3ejlyrh5c27xbo3ep4lp3jc6xu.pdf,2,pdf,1653,2339,cbb0f536bb79678246f8acd482ffb27ebca6a58db8e6e85a7c5d9c279e4b6e6a,0.144657,,keep,,yes
images/23544048656384-4aag7k8y9vdsyosmng2msyk7abec__p001.png,23544048656384_4aag7k8y9vdsyosmng2msyk7abec.pdf,1,pdf,1653,2339,5ffada086438308f2593c7fe092e0e61873d4c720e5e2ffbb778570724189351,0.133235,,keep,,yes
images/23544048656384-4aag7k8y9vdsyosmng2msyk7abec__p002.png,23544048656384_4aag7k8y9vdsyosmng2msyk7abec.pdf,2,pdf,1653,2339,1a833ba61a4fcd97ac8324383c51abe467f0c1b36a07058b65fee47f025a6eaa,0.123137,,keep,,yes
images/23544048656384-4aag7k8y9vdsyosmng2msyk7abec__p003.png,23544048656384_4aag7k8y9vdsyosmng2msyk7abec.pdf,3,pdf,1653,2339,feece1b93a0438bba5018529e7f6d690c085e026a1fc4dc34a2d49c54a03edfe,0.142305,,keep,,yes
images/23544048656384-4aag7k8y9vdsyosmng2msyk7abec__p004.png,23544048656384_4aag7k8y9vdsyosmng2msyk7abec.pdf,4,pdf,1653,2339,a5e9bb4f6750b132bffbb7afc6062c74928b7681409888bba7b1950a0bee2e22,0.112079,,keep,,yes
images/23544048705536-z0s0zbum8jcv94cri9msq6jl8ncu__p001.png,23544048705536_z0s0zbum8jcv94cri9msq6jl8ncu.pdf,1,pdf,1653,2339,b6e88d8e48de1dff1cf7266a478bbe5cec8147daa48304441cf366ddcb508db4,0.209073,,keep,,yes
images/23544048717824-zv6j70m62kfcajnrtpgdalfl4mh3__p001.png,23544048717824_zv6j70m62kfcajnrtpgdalfl4mh3.pdf,1,pdf,1653,2339,cc623185bd163419a5792ab732f8d99c4a58fc1208efbabc13edabd1a71f32cb,0.134223,,keep,,yes
images/23544048717824-zv6j70m62kfcajnrtpgdalfl4mh3__p002.png,23544048717824_zv6j70m62kfcajnrtpgdalfl4mh3.pdf,2,pdf,1653,2339,bd7ff9ec9c7615cb80ad726ad95c52cfa3502395e4a83b83755f7495ae9a3718,0.114060,,keep,,yes
images/23544048779264-5ax92bw8bbp5j3wmxxrg0qqdf3kp__p001.png,23544048779264_5ax92bw8bbp5j3wmxxrg0qqdf3kp.pdf,1,pdf,1653,2339,fbeaa168ba651b7106d18530e5d8b2d9fbe5d472ec986d05fabde2c7e546e983,0.123649,,keep,,yes
images/23544048881664-f5xyc20w2mix2cx0clkiy0l9jo40__p001.png,23544048881664_f5xyc20w2mix2cx0clkiy0l9jo40.pdf,1,pdf,1653,2339,69a4e2dc1ae7a5d379498db88e6f98b31f3921aa0c18fc21beedc6066eabdbb8,0.122530,,keep,,yes
images/23544048881664-f5xyc20w2mix2cx0clkiy0l9jo40__p002.png,23544048881664_f5xyc20w2mix2cx0clkiy0l9jo40.pdf,2,pdf,1653,2339,806fd648fc8838f815061d8521748b0494b8ebfdcfa2a8808ff514a999ff2fb3,0.142087,,keep,,yes
images/23544048881664-f5xyc20w2mix2cx0clkiy0l9jo40__p003.png,23544048881664_f5xyc20w2mix2cx0clkiy0l9jo40.pdf,3,pdf,1653,2339,b36859ceb05b24038def71da41c56a415b66f8e583655e825bc11a3f13212bb8,0.148319,,keep,,yes
images/23754639437824-djzpxhf9oa6h82qh3hibaibdu4ex__p001.png,23754639437824_djzpxhf9oa6h82qh3hibaibdu4ex.pdf,1,pdf,1670,2358,3ef8d793bc71f0b0c928cb3a1ec88cdda42475bc87e5c5b3f3cb1fe840d7a4d0,0.148766,,keep,,yes
images/23754639437824-djzpxhf9oa6h82qh3hibaibdu4ex__p002.png,23754639437824_djzpxhf9oa6h82qh3hibaibdu4ex.pdf,2,pdf,1670,2358,2858b8553de1f9cc95d9c978a466a42233a3643538ef85b9152aa3f39af14cf8,0.090027,,keep,,yes
images/23754639446016-vntewf1rzy4r9i8cq0l1b3h81k01__p001.png,23754639446016_vntewf1rzy4r9i8cq0l1b3h81k01.pdf,1,pdf,1676,2360,b8530152f5d7fab73d1810b29f52f8a7ce82db2cd2a0df28e0806b253a95bd18,0.154097,,keep,,yes
images/23754639446016-vntewf1rzy4r9i8cq0l1b3h81k01__p002.png,23754639446016_vntewf1rzy4r9i8cq0l1b3h81k01.pdf,2,pdf,1672,2361,28f0acb9d1fb947a34c439f35a50c01913765132ad60dbcb60917b8ec14d1aa8,0.087626,,keep,,yes
images/23754639450112-smq7mgagnh8emu5uqc8ayxx9kkqp__p001.png,23754639450112_smq7mgagnh8emu5uqc8ayxx9kkqp.pdf,1,pdf,1680,2359,b0cbc730e0e22aff87ab546511b74a34456fa462bad43cf32b070b07101edcba,0.130575,,keep,,yes
images/23754639450112-smq7mgagnh8emu5uqc8ayxx9kkqp__p002.png,23754639450112_smq7mgagnh8emu5uqc8ayxx9kkqp.pdf,2,pdf,1678,2359,dae888bdd02863d60a3ac770c72bcd619c94772a5288824c8676f8a8f1bd8a4a,0.087048,,keep,,yes
images/23754639458304-zkmvqhdiubjlq7ly8r5pi0oyk0hl__p001.png,23754639458304_zkmvqhdiubjlq7ly8r5pi0oyk0hl.pdf,1,pdf,1676,2365,6ae719f598b6fa96aadccd7ec2638cfacfd290b148c34768c7ec2fec3afa1e06,0.148126,,keep,,yes
images/23754639458304-zkmvqhdiubjlq7ly8r5pi0oyk0hl__p002.png,23754639458304_zkmvqhdiubjlq7ly8r5pi0oyk0hl.pdf,2,pdf,1674,2365,5ee208fffd592fd10b3d06ff9c3ad3d6b3d5d061346007ab9a5ea9b9dd98257f,0.212821,,keep,,yes
images/23754639462400-n5hhsuuknu48v5lzi3h5y4alu9ek__p001.png,23754639462400_n5hhsuuknu48v5lzi3h5y4alu9ek.pdf,1,pdf,1674,2356,0ea08413eab3e8cc5155d0949ddf5c35967a0cc86c04a155c66ffbc5f95b5738,0.134517,,keep,,yes
images/23754639462400-n5hhsuuknu48v5lzi3h5y4alu9ek__p002.png,23754639462400_n5hhsuuknu48v5lzi3h5y4alu9ek.pdf,2,pdf,1676,2360,482aec20edee06d8c5b35e9dd67a74c152f0ab4f67897b0a0e1c240fb3074865,0.069369,,keep,,yes
images/23754639466496-r4j3gt20or744av6cb22df0lqt2v__p001.png,23754639466496_r4j3gt20or744av6cb22df0lqt2v.pdf,1,pdf,1678,2364,f79cd7ef438904053de4b2c712610f536837184e238a88c48b0dd79e98824c20,0.123297,,keep,,yes
images/23754639466496-r4j3gt20or744av6cb22df0lqt2v__p002.png,23754639466496_r4j3gt20or744av6cb22df0lqt2v.pdf,2,pdf,1674,2364,307e59344be0126a77e800150bec0b49dd2396d513c1f36e9f0908056b2df370,0.099879,,keep,,yes
images/23754639474688-59lr9ze71lgiliqw54acqwo0n2ij__p001.png,23754639474688_59lr9ze71lgiliqw54acqwo0n2ij.pdf,1,pdf,1668,2355,d12d4ff104a13543e337f651d31267d92c543882a0018fc3ed553aeab18d8b52,0.134909,,keep,,yes
images/23754639474688-59lr9ze71lgiliqw54acqwo0n2ij__p002.png,23754639474688_59lr9ze71lgiliqw54acqwo0n2ij.pdf,2,pdf,1666,2355,48635e95f3b4db93294359303a7e2543f74833cf61f313124d7e445f312cc296,0.091534,,keep,,yes
images/24-1-dipro-pneu__p001.png,24-1 DIPRO PNEU.pdf,1,pdf,1654,2339,fe34154c3731c9b9f8c84c3f700d7f6f913d19326c0db72608f3ec4e93541ff9,0.083064,,keep,,yes
images/24-10-free__p001.png,24-10 FREE.pdf,1,pdf,1654,2339,3f19713fb0435447a48ff1a90da8cf2cc071cffb82c7914cadc3da912e19cbef,0.127131,,keep,,yes
images/24141885382656-ka3pehlj5uohpqw07k5oicsoee5u__p001.png,24141885382656_ka3pehlj5uohpqw07k5oicsoee5u.pdf,1,pdf,1653,2339,25688b29cdab9a4cdfff4eb9b13dec6e13c23edee3de503ba87e1b835b44c72a,0.019244,,keep,,yes
images/24729546219520-e99htg5f6aerigtvbjngc0mh1sd0__p001.png,24729546219520_e99htg5f6aerigtvbjngc0mh1sd0.pdf,1,pdf,1654,2339,a22e00dce0e7b6f68e6efffad7a90d59265c8023db5b7b570c818103f5be261d,0.656250,,keep,,yes
images/24729546219520-e99htg5f6aerigtvbjngc0mh1sd0__p002.png,24729546219520_e99htg5f6aerigtvbjngc0mh1sd0.pdf,2,pdf,1654,2339,da42e16fd4a3a3c4285b38301a21ee2d8d83ee8b8eaddaedc367f0185dc1aa81,0.656218,,keep,,yes
images/24729564712960-i58zhk7h025ank6kfu47hipdmpup.jpeg,24729564712960_i58zhk7h025ank6kfu47hipdmpup.jpeg,1,image,1440,3120,a783f1b57d4469ed528c7ee2d6311515a3b9996b4753e7d0d347a1c4c6875249,1.000000,,keep,,yes
images/24729564717056-zh9cu8zrgwqxm4gtyxwl6zt18cbk.jpeg,24729564717056_zh9cu8zrgwqxm4gtyxwl6zt18cbk.jpeg,1,image,1440,3120,37ed2ba6438c9c52c4693110e9d6e121d72b9182e0e18a0ceaeba709a89907ac,1.000000,,keep,,yes
images/24729578008576-4biuop40g39rikxes7i7v533a9tf.jpeg,24729578008576_4biuop40g39rikxes7i7v533a9tf.jpeg,1,image,1440,3120,75e1167266cafd0d159196e72c1b4f0aec88f6f5e90c162918888b79f51b0cf0,0.999860,,keep,,yes
images/24729578012672-1e6c13zt4wzcnaus76dfx5bjc5i9.jpeg,24729578012672_1e6c13zt4wzcnaus76dfx5bjc5i9.jpeg,1,image,1440,3120,b139812bd4c222c0dbc2525845ddaeee1264dc8878bb7e1ab7065daa444f495e,0.999802,,keep,,yes
images/24729634770944-78qyvkjplvqy8sw99bz1nqscw4pe.jpeg,24729634770944_78qyvkjplvqy8sw99bz1nqscw4pe.jpeg,1,image,1440,3120,87c10b2612e2fdd66b5b95913fe2781125eaaba97cb29867011ab20d8f2861cc,0.999999,,keep,,yes
images/24729634848768-433yvanbs1loeg82a364lnsv3w0h.jpeg,24729634848768_433yvanbs1loeg82a364lnsv3w0h.jpeg,1,image,1440,3120,efe52c194bc4d8024085dcfa60f787e33acbe7e9257b3783dfc838e1e2fe4c30,0.999835,,keep,,yes
images/24729634852864-ugxjgp37xnv4kmxldzo4upr1igt3.jpeg,24729634852864_ugxjgp37xnv4kmxldzo4upr1igt3.jpeg,1,image,1440,3120,af2c91372e7a99a97a1c300f07be66e63e929edac793d96f8a9658fa543c0398,0.999856,,keep,,yes
images/25-1-dipro-pneu__p001.png,25-1 DIPRO PNEU.pdf,1,pdf,1654,2339,27590e735c07fe18c815e3fe897d218f5ee8dad88852317f5bffbdaec76ce15e,0.077780,,keep,,yes
images/25283783716864-6j8q6k6e4otcd7vshvfqaikbxde3__p001.png,25283783716864_6j8q6k6e4otcd7vshvfqaikbxde3.pdf,1,pdf,1653,2339,a3d93cc46a13ac86f32e45cef1321bd017b0f6f0e33c03e398d3d8348289b2c5,0.099465,,keep,,yes
images/25786874843136-7hbfjq5pj1pzzdg58rlybxjzi9me__p001.png,25786874843136_7hbfjq5pj1pzzdg58rlybxjzi9me.pdf,1,pdf,1654,2339,080ee433efe5b04ad1fa5f88eec81b142ad62579543071908aa0404fc55bd713,0.189668,,keep,,yes
images/25786874867712-q29qnrzeqfx4slrap9eirbnz9g7k__p001.png,25786874867712_q29qnrzeqfx4slrap9eirbnz9g7k.pdf,1,pdf,5500,8434,f20f33138a894688807850fe23bc500fd78e3e64a34e488048ba14b99467c079,0.110608,,keep,,yes
images/25786874867712-q29qnrzeqfx4slrap9eirbnz9g7k__p002.png,25786874867712_q29qnrzeqfx4slrap9eirbnz9g7k.pdf,2,pdf,5156,7934,ed75b06a0180289cb017d0a4f55b9b0611aff82c8383106d1008cd253724db20,0.077163,,keep,,yes
images/25786874888192-916yds2aiz3ef02qr030tcers1nc__p001.png,25786874888192_916yds2aiz3ef02qr030tcers1nc.pdf,1,pdf,1654,2339,79d6e614fe27826dc5c6981306cfd91ebaa43047d9e8858d06d61eab93513651,0.202524,,keep,,yes
images/25786874888192-916yds2aiz3ef02qr030tcers1nc__p002.png,25786874888192_916yds2aiz3ef02qr030tcers1nc.pdf,2,pdf,1654,2339,60d297cdd5a2a333fbd2e6e622d1ece611d4451d457b6af2aa44e97762907e89,0.170080,,keep,,yes
images/25786874888192-916yds2aiz3ef02qr030tcers1nc__p003.png,25786874888192_916yds2aiz3ef02qr030tcers1nc.pdf,3,pdf,1654,2339,820c5c8bddb264418124b60e6c4d1c1ae96f63fa112f189faf91b993cb811647,0.044376,,keep,,yes
images/25879640502272-bumtjjfsesxah20o54sp1jumbofq__p001.png,25879640502272_bumtjjfsesxah20o54sp1jumbofq.pdf,1,pdf,1660,2362,ca501c83a03aa2fc6b0bf27482ecd38ab388356f82fdfba0e3a985efd180838a,0.092890,,keep,,yes
images/26-1-dipro-pneu__p001.png,26-1 DIPRO PNEU.pdf,1,pdf,1654,2339,cc3ac61d98ce67588b234862951c16e97d94d6b9afbf2f8e7b4db78e6d108de5,0.083145,,keep,,yes
images/26-10-viasat__p001.png,26-10 VIASAT.pdf,1,pdf,1654,2339,402f56707a2168f4f5f78f03e7b37e76fac3126cb79dd2f3988c4ae65a2e5fe7,0.150677,,keep,,yes
images/26099563433984-z45msvtaoebou3t7m7ljy5bc7iof__p001.png,26099563433984_z45msvtaoebou3t7m7ljy5bc7iof.pdf,1,pdf,1652,2358,2c341b614d77d04508ab75e0f891a24898cc61967c4793ea2a2d451b97dcfc66,0.109198,,keep,,yes
images/26099563433984-z45msvtaoebou3t7m7ljy5bc7iof__p002.png,26099563433984_z45msvtaoebou3t7m7ljy5bc7iof.pdf,2,pdf,1652,2358,3c50ecd4ab054496108bb3350b7368ad9293278519699408ab3f6fee43691bcc,0.064481,,keep,,yes
images/26099563679744-0sp3juxgxwnrgw19l5aj378qrtvy__p001.png,26099563679744_0sp3juxgxwnrgw19l5aj378qrtvy.pdf,1,pdf,1674,2367,92831fd8eebf00306085ea0e21640414716587684457b2ac4047cf15e7d02f6b,0.105824,,keep,,yes
images/26099563679744-0sp3juxgxwnrgw19l5aj378qrtvy__p002.png,26099563679744_0sp3juxgxwnrgw19l5aj378qrtvy.pdf,2,pdf,1672,2369,272636bceb30610941dea00f62e09db84a1ef2b658d2e043cc518c03a0197492,0.098729,,keep,,yes
images/26099563683840-6ejzmgvy29sl67lh4c211tqcl7oo__p001.png,26099563683840_6ejzmgvy29sl67lh4c211tqcl7oo.pdf,1,pdf,1658,2363,c873b99e5862f04a29d6be8942811c2ca38dedc40d18d50bdd1d18a5144285e5,0.097830,,keep,,yes
images/26099563692032-yl9msmn2liia09jrp97z4b76crgc__p001.png,26099563692032_yl9msmn2liia09jrp97z4b76crgc.pdf,1,pdf,1660,2357,3e04f019012f9ca80018818b530d82e8c01de74e06e1bb27b12b923e3f9a20e2,0.108594,,keep,,yes
images/26099563692032-yl9msmn2liia09jrp97z4b76crgc__p002.png,26099563692032_yl9msmn2liia09jrp97z4b76crgc.pdf,2,pdf,1664,2363,4f2c242958a4355aaa5212d9a13d3ccc77d92f96a519c9dfe6040781c8a45248,0.079087,,keep,,yes
images/26099563700224-vu3u4dvucedj0nh8cpb4nx92az8g__p001.png,26099563700224_vu3u4dvucedj0nh8cpb4nx92az8g.pdf,1,pdf,1646,2360,e292aafc1295cb187a91a32b2acb4b641f53cd94d2795ee28a6fd8e96f447563,0.108906,,keep,,yes
images/26099563708416-mz3w2cl8962uwnmmj7v4513hga2d__p001.png,26099563708416_mz3w2cl8962uwnmmj7v4513hga2d.pdf,1,pdf,1644,2361,4aaab530c9de21de1666c10f8ceca42bf7df054042a56050b60a7ed7c2aa0ea8,0.108078,,keep,,yes
images/26099563745280-4kgp9jamg7wfj0zehjeo50sulaqd__p001.png,26099563745280_4kgp9jamg7wfj0zehjeo50sulaqd.pdf,1,pdf,1642,2362,19b793e2801be657c4f6eb858988d5e966ea85fed3eabac4a638b71d102f4335,0.108281,,keep,,yes
images/26099563745280-4kgp9jamg7wfj0zehjeo50sulaqd__p002.png,26099563745280_4kgp9jamg7wfj0zehjeo50sulaqd.pdf,2,pdf,1644,2365,44609b5bab31f860c9ab16dd7304f52cc24d2bc21afe14ca68d95e2ee4d9fa0f,0.088172,,keep,,yes
images/26099563749376-3dkqjk1zeayefqzq0khsgt9rfjtj__p001.png,26099563749376_3dkqjk1zeayefqzq0khsgt9rfjtj.pdf,1,pdf,1652,2358,21cc551e0f2fd1f5292b9308dbbc66e1103eebc38bcb2ece524f8a153efed5c8,0.099070,,keep,,yes
images/26099563757568-l0dggr8zsbx8kyscv6iqxki8ymvl__p001.png,26099563757568_l0dggr8zsbx8kyscv6iqxki8ymvl.pdf,1,pdf,1654,2359,cb611a27c239ea9130a5a92a693e7785cb4898531c96bcf89d2dc7ba4a2891b8,0.098893,,keep,,yes
images/26099563761664-sbjzqpj9ec0jmq7ut3humrvxeb5n__p001.png,26099563761664_sbjzqpj9ec0jmq7ut3humrvxeb5n.pdf,1,pdf,1646,2360,fbc344306b58e05b9d0b7dc8e18d0e5cec4e32c2070f7c2391a3b2c2d2a8881c,0.106495,,keep,,yes
images/26099563765760-ssqqjtixef05ulicnpcqqvmxztmr__p001.png,26099563765760_ssqqjtixef05ulicnpcqqvmxztmr.pdf,1,pdf,1648,2363,160d77c34b48809fd235ec92b483434712cca1081d4eda60f8226d84ccf2e94e,0.099003,,keep,,yes
images/26099563769856-wvybamcx4lqr3jr44ix975xcpjd1__p001.png,26099563769856_wvybamcx4lqr3jr44ix975xcpjd1.pdf,1,pdf,1652,2361,8d450439ebfe1b8bcbe5693ebd8c3c7e38bb738eac396e220a8138a0bb96ce01,0.082628,,keep,,yes
images/26099563773952-mw4k0y7ovfbtcl079mpla2fqf9q5__p001.png,26099563773952_mw4k0y7ovfbtcl079mpla2fqf9q5.pdf,1,pdf,1648,2358,8ce4d2b6c3ab60148d3d191d2fd64391d7e7365f2f11cf519fb2da77b0e329bd,0.108910,,keep,,yes
images/26099563773952-mw4k0y7ovfbtcl079mpla2fqf9q5__p002.png,26099563773952_mw4k0y7ovfbtcl079mpla2fqf9q5.pdf,2,pdf,1642,2361,912ea72a84c09606be768e8ec0960ef52b8706a078f72a5bfe13e6d78ec4d4a9,0.091631,,keep,,yes
images/26099563778048-lcsjpz71dmidur8magrhiqqirszw__p001.png,26099563778048_lcsjpz71dmidur8magrhiqqirszw.pdf,1,pdf,1646,2359,6527f12df35c1abee19b7c4eb8f23bfe7f295dfe8d0724ec63a51a8b5b0efce2,0.102020,,keep,,yes
images/26099563782144-mmi8k2i0lthl0j563pfj4p8npqc4__p001.png,26099563782144_mmi8k2i0lthl0j563pfj4p8npqc4.pdf,1,pdf,1650,2365,af21d91ff1c113c2fd8770b6f508d039663b6969ce1013476afb319f9d22b25b,0.112374,,keep,,yes
images/26099563786240-escp49b4e3jeyzh5ii6e2qy80ki5__p001.png,26099563786240_escp49b4e3jeyzh5ii6e2qy80ki5.pdf,1,pdf,1662,2363,ca15dcb712965773d51c9f9f5886a87e74c6b1fbe2948d1a5ccde09d019cb5c0,0.105956,,keep,,yes
images/26099563790336-i0l07f5wcnq10lwy6rka0lcufvkl__p001.png,26099563790336_i0l07f5wcnq10lwy6rka0lcufvkl.pdf,1,pdf,1666,2366,4682f3fc566a88e7a52778c4c8630820227654e70550212f92bfe611d25f82cf,0.108920,,keep,,yes
images/26099563790336-i0l07f5wcnq10lwy6rka0lcufvkl__p002.png,26099563790336_i0l07f5wcnq10lwy6rka0lcufvkl.pdf,2,pdf,1666,2365,70eeaf128ccbadd3cfc578f08aa4369e88232f302ebe1f631ce50b9508743eaa,0.076544,,keep,,yes
images/26099563798528-2u2li5bpm8t2b6strs2iy7557tnj__p001.png,26099563798528_2u2li5bpm8t2b6strs2iy7557tnj.pdf,1,pdf,1660,2360,a46c593c58e1fa1b7b3a28c50c40877f3061d10ddb918edaa0f473b056ca8097,0.108391,,keep,,yes
images/26099563798528-2u2li5bpm8t2b6strs2iy7557tnj__p002.png,26099563798528_2u2li5bpm8t2b6strs2iy7557tnj.pdf,2,pdf,1654,2360,7f5cfd58c7338c994aca11b0c32cd655c377e06381587dc386bd171257d90090,0.090445,,keep,,yes
images/26099563802624-hp5flil25v8mh8w8cig0hn495eh0__p001.png,26099563802624_hp5flil25v8mh8w8cig0hn495eh0.pdf,1,pdf,1674,2370,7ab5cac2dd0aafa16b50f2ab0255884f7d572e595be87e2957b338d9b888017b,0.105400,,keep,,yes
images/26099563802624-hp5flil25v8mh8w8cig0hn495eh0__p002.png,26099563802624_hp5flil25v8mh8w8cig0hn495eh0.pdf,2,pdf,1668,2368,41f3bf9e574d9a5686a0d22cd22607aacfd5f99be5893c1e993f9d9119c6c44e,0.074620,,keep,,yes
images/26099563806720-ce1qxpn0a5fx7b0qzvjmr8rwepd9__p001.png,26099563806720_ce1qxpn0a5fx7b0qzvjmr8rwepd9.pdf,1,pdf,1654,2358,eb25ead9a248435b2fb91ea61ae0e873b39a788172d5417cf90a2ae38a401a1e,0.107676,,keep,,yes
images/26099563806720-ce1qxpn0a5fx7b0qzvjmr8rwepd9__p002.png,26099563806720_ce1qxpn0a5fx7b0qzvjmr8rwepd9.pdf,2,pdf,1672,2365,bd752023b3d7c0deb916510ffb3ef064b57b167aa467ad22167ff072d697ddfb,0.083940,,keep,,yes
images/26146424918016-epops6dib8tw0hw2kqrdxjeo16bd__p001.png,26146424918016_epops6dib8tw0hw2kqrdxjeo16bd.pdf,1,pdf,1653,2339,73d92a62c15f1243662ed61bc3547c8609446011b1743452f8864d9e25e5f622,0.080370,,keep,,yes
images/26146424918016-epops6dib8tw0hw2kqrdxjeo16bd__p002.png,26146424918016_epops6dib8tw0hw2kqrdxjeo16bd.pdf,2,pdf,1653,2339,10f4988e3b5451b7218093d521b6468ac56b8adf11c5369bae644bc19d31115a,0.071252,,keep,,yes
images/26146424918016-epops6dib8tw0hw2kqrdxjeo16bd__p003.png,26146424918016_epops6dib8tw0hw2kqrdxjeo16bd.pdf,3,pdf,1653,2339,fa5289eaea59518df7f997908f9c95f285ce8fa2fd83acf9138f40e42a7c66ca,0.043409,,keep,,yes
images/26146616492032-e1znhjik9mou1qp9dke2u1st1og0__p001.png,26146616492032_e1znhjik9mou1qp9dke2u1st1og0.pdf,1,pdf,1660,2340,35ed6acbcafb8da722cbedd8a51e0266b7e785a9d63c1588eba4f696025ca670,0.096519,,keep,,yes
images/26146616492032-e1znhjik9mou1qp9dke2u1st1og0__p002.png,26146616492032_e1znhjik9mou1qp9dke2u1st1og0.pdf,2,pdf,1660,2340,685da53fcbeac7a2db2ea248747839b7054b5dacc7c4f4ff0ca09ffe514f4af6,0.021191,,keep,,yes
images/26146616496128-m2f3uykq2daaz9xjcwerlsa75dsd__p001.png,26146616496128_m2f3uykq2daaz9xjcwerlsa75dsd.pdf,1,pdf,1660,2340,c0d7c3982f4c669b0e9cd03e706deb6c364155e405b02b5fade4d45a203f48ae,0.095001,,keep,,yes
images/26146616496128-m2f3uykq2daaz9xjcwerlsa75dsd__p002.png,26146616496128_m2f3uykq2daaz9xjcwerlsa75dsd.pdf,2,pdf,1660,2340,9dbcb817d0c2f095f7ed2713475f35e396e77054a85e6aaf092199851f65b5ee,0.021223,,keep,,yes
images/26146616500224-coai55umbqne12lsmr6gurgb1w2j__p001.png,26146616500224_coai55umbqne12lsmr6gurgb1w2j.pdf,1,pdf,1654,2339,58eec955a1bcdd0adf5ddf2a55c50c3a4cc0ae5c1b3fc54c44e40d318746e033,0.102832,,keep,,yes
images/26146639089664-7g2pugued83cwmpzh3ouxxho55rl__p001.png,26146639089664_7g2pugued83cwmpzh3ouxxho55rl.pdf,1,pdf,1654,2339,536783c3b888e91e2d7d66484429c4c8d470820bf7ea8d4974fd1c7bc8e6b55b,0.112131,,keep,,yes
images/26226345005056-53b3uke1ethlh89af2hoskebatoc__p001.png,26226345005056_53b3uke1ethlh89af2hoskebatoc.pdf,1,pdf,1654,2339,c86ca4218e4fc52858e32cb53d29b261a4d5164862d925aefc1fc70d675b4eeb,0.065571,,keep,,yes
images/26226345005056-53b3uke1ethlh89af2hoskebatoc__p002.png,26226345005056_53b3uke1ethlh89af2hoskebatoc.pdf,2,pdf,1654,2339,23b7d53c9daa5845b60c20efd74548946cd316043ec1d90a48b412ba92bb83b7,0.015752,,keep,,yes
images/26226345021440-37fro2dfahrt7ysgtr7rthjgt7vq__p001.png,26226345021440_37fro2dfahrt7ysgtr7rthjgt7vq.pdf,1,pdf,1654,2339,6dccf8263275de3880ce7eb325cd091402303940e216c4bb22696d3a1a843404,0.064727,,keep,,yes
images/26226345021440-37fro2dfahrt7ysgtr7rthjgt7vq__p002.png,26226345021440_37fro2dfahrt7ysgtr7rthjgt7vq.pdf,2,pdf,1654,2339,f42b9db62300578e897ebe15defd13c925f7b2a270046c6cdb5adcde3045d0a9,0.020045,,keep,,yes
images/26226346430464-g7gzkpet61883xh9tnnxnapr9suw__p001.png,26226346430464_g7gzkpet61883xh9tnnxnapr9suw.pdf,1,pdf,1654,2339,a1d8482d59f820795df43214e4b8814c48c2630fbad623666aa809f4840388f2,0.063814,,keep,,yes
images/26226346430464-g7gzkpet61883xh9tnnxnapr9suw__p002.png,26226346430464_g7gzkpet61883xh9tnnxnapr9suw.pdf,2,pdf,1654,2339,067bfc74c30940d3a239d42ad1f0c2884135f25e681c5465240ef0d0b6cf8945,0.010646,,keep,,yes
images/26268099325952-b1ebqx8szfutyh6vijhzmxaj1tpf__p001.png,26268099325952_b1ebqx8szfutyh6vijhzmxaj1tpf.pdf,1,pdf,1653,2339,c4b05f096b85f71565f03742f3e5717b9d14c8864b292ca906178ada0f42fafa,0.203039,,keep,,yes
images/26291594973184-un1g0stouja14w492h2pec0tbrte__p001.png,26291594973184_un1g0stouja14w492h2pec0tbrte.pdf,1,pdf,1653,2339,4f39e98c913250d314602af859af2371fa0a60517652f198850be6ce668e83a8,0.166329,,keep,,yes
images/26439830863872-pbl18fqmj722cwq5iu4mut6f2qjh__p001.png,26439830863872_pbl18fqmj722cwq5iu4mut6f2qjh.pdf,1,pdf,1653,2339,416afb2f3cdb8dd0c53a30d83e5cbfbddb41c3064cc95c6af5f9563cc6f26c37,0.019223,,keep,,yes
images/26774831198208-jjs7bxa4c76rt7y4amnqihxwwyxc__p001.png,26774831198208_jjs7bxa4c76rt7y4amnqihxwwyxc.pdf,1,pdf,1655,2340,2b475f0d331295c99b78e37e744d9b75b92cef58e55a37632989ba5df49961e0,0.077986,,keep,,yes
images/27-1-dipro-pneu__p001.png,27-1 DIPRO PNEU.pdf,1,pdf,1654,2339,0869b92a31a1984dc1ccfa663c712ddc3f1ee7fb3ab1ce0ec70df3f99c0b5872,0.078011,,keep,,yes
images/27-10-darty__p001.png,27-10 DARTY.pdf,1,pdf,1654,2339,8a13c5a142054a75f99348a32a35ca36c6030af45708b669c0427de79ca628e1,0.048107,,keep,,yes
images/2780947993-3gbmi474ux8ws2ux9etthskwd5tx__p001.png,2780947993_3gbmi474ux8ws2ux9etthskwd5tx.pdf,1,pdf,1653,2339,8c318d354b88bec57e9c65d11a8c0dfbe923b4d38aa3c6922ce6ac142b3b48d2,0.169192,,keep,,yes
images/28-1-dipro-pneu__p001.png,28-1 DIPRO PNEU.pdf,1,pdf,1654,2339,8ebc4bc1d951d895bb23192365e5f39628e70666a1e8c3501e79b61713fe19b3,0.077915,,keep,,yes
images/29-1-dipro-pneu__p001.png,29-1 DIPRO PNEU.pdf,1,pdf,1654,2339,e0909b515501956f9c8b34e18d9b73172c640df563747f8025c2ece1290c6968,0.078235,,keep,,yes
images/3-1-invoice-37__p001.png,3-1  invoice (37).pdf,1,pdf,1654,2339,a0938cfa739600b4baa11c52de388d64c6c4156979d95aeadf2041ca0cd7875f,0.096707,dup_001,review,exact_duplicate,yes
images/3-1-invoice-37__p002.png,3-1  invoice (37).pdf,2,pdf,1654,2339,ca20925b67a9eab946acd42d7da9af9ba5b56efaf7b5e5a4cbf7cde564069337,0.021191,dup_002,review,exact_duplicate,yes
images/3-10-leroy-merlin__p001.png,3-10 LEROY MERLIN.pdf,1,pdf,1654,2339,48646ccc6f346638043ae1191c50592641fa9087cc19c65be203deb5b7942de7,0.239575,,keep,,yes
images/3-6-f2026008832-1784029172__p001.png,3-6 F2026008832-1784029172.pdf,1,pdf,1654,2339,27a8a4a3c05d3193e6b060d832e0a983d870ec035320687cfaccb4d76a70ed15,0.035504,,keep,,yes
images/3-6-f2026008832-1784029172__p002.png,3-6 F2026008832-1784029172.pdf,2,pdf,1654,2339,dca2ee84f51fdf26b968789063cddb44dac94668f3155d27125fd6158abe5094,0.047006,,keep,,yes
images/3-6-f2026008832-1784029172__p003.png,3-6 F2026008832-1784029172.pdf,3,pdf,1654,2339,5a78b5c48abdd1f4264a3314864a6cae91f24bb50bf438b17e3d40bab645af83,0.049358,,keep,,yes
images/3-6-f2026008832-1784029172__p004.png,3-6 F2026008832-1784029172.pdf,4,pdf,1654,2339,f9e72eb969edf687659b2d630e7b489796f4cf1e37db522b667c275219b4510d,0.024432,,keep,,yes
images/3-6-invoice-0126010795972__p001.png,3-6 invoice__0126010795972.pdf,1,pdf,1653,2339,51f534e4cc023d9c0c14b5fe3e7fe632fdd187cbb5229c879e8090a3117f4673,0.151413,,keep,,yes
images/3-6-invoice-0126010795972__p002.png,3-6 invoice__0126010795972.pdf,2,pdf,1653,2339,383312199c6f3835bdb4f589f30c95b86843388c218ded577c7ad61a77212364,0.085727,,keep,,yes
images/30-1-dipro-pneu__p001.png,30-1 DIPRO PNEU.pdf,1,pdf,1654,2339,9304e72e72172dae45b5fc6cf8efee48b3f3dd60b7f7888faa4cf356e671ba69,0.079551,,keep,,yes
images/3017073688981754-payment__p001.png,3017073688981754_payment.pdf,1,pdf,2250,3050,155075d628e5377720895d9f614d4673ac7cc5280947fa1bb44a0084c2cd607d,0.023483,,keep,,yes
images/3017117264071754-payment__p001.png,3017117264071754_payment.pdf,1,pdf,2250,3050,c93e683aef15977f342a66bf23277806f448f4119f0181e9d9694c98f4e82af2,0.022692,,keep,,yes
images/3017165176731754-payment__p001.png,3017165176731754_payment.pdf,1,pdf,2250,3050,00bd4a6a93e0408ce70e8c5cb8c586f49c3a806dc258ab2060944868cea89c58,0.022757,,keep,,yes
images/3017191982541754-payment__p001.png,3017191982541754_payment.pdf,1,pdf,2250,3050,f11c77a6e1598f25425003407804d9df11e99889291f677efa13e7e027017659,0.023641,,keep,,yes
images/31-1-dipro-pneu__p001.png,31-1 DIPRO PNEU.pdf,1,pdf,1654,2339,ced523f6a6dfd91ab34477f89fc43571444d12bf27c588bb422aabca8b419446,0.081877,,keep,,yes
images/32-1-dipro-pneu__p001.png,32-1 DIPRO PNEU.pdf,1,pdf,1654,2339,dfba55756d2d5ed9599810e3c2383b59e1f0e3f65c37574051bf7e43f339bb84,0.077963,,keep,,yes
images/33-1-5487753394-2__p001.png,33-1  5487753394 (2).pdf,1,pdf,1653,2339,1cf7f06251c4fb9e4728c5313cfc150737e492c4719f88247a7c4d2d10f5022e,0.038224,,keep,,yes
images/33-1-5487753394-2__p002.png,33-1  5487753394 (2).pdf,2,pdf,1653,2339,d30f9dc843f7bf60b1a8081ce07815ef313836f603754413c308560e78c9902d,0.011135,,keep,,yes
images/33-1-5487753394-2__p003.png,33-1  5487753394 (2).pdf,3,pdf,1653,2339,7b729264bdf2e667f6df97cfd742ca29ff6c1de1eedd93bc9fe4cf1585d25c48,0.010296,,keep,,yes
images/34-1-2026-01-1-652-149166__p001.png,34-1  2026-01-1-652-149166.pdf,1,pdf,1654,2339,9090693e2b483d2502efa144e64e614f5fbcd3bdaeb25bf94166789beb721f47,0.048626,,keep,,yes
images/37-1-vente-remorque-dl-560-vf__p001.png,37-1 Vente Remorque DL-560-VF.pdf,1,pdf,1654,2338,c0948bf9de1828dbc99165b45ffab008369b6edf6b8f70883cb9470a5d208d48,0.038213,,keep,,yes
images/3817519050-f98okput5ndp2igu1rj35vfuh6p3__p001.png,3817519050_f98okput5ndp2igu1rj35vfuh6p3.pdf,1,pdf,1656,2342,089d82c9329a7e27a7acfeea04dd711b1aa939306f89027c3acd9f4294ad62bc,0.537425,,keep,,yes
images/3817519050-f98okput5ndp2igu1rj35vfuh6p3__p002.png,3817519050_f98okput5ndp2igu1rj35vfuh6p3.pdf,2,pdf,1656,2342,ad694d57468e5d8a5cb3fbfab23ea4f0b15805e91ac780f51af08fdf564670a6,0.297850,,keep,,yes
images/3817519050-f98okput5ndp2igu1rj35vfuh6p3__p003.png,3817519050_f98okput5ndp2igu1rj35vfuh6p3.pdf,3,pdf,1656,2342,b8b3c2ef01207ab4e443e8ae2cb14f4713cd926bf52f9d2b86039282d29a1250,0.280306,,keep,,yes
images/3817519050-f98okput5ndp2igu1rj35vfuh6p3__p004.png,3817519050_f98okput5ndp2igu1rj35vfuh6p3.pdf,4,pdf,1656,2342,faeb6c339746a3bd2a15b848737dfd8d886d6631e10c1f4afa046393b727a9df,0.107324,,keep,,yes
images/3817519050-f98okput5ndp2igu1rj35vfuh6p3__p005.png,3817519050_f98okput5ndp2igu1rj35vfuh6p3.pdf,5,pdf,1656,2342,d50e142ca2448bd9f26ebda74789a4154744d84c8bdf80077619854383e66a4b,0.170605,,keep,,yes
images/3820231298-uw80v7893hdsdx48i2gw3ya63bgr__p001.png,3820231298_uw80v7893hdsdx48i2gw3ya63bgr.pdf,1,pdf,1654,2339,90ed2455772f226e1335e0936ef2477b592907689ecb7d2de5f09a0068fef29e,0.051925,,keep,,yes
images/3820231298-uw80v7893hdsdx48i2gw3ya63bgr__p002.png,3820231298_uw80v7893hdsdx48i2gw3ya63bgr.pdf,2,pdf,1654,2339,25b9f3c73bbc504de506447960717e89259087744d7977d07eb53e36b727e16a,0.022139,,keep,,yes
images/3820231299-8wqd4esc88okzzrhowjwj2ynfgqm__p001.png,3820231299_8wqd4esc88okzzrhowjwj2ynfgqm.pdf,1,pdf,1654,2339,3ddbbf3bb6bd545dcfd711c9b359cd3924fd87f720a99544a968e61321ebf792,0.051855,,keep,,yes
images/3820231299-8wqd4esc88okzzrhowjwj2ynfgqm__p002.png,3820231299_8wqd4esc88okzzrhowjwj2ynfgqm.pdf,2,pdf,1654,2339,46d402c3989986ef1c300befac652f6f8394241a5e7a25d07dc6065280bdfdbc,0.021950,,keep,,yes
images/3820231300-9ierrn3jaco24lje5y81pvwlf1ft__p001.png,3820231300_9ierrn3jaco24lje5y81pvwlf1ft.pdf,1,pdf,1654,2339,43be2fbf8a9888d2359cf39a3d7b5d88573e1540c36a654142b96680620fefd7,0.051895,,keep,,yes
images/3820231300-9ierrn3jaco24lje5y81pvwlf1ft__p002.png,3820231300_9ierrn3jaco24lje5y81pvwlf1ft.pdf,2,pdf,1654,2339,fc368eaaaa9b1fa61712b5c3cbc05635570c2889bd4b8241d6bce875cda2c8bf,0.021930,,keep,,yes
images/3820231301-nquocdiizlk4sek156ukttapijr2__p001.png,3820231301_nquocdiizlk4sek156ukttapijr2.pdf,1,pdf,1654,2339,276422ed8f5665f151af95fded8107580919edac6e1de6e66340ab6aca680c11,0.051957,,keep,,yes
images/3820231301-nquocdiizlk4sek156ukttapijr2__p002.png,3820231301_nquocdiizlk4sek156ukttapijr2.pdf,2,pdf,1654,2339,b6dc3cf834ee6bd56132d1c3016fe92500c5789919336bd87f770c2b3009001c,0.021930,,keep,,yes
images/3821257805-q2bf1bcupiai266yzsbbw2itqudh.jpeg,3821257805_q2bf1bcupiai266yzsbbw2itqudh.jpeg,1,image,1284,1765,d3f45972743cb624e61859f7fa4100b0097eec353a080b26eb4659af259289d1,0.195129,,keep,,yes
images/3824057220-iiw381gfojuobm5ra9tq39nrsa41__p001.png,3824057220_iiw381gfojuobm5ra9tq39nrsa41.pdf,1,pdf,1654,2339,1bf25a35cd606461c5bade0b9129010e9cc7bd8541ad6539c47d3d7f8444f56f,0.226679,,keep,,yes
images/3855579444-8dripct5ibv5xjfcdww0cewt9drb.jpeg,3855579444_8dripct5ibv5xjfcdww0cewt9drb.jpeg,1,image,4000,3000,dccc0c6d6b4f8b9e078a6a3e7fc1fe752184bfa030913e596b755be4a45635bf,1.000000,,keep,,yes
images/3855579446-e38xshoew64cdazf737mrqb4l3ye.jpeg,3855579446_e38xshoew64cdazf737mrqb4l3ye.jpeg,1,image,4000,3000,fcb51d914541a6fdf9bd1c964768ee7e879b44937a93bb4b059ee4450161ff09,1.000000,,keep,,yes
images/3856646160-ttuk6c3c6udi9f05082f5h57b05d__p001.png,3856646160_ttuk6c3c6udi9f05082f5h57b05d.pdf,1,pdf,1654,2339,9ecb544707f97f4c10b7dd5a7766c1efa7568cc2ba1046cb568f51cbfcf18260,0.169777,,keep,,yes
images/3856825428-jmfhude89bq2r14kjxe1g8kvalp8__p001.png,3856825428_jmfhude89bq2r14kjxe1g8kvalp8.pdf,1,pdf,1653,2339,98197dbe9805bd5264a9e60b6bfe86a7be00e88cbfaca0ab9d59419e8fbcee2d,0.049709,,keep,,yes
images/3856825428-jmfhude89bq2r14kjxe1g8kvalp8__p002.png,3856825428_jmfhude89bq2r14kjxe1g8kvalp8.pdf,2,pdf,1653,2339,371495eadf87dc28e4d9fb6b83abcdfbcaef55d91e51cf7fef4ec52cb1889b30,0.066464,,keep,,yes
images/3856825428-jmfhude89bq2r14kjxe1g8kvalp8__p003.png,3856825428_jmfhude89bq2r14kjxe1g8kvalp8.pdf,3,pdf,2339,1653,730f21abce7bc8f2ee98e9f271a6df11ddaac24e3c246dc03b6d04825451e71c,0.046089,,keep,,yes
images/3857752770-82c4hux92atjfbno7pxfqwhh1j39__p001.png,3857752770_82c4hux92atjfbno7pxfqwhh1j39.pdf,1,pdf,1654,2339,15544eb9124e61dbd261e5d0c4243b0736f41a41d19984ca06c1c84a65a525d5,0.033175,,keep,,yes
images/3863282034-t38us8scyek6a93ausxkw1sdajfv__p001.png,3863282034_t38us8scyek6a93ausxkw1sdajfv.pdf,1,pdf,1654,2339,298561feef54c4944b51fb8d19698c8e9fc3ff6f85f049480f928fa75e99c5cd,0.053854,,keep,,yes
images/3863282048-ozb7l2xdnkuq4rj4qqm71qf6r7bl__p001.png,3863282048_ozb7l2xdnkuq4rj4qqm71qf6r7bl.pdf,1,pdf,1654,2339,82d87e8373593f55d7341ad04d51f6315ac958980c9ec839fde24b4d1b69362f,0.048814,,keep,,yes
images/3892094516-2hlhm85qwujciut6kana62w9ddmz__p001.png,3892094516_2hlhm85qwujciut6kana62w9ddmz.pdf,1,pdf,1654,2339,8197a2ba7f98a1867581009a20a2856b4d2befbe84a3b214170a825bdec1d36b,0.219322,,keep,,yes
images/3893364868-31nsjtvm3juno6kanhrt95m9qfuq__p001.png,3893364868_31nsjtvm3juno6kanhrt95m9qfuq.pdf,1,pdf,1654,2338,92a50ca6e980d732e50dad8fc4753f3a5f205b105c2f582ac42a1a6e3fe385ec,0.109850,,keep,,yes
images/3893364876-x32o85kipaywvjxzpcoobe4nbgnq__p001.png,3893364876_x32o85kipaywvjxzpcoobe4nbgnq.pdf,1,pdf,1654,2338,45bacf820bc56ec554819c476dffdf778929520239793695be52453f23996257,0.109448,,keep,,yes
images/3893364884-h8nw6xiv18iwaave5m653rr1cqs7__p001.png,3893364884_h8nw6xiv18iwaave5m653rr1cqs7.pdf,1,pdf,1654,2338,44880e6ef44b527fc32d6f942126932d19ca2ac5a426fc805026da8628364f51,0.107044,,keep,,yes
images/3893364885-z27wxwz1kavkegabf1i8z2pcox4t__p001.png,3893364885_z27wxwz1kavkegabf1i8z2pcox4t.pdf,1,pdf,1654,2338,f71dc21f1654df26b32ceccc0513fe4ee8696918dd4831830db970a14ceb5ed8,0.108235,,keep,,yes
images/3893583494-eprpqcv3wa750640t2u3ywdc9lmx__p001.png,3893583494_eprpqcv3wa750640t2u3ywdc9lmx.pdf,1,pdf,1654,2339,cb97d1f4d8ac401177af70c435fa6dfd7b4942f5182804aaae7f5fb951029eac,0.053974,,keep,,yes
images/3893583513-h6derf1wxcfdw2syl7zkmvfayzom__p001.png,3893583513_h6derf1wxcfdw2syl7zkmvfayzom.pdf,1,pdf,1654,2339,86a1f8f26a88e4a6ecbc46da3df5e6e8009fbd8d99091f670cde8c56b5ad205b,0.057871,,keep,,yes
images/3893583523-tyo0xbiso5rafxhzj5g40axcckou__p001.png,3893583523_tyo0xbiso5rafxhzj5g40axcckou.pdf,1,pdf,1654,2339,f831c45d7293d4ba52c17121fad6d3a62709ec0691b08d46971d33e82e0d7331,0.057837,,keep,,yes
images/3915905925-ope5sa0465j8zpxm60amr01v2txy__p001.png,3915905925_ope5sa0465j8zpxm60amr01v2txy.pdf,1,pdf,1654,2339,a5d9d249b88df72dc67cc49ec7622e57ff0177d225d9fa5473721e8614b1dbee,0.076454,,keep,,yes
images/3915905925-ope5sa0465j8zpxm60amr01v2txy__p002.png,3915905925_ope5sa0465j8zpxm60amr01v2txy.pdf,2,pdf,1654,2339,e6407b7ee22ccf6487dd71fa0ac2641ddde3ba15ebaf33bb4fac65e0ee47b71c,0.054033,,keep,,yes
images/3915905925-ope5sa0465j8zpxm60amr01v2txy__p003.png,3915905925_ope5sa0465j8zpxm60amr01v2txy.pdf,3,pdf,1654,2339,e3254a434969ec09135c7c8d5779a44818c8c29182bda748127411ecceff42c0,0.039526,,keep,,yes
images/3915905927-h02v2n9qkj3lv2le3z08wuzsafa2__p001.png,3915905927_h02v2n9qkj3lv2le3z08wuzsafa2.pdf,1,pdf,1654,2339,5c75a148308bc4662e4e75fa77f9ffdbd4708202c892438febabbd64a87c5b22,0.075570,,keep,,yes
images/3915905927-h02v2n9qkj3lv2le3z08wuzsafa2__p002.png,3915905927_h02v2n9qkj3lv2le3z08wuzsafa2.pdf,2,pdf,1654,2339,1ef2204ca9efeec2967db0ef6f9903c04a1375a3339d8c5c1128fd8f377600f1,0.043841,,keep,,yes
images/3918436702-90l8y76kcm3co1jrane7wjgud2wc.jpeg,3918436702_90l8y76kcm3co1jrane7wjgud2wc.jpeg,1,image,4000,3000,d8944c5f2d26cb60556a345f6412a32f762c9cbf7d8b857c2fc55567468370f5,1.000000,,keep,,yes
images/3919432137-3mirxewy1cbwodo2iypfk2jjweez.jpeg,3919432137_3mirxewy1cbwodo2iypfk2jjweez.jpeg,1,image,4000,3000,7dd5da991405db80bfbd4db24c897bb9579cbe094421a4c00e433ae40f4ca421,0.999991,,keep,,yes
images/3920637900-5rlpomwzoztz5f8ur86ejvvwp7av__p001.png,3920637900_5rlpomwzoztz5f8ur86ejvvwp7av.pdf,1,pdf,1654,2339,bcc21cd61f35c15c4e1a18ccdddf3d06151c3ef0680257a54158f8623d628bf1,0.054125,,keep,,yes
images/3926298509-z0lxoc3lm1gtfai982wfro0tx1g0__p001.png,3926298509_z0lxoc3lm1gtfai982wfro0tx1g0.pdf,1,pdf,1653,2339,166090f80f8e8b73d7f048baf8b2a7d01564a8a2bebea0304bf4118b14566ca1,0.062366,,keep,,yes
images/3926298509-z0lxoc3lm1gtfai982wfro0tx1g0__p002.png,3926298509_z0lxoc3lm1gtfai982wfro0tx1g0.pdf,2,pdf,1653,2339,eb005ce28ae1fbaa23984fcb7d74cc54daeb7d85735a08714982d5d011dcd7d4,0.043730,,keep,,yes
images/3926298509-z0lxoc3lm1gtfai982wfro0tx1g0__p003.png,3926298509_z0lxoc3lm1gtfai982wfro0tx1g0.pdf,3,pdf,1653,2339,4f36f7a746d3dd8c3dd20e404544b937a290307a22b86050f5f5ce4a757b64f5,0.032828,,keep,,yes
images/3926298509-z0lxoc3lm1gtfai982wfro0tx1g0__p004.png,3926298509_z0lxoc3lm1gtfai982wfro0tx1g0.pdf,4,pdf,1653,2339,0184fa2eaf280c4cdbe6b6fbe3f1f1fe61b99b10fddc1fce6a8859ca05aaa606,0.096428,dup_008,review,exact_duplicate,yes
images/3950837833-zh49b7i5bh6lp4fwxb5eh9bol1dw__p001.png,3950837833_zh49b7i5bh6lp4fwxb5eh9bol1dw.pdf,1,pdf,1654,2339,1b3d4650e36116e83ba8c959b04df8590d38fa7caa487720fcaae930ebd9f715,0.092536,,keep,,yes
images/3950837833-zh49b7i5bh6lp4fwxb5eh9bol1dw__p002.png,3950837833_zh49b7i5bh6lp4fwxb5eh9bol1dw.pdf,2,pdf,1654,2339,aa3534cdd87f84fbfca351827d032fed82af60b47e85f62af4f08d27af443e7c,0.096792,,keep,,yes
images/3950837833-zh49b7i5bh6lp4fwxb5eh9bol1dw__p003.png,3950837833_zh49b7i5bh6lp4fwxb5eh9bol1dw.pdf,3,pdf,1654,2339,4b1ece9f0e7c6413510aca83b10a0e937bbf637511b2b58140e8d35c094edd79,0.130063,,keep,,yes
images/3950837833-zh49b7i5bh6lp4fwxb5eh9bol1dw__p004.png,3950837833_zh49b7i5bh6lp4fwxb5eh9bol1dw.pdf,4,pdf,1654,2339,36969a69d10e819ce9c8528fc075a52cc5e6637be54610e3e61dde2dd9d5efe9,0.070614,,keep,,yes
images/3950930183-ksucr5kmhmc0tohp202trzmjskcy__p001.png,3950930183_ksucr5kmhmc0tohp202trzmjskcy.pdf,1,pdf,1653,2339,112add0c177cd39f354aae743121652db0c89dccccadf12c525d90073b465375,0.052825,,keep,,yes
images/3950930183-ksucr5kmhmc0tohp202trzmjskcy__p002.png,3950930183_ksucr5kmhmc0tohp202trzmjskcy.pdf,2,pdf,1653,2339,23d32f11c607c6c15f145575e3c4d91e654a7fbfea2721707ab26064da09efbd,0.013877,,keep,,yes
images/3950930183-ksucr5kmhmc0tohp202trzmjskcy__p003.png,3950930183_ksucr5kmhmc0tohp202trzmjskcy.pdf,3,pdf,1653,2339,5dbd51376833cc5a2e9a32fc4f44d4318465b7f3dcc043eab15aa0d3c523b1da,0.047860,,keep,,yes
images/3960060574-9bg31ixcgsx7ybmkqctzmx2l16hs.jpeg,3960060574_9bg31ixcgsx7ybmkqctzmx2l16hs.jpeg,1,image,1284,2009,f9d05d3208d6a79dd7b321ef6809364b82b949b0f2b9e24bababb7f2cba9aca7,0.061024,,keep,,yes
images/3968057950-wnddvnip3rrwmd5z5e1gj18pyac0__p001.png,3968057950_wnddvnip3rrwmd5z5e1gj18pyac0.pdf,1,pdf,1653,2339,b8b7d05083f924d28aa0a972187133d00079e325c6b5fa2c59365ffc98f23424,0.044174,,keep,,yes
images/3968057950-wnddvnip3rrwmd5z5e1gj18pyac0__p002.png,3968057950_wnddvnip3rrwmd5z5e1gj18pyac0.pdf,2,pdf,1653,2339,b04f71e851b9f3dfeac8899664a5993e8299242f1171f37f8665199eec3b9624,0.028653,,keep,,yes
images/3968057958-ci3ionkwerc0a5f06pb7m3lnbvfa__p001.png,3968057958_ci3ionkwerc0a5f06pb7m3lnbvfa.pdf,1,pdf,1653,2339,0af94746adfa345130124fefd846a45be9806b3a0c1dce264060a6971dc7f6c7,0.044272,,keep,,yes
images/3968057958-ci3ionkwerc0a5f06pb7m3lnbvfa__p002.png,3968057958_ci3ionkwerc0a5f06pb7m3lnbvfa.pdf,2,pdf,1653,2339,3411fda0fe8a6cb5602ed0669dda0ba94389c3d737bedb429618c86f3b1381ed,0.028738,,keep,,yes
images/3977326714-fbvjbpxa0uqxtdv382rpri7w8eoi__p001.png,3977326714_fbvjbpxa0uqxtdv382rpri7w8eoi.pdf,1,pdf,1653,2339,f7e4d37fab18bc935b4e5562dca1c09341b3431510ca51b89b9b8a9f225763d4,0.069709,,keep,,yes
images/3977326714-fbvjbpxa0uqxtdv382rpri7w8eoi__p002.png,3977326714_fbvjbpxa0uqxtdv382rpri7w8eoi.pdf,2,pdf,1653,2339,eefd9c6f8dee7d34eab829b315a37156864349f9bd35d351b366f52bfec1f2d1,0.072088,,keep,,yes
images/3977326714-fbvjbpxa0uqxtdv382rpri7w8eoi__p003.png,3977326714_fbvjbpxa0uqxtdv382rpri7w8eoi.pdf,3,pdf,1653,2339,4eec3e5c7b4cab724be867da132bc36372eb4bb95aa5316f4d3a4312fa7efab2,0.047350,,keep,,yes
images/3977326714-fbvjbpxa0uqxtdv382rpri7w8eoi__p004.png,3977326714_fbvjbpxa0uqxtdv382rpri7w8eoi.pdf,4,pdf,1653,2339,0184fa2eaf280c4cdbe6b6fbe3f1f1fe61b99b10fddc1fce6a8859ca05aaa606,0.096428,dup_008,review,exact_duplicate,yes
images/3977326727-s5dtka9ggda6pkil97b1pa4oynkp__p001.png,3977326727_s5dtka9ggda6pkil97b1pa4oynkp.pdf,1,pdf,1654,2339,6a0f613aeac41b90fe22764a8a8b57232f0908b110bd688c1de4bc817e05fd20,0.031134,,keep,,yes
images/3985017097-78kone0exerzt24ddx80ryoeh2z3__p001.png,3985017097_78kone0exerzt24ddx80ryoeh2z3.pdf,1,pdf,1654,2339,9cb2adfde81a64c6712106328cd37ca34d573d64dc9cec45a0452c0ab8f76505,0.043682,,keep,,yes
images/4-1-invoice-38__p001.png,4-1  invoice (38).pdf,1,pdf,1654,2339,2ea483ef54f38952dcea4e36589cd6b3cba912fa2f2159052140858f6122c56f,0.104875,,keep,,yes
images/4-1-invoice-38__p002.png,4-1  invoice (38).pdf,2,pdf,1654,2339,375598002ad242e2186b3ada1abc363d59060c2af2b0cee21e1087148d7b6378,0.024194,,keep,,yes
images/4-6-2026-07-23-16-49-1__p001.png,4-6 2026-07-23 16-49_1.pdf,1,pdf,1654,2304,f93e0e15ff42fb7834f6ddc2c966a6302af38b2ce0e6c58819243892aa0b53f5,0.117596,,keep,,yes
images/4007446462-0hn52mlws9gw6697n2umt92sgbtb__p001.png,4007446462_0hn52mlws9gw6697n2umt92sgbtb.pdf,1,pdf,1654,2339,18f9f03de505c983e1f2acea0ced1b332c61f4af7d5312e291e54eaccb65c57c,0.058791,,keep,,yes
images/4007446463-iv3nyav2niskbsrtw7j57hjqc1b5__p001.png,4007446463_iv3nyav2niskbsrtw7j57hjqc1b5.pdf,1,pdf,1654,2339,7fecd9e749af725c0357a5fe8fffddd5e1eca73fdbe505ab38dd6c6ea1cd8a88,0.059381,,keep,,yes
images/4007446464-bvwhbnbx9io9slg76c8k1j77bxcl__p001.png,4007446464_bvwhbnbx9io9slg76c8k1j77bxcl.pdf,1,pdf,1654,2339,a869a0f42cd26e75864e884cfb602a331baab0a615c6a1c21c50e0cea169a2e1,0.052664,,keep,,yes
images/4019371399-ekfnet7mjszo4yyylnp55l9j1uyg__p001.png,4019371399_ekfnet7mjszo4yyylnp55l9j1uyg.pdf,1,pdf,1654,2339,18e8227205e0383021f10a8613103a9dcd022d97c3e1b52bcd9340951b766eb2,0.218242,,keep,,yes
images/4052190329-q6pns3ruktz9d1ez02dm6gx5sts4.jpeg,4052190329_q6pns3ruktz9d1ez02dm6gx5sts4.jpeg,1,image,1395,1985,8627c14b6ed20d26127faffb522884a4a5e6a44425a266e1cd468f082ba4433c,0.252019,,keep,,yes
images/4052190381-i88ijzp36glaulk4jx7qa16u68z2.jpeg,4052190381_i88ijzp36glaulk4jx7qa16u68z2.jpeg,1,image,1440,2017,31d404b18c1a7f25f692863961e516c56ecbd7a04ed25620c1a80a894de5c395,0.119164,,keep,,yes
images/4103800084-xf6ixwcqqgevm364ub8ko23so518__p001.png,4103800084_xf6ixwcqqgevm364ub8ko23so518.pdf,1,pdf,1654,2339,e53b930e37f7b29b117ce0ad1f4ccba6978ad0b74b3fc8c0f4287422d60feb72,0.051836,,keep,,yes
images/4103800084-xf6ixwcqqgevm364ub8ko23so518__p002.png,4103800084_xf6ixwcqqgevm364ub8ko23so518.pdf,2,pdf,1654,2339,69840954d30349a66bf766462f2a1ed1ff81dbd54fe194af37cdaa8b38081447,0.021963,,keep,,yes
images/4103800085-iexrdfj4uv52qm380bhpjvey17af__p001.png,4103800085_iexrdfj4uv52qm380bhpjvey17af.pdf,1,pdf,1654,2338,6f7d4d57e8a2581e9fb41b7a30e4201aca592a58719a6cfc412cf94a8d344434,0.147588,,keep,,yes
images/4103800087-9lxrpr2zubmungfn3693rpub2ecf__p001.png,4103800087_9lxrpr2zubmungfn3693rpub2ecf.pdf,1,pdf,1654,2339,f7e95fe86a893c0eabb4b8d5acad2af36d69c5be2361da8df5a670dee22544b7,0.051916,,keep,,yes
images/4103800087-9lxrpr2zubmungfn3693rpub2ecf__p002.png,4103800087_9lxrpr2zubmungfn3693rpub2ecf.pdf,2,pdf,1654,2339,589a0db5508a9c4b693ad491e5bcb565268016b518269520e8df375be5e144f0,0.021919,,keep,,yes
images/4103800088-05tjqwhkfm28efswltnxbbo7t9a7__p001.png,4103800088_05tjqwhkfm28efswltnxbbo7t9a7.pdf,1,pdf,1654,2339,9e1a6dbbe777d8078e03a6e741cbd864cf7bcc4457b592f637e8f8dec7c0bcbb,0.051889,,keep,,yes
images/4103800088-05tjqwhkfm28efswltnxbbo7t9a7__p002.png,4103800088_05tjqwhkfm28efswltnxbbo7t9a7.pdf,2,pdf,1654,2339,45b032a894b0248891bb0c1572b348eba57fd7ff736f3c842dea204798725323,0.022152,,keep,,yes
images/4103800089-x3hkri1mgz3a2b7n8t4oyc3qjwa1__p001.png,4103800089_x3hkri1mgz3a2b7n8t4oyc3qjwa1.pdf,1,pdf,1654,2339,bef0d71ddd6620737dd549db32b101b4cb0c9b976a4b1af8aa52428a3d858254,0.051868,,keep,,yes
images/4103800089-x3hkri1mgz3a2b7n8t4oyc3qjwa1__p002.png,4103800089_x3hkri1mgz3a2b7n8t4oyc3qjwa1.pdf,2,pdf,1654,2339,842ecd9ae35e12a25c1008ff35754b557527652d90f0e9e88df94d25090e1fc3,0.021937,,keep,,yes
images/4103800092-n130l2hlaxzn594iukk8ibgokbd5__p001.png,4103800092_n130l2hlaxzn594iukk8ibgokbd5.pdf,1,pdf,1654,2338,8f6531e7f950fdbfef22ceb22da412af792fe02bec372d5290e2a9c4e7333378,0.131072,,keep,,yes
images/4103800095-qdaz6b5l45mustvt1tqsufjlzgym__p001.png,4103800095_qdaz6b5l45mustvt1tqsufjlzgym.pdf,1,pdf,1654,2339,ca6648106f8b00a7f4fc191d97df08b8bbc9185f60a2e6b8e1878e8ea69ebecf,0.057778,,keep,,yes
images/4103800097-ib7n5w30k6qp0bzxhnrwuqwrbhjd__p001.png,4103800097_ib7n5w30k6qp0bzxhnrwuqwrbhjd.pdf,1,pdf,1654,2338,7a3ecaf9ddf2576b884c74df28d601e5edbf195c4a41fa20614e4c03212ea7bb,0.052969,,keep,,yes
images/4103800098-038ju7b7c0qr5fuf8hlpx8j0s5jk__p001.png,4103800098_038ju7b7c0qr5fuf8hlpx8j0s5jk.pdf,1,pdf,1653,2339,dca25991dc2c681aac8d0c041ce8daee2e1a1aecd70fb524697fed898512be56,0.155138,,keep,,yes
images/4103800098-038ju7b7c0qr5fuf8hlpx8j0s5jk__p002.png,4103800098_038ju7b7c0qr5fuf8hlpx8j0s5jk.pdf,2,pdf,1653,2339,ee5804a71c1d2aff94e730ebcc95ba1b03961653f201b40f78d6bdd0553b319e,0.176869,,keep,,yes
images/4103800098-038ju7b7c0qr5fuf8hlpx8j0s5jk__p003.png,4103800098_038ju7b7c0qr5fuf8hlpx8j0s5jk.pdf,3,pdf,1653,2339,24fb9fc62a64b7ce25c5609483b8c5d4057e64f12e1fcf306402734d21e151f6,0.186723,,keep,,yes
images/4103800098-038ju7b7c0qr5fuf8hlpx8j0s5jk__p004.png,4103800098_038ju7b7c0qr5fuf8hlpx8j0s5jk.pdf,4,pdf,1653,2339,2551226378eaa972bcc382c63e4096eadd2fa89b9ef4d92de7d9ac1a3c4dcbfd,0.000000,dup_007,review,exact_duplicate;low_content,yes
images/4103800098-038ju7b7c0qr5fuf8hlpx8j0s5jk__p005.png,4103800098_038ju7b7c0qr5fuf8hlpx8j0s5jk.pdf,5,pdf,1653,2339,fcbc45d5dc1c00f2398578e6e250edeb9bbf65ea3252dcb956058a42bb763d65,0.119404,,keep,,yes
images/4103800099-cw2cnmb304xeozo4aylhe57bmt0w__p001.png,4103800099_cw2cnmb304xeozo4aylhe57bmt0w.pdf,1,pdf,1654,2338,004c70c8def3548bab27a06f58e18b9424ead73e888ade32047dd2eda9899d17,0.060010,,keep,,yes
images/4103800099-cw2cnmb304xeozo4aylhe57bmt0w__p002.png,4103800099_cw2cnmb304xeozo4aylhe57bmt0w.pdf,2,pdf,1653,2339,5dba74e68e6b83e74eeaf433c58b552ff03e9f3d6d4854721711cefb0be1acaa,0.060204,,keep,,yes
images/4103800100-4hxfe2wcin27cif3vfyfvhebvgwm__p001.png,4103800100_4hxfe2wcin27cif3vfyfvhebvgwm.pdf,1,pdf,1654,2338,b12f575f0a28adc0ab7763e78fdc6ecc8dc95055f3fc55633da60842c311d789,0.219426,,keep,,yes
images/4103800100-4hxfe2wcin27cif3vfyfvhebvgwm__p002.png,4103800100_4hxfe2wcin27cif3vfyfvhebvgwm.pdf,2,pdf,1654,2338,e8ecd668c0df607327015d6cfd0b94d87be9486f8cc4a95d08a4f96542eb8140,0.190631,,keep,,yes
images/4103800101-otyapb1uak4oalr76544vf6x5m1g__p001.png,4103800101_otyapb1uak4oalr76544vf6x5m1g.pdf,1,pdf,1654,2339,c6bbbaf0893fd603dbb03a7d9b69435653511b117badcf7aad8391512a22d4ef,0.057950,,keep,,yes
images/4107140591-e5lx2v06iuyi5zz1cfuowvsjn2iy__p001.png,4107140591_e5lx2v06iuyi5zz1cfuowvsjn2iy.pdf,1,pdf,1654,2338,db57c861dc799d45fdd686a9d4240c2ab58f79db3997d9e5c612b9c3b6e8e986,0.112271,,keep,,yes
images/4107140593-npbl33f9stn3n2nz7qtduk3d0i00__p001.png,4107140593_npbl33f9stn3n2nz7qtduk3d0i00.pdf,1,pdf,1654,2339,c971e548130fe3073bcdabc891e4d9b37eac9c79c2b5b3eb06b91a474e169385,0.074980,,keep,,yes
images/4107140593-npbl33f9stn3n2nz7qtduk3d0i00__p002.png,4107140593_npbl33f9stn3n2nz7qtduk3d0i00.pdf,2,pdf,1654,2339,7b6d0aabe20aa88c56390e4b0b20a0fd0e865f4adad6b963e2622d6ae6d8831c,0.013672,,keep,,yes
images/4107140594-87ps3vkwjvnw5h6ly9kudy2yvy2h__p001.png,4107140594_87ps3vkwjvnw5h6ly9kudy2yvy2h.pdf,1,pdf,1654,2339,83a2af0e275643e06639cb11bb6b05333aada4f6ef6e29d7781af47c821bfc12,0.056589,,keep,,yes
images/4108725488-83drtka2hutjpmybf2v17pjz2tgd__p001.png,4108725488_83drtka2hutjpmybf2v17pjz2tgd.pdf,1,pdf,1662,2342,25fbd4ba68e54815b8d8258792982766903af662666741dcff62b0f6e9dec5f5,0.241598,,keep,,yes
images/4109373162-9wr5axel4v1v9hmq0vik9k3dar8e__p001.png,4109373162_9wr5axel4v1v9hmq0vik9k3dar8e.pdf,1,pdf,1654,2339,5190303d870ee69770e444f260414581a9254c110bac285f96d5e18aecb1effa,0.100037,,keep,,yes
images/4109373169-y37yixdp533e6ylrgunjtuozuy71__p001.png,4109373169_y37yixdp533e6ylrgunjtuozuy71.pdf,1,pdf,1654,2339,33b43259953f0595c4e1489d800052dba057d54588a2413c7e566e10c6b2a6aa,0.112260,,keep,,yes
images/4109373172-tvmun6ud6xr12w5eahzb4iutan8n__p001.png,4109373172_tvmun6ud6xr12w5eahzb4iutan8n.pdf,1,pdf,1654,2339,2421272cf24a5113a75d75422a9ac05a0c024873e46d6ee12fc7a33847c6622b,0.110217,,keep,,yes
images/4109373172-tvmun6ud6xr12w5eahzb4iutan8n__p002.png,4109373172_tvmun6ud6xr12w5eahzb4iutan8n.pdf,2,pdf,1654,2339,108e540748825794e2292c27a1c66c7d280f5a76626c6ec93414b89bfa44f71f,0.091513,,keep,,yes
images/4109373233-7w33uvw2cor5doc5ac5kwmtyu5lj__p001.png,4109373233_7w33uvw2cor5doc5ac5kwmtyu5lj.pdf,1,pdf,1654,2339,6c1a3cfbd578880f28f72414aac75c61daf01a18c2d7d8b6ad40082ab8c52c41,0.113611,,keep,,yes
images/4109455129-12s6tlpuy2in2dxh8saa54vtlbci__p001.png,4109455129_12s6tlpuy2in2dxh8saa54vtlbci.pdf,1,pdf,1654,2339,665b688034486f8d9010991689f41d9bdd0af8529c906d694414456eaf4c407d,0.041883,,keep,,yes
images/4109455141-ft1wfy1b8e3c5assbwrj1ekapsvg__p001.png,4109455141_ft1wfy1b8e3c5assbwrj1ekapsvg.pdf,1,pdf,1654,2339,b8e2f21363e4fc2e2df8eba9efdad09dd523ebbd917dc5c6acaffd9ba374e9c9,0.041864,,keep,,yes
images/4109455159-123f5v3sxv5ltrvi8jbyxq7tsak8__p001.png,4109455159_123f5v3sxv5ltrvi8jbyxq7tsak8.pdf,1,pdf,1654,2339,4fa187dab9d72c9153e48795c50ab293286205059f1ef164d14feccc23d4a9cb,0.044540,,keep,,yes
images/4109455170-0xnmwgmj0ngm018hbilh6ve4pqlu__p001.png,4109455170_0xnmwgmj0ngm018hbilh6ve4pqlu.pdf,1,pdf,1654,2339,bd6bf3d85d1218a8c545bb5103b5e85d1f69bfc4aedf9e46add4387b7b76bb66,0.042578,,keep,,yes
images/4109455339-s4urgjxbjpm7n7n048zikm4fil8n__p001.png,4109455339_s4urgjxbjpm7n7n048zikm4fil8n.pdf,1,pdf,1654,2339,398f10b08df90d07b5b14b22ddbc4c7204bff72b2650759c2e46ae700c1d4324,0.042584,,keep,,yes
images/4109455342-n3l2bvj8fwvepnd65c65gpwpg9tx__p001.png,4109455342_n3l2bvj8fwvepnd65c65gpwpg9tx.pdf,1,pdf,1654,2339,0117ac4d4e94419631990b33685dc195d426e0b4ded332c0141eba143fbeea3c,0.041590,,keep,,yes
images/4109455345-hwlxy1w0v5d68aq7u7diaawdmjdp__p001.png,4109455345_hwlxy1w0v5d68aq7u7diaawdmjdp.pdf,1,pdf,1654,2339,a8b2376cc6bb7b2ce6961f474b2334b1280ae1c5e02cefbf3f0b976856934fc8,0.041937,,keep,,yes
images/4109455347-884th0jyf7k0l2gzgqeunefqufi9__p001.png,4109455347_884th0jyf7k0l2gzgqeunefqufi9.pdf,1,pdf,1654,2339,f0e57fd7c2035e10dac5b51cf53a15359aaec2aeb059b04d804aa65adfdfb106,0.042659,,keep,,yes
images/4109455405-qwf8atx3k9cox597itfrh3mxen2b__p001.png,4109455405_qwf8atx3k9cox597itfrh3mxen2b.pdf,1,pdf,1654,2339,3ef4d7c21ce41ff39a0c4b9dfa2ba7795ae0c5954fdf774136240db80fd07dcf,0.042185,,keep,,yes
images/4109455414-ni1ggp6cywoi6dqtvybpftcu026f__p001.png,4109455414_ni1ggp6cywoi6dqtvybpftcu026f.pdf,1,pdf,1654,2339,9507b718a37c37e05a06c992651fef0dff031b21c7faf8cfdd3e8a11fdfba8d3,0.042317,,keep,,yes
images/4109455420-bvgw6l4jozjpubhqne3bf2vq0to0__p001.png,4109455420_bvgw6l4jozjpubhqne3bf2vq0to0.pdf,1,pdf,1654,2339,7755f2b060a10b5247c5b2f4a749fa5b921f55248458306486d0bce86bb97e9e,0.041934,,keep,,yes
images/4109455430-aehvozf8wbt58a1dg2gkyatwcq6t__p001.png,4109455430_aehvozf8wbt58a1dg2gkyatwcq6t.pdf,1,pdf,1654,2339,27b9b0e2c098422a2cbc20a496bd87a0fae85ca0043e48c28d1c94be47c1f944,0.042566,,keep,,yes
images/4109455463-vuuzh5u22cn4053f8ti5ng6h6k36__p001.png,4109455463_vuuzh5u22cn4053f8ti5ng6h6k36.pdf,1,pdf,1654,2339,76ec7833f2a0917b7c6611deda1153988c6953038274acfca7e2ac12ef6e3092,0.042151,,keep,,yes
images/4109455494-wxp870blmrcuph2cbhvlkqcniizf__p001.png,4109455494_wxp870blmrcuph2cbhvlkqcniizf.pdf,1,pdf,1654,2339,acdf03154376f1479701f4ede3b183e814cc531491d291d522cfbfc2562db368,0.042203,,keep,,yes
images/4109455566-sp425ql9gqbozf2iiofkdf7xjk5x__p001.png,4109455566_sp425ql9gqbozf2iiofkdf7xjk5x.pdf,1,pdf,1654,2339,9f48e11ab7b5386f33406e0697ad563c4b1852f813cff7942e5af14e118be090,0.042681,,keep,,yes
images/4109455612-f2oqeybo4id4jj2jnnlxxwxc9oge__p001.png,4109455612_f2oqeybo4id4jj2jnnlxxwxc9oge.pdf,1,pdf,1654,2339,75884b949d8dee2b08da0ca22c12c192c39b45945854bee4bc077ea9bef7a05e,0.042494,,keep,,yes
images/4109455613-8s5svj6cb9xsm0vk8y5yibu6mqy7__p001.png,4109455613_8s5svj6cb9xsm0vk8y5yibu6mqy7.pdf,1,pdf,1654,2339,64669a29082ab6947b24508339c2ce9477d8be3a7a28ae38d4c1b04f29c81030,0.042455,,keep,,yes
images/4110786103-d30z43xvm2s6g62ly2s6er3z3uip__p001.png,4110786103_d30z43xvm2s6g62ly2s6er3z3uip.pdf,1,pdf,1655,2340,9c2497f0a23ce09b0ed788d062a6f2c39829ef2068b5dbbfa0b8d28976785028,0.200299,,keep,,yes
images/4111374319-i6166jgq1zeefvgtvoxa3px9jp0y__p001.png,4111374319_i6166jgq1zeefvgtvoxa3px9jp0y.pdf,1,pdf,2339,1654,ffb1cc0133c08561f9efa018cbb84957688a1cc5b98673eab8d8bdf65b7bd9a5,0.138715,,keep,,yes
images/4111374320-5p9iabvd42fytp9z4f12i2jiogf7__p001.png,4111374320_5p9iabvd42fytp9z4f12i2jiogf7.pdf,1,pdf,2339,1654,31d6c4519b924aad8806a283e4d424b51d57c3c539952148fc1507249fe40949,0.190820,,keep,,yes
images/4111374320-5p9iabvd42fytp9z4f12i2jiogf7__p002.png,4111374320_5p9iabvd42fytp9z4f12i2jiogf7.pdf,2,pdf,2339,1654,0b1f41cbe843a2594ab46d8f5b30f66efb4112a4f0aff601335a4a1b4bbf17c9,0.177813,,keep,,yes
images/4111374323-9qolhp6mta7rsil1zq71iqho71jm__p001.png,4111374323_9qolhp6mta7rsil1zq71iqho71jm.pdf,1,pdf,1654,2339,2c4254f9fc04047a83a328606539c943b5139569a6a5528621e3ceb7770e9858,0.082884,,keep,,yes
images/4111374325-kqn363fwjgf089wk9rfhwq7atk4z__p001.png,4111374325_kqn363fwjgf089wk9rfhwq7atk4z.pdf,1,pdf,1656,2342,c457a5d4c05b1a446f2fb9bde9f5fae748f385c13967fa90804c5bec4d308cff,0.054234,,keep,,yes
images/4111374325-kqn363fwjgf089wk9rfhwq7atk4z__p002.png,4111374325_kqn363fwjgf089wk9rfhwq7atk4z.pdf,2,pdf,1656,2342,d7b261f216e4d15121df0bb451c81f4e897a2028f30c5ffce23f82886b431406,0.114962,,keep,,yes
images/4111374325-kqn363fwjgf089wk9rfhwq7atk4z__p003.png,4111374325_kqn363fwjgf089wk9rfhwq7atk4z.pdf,3,pdf,1656,2342,38d652286b245b5ec22a98d202e79bd6cf982977ad403712c4015934e3d3024b,0.112297,,keep,,yes
images/4111374325-kqn363fwjgf089wk9rfhwq7atk4z__p004.png,4111374325_kqn363fwjgf089wk9rfhwq7atk4z.pdf,4,pdf,1656,2342,b0596e7e1fa9708a92a73e44a1387d7f72ad74b4c38629cee44c5a75b0440267,0.056590,,keep,,yes
images/4111528053-7fv9at9466sqlt05cd648r1noly8__p001.png,4111528053_7fv9at9466sqlt05cd648r1noly8.pdf,1,pdf,1654,2339,ac06fb1fabfc6d6d77579c5ef388e53ab5e9c7ceb33a898ded638bbeaf68fe7e,0.169933,,keep,,yes
images/4112869055-9hpnw2eo22vf472wv4s6u40k3n2m__p001.png,4112869055_9hpnw2eo22vf472wv4s6u40k3n2m.pdf,1,pdf,1654,2339,9d8c0555b18b64347d9c0d5cf9dd8df946fdbd7e3b4cc32719faa089fabf34bc,0.020703,,keep,,yes
images/4117055966-7kzce7kgw60wn8zn9dnwxqw8apt7__p001.png,4117055966_7kzce7kgw60wn8zn9dnwxqw8apt7.pdf,1,pdf,1653,2339,fa0eec873f7006e76c98a70ef28a6cfd3b6354176bad913ade5ad75f95896c1f,0.152753,,keep,,yes
images/4117055991-i3fcs7mxzi3b8j68p6ddwal1fbsx__p001.png,4117055991_i3fcs7mxzi3b8j68p6ddwal1fbsx.pdf,1,pdf,1653,2339,8653fa6c21a236ca4f70b74173601d774a55c8842b92e0de7ba66faaee6ef508,0.278509,,keep,,yes
images/4117055991-i3fcs7mxzi3b8j68p6ddwal1fbsx__p002.png,4117055991_i3fcs7mxzi3b8j68p6ddwal1fbsx.pdf,2,pdf,1653,2339,3f0cdfee6b8bc1ef4d78f84085dbc21312229806a073b1df88cb9e243d9a8459,0.279720,,keep,,yes
images/4117055991-i3fcs7mxzi3b8j68p6ddwal1fbsx__p003.png,4117055991_i3fcs7mxzi3b8j68p6ddwal1fbsx.pdf,3,pdf,1653,2339,9415ca67e98c18a1e2d2222a3ef3c3d45e2731fba0029da548d0ddef35ab1748,0.280010,,keep,,yes
images/4117055991-i3fcs7mxzi3b8j68p6ddwal1fbsx__p004.png,4117055991_i3fcs7mxzi3b8j68p6ddwal1fbsx.pdf,4,pdf,1653,2339,958a956b96c1e0a4adb99d0f8ec66332e881be193074ce0ca5f2d9e96969657d,0.278795,,keep,,yes
images/4117055991-i3fcs7mxzi3b8j68p6ddwal1fbsx__p005.png,4117055991_i3fcs7mxzi3b8j68p6ddwal1fbsx.pdf,5,pdf,1653,2339,9f154839960d700cdc3435569fd9159c42e92ac1d09d91f1a872452d593142c3,0.272329,,keep,,yes
images/4117055991-i3fcs7mxzi3b8j68p6ddwal1fbsx__p006.png,4117055991_i3fcs7mxzi3b8j68p6ddwal1fbsx.pdf,6,pdf,1653,2339,89e2a854d7a905d3870c414e74c5bb1d9918b82a8c5b581d315ea8f0bf2e90f2,0.070287,,keep,,yes
images/4117055991-i3fcs7mxzi3b8j68p6ddwal1fbsx__p007.png,4117055991_i3fcs7mxzi3b8j68p6ddwal1fbsx.pdf,7,pdf,1653,2339,58105440e5f6ebfedddd591a5072a0502f7c9c0b093410da3896f24d48d58b8b,0.068412,,keep,,yes
images/4117055991-i3fcs7mxzi3b8j68p6ddwal1fbsx__p008.png,4117055991_i3fcs7mxzi3b8j68p6ddwal1fbsx.pdf,8,pdf,1653,2339,0b8c4a35fd7cfa0831d934cabae4d1ebaa90f303aaab679da72da1418618c807,0.066385,,keep,,yes
images/4117055991-i3fcs7mxzi3b8j68p6ddwal1fbsx__p009.png,4117055991_i3fcs7mxzi3b8j68p6ddwal1fbsx.pdf,9,pdf,1653,2339,54dc32f479c479d02dd4717313dc3fd958e9474213d18a0fd6e296b64dffbc03,0.103990,,keep,,yes
images/4117055991-i3fcs7mxzi3b8j68p6ddwal1fbsx__p010.png,4117055991_i3fcs7mxzi3b8j68p6ddwal1fbsx.pdf,10,pdf,1653,2339,c70daafad9a885f375a84445df6903d3be07d7ee61b1687ee61f535822534082,0.096632,,keep,,yes
images/4117055991-i3fcs7mxzi3b8j68p6ddwal1fbsx__p011.png,4117055991_i3fcs7mxzi3b8j68p6ddwal1fbsx.pdf,11,pdf,1653,2339,967d0c42bb1ec9c7f7cf566547c693cf768824bc78892860227ce869beeee7cb,0.097620,,keep,,yes
images/4117055991-i3fcs7mxzi3b8j68p6ddwal1fbsx__p012.png,4117055991_i3fcs7mxzi3b8j68p6ddwal1fbsx.pdf,12,pdf,1653,2339,c9d4e3c2b354d54c47291ecde404f0338467ae65e8d6dc1557b705054ad4e154,0.071683,,keep,,yes
images/4117055991-i3fcs7mxzi3b8j68p6ddwal1fbsx__p013.png,4117055991_i3fcs7mxzi3b8j68p6ddwal1fbsx.pdf,13,pdf,1653,2339,653d02caff30d34f46f286156d733efae900982d8297e22a23e2255c7d3fe85e,0.065477,,keep,,yes
images/4117055991-i3fcs7mxzi3b8j68p6ddwal1fbsx__p014.png,4117055991_i3fcs7mxzi3b8j68p6ddwal1fbsx.pdf,14,pdf,1653,2339,7226d028bd4dc0efa4490dd05613a5f32abc752f5774f49e148aa6b96ffdd14c,0.100850,,keep,,yes
images/4117055991-i3fcs7mxzi3b8j68p6ddwal1fbsx__p015.png,4117055991_i3fcs7mxzi3b8j68p6ddwal1fbsx.pdf,15,pdf,1653,2339,b2583c4fded3438180533cb6a112e2f5dac7e62d3e661094ddc0c3ae4ee2af55,0.067750,,keep,,yes
images/4117055991-i3fcs7mxzi3b8j68p6ddwal1fbsx__p016.png,4117055991_i3fcs7mxzi3b8j68p6ddwal1fbsx.pdf,16,pdf,1653,2339,c48b00e7604d8ee257e81c99783eb3411956c7713b8648cb85bd2d6df0c7cd70,0.055843,,keep,,yes
images/4117055991-i3fcs7mxzi3b8j68p6ddwal1fbsx__p017.png,4117055991_i3fcs7mxzi3b8j68p6ddwal1fbsx.pdf,17,pdf,1653,2339,2997151b186dcf19237f2a1495cacee241a96f6859ebe88075bdeefb86ff1697,0.515090,,keep,,yes
images/4117055991-i3fcs7mxzi3b8j68p6ddwal1fbsx__p018.png,4117055991_i3fcs7mxzi3b8j68p6ddwal1fbsx.pdf,18,pdf,1653,2339,08c47c1a9812d26196fa5014f7181ba7156c001d609ebce18e24e775e30d5354,0.511457,,keep,,yes
images/4117055991-i3fcs7mxzi3b8j68p6ddwal1fbsx__p019.png,4117055991_i3fcs7mxzi3b8j68p6ddwal1fbsx.pdf,19,pdf,1653,2339,3de261145cb87930660d5c1122b119e3c6470f00c3505653a4f733df0cc4f887,0.515626,,keep,,yes
images/4117055991-i3fcs7mxzi3b8j68p6ddwal1fbsx__p020.png,4117055991_i3fcs7mxzi3b8j68p6ddwal1fbsx.pdf,20,pdf,1653,2339,42d151f085b564316ed306626269fc8de27936db56aa66ff52ff3aae6d2c4536,0.102922,,keep,,yes
images/4117055991-i3fcs7mxzi3b8j68p6ddwal1fbsx__p021.png,4117055991_i3fcs7mxzi3b8j68p6ddwal1fbsx.pdf,21,pdf,1653,2339,47734b84679b4de0d5b5581e2a0a20e532c820d6f281cc7542bdd2e75b37c637,0.102939,,keep,,yes
images/4117055991-i3fcs7mxzi3b8j68p6ddwal1fbsx__p022.png,4117055991_i3fcs7mxzi3b8j68p6ddwal1fbsx.pdf,22,pdf,2339,1654,76fa84b84e8af5667d075ead5fdb79565531a5dd89d22a36a079a431860faa10,0.231318,,keep,,yes
images/4117767170-pcclpdpjr0kicqlu77dipuk4vsp5__p001.png,4117767170_pcclpdpjr0kicqlu77dipuk4vsp5.pdf,1,pdf,1653,2339,7364baf6f05a6126bfe2b785ba1320a7f6c87b0a7edec55489082451962345ce,0.054619,,keep,,yes
images/4117767170-pcclpdpjr0kicqlu77dipuk4vsp5__p002.png,4117767170_pcclpdpjr0kicqlu77dipuk4vsp5.pdf,2,pdf,1653,2339,e1a9154087683a81e71a094c5bc29640cb116442e72adee25d94ff84bb97828e,0.013789,,keep,,yes
images/4117767170-pcclpdpjr0kicqlu77dipuk4vsp5__p003.png,4117767170_pcclpdpjr0kicqlu77dipuk4vsp5.pdf,3,pdf,1653,2339,867d5f013940ff821c5ecafe383801204e1c036b66652bd794cd718a55862db8,0.055448,,keep,,yes
images/4117767173-ysgrab3tj1aw25ecagi0rsfjqu4d__p001.png,4117767173_ysgrab3tj1aw25ecagi0rsfjqu4d.pdf,1,pdf,1656,2339,7b93519a8c49615120efa5c9151cf798f34d5547c23c4fbe337d138de2e9992e,0.236002,,keep,,yes
images/4117767173-ysgrab3tj1aw25ecagi0rsfjqu4d__p002.png,4117767173_ysgrab3tj1aw25ecagi0rsfjqu4d.pdf,2,pdf,1656,2339,b3986dc78b5022d2b94d9840016bca4788aa0e179a66a95504c88aea319bda7f,0.061083,,keep,,yes
images/4120421761-b5xxezm3xkcmbh4j06clnx3rh0tt__p001.png,4120421761_b5xxezm3xkcmbh4j06clnx3rh0tt.pdf,1,pdf,1654,2339,e2773fe7ff366e2b75d28a1c123efcab98b0a2167b7f2ca1a694a940080f515b,0.112597,,keep,,yes
images/4120421929-592bn6abdo25r193bbozb15ezgmz__p001.png,4120421929_592bn6abdo25r193bbozb15ezgmz.pdf,1,pdf,1654,2339,769491d5bca3ea3a7ef59f3aca358e7141d24fd0ae1690d32baa0baba3fc663c,0.111073,,keep,,yes
images/4120421929-592bn6abdo25r193bbozb15ezgmz__p002.png,4120421929_592bn6abdo25r193bbozb15ezgmz.pdf,2,pdf,1654,2339,c0d8b822bd51086b047da4344b52be48d174c21aeed6742f63882c81573ad855,0.103008,,keep,,yes
images/4154270630-ocb1sl4f6w5h10nnzczxhvw7l0s1__p001.png,4154270630_ocb1sl4f6w5h10nnzczxhvw7l0s1.pdf,1,pdf,1653,2339,ea6f878b97b9daebcdbf4ade89ebc555cfdd2938850eb1290a9e681e11d70402,0.107737,,keep,,yes
images/4154270635-powrynaqfxpapeezmi3du3x47dg6__p001.png,4154270635_powrynaqfxpapeezmi3du3x47dg6.pdf,1,pdf,1653,2339,70cba8efd9a65612028fc5d468a33257dbc5b78a878213df54b5a478ac41f833,0.101624,,keep,,yes
images/4154270646-r4t90wqo2j6nmtq1qgpqzfichmnk__p001.png,4154270646_r4t90wqo2j6nmtq1qgpqzfichmnk.pdf,1,pdf,1653,2339,0877f7a4f260d0f79b37d00fccedeebc8ac2cfa6e812957117b180e8b5e1f266,0.116249,,keep,,yes
images/4154270703-cctfez0qqgjc5i5gbjag7f5951bx__p001.png,4154270703_cctfez0qqgjc5i5gbjag7f5951bx.pdf,1,pdf,1653,2339,741bccd17a0ec249db1e2fd91fbdb1e23e4c6b1c59e094907b3f655a1939042f,0.120047,,keep,,yes
images/4154270707-znp5fmow1z67ap1pzmout8fkao8e__p001.png,4154270707_znp5fmow1z67ap1pzmout8fkao8e.pdf,1,pdf,1654,2339,3e9c86e9c3048fc938d2cef25a39a5f9af1a0463bbe935b9bb588d7e695311ea,0.066904,,keep,,yes
images/4154270707-znp5fmow1z67ap1pzmout8fkao8e__p002.png,4154270707_znp5fmow1z67ap1pzmout8fkao8e.pdf,2,pdf,2339,1654,c00e1787474c68970fe30168ea8bb9ca9bcf443f592a209b817d933dcd8f7799,0.045582,,keep,,yes
images/4172349504-jqg5bwvg0rn23bdakrtlegvvt8oe__p001.png,4172349504_jqg5bwvg0rn23bdakrtlegvvt8oe.pdf,1,pdf,2339,1654,be8a05cbf585f3f6ffc439af2e40fd844624b32033da9015dd947ed00e7d6f66,0.183970,,keep,,yes
images/4172349629-an4s7nb7twebqpfucxlasktyx1qh__p001.png,4172349629_an4s7nb7twebqpfucxlasktyx1qh.pdf,1,pdf,2339,1654,6bbc9bebfa3516b308e1b57e9ebc1765a693a097d4b6ab1cb5c06ef5a7f9b037,0.194029,,keep,,yes
images/4172349629-an4s7nb7twebqpfucxlasktyx1qh__p002.png,4172349629_an4s7nb7twebqpfucxlasktyx1qh.pdf,2,pdf,2339,1654,d40db5b449829ce198f8fb929febf0d4fc4821cb0e9865fa70f474be497e3ed1,0.169337,,keep,,yes
images/4172349629-an4s7nb7twebqpfucxlasktyx1qh__p003.png,4172349629_an4s7nb7twebqpfucxlasktyx1qh.pdf,3,pdf,2339,1654,39c1338c4077b53baa75a8739207f69c24cc3e3201086c9249adbe8d7f7163c0,0.144247,,keep,,yes
images/4249277645-j47klt5m5a5denroyqm8k5aoyntl__p001.png,4249277645_j47klt5m5a5denroyqm8k5aoyntl.pdf,1,pdf,1654,2339,9267109172940fe7c9f0f816845d303fc571391798d2fd3e1a0c79e732c036d9,0.110339,,keep,,yes
images/4249277645-j47klt5m5a5denroyqm8k5aoyntl__p002.png,4249277645_j47klt5m5a5denroyqm8k5aoyntl.pdf,2,pdf,1654,2339,b91332a5fb3544f1a4d133750fe6fea61fb1417cce19e05d971015c41fd801ea,0.126989,,keep,,yes
images/4249277645-j47klt5m5a5denroyqm8k5aoyntl__p003.png,4249277645_j47klt5m5a5denroyqm8k5aoyntl.pdf,3,pdf,1654,2339,fd34844404aec3b92ee5d3bbc6b58530c6ab7c78a55b862f8446f1a47c87fd05,0.085794,,keep,,yes
images/4249277645-j47klt5m5a5denroyqm8k5aoyntl__p004.png,4249277645_j47klt5m5a5denroyqm8k5aoyntl.pdf,4,pdf,1654,2339,ca54ea1b0762acd89877ccba50f2087d3d7305d735c77377818eadb3e7b63c8d,0.117671,,keep,,yes
images/4249277645-j47klt5m5a5denroyqm8k5aoyntl__p005.png,4249277645_j47klt5m5a5denroyqm8k5aoyntl.pdf,5,pdf,1654,2339,95f7ce1aa247dc18ec70e53aea2cbd67fbbf022b677d6a2122fe213b8ce0fbc3,0.096936,,keep,,yes
images/4249277645-j47klt5m5a5denroyqm8k5aoyntl__p006.png,4249277645_j47klt5m5a5denroyqm8k5aoyntl.pdf,6,pdf,1654,2339,a5e712986dba374289cb8e32739ec7e42da748026da6564e9004160b6e00e48e,0.093581,,keep,,yes
images/4249277645-j47klt5m5a5denroyqm8k5aoyntl__p007.png,4249277645_j47klt5m5a5denroyqm8k5aoyntl.pdf,7,pdf,1654,2339,1dd779782f96e59299da74309f5920e62423457965cb44a2de2862ddf330bb85,0.095607,,keep,,yes
images/4249277645-j47klt5m5a5denroyqm8k5aoyntl__p008.png,4249277645_j47klt5m5a5denroyqm8k5aoyntl.pdf,8,pdf,1654,2339,5fbca5acc9865eb51dcbf98727281ac1f467d1cdc3bf580e5cefbfa7501f71c6,0.086770,,keep,,yes
images/4249277645-j47klt5m5a5denroyqm8k5aoyntl__p009.png,4249277645_j47klt5m5a5denroyqm8k5aoyntl.pdf,9,pdf,1654,2339,ada6ae2dc4bf4993e9cd8091aa555018c3287ef34014000978196bb9dbf806de,0.091327,,keep,,yes
images/4249277645-j47klt5m5a5denroyqm8k5aoyntl__p010.png,4249277645_j47klt5m5a5denroyqm8k5aoyntl.pdf,10,pdf,1654,2339,3867a9d640e9d6dcfc728c7ffb3ff9546db1afade8e34ba88021260805965f6a,0.086252,,keep,,yes
images/4249277645-j47klt5m5a5denroyqm8k5aoyntl__p011.png,4249277645_j47klt5m5a5denroyqm8k5aoyntl.pdf,11,pdf,1654,2339,d16432117d9b49c2017ccd2bfcf3ae06d02721f6e88705228527360c46fad547,0.089033,,keep,,yes
images/4249277645-j47klt5m5a5denroyqm8k5aoyntl__p012.png,4249277645_j47klt5m5a5denroyqm8k5aoyntl.pdf,12,pdf,1654,2339,b0c1d3fd306e070c9b0280e88bff5f808fe4c83afaf5fbc06addf4b47f6057c0,0.084410,,keep,,yes
images/4249277645-j47klt5m5a5denroyqm8k5aoyntl__p013.png,4249277645_j47klt5m5a5denroyqm8k5aoyntl.pdf,13,pdf,1654,2339,c6cb33cbf962826a73f3a2dbccc33998756f77e1cf2c75c693017f8dced77116,0.091083,,keep,,yes
images/4249277645-j47klt5m5a5denroyqm8k5aoyntl__p014.png,4249277645_j47klt5m5a5denroyqm8k5aoyntl.pdf,14,pdf,1654,2339,593356b6d8cfd72ed65c0b826676ead5e4e5b541db312d70bf8875ac09a24f64,0.084688,,keep,,yes
images/4249277645-j47klt5m5a5denroyqm8k5aoyntl__p015.png,4249277645_j47klt5m5a5denroyqm8k5aoyntl.pdf,15,pdf,1654,2339,b99287f1f3a973f8fb095539f3ee636e175720e71324871246b121b9a365b5f1,0.088823,,keep,,yes
images/4249277645-j47klt5m5a5denroyqm8k5aoyntl__p016.png,4249277645_j47klt5m5a5denroyqm8k5aoyntl.pdf,16,pdf,1654,2339,ee8ab9c26643934fcd4ceb2c942021ad2a7ec3fd125d5cfc2f87bca498b20135,0.081974,,keep,,yes
images/4249277645-j47klt5m5a5denroyqm8k5aoyntl__p017.png,4249277645_j47klt5m5a5denroyqm8k5aoyntl.pdf,17,pdf,1654,2339,68211413fd4a9af83dfc7ab05c940dc526a66624a83b0cb7c581d7638cf414ed,0.088272,,keep,,yes
images/4249277645-j47klt5m5a5denroyqm8k5aoyntl__p018.png,4249277645_j47klt5m5a5denroyqm8k5aoyntl.pdf,18,pdf,1654,2339,dcb2afa4fe35ba397586d8a4d89a4ba3c7ebbdfcb0e10d304179d8664d2fc085,0.090141,,keep,,yes
images/4249277645-j47klt5m5a5denroyqm8k5aoyntl__p019.png,4249277645_j47klt5m5a5denroyqm8k5aoyntl.pdf,19,pdf,1654,2339,e97d5135cf286b4cf6280b3c467b50236c26d3a4902f60f0e81b834c11e00477,0.100270,,keep,,yes
images/4249277645-j47klt5m5a5denroyqm8k5aoyntl__p020.png,4249277645_j47klt5m5a5denroyqm8k5aoyntl.pdf,20,pdf,1654,2339,ca414a2d4bd0f76cd794309097abd8fb4455f3cada444b64753f8adebd9bdc2e,0.096789,,keep,,yes
images/4249277645-j47klt5m5a5denroyqm8k5aoyntl__p021.png,4249277645_j47klt5m5a5denroyqm8k5aoyntl.pdf,21,pdf,1654,2339,fddfbd1287c5ff9786fd69bc0ab2855e21bb7c9300c288b149d15f53f86a0963,0.101685,,keep,,yes
images/4249277645-j47klt5m5a5denroyqm8k5aoyntl__p022.png,4249277645_j47klt5m5a5denroyqm8k5aoyntl.pdf,22,pdf,1654,2339,6c8b335791016e21cc20815ebd3f1cbb158859133258e859e6a13d6ace7566f5,0.087437,,keep,,yes
images/4249277645-j47klt5m5a5denroyqm8k5aoyntl__p023.png,4249277645_j47klt5m5a5denroyqm8k5aoyntl.pdf,23,pdf,1654,2339,28dfba817142a395aacc61eb306447eed58fb1bac1360d6b8767bede11aae0e0,0.095863,,keep,,yes
images/4249277645-j47klt5m5a5denroyqm8k5aoyntl__p024.png,4249277645_j47klt5m5a5denroyqm8k5aoyntl.pdf,24,pdf,1654,2339,c145cb21ca5acf3acdc7d2cb7b9b4635bfa588cab398fc83d54bfd407ddd0404,0.085821,,keep,,yes
images/4249277645-j47klt5m5a5denroyqm8k5aoyntl__p025.png,4249277645_j47klt5m5a5denroyqm8k5aoyntl.pdf,25,pdf,1654,2339,de5c27339f4ab5c804ac40d7b6719d9654a17c2022a52e8664055b628b7a71b4,0.089467,,keep,,yes
images/4249277645-j47klt5m5a5denroyqm8k5aoyntl__p026.png,4249277645_j47klt5m5a5denroyqm8k5aoyntl.pdf,26,pdf,1654,2339,2c476f3d465851511644b8c08ad92090b985fc12e1d887a1dacd4f8c727a3cd8,0.091960,,keep,,yes
images/4249277645-j47klt5m5a5denroyqm8k5aoyntl__p027.png,4249277645_j47klt5m5a5denroyqm8k5aoyntl.pdf,27,pdf,1654,2339,97143c22b6fda47654b3e19b0aafd80669bca8fd51cdbf41dbee8fb662e8a758,0.105011,,keep,,yes
images/4249277645-j47klt5m5a5denroyqm8k5aoyntl__p028.png,4249277645_j47klt5m5a5denroyqm8k5aoyntl.pdf,28,pdf,1654,2339,ecb1bef64fb00b6c3badbcb7095c09d448ebd8743888de3c3938119d941d96c7,0.079867,,keep,,yes
images/4293644327-dv27179hcaikaoox38j125cyn0vq__p001.png,4293644327_dv27179hcaikaoox38j125cyn0vq.pdf,1,pdf,1654,2339,3ce6cc963a4a82d95abeb9259f29bd1d43b91126a1b147134f00220a805e1877,0.052780,,keep,,yes
images/4415513252-0xdo1pl7pxlwny7lo6vuw4h9k7nh__p001.png,4415513252_0xdo1pl7pxlwny7lo6vuw4h9k7nh.pdf,1,pdf,1653,2339,3d0edd15a85f727f79b8abdd8f51e7e30aa5a503c2ce84ae690f9a81218d4018,0.044711,,keep,,yes
images/4415513253-pj47m8pu1r9oab7q2x8t9gls8kew__p001.png,4415513253_pj47m8pu1r9oab7q2x8t9gls8kew.pdf,1,pdf,1653,2339,19fb02b21c77108afcef4c38c65564cabb6e91491d54253a8fd820944a390bfb,0.044220,,keep,,yes
images/4415513254-jxs1aohnvtg7kjg5z5so5m3fd9wx__p001.png,4415513254_jxs1aohnvtg7kjg5z5so5m3fd9wx.pdf,1,pdf,1653,2339,a16faae92a4b6750c094139eb8dd12105a0fa5f79ad23bd5bc258288085203f0,0.044577,,keep,,yes
images/4415513255-29ru03r4iiqxqbfz1a6fw2jdtip2__p001.png,4415513255_29ru03r4iiqxqbfz1a6fw2jdtip2.pdf,1,pdf,1653,2339,8a4dd1552756f6e24ab482673493f19333bc634e7fd420ddf27df27159acf6fd,0.044255,,keep,,yes
images/4415592714-qncncxlsftnx0ww0fif2wpr69j0i__p001.png,4415592714_qncncxlsftnx0ww0fif2wpr69j0i.pdf,1,pdf,1653,2339,39c5787f240257e0e1dc050fbf6b495bbdcf00adf5ec283de8e5b8407dbe6ecd,0.044280,,keep,,yes
images/4426402588-e98xma4kwo72xbts8mopriqhob8i__p001.png,4426402588_e98xma4kwo72xbts8mopriqhob8i.pdf,1,pdf,1654,2339,aeac3acd42158dbed9f8ec0226dcfba990c5be5adbefd4b54dd925d44c2217ea,0.076460,,keep,,yes
images/4426798098-e6t1ka4djjz9bcr6g4oizdsqet2b__p001.png,4426798098_e6t1ka4djjz9bcr6g4oizdsqet2b.pdf,1,pdf,1654,2339,3e19d0ea53f3160142703c336cb6d3102adef54d726de91ea5653e64826d4057,0.077473,,keep,,yes
images/4491570850-nbryki4j7iru5kst3tgsgyb0x9ub__p001.png,4491570850_nbryki4j7iru5kst3tgsgyb0x9ub.pdf,1,pdf,1653,2339,eadc2650e91293488c05fa48d6de177e30fd98fa020cbd7573a375a1b8d63d14,0.092146,,keep,,yes
images/4491570850-nbryki4j7iru5kst3tgsgyb0x9ub__p002.png,4491570850_nbryki4j7iru5kst3tgsgyb0x9ub.pdf,2,pdf,1653,2339,6e2dddb1d1622a30f0b772986eb6f0c57089175367863f3f9b0933d69fbeac07,0.061886,,keep,,yes
images/4491570853-ml5af0fhu2xa8747ipr9q5zna4du__p001.png,4491570853_ml5af0fhu2xa8747ipr9q5zna4du.pdf,1,pdf,1653,2339,e8277b965c21dccaea24b7120f0b64f87bf06655d57e33fda8d3dc97fed21062,0.073597,,keep,,yes
images/4491570853-ml5af0fhu2xa8747ipr9q5zna4du__p002.png,4491570853_ml5af0fhu2xa8747ipr9q5zna4du.pdf,2,pdf,1653,2339,e18f279c28e972f7e2d63955e3820f8a87e2636f1cb771f2ad4809089bff8f84,0.061959,,keep,,yes
images/4526540758-i8b34h26rqirwjkb7ud822v7m843__p001.png,4526540758_i8b34h26rqirwjkb7ud822v7m843.pdf,1,pdf,1654,2339,9e1e421080eb4b92cf296a059144d10c44e1c07511dc1d07adc946d47b977d95,0.082572,,keep,,yes
images/4526540759-rw8d4xpt2yi5360jtwcv4ijw2riw__p001.png,4526540759_rw8d4xpt2yi5360jtwcv4ijw2riw.pdf,1,pdf,1654,2339,9df8740110c7a47f07082151457141b5ab57612fde01f1181bc7166b1449508b,0.079848,,keep,,yes
images/4526540760-wf7sdzzo4fzxb2lmuj1g5yy3mwib__p001.png,4526540760_wf7sdzzo4fzxb2lmuj1g5yy3mwib.pdf,1,pdf,1654,2339,fbe23a95f66515a8ac1964f5800546256521659dcdbe5d4eeaa84067457d690f,0.089490,,keep,,yes
images/4546970087-ud02wwtdz2ztic0qw5eci28f98rk__p001.png,4546970087_ud02wwtdz2ztic0qw5eci28f98rk.pdf,1,pdf,1654,2339,88ee59839b5a4545a7f22d7ee6e53b3fe84112f8de3d5bc4d3e8708205630dbf,0.053494,,keep,,yes
images/4546970089-b4x110gafmw9y0zwdqz4cazyszho__p001.png,4546970089_b4x110gafmw9y0zwdqz4cazyszho.pdf,1,pdf,1654,2339,a6056820c8dac711be911562946d496a7e6332adf320d4335d276a86dc4e1357,0.214386,,keep,,yes
images/4546970090-9ydx7d99ykog4gbv8t9i00klc0gy__p001.png,4546970090_9ydx7d99ykog4gbv8t9i00klc0gy.pdf,1,pdf,1654,2339,c133f2bb9c41b76a45d848ee1356a05da9b0bc45ea7fe416be94b9cd533d7976,0.216646,,keep,,yes
images/4546970091-bcti5lj56fqpvze9y55pnk5w3wtg__p001.png,4546970091_bcti5lj56fqpvze9y55pnk5w3wtg.pdf,1,pdf,1653,2339,08f221aa245c67e4885b53dd77eb697e110e3ab04edb604e2b974965e3ec437b,0.177267,,keep,,yes
images/4546970094-ufer0ti9izg2f70djjlop6avyl2l__p001.png,4546970094_ufer0ti9izg2f70djjlop6avyl2l.pdf,1,pdf,1654,2339,fa260755fe39aad47f2ffe68ee6ca7ffe808e1017b3159a35cbdf6142f4eb4cc,0.177280,,keep,,yes
images/4546970094-ufer0ti9izg2f70djjlop6avyl2l__p002.png,4546970094_ufer0ti9izg2f70djjlop6avyl2l.pdf,2,pdf,1654,2339,81293a1aca0f8b8e271c5fbd82c4ccb66d228152070bfe74e47ce01cda4aa795,0.061769,,keep,,yes
images/4546970094-ufer0ti9izg2f70djjlop6avyl2l__p003.png,4546970094_ufer0ti9izg2f70djjlop6avyl2l.pdf,3,pdf,1655,2339,155659f58e3be26aea6efd704156b5acc4c271fe4f1032970aebdd147180478a,0.145793,dup_011,review,exact_duplicate,yes
images/4546970094-ufer0ti9izg2f70djjlop6avyl2l__p004.png,4546970094_ufer0ti9izg2f70djjlop6avyl2l.pdf,4,pdf,1655,2339,dc3de6addb68b3d55f636a3028829a9f032a8c4859c2aec4e5bec14b73827968,0.149402,dup_012,review,exact_duplicate,yes
images/4546970094-ufer0ti9izg2f70djjlop6avyl2l__p005.png,4546970094_ufer0ti9izg2f70djjlop6avyl2l.pdf,5,pdf,1655,2339,29cc69a202afc8cd3ac5ce4a6400960058322774d4822788dc02e9a90ffcabfe,0.151681,dup_013,review,exact_duplicate,yes
images/4546970094-ufer0ti9izg2f70djjlop6avyl2l__p006.png,4546970094_ufer0ti9izg2f70djjlop6avyl2l.pdf,6,pdf,1655,2339,cc77b1540353fee644259b527d2b4cd654f81f5b6d73c43d8938611cb4d24d22,0.111271,dup_014,review,exact_duplicate,yes
images/4546970094-ufer0ti9izg2f70djjlop6avyl2l__p007.png,4546970094_ufer0ti9izg2f70djjlop6avyl2l.pdf,7,pdf,1655,2339,d4c4be31118cfc754562fa38edc2cadbba0eb3c1828fc5b7bcf8d45b03be4773,0.066601,dup_015,review,exact_duplicate,yes
images/4546970095-ynyctf6o4g7hy7bcswgnpeuhvo6v__p001.png,4546970095_ynyctf6o4g7hy7bcswgnpeuhvo6v.pdf,1,pdf,1654,2339,fdbcb5c2610e4d7214d4100281514ef1a560d9d2a228b9a14089d96271122214,0.180622,,keep,,yes
images/4546970095-ynyctf6o4g7hy7bcswgnpeuhvo6v__p002.png,4546970095_ynyctf6o4g7hy7bcswgnpeuhvo6v.pdf,2,pdf,1654,2339,314602263d72a32e43e3fc9e0e9726b52064366fda821665aa939c8791d658c0,0.050272,,keep,,yes
images/4546970095-ynyctf6o4g7hy7bcswgnpeuhvo6v__p003.png,4546970095_ynyctf6o4g7hy7bcswgnpeuhvo6v.pdf,3,pdf,1655,2339,155659f58e3be26aea6efd704156b5acc4c271fe4f1032970aebdd147180478a,0.145793,dup_011,review,exact_duplicate,yes
images/4546970095-ynyctf6o4g7hy7bcswgnpeuhvo6v__p004.png,4546970095_ynyctf6o4g7hy7bcswgnpeuhvo6v.pdf,4,pdf,1655,2339,dc3de6addb68b3d55f636a3028829a9f032a8c4859c2aec4e5bec14b73827968,0.149402,dup_012,review,exact_duplicate,yes
images/4546970095-ynyctf6o4g7hy7bcswgnpeuhvo6v__p005.png,4546970095_ynyctf6o4g7hy7bcswgnpeuhvo6v.pdf,5,pdf,1655,2339,29cc69a202afc8cd3ac5ce4a6400960058322774d4822788dc02e9a90ffcabfe,0.151681,dup_013,review,exact_duplicate,yes
images/4546970095-ynyctf6o4g7hy7bcswgnpeuhvo6v__p006.png,4546970095_ynyctf6o4g7hy7bcswgnpeuhvo6v.pdf,6,pdf,1655,2339,cc77b1540353fee644259b527d2b4cd654f81f5b6d73c43d8938611cb4d24d22,0.111271,dup_014,review,exact_duplicate,yes
images/4546970095-ynyctf6o4g7hy7bcswgnpeuhvo6v__p007.png,4546970095_ynyctf6o4g7hy7bcswgnpeuhvo6v.pdf,7,pdf,1655,2339,d4c4be31118cfc754562fa38edc2cadbba0eb3c1828fc5b7bcf8d45b03be4773,0.066601,dup_015,review,exact_duplicate,yes
images/4546970097-c6d28txiyn3at0ong6094zx2lxk1__p001.png,4546970097_c6d28txiyn3at0ong6094zx2lxk1.pdf,1,pdf,1654,2339,bf23305c8982c9e74d82f5ddcbd2b9ccdfa34c9a1477ef836f302182f962cdae,0.177365,,keep,,yes
images/4546970097-c6d28txiyn3at0ong6094zx2lxk1__p002.png,4546970097_c6d28txiyn3at0ong6094zx2lxk1.pdf,2,pdf,1654,2339,cdd5a913467a6332c4e1c2fb9e5871e9d8bf5587170a46ebb81b9974280bc3d1,0.063884,,keep,,yes
images/4546970097-c6d28txiyn3at0ong6094zx2lxk1__p003.png,4546970097_c6d28txiyn3at0ong6094zx2lxk1.pdf,3,pdf,1655,2339,155659f58e3be26aea6efd704156b5acc4c271fe4f1032970aebdd147180478a,0.145793,dup_011,review,exact_duplicate,yes
images/4546970097-c6d28txiyn3at0ong6094zx2lxk1__p004.png,4546970097_c6d28txiyn3at0ong6094zx2lxk1.pdf,4,pdf,1655,2339,dc3de6addb68b3d55f636a3028829a9f032a8c4859c2aec4e5bec14b73827968,0.149402,dup_012,review,exact_duplicate,yes
images/4546970097-c6d28txiyn3at0ong6094zx2lxk1__p005.png,4546970097_c6d28txiyn3at0ong6094zx2lxk1.pdf,5,pdf,1655,2339,29cc69a202afc8cd3ac5ce4a6400960058322774d4822788dc02e9a90ffcabfe,0.151681,dup_013,review,exact_duplicate,yes
images/4546970097-c6d28txiyn3at0ong6094zx2lxk1__p006.png,4546970097_c6d28txiyn3at0ong6094zx2lxk1.pdf,6,pdf,1655,2339,cc77b1540353fee644259b527d2b4cd654f81f5b6d73c43d8938611cb4d24d22,0.111271,dup_014,review,exact_duplicate,yes
images/4546970097-c6d28txiyn3at0ong6094zx2lxk1__p007.png,4546970097_c6d28txiyn3at0ong6094zx2lxk1.pdf,7,pdf,1655,2339,d4c4be31118cfc754562fa38edc2cadbba0eb3c1828fc5b7bcf8d45b03be4773,0.066601,dup_015,review,exact_duplicate,yes
images/4585502622-93nq72gayn19ah5uidksomtlsvw0__p001.png,4585502622_93nq72gayn19ah5uidksomtlsvw0.pdf,1,pdf,1654,2339,dc75bb9269e8bef1c36b7c0ecb65fb7b94ceb0ede574fa88554a14f73a318def,0.102338,,keep,,yes
images/4585502622-93nq72gayn19ah5uidksomtlsvw0__p002.png,4585502622_93nq72gayn19ah5uidksomtlsvw0.pdf,2,pdf,1654,2339,6f1bbf4211582c4b79e465c963f97c6a9f4f30fe2ef6ad39d3f3a6dadddb43c6,0.113785,,keep,,yes
images/4585502622-93nq72gayn19ah5uidksomtlsvw0__p003.png,4585502622_93nq72gayn19ah5uidksomtlsvw0.pdf,3,pdf,1654,2339,966febb5eb09d29d81cf20cd93fbecd13d4b545c101341388c289695ff032e64,0.075774,,keep,,yes
images/4602731235-7rqsk8xgbps6hcebh8wnt5o4jfwv__p001.png,4602731235_7rqsk8xgbps6hcebh8wnt5o4jfwv.pdf,1,pdf,1656,2339,ebbac858bc16b0755f89e029f6ba3d83a03fdf164595307378e770f7c7532cfd,0.148483,,keep,,yes
images/4602731238-wlocnev6d1dgknf6e2foxwlf7zqr__p001.png,4602731238_wlocnev6d1dgknf6e2foxwlf7zqr.pdf,1,pdf,1632,2338,1317c41b29374d517e1e27c4682f905f5d9e2f62edab29c15ec79f91ad5f731f,0.114308,,keep,,yes
images/4604598281-59omtey1lfyowgb31r4kfuxq6jb3__p001.png,4604598281_59omtey1lfyowgb31r4kfuxq6jb3.pdf,1,pdf,1654,2339,b97c6701d0bd7e57bd0345da926514ab6839b1497c2f4511f8c10886fd76e848,0.082400,,keep,,yes
images/4614507438-twoh6j6syx3qwtgymbf51byty22x__p001.png,4614507438_twoh6j6syx3qwtgymbf51byty22x.pdf,1,pdf,1653,2339,dda7603509d6f01f8d70f3c18c8f6d09885c22427b366b52b35e173dbdd76197,0.039460,,keep,,yes
images/4614507438-twoh6j6syx3qwtgymbf51byty22x__p002.png,4614507438_twoh6j6syx3qwtgymbf51byty22x.pdf,2,pdf,1653,2339,7fdf2186b49d52dde7cd285ffb9126827b1cc4ef83767360ac50ee9999ea683a,0.107164,,keep,,yes
images/4621003317-hsf2xtol7zkifaw36c1vcmhyceel__p001.png,4621003317_hsf2xtol7zkifaw36c1vcmhyceel.pdf,1,pdf,1653,2339,9be16af098c4ef20ac913d32dacd8d1749ea0db93ec6fa7907b948035268baf2,0.069832,,keep,,yes
images/4621003317-hsf2xtol7zkifaw36c1vcmhyceel__p002.png,4621003317_hsf2xtol7zkifaw36c1vcmhyceel.pdf,2,pdf,1653,2339,0184fa2eaf280c4cdbe6b6fbe3f1f1fe61b99b10fddc1fce6a8859ca05aaa606,0.096428,dup_008,review,exact_duplicate,yes
images/4621003317-hsf2xtol7zkifaw36c1vcmhyceel__p003.png,4621003317_hsf2xtol7zkifaw36c1vcmhyceel.pdf,3,pdf,1653,2339,9bbcf0a23e103b3c8cc878d144f052783d6c87016d450fbbbddc3a0a95320505,0.053028,,keep,,yes
images/4621003317-hsf2xtol7zkifaw36c1vcmhyceel__p004.png,4621003317_hsf2xtol7zkifaw36c1vcmhyceel.pdf,4,pdf,1653,2339,1d3ac9a1b5cd9be249604d1d8be8fc7f73a5c039e34eb623094605ed6b7eda09,0.038202,,keep,,yes
images/4621003317-hsf2xtol7zkifaw36c1vcmhyceel__p005.png,4621003317_hsf2xtol7zkifaw36c1vcmhyceel.pdf,5,pdf,1653,2339,b2cef27d06abd225ac3e265282707d7f7ad0f00b66b48284a031166d8d2ff054,0.073995,,keep,,yes
images/4661533205-6t8a9dmk7tlsdrbqmvbqvtf48r12__p001.png,4661533205_6t8a9dmk7tlsdrbqmvbqvtf48r12.pdf,1,pdf,1654,2339,7e90d1e2840a9df85764b4945c22b349f88a1b261508374b5ccd9fd755acc66a,0.356785,,keep,,yes
images/4661533205-6t8a9dmk7tlsdrbqmvbqvtf48r12__p002.png,4661533205_6t8a9dmk7tlsdrbqmvbqvtf48r12.pdf,2,pdf,1654,2339,f33dd6a947fbcf7decbc33a6c62c234c6d627236aad99d527e07d0795f47f2ff,0.355525,,keep,,yes
images/4661533205-6t8a9dmk7tlsdrbqmvbqvtf48r12__p003.png,4661533205_6t8a9dmk7tlsdrbqmvbqvtf48r12.pdf,3,pdf,1654,2339,817d7b6b0f8d5fd24323d8a3a18361aeea200de87adfab8a9ddbabcb03bd4f25,0.355483,,keep,,yes
images/4661533205-6t8a9dmk7tlsdrbqmvbqvtf48r12__p004.png,4661533205_6t8a9dmk7tlsdrbqmvbqvtf48r12.pdf,4,pdf,1654,2339,117aa82c76de764cb6ab92761f74b7c8b4539bf7fdd24876ef237993dfb6d568,0.355769,,keep,,yes
images/4661533205-6t8a9dmk7tlsdrbqmvbqvtf48r12__p005.png,4661533205_6t8a9dmk7tlsdrbqmvbqvtf48r12.pdf,5,pdf,1654,2339,d25b071cfb2ed2e0e66243eca5b19fed6b3176153600a48adc0303030db9721f,0.344504,,keep,,yes
images/4661533205-6t8a9dmk7tlsdrbqmvbqvtf48r12__p006.png,4661533205_6t8a9dmk7tlsdrbqmvbqvtf48r12.pdf,6,pdf,1654,2339,a1bcf8b041a4ac955b11e7c317abb729a6ad6cda4fdcbb62276eb7813d244d85,0.319181,,keep,,yes
images/4661533205-6t8a9dmk7tlsdrbqmvbqvtf48r12__p007.png,4661533205_6t8a9dmk7tlsdrbqmvbqvtf48r12.pdf,7,pdf,1654,2339,cf4a2daac7a5b6e453bfc3b98c9dddd690bf8f4301cec75762c57dc70cba2e1b,0.249045,,keep,,yes
images/4661533205-6t8a9dmk7tlsdrbqmvbqvtf48r12__p008.png,4661533205_6t8a9dmk7tlsdrbqmvbqvtf48r12.pdf,8,pdf,1654,2339,cb9ac36e362b358686a84f81569c7af9af420accdbe0bbbc5bef886721a64a73,0.061714,dup_009,review,exact_duplicate,yes
images/4661533210-p0kecuy41g7yfupkk0emtmx0rzsz__p001.png,4661533210_p0kecuy41g7yfupkk0emtmx0rzsz.pdf,1,pdf,1654,2339,9bb715240be9e9c3aa7a3e129b88993b428243119ec93d04e49d91b8a8bb0630,0.357249,,keep,,yes
images/4661533210-p0kecuy41g7yfupkk0emtmx0rzsz__p002.png,4661533210_p0kecuy41g7yfupkk0emtmx0rzsz.pdf,2,pdf,1654,2339,7172edee43a1a3301d925557635a52f7703a65bd1e8f6e99bf5dd4f5bd96c58b,0.326151,,keep,,yes
images/4661533210-p0kecuy41g7yfupkk0emtmx0rzsz__p003.png,4661533210_p0kecuy41g7yfupkk0emtmx0rzsz.pdf,3,pdf,1654,2339,d6205c19917b5f334605195420fa8b2c6d740c94fefd6ff9ede159895e921dc0,0.248784,,keep,,yes
images/4661533210-p0kecuy41g7yfupkk0emtmx0rzsz__p004.png,4661533210_p0kecuy41g7yfupkk0emtmx0rzsz.pdf,4,pdf,1654,2339,cb9ac36e362b358686a84f81569c7af9af420accdbe0bbbc5bef886721a64a73,0.061714,dup_009,review,exact_duplicate,yes
images/4661533211-0krq6xz1o3yv8czb0njao37ug5lv__p001.png,4661533211_0krq6xz1o3yv8czb0njao37ug5lv.pdf,1,pdf,1654,2339,9e0be8eeb860389bea4901b38eea0796eceb25fdf539458fd05a4898ff6fc930,0.357117,,keep,,yes
images/4661533211-0krq6xz1o3yv8czb0njao37ug5lv__p002.png,4661533211_0krq6xz1o3yv8czb0njao37ug5lv.pdf,2,pdf,1654,2339,b9bf3c77b074872727ddd211e5d2c37fdf827e096b2c79dbc15bb431e6297e8d,0.355792,,keep,,yes
images/4661533211-0krq6xz1o3yv8czb0njao37ug5lv__p003.png,4661533211_0krq6xz1o3yv8czb0njao37ug5lv.pdf,3,pdf,1654,2339,fc277d2f0fbd8a268f2a914a3336809883f2aa5c5d841f87a0118a8cbd8ee7f8,0.355804,,keep,,yes
images/4661533211-0krq6xz1o3yv8czb0njao37ug5lv__p004.png,4661533211_0krq6xz1o3yv8czb0njao37ug5lv.pdf,4,pdf,1654,2339,d6f253550c0a140231f73cac54f09f66ff500bea15e4c51322cd6e723b486ada,0.352443,,keep,,yes
images/4661533211-0krq6xz1o3yv8czb0njao37ug5lv__p005.png,4661533211_0krq6xz1o3yv8czb0njao37ug5lv.pdf,5,pdf,1654,2339,91fe6396010d09678fd95e42fda59565dbc55667df2c3f0b001ef1c34ecf8ba3,0.319116,,keep,,yes
images/4661533211-0krq6xz1o3yv8czb0njao37ug5lv__p006.png,4661533211_0krq6xz1o3yv8czb0njao37ug5lv.pdf,6,pdf,1654,2339,a9591851d447d248bc2a092a7bd79194c9e67c483ab63636da530baf8d15de90,0.248987,,keep,,yes
images/4661533211-0krq6xz1o3yv8czb0njao37ug5lv__p007.png,4661533211_0krq6xz1o3yv8czb0njao37ug5lv.pdf,7,pdf,1654,2339,cb9ac36e362b358686a84f81569c7af9af420accdbe0bbbc5bef886721a64a73,0.061714,dup_009,review,exact_duplicate,yes
images/4661533212-f3yu0fxqmvejcorr1185zql8y193__p001.png,4661533212_f3yu0fxqmvejcorr1185zql8y193.pdf,1,pdf,1654,2339,17724f75544828c41f149335b3249bdf6c3abe21f668d90549e82fd3c546a607,0.357328,,keep,,yes
images/4661533212-f3yu0fxqmvejcorr1185zql8y193__p002.png,4661533212_f3yu0fxqmvejcorr1185zql8y193.pdf,2,pdf,1654,2339,cbef5f13f9dcca3f568a45d9372764fd5dc7bc1fc29084678e7720b888496498,0.339357,,keep,,yes
images/4661533212-f3yu0fxqmvejcorr1185zql8y193__p003.png,4661533212_f3yu0fxqmvejcorr1185zql8y193.pdf,3,pdf,1654,2339,d27c7737672063ae945a68970563ae103f775e0c447491f737af4dda4f5f9a3c,0.240790,,keep,,yes
images/4661533212-f3yu0fxqmvejcorr1185zql8y193__p004.png,4661533212_f3yu0fxqmvejcorr1185zql8y193.pdf,4,pdf,1654,2339,cb9ac36e362b358686a84f81569c7af9af420accdbe0bbbc5bef886721a64a73,0.061714,dup_009,review,exact_duplicate,yes
images/4661533214-p2jhexvxy9ybhz3nu02gpme2o2fr__p001.png,4661533214_p2jhexvxy9ybhz3nu02gpme2o2fr.pdf,1,pdf,1654,2339,12b45ce18481e91290ba8d3f7fb4899b34a37a01d70a2d2817387f61ccbfa9ee,0.357152,,keep,,yes
images/4661533214-p2jhexvxy9ybhz3nu02gpme2o2fr__p002.png,4661533214_p2jhexvxy9ybhz3nu02gpme2o2fr.pdf,2,pdf,1654,2339,7a4dac3e4863d781b8400fc0269392c94eb53aa7108b9b3c2d2fb90a7da4b103,0.355921,,keep,,yes
images/4661533214-p2jhexvxy9ybhz3nu02gpme2o2fr__p003.png,4661533214_p2jhexvxy9ybhz3nu02gpme2o2fr.pdf,3,pdf,1654,2339,46281bbb6655b9ac4c01e5fe2b87f83a49543206da6c2f36c1a666da52d7cdd7,0.355650,,keep,,yes
images/4661533214-p2jhexvxy9ybhz3nu02gpme2o2fr__p004.png,4661533214_p2jhexvxy9ybhz3nu02gpme2o2fr.pdf,4,pdf,1654,2339,5680319e9eab72abc8c86f30478fac4f99647c1729d62c5a419f06a2c9004d3f,0.356858,,keep,,yes
images/4661533214-p2jhexvxy9ybhz3nu02gpme2o2fr__p005.png,4661533214_p2jhexvxy9ybhz3nu02gpme2o2fr.pdf,5,pdf,1654,2339,ff5be2db87e9374cacb54a5c19322601c9c8d11476119b41d32c769f62b72771,0.353776,,keep,,yes
images/4661533214-p2jhexvxy9ybhz3nu02gpme2o2fr__p006.png,4661533214_p2jhexvxy9ybhz3nu02gpme2o2fr.pdf,6,pdf,1654,2339,1c297d4a5d115e3b9aaa8270be28cc7ebbb9e7068671272757d51650321e0869,0.246556,,keep,,yes
images/4661533214-p2jhexvxy9ybhz3nu02gpme2o2fr__p007.png,4661533214_p2jhexvxy9ybhz3nu02gpme2o2fr.pdf,7,pdf,1654,2339,cb9ac36e362b358686a84f81569c7af9af420accdbe0bbbc5bef886721a64a73,0.061714,dup_009,review,exact_duplicate,yes
images/4661533215-dmyaj3yoxyv64qib3561eq5kd6xf__p001.png,4661533215_dmyaj3yoxyv64qib3561eq5kd6xf.pdf,1,pdf,1654,2339,d93b75d11c41dea7d24ca8162529cd3c4076a79513f6c604e283b52f1eb913ac,0.356435,,keep,,yes
images/4661533215-dmyaj3yoxyv64qib3561eq5kd6xf__p002.png,4661533215_dmyaj3yoxyv64qib3561eq5kd6xf.pdf,2,pdf,1654,2339,9617aeb1c44a63eb11f946c99a0b0a39f070a1a9666082030c7b481e25ccd3d7,0.355813,,keep,,yes
images/4661533215-dmyaj3yoxyv64qib3561eq5kd6xf__p003.png,4661533215_dmyaj3yoxyv64qib3561eq5kd6xf.pdf,3,pdf,1654,2339,cc8881865aca7011c9135787807fd35703dabccdef25a2273ea9ae31b3e5524f,0.355239,,keep,,yes
images/4661533215-dmyaj3yoxyv64qib3561eq5kd6xf__p004.png,4661533215_dmyaj3yoxyv64qib3561eq5kd6xf.pdf,4,pdf,1654,2339,659cf877dc705bad71f82b5f0d551df006a8ca9fed600c0a6a00c3e836de33c9,0.355869,,keep,,yes
images/4661533215-dmyaj3yoxyv64qib3561eq5kd6xf__p005.png,4661533215_dmyaj3yoxyv64qib3561eq5kd6xf.pdf,5,pdf,1654,2339,d143cf63e4722ad40861ed0e225bf6a2ad8b184e0e65c0da38a62939c1d5f057,0.356359,,keep,,yes
images/4661533215-dmyaj3yoxyv64qib3561eq5kd6xf__p006.png,4661533215_dmyaj3yoxyv64qib3561eq5kd6xf.pdf,6,pdf,1654,2339,02d2b538030aa57dea498fb17aa829d2d7924b4dc9ac8ea46d26bbbbd281aea6,0.338525,,keep,,yes
images/4661533215-dmyaj3yoxyv64qib3561eq5kd6xf__p007.png,4661533215_dmyaj3yoxyv64qib3561eq5kd6xf.pdf,7,pdf,1654,2339,fc807a4248260039d7817e1cfd39f258d20ae7b267ea300057c43e856dca1752,0.240383,,keep,,yes
images/4661533215-dmyaj3yoxyv64qib3561eq5kd6xf__p008.png,4661533215_dmyaj3yoxyv64qib3561eq5kd6xf.pdf,8,pdf,1654,2339,cb9ac36e362b358686a84f81569c7af9af420accdbe0bbbc5bef886721a64a73,0.061714,dup_009,review,exact_duplicate,yes
images/4661533217-3w4f8bw7rm1kswmejbrob4v6slyj__p001.png,4661533217_3w4f8bw7rm1kswmejbrob4v6slyj.pdf,1,pdf,1654,2339,701777b72df73b1ff6589ba63fae1dbe39a2048201f9e8693041d5bcd1ac1b2d,0.357165,,keep,,yes
images/4661533217-3w4f8bw7rm1kswmejbrob4v6slyj__p002.png,4661533217_3w4f8bw7rm1kswmejbrob4v6slyj.pdf,2,pdf,1654,2339,b8a9b7345e4181b671b22c960c3d37caaca33edcb5e6a8841a16159cf9038dde,0.355196,,keep,,yes
images/4661533217-3w4f8bw7rm1kswmejbrob4v6slyj__p003.png,4661533217_3w4f8bw7rm1kswmejbrob4v6slyj.pdf,3,pdf,1654,2339,4fa348e55b5003151931c36cc3fcf328f14455eb8cc91dae98fa55fbdb4595e6,0.355611,,keep,,yes
images/4661533217-3w4f8bw7rm1kswmejbrob4v6slyj__p004.png,4661533217_3w4f8bw7rm1kswmejbrob4v6slyj.pdf,4,pdf,1654,2339,e5edebe9f2e9bbe14ed22464ebba9d031b69574798d0e5a922e75965c4a9cdaf,0.356550,,keep,,yes
images/4661533217-3w4f8bw7rm1kswmejbrob4v6slyj__p005.png,4661533217_3w4f8bw7rm1kswmejbrob4v6slyj.pdf,5,pdf,1654,2339,599ef63fa7967199733e81f2589e4d961e427329ba0528eb28dfd298ece70108,0.356015,,keep,,yes
images/4661533217-3w4f8bw7rm1kswmejbrob4v6slyj__p006.png,4661533217_3w4f8bw7rm1kswmejbrob4v6slyj.pdf,6,pdf,1654,2339,716bba4bc1066ad6bde57284b4c601bfaf90f8bd75e9bc7c154a283b31d44b8d,0.345449,,keep,,yes
images/4661533217-3w4f8bw7rm1kswmejbrob4v6slyj__p007.png,4661533217_3w4f8bw7rm1kswmejbrob4v6slyj.pdf,7,pdf,1654,2339,3fcc64e7b8ecf056782f88b822dfb416783b6c83f155f56e1898db6016b3e8f9,0.319101,,keep,,yes
images/4661533217-3w4f8bw7rm1kswmejbrob4v6slyj__p008.png,4661533217_3w4f8bw7rm1kswmejbrob4v6slyj.pdf,8,pdf,1654,2339,49202bebd4a494131e361207b162bcce7520c62ebc6c124c00c6c13e5c4e6bcf,0.248985,,keep,,yes
images/4661533217-3w4f8bw7rm1kswmejbrob4v6slyj__p009.png,4661533217_3w4f8bw7rm1kswmejbrob4v6slyj.pdf,9,pdf,1654,2339,cb9ac36e362b358686a84f81569c7af9af420accdbe0bbbc5bef886721a64a73,0.061714,dup_009,review,exact_duplicate,yes
images/4661533218-kxa1ujq37krawz55fcj72myt3uuf__p001.png,4661533218_kxa1ujq37krawz55fcj72myt3uuf.pdf,1,pdf,1654,2339,2d4cc232ec8271f9aa1955b74b44248e2662d9e6576e33451a52e677ccd81664,0.357587,,keep,,yes
images/4661533218-kxa1ujq37krawz55fcj72myt3uuf__p002.png,4661533218_kxa1ujq37krawz55fcj72myt3uuf.pdf,2,pdf,1654,2339,d769a854492dfc76d150531d1909eaa9285318c69ec1b7603bc428ba6f0654ad,0.337035,,keep,,yes
images/4661533218-kxa1ujq37krawz55fcj72myt3uuf__p003.png,4661533218_kxa1ujq37krawz55fcj72myt3uuf.pdf,3,pdf,1654,2339,28febabfc9627e75fa2816542df9991a079be419f672051ebbc5d437b1082688,0.240903,,keep,,yes
images/4661533218-kxa1ujq37krawz55fcj72myt3uuf__p004.png,4661533218_kxa1ujq37krawz55fcj72myt3uuf.pdf,4,pdf,1654,2339,cb9ac36e362b358686a84f81569c7af9af420accdbe0bbbc5bef886721a64a73,0.061714,dup_009,review,exact_duplicate,yes
images/4661533219-49031zjaitiqywneuqja4q0dogth__p001.png,4661533219_49031zjaitiqywneuqja4q0dogth.pdf,1,pdf,1654,2339,a6974488271ff0db298026c044b6114382cbb9b28af41ead28725b5cf92678db,0.356864,,keep,,yes
images/4661533219-49031zjaitiqywneuqja4q0dogth__p002.png,4661533219_49031zjaitiqywneuqja4q0dogth.pdf,2,pdf,1654,2339,dd6e7041b91d033139d7686ca60d51eddd567bdd65c85a0ab30a279ad05aff53,0.357310,,keep,,yes
images/4661533219-49031zjaitiqywneuqja4q0dogth__p003.png,4661533219_49031zjaitiqywneuqja4q0dogth.pdf,3,pdf,1654,2339,dde31eb96981c7669a308abc6c9287f6e8f97539162d64f6110287051a438598,0.249860,,keep,,yes
images/4661533219-49031zjaitiqywneuqja4q0dogth__p004.png,4661533219_49031zjaitiqywneuqja4q0dogth.pdf,4,pdf,1654,2339,cb9ac36e362b358686a84f81569c7af9af420accdbe0bbbc5bef886721a64a73,0.061714,dup_009,review,exact_duplicate,yes
images/4661533220-a2js8dp06i4x2fkhguu7u0ujx5kp__p001.png,4661533220_a2js8dp06i4x2fkhguu7u0ujx5kp.pdf,1,pdf,1654,2339,915c6cec5101722e4fc55034efa242fb41dfefa258d39dd63753c059b9e86b30,0.356310,,keep,,yes
images/4661533220-a2js8dp06i4x2fkhguu7u0ujx5kp__p002.png,4661533220_a2js8dp06i4x2fkhguu7u0ujx5kp.pdf,2,pdf,1654,2339,003f2d8f73b446c0022c971cb11e60342468c4f6034de07218170415c0a54d94,0.356134,,keep,,yes
images/4661533220-a2js8dp06i4x2fkhguu7u0ujx5kp__p003.png,4661533220_a2js8dp06i4x2fkhguu7u0ujx5kp.pdf,3,pdf,1654,2339,ec2a676951bf3d2438d64eabad8077d8fe8c59aa9e167e406682369db7b5fd32,0.355876,,keep,,yes
images/4661533220-a2js8dp06i4x2fkhguu7u0ujx5kp__p004.png,4661533220_a2js8dp06i4x2fkhguu7u0ujx5kp.pdf,4,pdf,1654,2339,f5532d7b1521dd7e23109dee9280494d2c33813fe85c7d980809e25066408918,0.356201,,keep,,yes
images/4661533220-a2js8dp06i4x2fkhguu7u0ujx5kp__p005.png,4661533220_a2js8dp06i4x2fkhguu7u0ujx5kp.pdf,5,pdf,1654,2339,91057227ccc2867edec9b0c7bd7e611ec10aea7104f747d36e1ca6450ee240f1,0.344267,,keep,,yes
images/4661533220-a2js8dp06i4x2fkhguu7u0ujx5kp__p006.png,4661533220_a2js8dp06i4x2fkhguu7u0ujx5kp.pdf,6,pdf,1654,2339,3ded81d82e70e211975ccdd68948aef13da9f8599bb965aff73a4883d67ffbfc,0.319112,,keep,,yes
images/4661533220-a2js8dp06i4x2fkhguu7u0ujx5kp__p007.png,4661533220_a2js8dp06i4x2fkhguu7u0ujx5kp.pdf,7,pdf,1654,2339,459a623a98260b7fc5509df056d253803dc6049871a8ff0b1a2fd3db64a374b0,0.248995,,keep,,yes
images/4661533220-a2js8dp06i4x2fkhguu7u0ujx5kp__p008.png,4661533220_a2js8dp06i4x2fkhguu7u0ujx5kp.pdf,8,pdf,1654,2339,cb9ac36e362b358686a84f81569c7af9af420accdbe0bbbc5bef886721a64a73,0.061714,dup_009,review,exact_duplicate,yes
images/4661533221-8s1otqacxid1uzq0f72icuvl06co__p001.png,4661533221_8s1otqacxid1uzq0f72icuvl06co.pdf,1,pdf,1654,2339,dfc3b0cf0b1f22c935bea7b6b59570f90b09976a30acd7e4cd2a1a62db974043,0.357658,,keep,,yes
images/4661533221-8s1otqacxid1uzq0f72icuvl06co__p002.png,4661533221_8s1otqacxid1uzq0f72icuvl06co.pdf,2,pdf,1654,2339,db514ebfcb1b8454c0271f7b5d334915a7b022bce1e609b3478aaa4e06de64b8,0.338082,,keep,,yes
images/4661533221-8s1otqacxid1uzq0f72icuvl06co__p003.png,4661533221_8s1otqacxid1uzq0f72icuvl06co.pdf,3,pdf,1654,2339,fe63fa5e821da48f3a74315b9c40bcb1e58749b32c9008fedfe4efc3f1461602,0.240718,,keep,,yes
images/4661533221-8s1otqacxid1uzq0f72icuvl06co__p004.png,4661533221_8s1otqacxid1uzq0f72icuvl06co.pdf,4,pdf,1654,2339,cb9ac36e362b358686a84f81569c7af9af420accdbe0bbbc5bef886721a64a73,0.061714,dup_009,review,exact_duplicate,yes
images/4661533222-kg34o3x0z5xulth7lsvhh1rai254__p001.png,4661533222_kg34o3x0z5xulth7lsvhh1rai254.pdf,1,pdf,1654,2339,9dbc7efa9d590dbdf197c8326d195887c3a537fe700c7efaf42cb5e159489540,0.357365,,keep,,yes
images/4661533222-kg34o3x0z5xulth7lsvhh1rai254__p002.png,4661533222_kg34o3x0z5xulth7lsvhh1rai254.pdf,2,pdf,1654,2339,01e439a819c73cfb397f61f3dd8e82eb97c62b6952fe693c3a7caaf7345a8a43,0.327672,,keep,,yes
images/4661533222-kg34o3x0z5xulth7lsvhh1rai254__p003.png,4661533222_kg34o3x0z5xulth7lsvhh1rai254.pdf,3,pdf,1654,2339,c02c99d3aea0037f613997764a00f094a531e1dd7ff9309003de18aa504963b1,0.248803,,keep,,yes
images/4661533222-kg34o3x0z5xulth7lsvhh1rai254__p004.png,4661533222_kg34o3x0z5xulth7lsvhh1rai254.pdf,4,pdf,1654,2339,cb9ac36e362b358686a84f81569c7af9af420accdbe0bbbc5bef886721a64a73,0.061714,dup_009,review,exact_duplicate,yes
images/4661533224-mfsqdndiws68zv68lw3u8qd2pgeg__p001.png,4661533224_mfsqdndiws68zv68lw3u8qd2pgeg.pdf,1,pdf,2339,1654,333f84496dc57b7947fee3ef9c103ce423eb94856af7a4ee83e5c06cc81afdb2,0.344445,,keep,,yes
images/4661533224-mfsqdndiws68zv68lw3u8qd2pgeg__p002.png,4661533224_mfsqdndiws68zv68lw3u8qd2pgeg.pdf,2,pdf,2339,1654,8c03a49a13d4885b3e0f1577e6a01b6ad0f47d4c1aaa391c868abebae7b29ed9,0.358380,,keep,,yes
images/4661533224-mfsqdndiws68zv68lw3u8qd2pgeg__p003.png,4661533224_mfsqdndiws68zv68lw3u8qd2pgeg.pdf,3,pdf,2339,1654,e87551cb3e8c27a1e3e9986c603ec3b598ced7b54cdddb49f7a138140e645582,0.361341,,keep,,yes
images/4661533224-mfsqdndiws68zv68lw3u8qd2pgeg__p004.png,4661533224_mfsqdndiws68zv68lw3u8qd2pgeg.pdf,4,pdf,2339,1654,441233542c4223cd4240aaba990659e2f20be3225f7c48e357c6ae1937d6f02f,0.362495,,keep,,yes
images/4661533224-mfsqdndiws68zv68lw3u8qd2pgeg__p005.png,4661533224_mfsqdndiws68zv68lw3u8qd2pgeg.pdf,5,pdf,2339,1654,c42f70288d8c9c6733170695a6065e0cfa8db468e369225bce56c11b4e4aa39c,0.362762,,keep,,yes
images/4661533224-mfsqdndiws68zv68lw3u8qd2pgeg__p006.png,4661533224_mfsqdndiws68zv68lw3u8qd2pgeg.pdf,6,pdf,2339,1654,f73b072fcc191f74d21124488943f527a79d64fd8590953f87fcf42dfec36fbf,0.361661,,keep,,yes
images/4661533224-mfsqdndiws68zv68lw3u8qd2pgeg__p007.png,4661533224_mfsqdndiws68zv68lw3u8qd2pgeg.pdf,7,pdf,2339,1654,b21b61d3f3ee589f281c67d9f6816328ed079d53778db401dcfbd23b7b864ac8,0.362295,,keep,,yes
images/4661533224-mfsqdndiws68zv68lw3u8qd2pgeg__p008.png,4661533224_mfsqdndiws68zv68lw3u8qd2pgeg.pdf,8,pdf,2339,1654,2b2c3c4546197dc7a31831ab6e5e8cfa627674a22b575c105e652d345548776b,0.361194,,keep,,yes
images/4661533224-mfsqdndiws68zv68lw3u8qd2pgeg__p009.png,4661533224_mfsqdndiws68zv68lw3u8qd2pgeg.pdf,9,pdf,2339,1654,937d4c96441f272fdd5b09e2d91c4e56f487e199abc8eb7b4a3fb049777af122,0.362667,,keep,,yes
images/4661533224-mfsqdndiws68zv68lw3u8qd2pgeg__p010.png,4661533224_mfsqdndiws68zv68lw3u8qd2pgeg.pdf,10,pdf,2339,1654,de7b20955d4362cd68a948046ea2c445044e37b1f705f32cc336ee3f5cbe426d,0.361714,,keep,,yes
images/4661533224-mfsqdndiws68zv68lw3u8qd2pgeg__p011.png,4661533224_mfsqdndiws68zv68lw3u8qd2pgeg.pdf,11,pdf,2339,1654,6dc8ca5b3819bb186a608b25658b7755deedc241a58475f8b8f449aa1eb8f6fa,0.351523,,keep,,yes
images/4661533224-mfsqdndiws68zv68lw3u8qd2pgeg__p012.png,4661533224_mfsqdndiws68zv68lw3u8qd2pgeg.pdf,12,pdf,2339,1654,928a414137a0fceb27e9d903bce75903d3f2ba5bd42abd1e1a6c204176a94ba6,0.344880,,keep,,yes
images/4661533224-mfsqdndiws68zv68lw3u8qd2pgeg__p013.png,4661533224_mfsqdndiws68zv68lw3u8qd2pgeg.pdf,13,pdf,2339,1654,258942fde3f70a975ca3f94dcc54ee88a01c96068d557d70d057496fefc85e19,0.346465,,keep,,yes
images/4661533224-mfsqdndiws68zv68lw3u8qd2pgeg__p014.png,4661533224_mfsqdndiws68zv68lw3u8qd2pgeg.pdf,14,pdf,2339,1654,bc7667b99934ff79cdd72ee3c9d4b491248384508e606e6fdad6062af5a8c397,0.300019,,keep,,yes
images/4661533224-mfsqdndiws68zv68lw3u8qd2pgeg__p015.png,4661533224_mfsqdndiws68zv68lw3u8qd2pgeg.pdf,15,pdf,2339,1654,2d46f65b73c2ad2ea455b517edb16f5088d945ee2be2fb8477bd9f1d840a5fe8,0.061756,dup_010,review,exact_duplicate,yes
images/4661533225-ogvozy3vhvo22sg1rckqewf366jy__p001.png,4661533225_ogvozy3vhvo22sg1rckqewf366jy.pdf,1,pdf,1654,2339,5dbba5f844bd2425692fd60d6131cd63bca5a16a5cd2dca23d2544df8b463759,0.356448,,keep,,yes
images/4661533225-ogvozy3vhvo22sg1rckqewf366jy__p002.png,4661533225_ogvozy3vhvo22sg1rckqewf366jy.pdf,2,pdf,1654,2339,2abeb21f2987fa14206ce51bf2e6a0d43a44deee3fd478c636eab0ec2891c010,0.355618,,keep,,yes
images/4661533225-ogvozy3vhvo22sg1rckqewf366jy__p003.png,4661533225_ogvozy3vhvo22sg1rckqewf366jy.pdf,3,pdf,1654,2339,35ecc9dae7eafe590525e70623053304e1bc3d09cbbf622f4960e39822cedf5c,0.355955,,keep,,yes
images/4661533225-ogvozy3vhvo22sg1rckqewf366jy__p004.png,4661533225_ogvozy3vhvo22sg1rckqewf366jy.pdf,4,pdf,1654,2339,7250b1ccfcb5d860b2202b8893244bc301087a4d603bf7275836013a660fc3fe,0.356134,,keep,,yes
images/4661533225-ogvozy3vhvo22sg1rckqewf366jy__p005.png,4661533225_ogvozy3vhvo22sg1rckqewf366jy.pdf,5,pdf,1654,2339,b5e94e70ab97bdfc45c173aa73b0c930f77c85a10eea766e4063d69c7907c094,0.356288,,keep,,yes
images/4661533225-ogvozy3vhvo22sg1rckqewf366jy__p006.png,4661533225_ogvozy3vhvo22sg1rckqewf366jy.pdf,6,pdf,1654,2339,dd47dc18044389f9220bd9f34bb989bf098f4de12c336197a99e997aefcc1c35,0.322059,,keep,,yes
images/4661533225-ogvozy3vhvo22sg1rckqewf366jy__p007.png,4661533225_ogvozy3vhvo22sg1rckqewf366jy.pdf,7,pdf,1654,2339,8ba37496eaab9efbec6922b531fafefcc19c2bcbf04f7715386eb8e54fdb8d2b,0.248904,,keep,,yes
images/4661533225-ogvozy3vhvo22sg1rckqewf366jy__p008.png,4661533225_ogvozy3vhvo22sg1rckqewf366jy.pdf,8,pdf,1654,2339,cb9ac36e362b358686a84f81569c7af9af420accdbe0bbbc5bef886721a64a73,0.061714,dup_009,review,exact_duplicate,yes
images/4661533226-j6pcqdw1tloceuxckspyko0g9xgb__p001.png,4661533226_j6pcqdw1tloceuxckspyko0g9xgb.pdf,1,pdf,2339,1654,6f04e2c85fb184be2dff23f760cdb36d96dede60b78dcfb834bc9857399643c8,0.344466,,keep,,yes
images/4661533226-j6pcqdw1tloceuxckspyko0g9xgb__p002.png,4661533226_j6pcqdw1tloceuxckspyko0g9xgb.pdf,2,pdf,2339,1654,bc3f3fa1ac8869c576fa390d109c0639bf3c338c10cb8169efa71571893aec2c,0.358514,,keep,,yes
images/4661533226-j6pcqdw1tloceuxckspyko0g9xgb__p003.png,4661533226_j6pcqdw1tloceuxckspyko0g9xgb.pdf,3,pdf,2339,1654,681fd87dfe5e65ce0f54b7397709538e3c33d082eb66bd998a7a6da82bd69d17,0.359014,,keep,,yes
images/4661533226-j6pcqdw1tloceuxckspyko0g9xgb__p004.png,4661533226_j6pcqdw1tloceuxckspyko0g9xgb.pdf,4,pdf,2339,1654,7075a0778d3ec5e3b446bdddfd081229de93c095bc1320b5907e3e315f32bd74,0.363398,,keep,,yes
images/4661533226-j6pcqdw1tloceuxckspyko0g9xgb__p005.png,4661533226_j6pcqdw1tloceuxckspyko0g9xgb.pdf,5,pdf,2339,1654,db828e9e7f36ba584de88770641beefcb5eb53e9d9a6fd42133e4d269f3886d5,0.362959,,keep,,yes
images/4661533226-j6pcqdw1tloceuxckspyko0g9xgb__p006.png,4661533226_j6pcqdw1tloceuxckspyko0g9xgb.pdf,6,pdf,2339,1654,6007762d320ef00bc673de34f290d7e49f65a80128624eea9fbf57c33c1599e3,0.362839,,keep,,yes
images/4661533226-j6pcqdw1tloceuxckspyko0g9xgb__p007.png,4661533226_j6pcqdw1tloceuxckspyko0g9xgb.pdf,7,pdf,2339,1654,3af226e77588cf3a029914b48d06dd57998519809ceed7869c23668ed6cf55bf,0.361541,,keep,,yes
images/4661533226-j6pcqdw1tloceuxckspyko0g9xgb__p008.png,4661533226_j6pcqdw1tloceuxckspyko0g9xgb.pdf,8,pdf,2339,1654,5e53dc8ad8986686223a1a717a05a2ad284b39af6f88e79264080c9c3ce2740b,0.362681,,keep,,yes
images/4661533226-j6pcqdw1tloceuxckspyko0g9xgb__p009.png,4661533226_j6pcqdw1tloceuxckspyko0g9xgb.pdf,9,pdf,2339,1654,286a7672822e005cdb9c49bfc9debab31509c3c660e62ec46c9f2bc0500f9eaf,0.360707,,keep,,yes
images/4661533226-j6pcqdw1tloceuxckspyko0g9xgb__p010.png,4661533226_j6pcqdw1tloceuxckspyko0g9xgb.pdf,10,pdf,2339,1654,28db2e2aaa6731e727257feb1a6a6cc56c2f3a893c6a134354c7728c5b7eeee1,0.363534,,keep,,yes
images/4661533226-j6pcqdw1tloceuxckspyko0g9xgb__p011.png,4661533226_j6pcqdw1tloceuxckspyko0g9xgb.pdf,11,pdf,2339,1654,3b6150e85f8755dce3cbf072ce364c7a75040e81d4904a33177e7e4473fa920e,0.362495,,keep,,yes
images/4661533226-j6pcqdw1tloceuxckspyko0g9xgb__p012.png,4661533226_j6pcqdw1tloceuxckspyko0g9xgb.pdf,12,pdf,2339,1654,490d9b2c2b2dd1272e2f14d9bfb6779f6ed9491d05beaa8620791e33e337bdf8,0.361303,,keep,,yes
images/4661533226-j6pcqdw1tloceuxckspyko0g9xgb__p013.png,4661533226_j6pcqdw1tloceuxckspyko0g9xgb.pdf,13,pdf,2339,1654,6c7c4e1381d2985028f130a42b1c96e552a108147eb7aeeb4fc2c064a6838f75,0.352243,,keep,,yes
images/4661533226-j6pcqdw1tloceuxckspyko0g9xgb__p014.png,4661533226_j6pcqdw1tloceuxckspyko0g9xgb.pdf,14,pdf,2339,1654,f61b5696b34b63c3c78e3ce2c2ba1a66a9825a93c16bd41113ae434f86989e9a,0.347709,,keep,,yes
images/4661533226-j6pcqdw1tloceuxckspyko0g9xgb__p015.png,4661533226_j6pcqdw1tloceuxckspyko0g9xgb.pdf,15,pdf,2339,1654,20e14405da8bd8d922fd3b6cf52dbf3e6a3b187040dc1dd69f4e1e6b7c600e26,0.303934,,keep,,yes
images/4661533226-j6pcqdw1tloceuxckspyko0g9xgb__p016.png,4661533226_j6pcqdw1tloceuxckspyko0g9xgb.pdf,16,pdf,2339,1654,2d46f65b73c2ad2ea455b517edb16f5088d945ee2be2fb8477bd9f1d840a5fe8,0.061756,dup_010,review,exact_duplicate,yes
images/4661533227-k8ope2qs5hsoppjyya1qd8fz8p2g__p001.png,4661533227_k8ope2qs5hsoppjyya1qd8fz8p2g.pdf,1,pdf,2339,1654,9a016921d51135bf992754bf9d28c25f67cdd240122461ce2980f1daec66ab1a,0.346691,,keep,,yes
images/4661533227-k8ope2qs5hsoppjyya1qd8fz8p2g__p002.png,4661533227_k8ope2qs5hsoppjyya1qd8fz8p2g.pdf,2,pdf,2339,1654,39966701994fa2882b2f7df1e9c6869ad411b6151a15dfc6f67ac2bdecbaddd6,0.345813,,keep,,yes
images/4661533227-k8ope2qs5hsoppjyya1qd8fz8p2g__p003.png,4661533227_k8ope2qs5hsoppjyya1qd8fz8p2g.pdf,3,pdf,2339,1654,3ac1e65ac3d1ccc8e38837241c4850d1c1d29d7c2a43d75cf57e65e9d08ed31e,0.299042,,keep,,yes
images/4661533227-k8ope2qs5hsoppjyya1qd8fz8p2g__p004.png,4661533227_k8ope2qs5hsoppjyya1qd8fz8p2g.pdf,4,pdf,2339,1654,2d46f65b73c2ad2ea455b517edb16f5088d945ee2be2fb8477bd9f1d840a5fe8,0.061756,dup_010,review,exact_duplicate,yes
images/4661533228-7yu4ej8y00u3nkih0q5ddcilpnko__p001.png,4661533228_7yu4ej8y00u3nkih0q5ddcilpnko.pdf,1,pdf,1654,2339,60e2cf5295a533066e14b2de408194457c91c962fb8619dd9c8f2ab48506074b,0.356446,,keep,,yes
images/4661533228-7yu4ej8y00u3nkih0q5ddcilpnko__p002.png,4661533228_7yu4ej8y00u3nkih0q5ddcilpnko.pdf,2,pdf,1654,2339,a43bf85ff0bb2cabc5878351098f8b3fe18013d07854926015a36c7d610f8782,0.356134,,keep,,yes
images/4661533228-7yu4ej8y00u3nkih0q5ddcilpnko__p003.png,4661533228_7yu4ej8y00u3nkih0q5ddcilpnko.pdf,3,pdf,1654,2339,e9c3f5aa0b4d641fde496802612ec7d55edb5cbcfeaf8f008bc084797b23819d,0.355175,,keep,,yes
images/4661533228-7yu4ej8y00u3nkih0q5ddcilpnko__p004.png,4661533228_7yu4ej8y00u3nkih0q5ddcilpnko.pdf,4,pdf,1654,2339,7f467bad6d59b5ffc6640dd3326444af7032168e9b352c32bb19486c1c4b21c4,0.355644,,keep,,yes
images/4661533228-7yu4ej8y00u3nkih0q5ddcilpnko__p005.png,4661533228_7yu4ej8y00u3nkih0q5ddcilpnko.pdf,5,pdf,1654,2339,4c06aec9d7682128729229ac549a31c974ffad180f0a6de9ddcc8d4a6841f6eb,0.356129,,keep,,yes
images/4661533228-7yu4ej8y00u3nkih0q5ddcilpnko__p006.png,4661533228_7yu4ej8y00u3nkih0q5ddcilpnko.pdf,6,pdf,1654,2339,65454c25c8f094c0783e84b0f6216852f0ecf217151c70161f8ea6569e40ee8a,0.332057,,keep,,yes
images/4661533228-7yu4ej8y00u3nkih0q5ddcilpnko__p007.png,4661533228_7yu4ej8y00u3nkih0q5ddcilpnko.pdf,7,pdf,1654,2339,07c3a837f0e58a8bfbac9ad1ec739b587221944988384d9858fa08a2bd947cce,0.248894,,keep,,yes
images/4661533228-7yu4ej8y00u3nkih0q5ddcilpnko__p008.png,4661533228_7yu4ej8y00u3nkih0q5ddcilpnko.pdf,8,pdf,1654,2339,cb9ac36e362b358686a84f81569c7af9af420accdbe0bbbc5bef886721a64a73,0.061714,dup_009,review,exact_duplicate,yes
images/4661533231-qdchj3060s2gxhku5jhhdufr10bn__p001.png,4661533231_qdchj3060s2gxhku5jhhdufr10bn.pdf,1,pdf,2339,1654,cf76b5ccf4dc388d99c632da879c6e41ce58518b37d24cd556d9149803011589,0.349563,,keep,,yes
images/4661533231-qdchj3060s2gxhku5jhhdufr10bn__p002.png,4661533231_qdchj3060s2gxhku5jhhdufr10bn.pdf,2,pdf,2339,1654,1fe060b1e39970887416138037dbb79d1c05fead6dab137f7b69a23d1d2bc7fd,0.360222,,keep,,yes
images/4661533231-qdchj3060s2gxhku5jhhdufr10bn__p003.png,4661533231_qdchj3060s2gxhku5jhhdufr10bn.pdf,3,pdf,2339,1654,3e18859327949086034f43ad4b160dfb90b5d26dbd41bc332275a1faae0fee57,0.361053,,keep,,yes
images/4661533231-qdchj3060s2gxhku5jhhdufr10bn__p004.png,4661533231_qdchj3060s2gxhku5jhhdufr10bn.pdf,4,pdf,2339,1654,1cdf5c5fd2e0b1c58ee4db20ec4d69cc64534e8808c87d4da4a0dd60753bab01,0.362874,,keep,,yes
images/4661533231-qdchj3060s2gxhku5jhhdufr10bn__p005.png,4661533231_qdchj3060s2gxhku5jhhdufr10bn.pdf,5,pdf,2339,1654,8c06ddc59ae3e5e7ad36a77d039d6ceb1c48d60028123db4a0a41f09c4aff25f,0.362391,,keep,,yes
images/4661533231-qdchj3060s2gxhku5jhhdufr10bn__p006.png,4661533231_qdchj3060s2gxhku5jhhdufr10bn.pdf,6,pdf,2339,1654,558db094d50e61a25ef333a7d1597b173f0bdc1395becaf240ea0424ec439bee,0.362783,,keep,,yes
images/4661533231-qdchj3060s2gxhku5jhhdufr10bn__p007.png,4661533231_qdchj3060s2gxhku5jhhdufr10bn.pdf,7,pdf,2339,1654,3fb628446e73b6d9af336dfdc2d37f434d09b49b3ed0914704184f11f788de76,0.361316,,keep,,yes
images/4661533231-qdchj3060s2gxhku5jhhdufr10bn__p008.png,4661533231_qdchj3060s2gxhku5jhhdufr10bn.pdf,8,pdf,2339,1654,28cf727c57b09cf09d4616876e539a1f9e7b0a4ba7d06236cd1f60e3b7cf13d0,0.361681,,keep,,yes
images/4661533231-qdchj3060s2gxhku5jhhdufr10bn__p009.png,4661533231_qdchj3060s2gxhku5jhhdufr10bn.pdf,9,pdf,2339,1654,9fe5b2a9c27d5188188bd47d45505d52a111da52038fc7fddac6f199467243d5,0.361501,,keep,,yes
images/4661533231-qdchj3060s2gxhku5jhhdufr10bn__p010.png,4661533231_qdchj3060s2gxhku5jhhdufr10bn.pdf,10,pdf,2339,1654,5b17e8b1cdc1e1612ad79498f60378b5f4f8003f777fd89792d1ceb31545ec27,0.362425,,keep,,yes
images/4661533231-qdchj3060s2gxhku5jhhdufr10bn__p011.png,4661533231_qdchj3060s2gxhku5jhhdufr10bn.pdf,11,pdf,2339,1654,5505a1983fe296468c46a258fcb1d51f66f25ed26b12c88106ecf0dc747d9722,0.362047,,keep,,yes
images/4661533231-qdchj3060s2gxhku5jhhdufr10bn__p012.png,4661533231_qdchj3060s2gxhku5jhhdufr10bn.pdf,12,pdf,2339,1654,2d4d2e87b8649994447290cf678ddb956843cb05aaa8a6b5ecdc065d1563f468,0.358296,,keep,,yes
images/4661533231-qdchj3060s2gxhku5jhhdufr10bn__p013.png,4661533231_qdchj3060s2gxhku5jhhdufr10bn.pdf,13,pdf,2339,1654,490c86d4f39330b01dbd90b0ac317c2f97b77c9d42660f469f926d6ff98bb0cf,0.349656,,keep,,yes
images/4661533231-qdchj3060s2gxhku5jhhdufr10bn__p014.png,4661533231_qdchj3060s2gxhku5jhhdufr10bn.pdf,14,pdf,2339,1654,a35f75b82315182e4d8515f2daebca2aed796a9c7d9d59e22d18a99db5592674,0.348798,,keep,,yes
images/4661533231-qdchj3060s2gxhku5jhhdufr10bn__p015.png,4661533231_qdchj3060s2gxhku5jhhdufr10bn.pdf,15,pdf,2339,1654,4c0b7653f57909f017a98f4968dc3cff13e04bafcddc0240982dcce8fb2c9fb5,0.304152,,keep,,yes
images/4661533231-qdchj3060s2gxhku5jhhdufr10bn__p016.png,4661533231_qdchj3060s2gxhku5jhhdufr10bn.pdf,16,pdf,2339,1654,2d46f65b73c2ad2ea455b517edb16f5088d945ee2be2fb8477bd9f1d840a5fe8,0.061756,dup_010,review,exact_duplicate,yes
images/4661533232-d5749ossgl6xyexl7rofu2fb9kus__p001.png,4661533232_d5749ossgl6xyexl7rofu2fb9kus.pdf,1,pdf,2339,1654,4df911d675425f70b97a5f531695693c0550a950643fb34768f488613fa98c73,0.349246,,keep,,yes
images/4661533232-d5749ossgl6xyexl7rofu2fb9kus__p002.png,4661533232_d5749ossgl6xyexl7rofu2fb9kus.pdf,2,pdf,2339,1654,2dc57f3fcab54633950c0725205709eaafce047f35059dc52608a9679497eb58,0.360096,,keep,,yes
images/4661533232-d5749ossgl6xyexl7rofu2fb9kus__p003.png,4661533232_d5749ossgl6xyexl7rofu2fb9kus.pdf,3,pdf,2339,1654,04af4a6b23ad06c7f030fde4e66982643cc6d8c75fa4f7d98c304afb98f24ff3,0.361458,,keep,,yes
images/4661533232-d5749ossgl6xyexl7rofu2fb9kus__p004.png,4661533232_d5749ossgl6xyexl7rofu2fb9kus.pdf,4,pdf,2339,1654,6c8cdca21c6608beaa2358f4d1f6e52b117b3ec31a5b9d4d7c85bd5cdcb141df,0.363384,,keep,,yes
images/4661533232-d5749ossgl6xyexl7rofu2fb9kus__p005.png,4661533232_d5749ossgl6xyexl7rofu2fb9kus.pdf,5,pdf,2339,1654,d92a74504999668a5a5b615900bd4b3edd0d3c91ae7e0b8430e05b94ae4b1089,0.362882,,keep,,yes
images/4661533232-d5749ossgl6xyexl7rofu2fb9kus__p006.png,4661533232_d5749ossgl6xyexl7rofu2fb9kus.pdf,6,pdf,2339,1654,58ce9673c9c0e4c3361d2c0bc8baaa8574710737266d09f7925f80f3f79b17d4,0.361191,,keep,,yes
images/4661533232-d5749ossgl6xyexl7rofu2fb9kus__p007.png,4661533232_d5749ossgl6xyexl7rofu2fb9kus.pdf,7,pdf,2339,1654,23a6c69bc6d937aee63cae10abad7053f39351614c8c5c76091563e2756514b0,0.362748,,keep,,yes
images/4661533232-d5749ossgl6xyexl7rofu2fb9kus__p008.png,4661533232_d5749ossgl6xyexl7rofu2fb9kus.pdf,8,pdf,2339,1654,c6efd3d46c0069680be38123ffb0ba7f4a07f70b87b0d675e7436df2e37eb113,0.362037,,keep,,yes
images/4661533232-d5749ossgl6xyexl7rofu2fb9kus__p009.png,4661533232_d5749ossgl6xyexl7rofu2fb9kus.pdf,9,pdf,2339,1654,fc2b1186a8051f87f4b55bc50e979bfc8e822bd9ca8c3db2e9884d606a5155db,0.361499,,keep,,yes
images/4661533232-d5749ossgl6xyexl7rofu2fb9kus__p010.png,4661533232_d5749ossgl6xyexl7rofu2fb9kus.pdf,10,pdf,2339,1654,809dcfd1230e23be0d7091e6d8a036fa39956c80d2fcebde4e4d310e3b4858bb,0.362965,,keep,,yes
images/4661533232-d5749ossgl6xyexl7rofu2fb9kus__p011.png,4661533232_d5749ossgl6xyexl7rofu2fb9kus.pdf,11,pdf,2339,1654,c646d6a8af53cb278a85bfe19180805f809bcd7eaa758b2081a40598c205daae,0.361031,,keep,,yes
images/4661533232-d5749ossgl6xyexl7rofu2fb9kus__p012.png,4661533232_d5749ossgl6xyexl7rofu2fb9kus.pdf,12,pdf,2339,1654,aee98aa8a6d107a760fd142b892344d0107d8ad88d7379d15778e4cf15e770c9,0.362725,,keep,,yes
images/4661533232-d5749ossgl6xyexl7rofu2fb9kus__p013.png,4661533232_d5749ossgl6xyexl7rofu2fb9kus.pdf,13,pdf,2339,1654,4e5e17842e9f964073b6c258c274d5308107b66e1194cad725e7220ad67581c1,0.359249,,keep,,yes
images/4661533232-d5749ossgl6xyexl7rofu2fb9kus__p014.png,4661533232_d5749ossgl6xyexl7rofu2fb9kus.pdf,14,pdf,2339,1654,d10686bdc162d9bee69aea82ca7edb3d6690b36cd482b085a3a97ee6a4ca5400,0.345108,,keep,,yes
images/4661533232-d5749ossgl6xyexl7rofu2fb9kus__p015.png,4661533232_d5749ossgl6xyexl7rofu2fb9kus.pdf,15,pdf,2339,1654,75a516ef62c9ff8a1b58fba501b48afa2f1ed65cfb80423de82da06e1b8a77f5,0.347941,,keep,,yes
images/4661533232-d5749ossgl6xyexl7rofu2fb9kus__p016.png,4661533232_d5749ossgl6xyexl7rofu2fb9kus.pdf,16,pdf,2339,1654,a62c15dd5ac54060095353255e639abd256161cbe5973187895982312f78acec,0.300071,,keep,,yes
images/4661533232-d5749ossgl6xyexl7rofu2fb9kus__p017.png,4661533232_d5749ossgl6xyexl7rofu2fb9kus.pdf,17,pdf,2339,1654,2d46f65b73c2ad2ea455b517edb16f5088d945ee2be2fb8477bd9f1d840a5fe8,0.061756,dup_010,review,exact_duplicate,yes
images/4661533234-uh8gmi955d1fmqdzmbktjwl6pf5e__p001.png,4661533234_uh8gmi955d1fmqdzmbktjwl6pf5e.pdf,1,pdf,2339,1654,bd9bb4fff1d4bff3bbf2e034838ded5982f1787adb22a9c5cb21a0327808161b,0.346211,,keep,,yes
images/4661533234-uh8gmi955d1fmqdzmbktjwl6pf5e__p002.png,4661533234_uh8gmi955d1fmqdzmbktjwl6pf5e.pdf,2,pdf,2339,1654,2f91ab769b68a3e98b433b45e244a893418bf008876081a7de4307d986aa73c7,0.360309,,keep,,yes
images/4661533234-uh8gmi955d1fmqdzmbktjwl6pf5e__p003.png,4661533234_uh8gmi955d1fmqdzmbktjwl6pf5e.pdf,3,pdf,2339,1654,e4584c72cc7c45ad83baa84d64ef8316503c1e9b3e63f498ea4ad52a464971b2,0.358955,,keep,,yes
images/4661533234-uh8gmi955d1fmqdzmbktjwl6pf5e__p004.png,4661533234_uh8gmi955d1fmqdzmbktjwl6pf5e.pdf,4,pdf,2339,1654,b071a431536488047c1ccbec9cd31381bc05e9b50918b16e2809d0a12f85ee5b,0.362394,,keep,,yes
images/4661533234-uh8gmi955d1fmqdzmbktjwl6pf5e__p005.png,4661533234_uh8gmi955d1fmqdzmbktjwl6pf5e.pdf,5,pdf,2339,1654,61871059e0cfe5704c6a1e3cc6351e34122cff2d49a2dffa80160582b9f473ab,0.362824,,keep,,yes
images/4661533234-uh8gmi955d1fmqdzmbktjwl6pf5e__p006.png,4661533234_uh8gmi955d1fmqdzmbktjwl6pf5e.pdf,6,pdf,2339,1654,b77dfba377cc8f236aaaf7ecd9666f971b3ad4628de83c509422be6a19830215,0.362477,,keep,,yes
images/4661533234-uh8gmi955d1fmqdzmbktjwl6pf5e__p007.png,4661533234_uh8gmi955d1fmqdzmbktjwl6pf5e.pdf,7,pdf,2339,1654,4c03f9236d76b498c437097629b5b6f54d0ad4fa0b781830d569e21dfe5c6946,0.361677,,keep,,yes
images/4661533234-uh8gmi955d1fmqdzmbktjwl6pf5e__p008.png,4661533234_uh8gmi955d1fmqdzmbktjwl6pf5e.pdf,8,pdf,2339,1654,14d4e64e9a31919065cf6e604b4c3803c4a3a7f800d75b163ff52ac773d8fb74,0.362233,,keep,,yes
images/4661533234-uh8gmi955d1fmqdzmbktjwl6pf5e__p009.png,4661533234_uh8gmi955d1fmqdzmbktjwl6pf5e.pdf,9,pdf,2339,1654,fd065c7ace17cdb25f8438c04cbfa97072ba788ce389da37a62b43bda8ee5c91,0.361303,,keep,,yes
images/4661533234-uh8gmi955d1fmqdzmbktjwl6pf5e__p010.png,4661533234_uh8gmi955d1fmqdzmbktjwl6pf5e.pdf,10,pdf,2339,1654,b40a0d897aecfc6ff1b5349887478ec2904fa0c344ad5bef3c97bde07dd0e4a9,0.362899,,keep,,yes
images/4661533234-uh8gmi955d1fmqdzmbktjwl6pf5e__p011.png,4661533234_uh8gmi955d1fmqdzmbktjwl6pf5e.pdf,11,pdf,2339,1654,45e805de824c02884194791acc3437995750ccf846376e7abf87afef05331908,0.362068,,keep,,yes
images/4661533234-uh8gmi955d1fmqdzmbktjwl6pf5e__p012.png,4661533234_uh8gmi955d1fmqdzmbktjwl6pf5e.pdf,12,pdf,2339,1654,dbdcf2b303fde8994212d829fda48e3bce33f8b844500777e1f563c3ce2d3d2a,0.361293,,keep,,yes
images/4661533234-uh8gmi955d1fmqdzmbktjwl6pf5e__p013.png,4661533234_uh8gmi955d1fmqdzmbktjwl6pf5e.pdf,13,pdf,2339,1654,5fc99598e7a6a506f175b38318478aebd2f1621f778f3ea7ca31538410499fb0,0.359968,,keep,,yes
images/4661533234-uh8gmi955d1fmqdzmbktjwl6pf5e__p014.png,4661533234_uh8gmi955d1fmqdzmbktjwl6pf5e.pdf,14,pdf,2339,1654,e64695e320b22d72aa6a2d719a339365d191d39f7b426c1165a48191b61a7cb5,0.344163,,keep,,yes
images/4661533234-uh8gmi955d1fmqdzmbktjwl6pf5e__p015.png,4661533234_uh8gmi955d1fmqdzmbktjwl6pf5e.pdf,15,pdf,2339,1654,55b958d9a42b2e74ebfc98cf8903a363ed906c82d5c04ebfecc58e996fd94b14,0.347651,,keep,,yes
images/4661533234-uh8gmi955d1fmqdzmbktjwl6pf5e__p016.png,4661533234_uh8gmi955d1fmqdzmbktjwl6pf5e.pdf,16,pdf,2339,1654,ff80745b44040e6012d64f59a2058e9224f6add7a1913db4200a2e5cc47e63c3,0.300024,,keep,,yes
images/4661533234-uh8gmi955d1fmqdzmbktjwl6pf5e__p017.png,4661533234_uh8gmi955d1fmqdzmbktjwl6pf5e.pdf,17,pdf,2339,1654,2d46f65b73c2ad2ea455b517edb16f5088d945ee2be2fb8477bd9f1d840a5fe8,0.061756,dup_010,review,exact_duplicate,yes
images/4661533235-coa3gv6prr5bdmrw0twvi7jpgs36__p001.png,4661533235_coa3gv6prr5bdmrw0twvi7jpgs36.pdf,1,pdf,2339,1654,30a199e068f7249dc649575bde431742963c1c9ccb1d35997aeaae4eab102943,0.343423,,keep,,yes
images/4661533235-coa3gv6prr5bdmrw0twvi7jpgs36__p002.png,4661533235_coa3gv6prr5bdmrw0twvi7jpgs36.pdf,2,pdf,2339,1654,a5a7ad461506b7af847b1a2759d755487a643c335480c7d4db457807f9bb8e1e,0.359732,,keep,,yes
images/4661533235-coa3gv6prr5bdmrw0twvi7jpgs36__p003.png,4661533235_coa3gv6prr5bdmrw0twvi7jpgs36.pdf,3,pdf,2339,1654,01ef22efef9ed60a212d7bcb4b88ea86b6f38f16ac93a51877303daf147ff244,0.360072,,keep,,yes
images/4661533235-coa3gv6prr5bdmrw0twvi7jpgs36__p004.png,4661533235_coa3gv6prr5bdmrw0twvi7jpgs36.pdf,4,pdf,2339,1654,3541f8ec20f040706ee51d888c74aefd5acdf213829f0e41627ae341420cd40a,0.363224,,keep,,yes
images/4661533235-coa3gv6prr5bdmrw0twvi7jpgs36__p005.png,4661533235_coa3gv6prr5bdmrw0twvi7jpgs36.pdf,5,pdf,2339,1654,03f5299da04d72e86d5edacb685d9113ac75a35a60c748eb1065ff3f94111dfe,0.363226,,keep,,yes
images/4661533235-coa3gv6prr5bdmrw0twvi7jpgs36__p006.png,4661533235_coa3gv6prr5bdmrw0twvi7jpgs36.pdf,6,pdf,2339,1654,09ca8baaa729045e21cff7a0e7c10f6046afbc9e34c6c4988aac103e0d6131e7,0.362888,,keep,,yes
images/4661533235-coa3gv6prr5bdmrw0twvi7jpgs36__p007.png,4661533235_coa3gv6prr5bdmrw0twvi7jpgs36.pdf,7,pdf,2339,1654,a15929b547d3353c57f36682a32c515af337b356ce800a5f2b4ecbceab33e3e4,0.361752,,keep,,yes
images/4661533235-coa3gv6prr5bdmrw0twvi7jpgs36__p008.png,4661533235_coa3gv6prr5bdmrw0twvi7jpgs36.pdf,8,pdf,2339,1654,9fceca89c32c28b2813bb1f0a8e7db84c60341b62dceaa0ab253020fe07be9fb,0.362036,,keep,,yes
images/4661533235-coa3gv6prr5bdmrw0twvi7jpgs36__p009.png,4661533235_coa3gv6prr5bdmrw0twvi7jpgs36.pdf,9,pdf,2339,1654,621f7fb0d328754b309adcba3709729c7c92c5e93757221995ba5abd7f78b774,0.361196,,keep,,yes
images/4661533235-coa3gv6prr5bdmrw0twvi7jpgs36__p010.png,4661533235_coa3gv6prr5bdmrw0twvi7jpgs36.pdf,10,pdf,2339,1654,6588d9166fd20683c29291f56a349d0086b2b2de8199b2b8d81a6eea4b12c84f,0.361312,,keep,,yes
images/4661533235-coa3gv6prr5bdmrw0twvi7jpgs36__p011.png,4661533235_coa3gv6prr5bdmrw0twvi7jpgs36.pdf,11,pdf,2339,1654,d5d3b8e4b79e1403a0d423435ea7030fee8788ec47e7ddbe92494b8308cbcfdc,0.362091,,keep,,yes
images/4661533235-coa3gv6prr5bdmrw0twvi7jpgs36__p012.png,4661533235_coa3gv6prr5bdmrw0twvi7jpgs36.pdf,12,pdf,2339,1654,5f950cff1645e3c5c8a8ecc2fbf21dda01976b6ec87857311f969fb9369010e7,0.362604,,keep,,yes
images/4661533235-coa3gv6prr5bdmrw0twvi7jpgs36__p013.png,4661533235_coa3gv6prr5bdmrw0twvi7jpgs36.pdf,13,pdf,2339,1654,fbabf43fa8d7cabca203568a94a95bdd4e5851c9bf8fac3ac3df4d5ff23c31e8,0.359801,,keep,,yes
images/4661533235-coa3gv6prr5bdmrw0twvi7jpgs36__p014.png,4661533235_coa3gv6prr5bdmrw0twvi7jpgs36.pdf,14,pdf,2339,1654,bbf89bd484ac888726eeb4e58c662b7183e4b277225a2d1584021a43d8eead65,0.345285,,keep,,yes
images/4661533235-coa3gv6prr5bdmrw0twvi7jpgs36__p015.png,4661533235_coa3gv6prr5bdmrw0twvi7jpgs36.pdf,15,pdf,2339,1654,bc53caabb911203b0f26ee6cbfa18c719909857ddfbc0db865667dab8d851e73,0.347493,,keep,,yes
images/4661533235-coa3gv6prr5bdmrw0twvi7jpgs36__p016.png,4661533235_coa3gv6prr5bdmrw0twvi7jpgs36.pdf,16,pdf,2339,1654,c907ce3f5fe4cebf68ba4b829bcb349b22ad2ad8ffb198af1127a9c87befd018,0.302077,,keep,,yes
images/4661533235-coa3gv6prr5bdmrw0twvi7jpgs36__p017.png,4661533235_coa3gv6prr5bdmrw0twvi7jpgs36.pdf,17,pdf,2339,1654,2d46f65b73c2ad2ea455b517edb16f5088d945ee2be2fb8477bd9f1d840a5fe8,0.061756,dup_010,review,exact_duplicate,yes
images/4661533236-s0e208jt56jzzu9pvpl9evikdf5a__p001.png,4661533236_s0e208jt56jzzu9pvpl9evikdf5a.pdf,1,pdf,2339,1654,b07a1ebcd591b9b9a86d425f34a487534f84ac58c4cf0523b3d4e1d925356983,0.348914,,keep,,yes
images/4661533236-s0e208jt56jzzu9pvpl9evikdf5a__p002.png,4661533236_s0e208jt56jzzu9pvpl9evikdf5a.pdf,2,pdf,2339,1654,41012bba0b31b248f3fd1c72e1de9e7196280a097523ad6f64fdb4b8629d0bf7,0.358643,,keep,,yes
images/4661533236-s0e208jt56jzzu9pvpl9evikdf5a__p003.png,4661533236_s0e208jt56jzzu9pvpl9evikdf5a.pdf,3,pdf,2339,1654,744f920e7619baf0d932446baf994904f3fa4f2785624a51144cad91cd9daf39,0.360509,,keep,,yes
images/4661533236-s0e208jt56jzzu9pvpl9evikdf5a__p004.png,4661533236_s0e208jt56jzzu9pvpl9evikdf5a.pdf,4,pdf,2339,1654,59181155505f52aef59b02d41811b693c93700161e5f3081627b6925c47fbe30,0.362895,,keep,,yes
images/4661533236-s0e208jt56jzzu9pvpl9evikdf5a__p005.png,4661533236_s0e208jt56jzzu9pvpl9evikdf5a.pdf,5,pdf,2339,1654,462c066630b71b941d0bce57ced9a026b4b18660cf59b0be288ed9afb1fc3c58,0.363069,,keep,,yes
images/4661533236-s0e208jt56jzzu9pvpl9evikdf5a__p006.png,4661533236_s0e208jt56jzzu9pvpl9evikdf5a.pdf,6,pdf,2339,1654,ffa680a237238dde11dd9a4376efe24479050055c52bcf5df2fc2719ceaff779,0.361935,,keep,,yes
images/4661533236-s0e208jt56jzzu9pvpl9evikdf5a__p007.png,4661533236_s0e208jt56jzzu9pvpl9evikdf5a.pdf,7,pdf,2339,1654,c13af454ad13b67f73d30b37e856f10356627dae4d3fbea968be5b0b2e06d777,0.361162,,keep,,yes
images/4661533236-s0e208jt56jzzu9pvpl9evikdf5a__p008.png,4661533236_s0e208jt56jzzu9pvpl9evikdf5a.pdf,8,pdf,2339,1654,e5d1c9eb678450c690260dcb57614c1087b1eaa8c613374035467fea9b0ac9cd,0.362933,,keep,,yes
images/4661533236-s0e208jt56jzzu9pvpl9evikdf5a__p009.png,4661533236_s0e208jt56jzzu9pvpl9evikdf5a.pdf,9,pdf,2339,1654,605c870ebbc2b5c149e7f2148d1bcf5b30a9b30b17a5c45403f25baaa96064a2,0.362018,,keep,,yes
images/4661533236-s0e208jt56jzzu9pvpl9evikdf5a__p010.png,4661533236_s0e208jt56jzzu9pvpl9evikdf5a.pdf,10,pdf,2339,1654,0d4c405cf4d9c37e792f8a3ec465b515e0ded4939674ac7e753db2c36c3f9124,0.361613,,keep,,yes
images/4661533236-s0e208jt56jzzu9pvpl9evikdf5a__p011.png,4661533236_s0e208jt56jzzu9pvpl9evikdf5a.pdf,11,pdf,2339,1654,b8904fb9851b6c1de5b8ec17efb5fa498a110c4a88ad8f4eec036e457a607d34,0.361977,,keep,,yes
images/4661533236-s0e208jt56jzzu9pvpl9evikdf5a__p012.png,4661533236_s0e208jt56jzzu9pvpl9evikdf5a.pdf,12,pdf,2339,1654,f30e29649a392c7711f0aa2134a2317b5f213fdaedec25457153d7c1963f9739,0.362508,,keep,,yes
images/4661533236-s0e208jt56jzzu9pvpl9evikdf5a__p013.png,4661533236_s0e208jt56jzzu9pvpl9evikdf5a.pdf,13,pdf,2339,1654,5759e6f412b0940b391625ee5d95e630c017e9d341de1dcd645027f8b12f13bd,0.349114,,keep,,yes
images/4661533236-s0e208jt56jzzu9pvpl9evikdf5a__p014.png,4661533236_s0e208jt56jzzu9pvpl9evikdf5a.pdf,14,pdf,2339,1654,3e8a9cec9b6f2828e2f98d55de9cc974f0676dde20865b0100498eeeb7ec98b0,0.350685,,keep,,yes
images/4661533236-s0e208jt56jzzu9pvpl9evikdf5a__p015.png,4661533236_s0e208jt56jzzu9pvpl9evikdf5a.pdf,15,pdf,2339,1654,f0c54faa820679ac341e84332c7f7dea3e45fdb956bf39cf59f32d8586befbdd,0.304794,,keep,,yes
images/4661533236-s0e208jt56jzzu9pvpl9evikdf5a__p016.png,4661533236_s0e208jt56jzzu9pvpl9evikdf5a.pdf,16,pdf,2339,1654,2d46f65b73c2ad2ea455b517edb16f5088d945ee2be2fb8477bd9f1d840a5fe8,0.061756,dup_010,review,exact_duplicate,yes
images/4661533238-xuvg6ntmgxu786uh5vae3dbw61jh__p001.png,4661533238_xuvg6ntmgxu786uh5vae3dbw61jh.pdf,1,pdf,2339,1654,2b40f91d08a9493b14f55765ddbbb8ba4cbef52d38cf1c7060970262b44bb80f,0.348318,,keep,,yes
images/4661533238-xuvg6ntmgxu786uh5vae3dbw61jh__p002.png,4661533238_xuvg6ntmgxu786uh5vae3dbw61jh.pdf,2,pdf,2339,1654,47c29bde761473896ce05b920c0eea28508ccf76727de70afe8e430d186443c9,0.360093,,keep,,yes
images/4661533238-xuvg6ntmgxu786uh5vae3dbw61jh__p003.png,4661533238_xuvg6ntmgxu786uh5vae3dbw61jh.pdf,3,pdf,2339,1654,0d48e0b233cc6a609a5b5c0de4791e39d9385012a5a46ee3061fe92080f76f4b,0.361394,,keep,,yes
images/4661533238-xuvg6ntmgxu786uh5vae3dbw61jh__p004.png,4661533238_xuvg6ntmgxu786uh5vae3dbw61jh.pdf,4,pdf,2339,1654,b21520c4f1b5fbb31f60302937c36a62ecd605df77797be08600e533e6b76fde,0.362555,,keep,,yes
images/4661533238-xuvg6ntmgxu786uh5vae3dbw61jh__p005.png,4661533238_xuvg6ntmgxu786uh5vae3dbw61jh.pdf,5,pdf,2339,1654,2f4685acb25d400f67b8c36346386652c773cc858964c2fa070e8e750144c250,0.362438,,keep,,yes
images/4661533238-xuvg6ntmgxu786uh5vae3dbw61jh__p006.png,4661533238_xuvg6ntmgxu786uh5vae3dbw61jh.pdf,6,pdf,2339,1654,7b44d5941fc31cb2dfcd3c51e7c3ee88ee597a6476d84aee0cd8ea99eb952b1b,0.361003,,keep,,yes
images/4661533238-xuvg6ntmgxu786uh5vae3dbw61jh__p007.png,4661533238_xuvg6ntmgxu786uh5vae3dbw61jh.pdf,7,pdf,2339,1654,165814ea6d7eaba73f278ce132f6fcb3753145b04a1cf1ececa422b9c26fdda0,0.360959,,keep,,yes
images/4661533238-xuvg6ntmgxu786uh5vae3dbw61jh__p008.png,4661533238_xuvg6ntmgxu786uh5vae3dbw61jh.pdf,8,pdf,2339,1654,0e4fbbfdf0dcbcc8c5b638b8e31cecf50d08ac2e8f30156a3a029d2ebb854f0b,0.362741,,keep,,yes
images/4661533238-xuvg6ntmgxu786uh5vae3dbw61jh__p009.png,4661533238_xuvg6ntmgxu786uh5vae3dbw61jh.pdf,9,pdf,2339,1654,0852dfb3ee6094f85ac065e3400fc3469ec2e88263bb0415f1625c448a59492d,0.362371,,keep,,yes
images/4661533238-xuvg6ntmgxu786uh5vae3dbw61jh__p010.png,4661533238_xuvg6ntmgxu786uh5vae3dbw61jh.pdf,10,pdf,2339,1654,e8841ac19142dc26ba3ffc0e4c9386f22b6996aa7988eb5c249f9c5b36d77990,0.362802,,keep,,yes
images/4661533238-xuvg6ntmgxu786uh5vae3dbw61jh__p011.png,4661533238_xuvg6ntmgxu786uh5vae3dbw61jh.pdf,11,pdf,2339,1654,4830c4cc24c70fa4d787cce38a3711a8e77c8ae514ea7945bf7fbe4c9c60655c,0.361422,,keep,,yes
images/4661533238-xuvg6ntmgxu786uh5vae3dbw61jh__p012.png,4661533238_xuvg6ntmgxu786uh5vae3dbw61jh.pdf,12,pdf,2339,1654,e86d63bd91e101af65a1e15f6b609d72107c38ee8a78b1977cd9a02e322f9e66,0.362505,,keep,,yes
images/4661533238-xuvg6ntmgxu786uh5vae3dbw61jh__p013.png,4661533238_xuvg6ntmgxu786uh5vae3dbw61jh.pdf,13,pdf,2339,1654,10ec253f96e05318b4017f21da07f38173bbc98c4eef905ebdae96aed84acfd0,0.360241,,keep,,yes
images/4661533238-xuvg6ntmgxu786uh5vae3dbw61jh__p014.png,4661533238_xuvg6ntmgxu786uh5vae3dbw61jh.pdf,14,pdf,2339,1654,ddf2b0df77990028a6ea7267292fbf1e6cea798cacc65b9db34ab3dd686da59e,0.344286,,keep,,yes
images/4661533238-xuvg6ntmgxu786uh5vae3dbw61jh__p015.png,4661533238_xuvg6ntmgxu786uh5vae3dbw61jh.pdf,15,pdf,2339,1654,4a5037ad9e543fb880b44e27206f7848cb52211db0127b528ce4217eb43b66a1,0.347952,,keep,,yes
images/4661533238-xuvg6ntmgxu786uh5vae3dbw61jh__p016.png,4661533238_xuvg6ntmgxu786uh5vae3dbw61jh.pdf,16,pdf,2339,1654,bcf78d4d72f15fba7732a019be7023be284e075d89bd801915de1ee8fefbdd19,0.300078,,keep,,yes
images/4661533238-xuvg6ntmgxu786uh5vae3dbw61jh__p017.png,4661533238_xuvg6ntmgxu786uh5vae3dbw61jh.pdf,17,pdf,2339,1654,2d46f65b73c2ad2ea455b517edb16f5088d945ee2be2fb8477bd9f1d840a5fe8,0.061756,dup_010,review,exact_duplicate,yes
images/4661533243-v0kzbjz19x10bxcezvanwhipezn5__p001.png,4661533243_v0kzbjz19x10bxcezvanwhipezn5.pdf,1,pdf,1654,2339,9cc3381837058827c0ca9674885bb21b22e3b5bd8e81f5883f026ca0e69a7895,0.357909,,keep,,yes
images/4661533243-v0kzbjz19x10bxcezvanwhipezn5__p002.png,4661533243_v0kzbjz19x10bxcezvanwhipezn5.pdf,2,pdf,1654,2339,6e91dba3d93d43593931269f73b30a60173e5f871198c232db1240271064ec0b,0.331605,,keep,,yes
images/4661533243-v0kzbjz19x10bxcezvanwhipezn5__p003.png,4661533243_v0kzbjz19x10bxcezvanwhipezn5.pdf,3,pdf,1654,2339,2c4abd636bb6cf27d9ae1be8dc5784015aa021aba156f915a01a5e6783449425,0.248978,,keep,,yes
images/4661533243-v0kzbjz19x10bxcezvanwhipezn5__p004.png,4661533243_v0kzbjz19x10bxcezvanwhipezn5.pdf,4,pdf,1654,2339,cb9ac36e362b358686a84f81569c7af9af420accdbe0bbbc5bef886721a64a73,0.061714,dup_009,review,exact_duplicate,yes
images/4661533244-qlk6xhr8sa0dpd60pqt3l6lg0esu__p001.png,4661533244_qlk6xhr8sa0dpd60pqt3l6lg0esu.pdf,1,pdf,1654,2339,6bfbd99649f765ef9f9a2e9d58f16ee2596f767e62b24d5136ee9978325cb3b9,0.101998,,keep,,yes
images/4667953526-cw9dbro5ys079vntpcu4o5hd3g6u__p001.png,4667953526_cw9dbro5ys079vntpcu4o5hd3g6u.pdf,1,pdf,1656,2342,2d16203d7cd8a7ab5fa6e7c1306d3517ac1689db2598894e6a193cf86967ee50,0.562257,,keep,,yes
images/4667953526-cw9dbro5ys079vntpcu4o5hd3g6u__p002.png,4667953526_cw9dbro5ys079vntpcu4o5hd3g6u.pdf,2,pdf,1656,2342,252174d5cc90367ea3a45d3ccf37fa0dd62e89d4261109379d6f07ff01658093,0.319695,,keep,,yes
images/4667953526-cw9dbro5ys079vntpcu4o5hd3g6u__p003.png,4667953526_cw9dbro5ys079vntpcu4o5hd3g6u.pdf,3,pdf,1656,2342,41e8c7938089741cb338b53228e824ba5b33e12d376ef702483d507b3a60314e,0.301320,,keep,,yes
images/4667953526-cw9dbro5ys079vntpcu4o5hd3g6u__p004.png,4667953526_cw9dbro5ys079vntpcu4o5hd3g6u.pdf,4,pdf,1656,2342,a1a82946def65c168859ab5f08e0ae1e49db9739d003e6cd6d9b2ace55860d00,0.109960,,keep,,yes
images/4667953526-cw9dbro5ys079vntpcu4o5hd3g6u__p005.png,4667953526_cw9dbro5ys079vntpcu4o5hd3g6u.pdf,5,pdf,1656,2342,93f134bb92347a0360d00f4283409a87cbf88e0f40b1ea74a70c9950cf596a08,0.178024,,keep,,yes
images/4693979771-9wje3u70r9nq3dyoxk43e7vn0uo1__p001.png,4693979771_9wje3u70r9nq3dyoxk43e7vn0uo1.pdf,1,pdf,1654,2339,a1ec8173ba327a788a52bbb4c082e10876eaaec1b27e35112b99495e27a0c299,0.355696,,keep,,yes
images/4693979771-9wje3u70r9nq3dyoxk43e7vn0uo1__p002.png,4693979771_9wje3u70r9nq3dyoxk43e7vn0uo1.pdf,2,pdf,1654,2339,404431210d0d8dc3eb08fe88f068d77463ac4848be69d56232fc619ad75075af,0.355976,,keep,,yes
images/4693979771-9wje3u70r9nq3dyoxk43e7vn0uo1__p003.png,4693979771_9wje3u70r9nq3dyoxk43e7vn0uo1.pdf,3,pdf,1654,2339,827cf9f8cfc84582b4c3b5b085e91b2f0e63ed91b6199dc0c05ac8ff23b4d96f,0.355491,,keep,,yes
images/4693979771-9wje3u70r9nq3dyoxk43e7vn0uo1__p004.png,4693979771_9wje3u70r9nq3dyoxk43e7vn0uo1.pdf,4,pdf,1654,2339,c5347b75cabe7f2a73213a9e8327c99c048b13f9c1117fb9209c3cfe372014b1,0.355966,,keep,,yes
images/4693979771-9wje3u70r9nq3dyoxk43e7vn0uo1__p005.png,4693979771_9wje3u70r9nq3dyoxk43e7vn0uo1.pdf,5,pdf,1654,2339,3d1a8444c28bc9734ef01b424d8d843efb16f349b7d27862fc86c6d3967dd210,0.351880,,keep,,yes
images/4693979771-9wje3u70r9nq3dyoxk43e7vn0uo1__p006.png,4693979771_9wje3u70r9nq3dyoxk43e7vn0uo1.pdf,6,pdf,1654,2339,3bdccda3f6b157f9391fb0647e3ff95052c1d4107f5aff46f744ebb072dc02e9,0.319094,,keep,,yes
images/4693979771-9wje3u70r9nq3dyoxk43e7vn0uo1__p007.png,4693979771_9wje3u70r9nq3dyoxk43e7vn0uo1.pdf,7,pdf,1654,2339,e084c79524457b42cdf125564a034754953522d06d189a2c4df873613a9fd480,0.248961,,keep,,yes
images/4693979771-9wje3u70r9nq3dyoxk43e7vn0uo1__p008.png,4693979771_9wje3u70r9nq3dyoxk43e7vn0uo1.pdf,8,pdf,1654,2339,cb9ac36e362b358686a84f81569c7af9af420accdbe0bbbc5bef886721a64a73,0.061714,dup_009,review,exact_duplicate,yes
images/4693979773-7qv2n1lvvg8xet393762rmidg9e8__p001.png,4693979773_7qv2n1lvvg8xet393762rmidg9e8.pdf,1,pdf,2339,1654,463dead7cf4028d98e5ee1847a3e6f64178fddba2d9c39c3b83d9d0cb2d00021,0.343860,,keep,,yes
images/4693979773-7qv2n1lvvg8xet393762rmidg9e8__p002.png,4693979773_7qv2n1lvvg8xet393762rmidg9e8.pdf,2,pdf,2339,1654,d3d1b47f1f989c425ae73e67f3b0e003ddd06649b17691fdca2bb8b14bdbfefa,0.360288,,keep,,yes
images/4693979773-7qv2n1lvvg8xet393762rmidg9e8__p003.png,4693979773_7qv2n1lvvg8xet393762rmidg9e8.pdf,3,pdf,2339,1654,99d113b2df313ecef5f12ad9e833804b2d7a53dbc7e39a5454ca586756267e7b,0.359344,,keep,,yes
images/4693979773-7qv2n1lvvg8xet393762rmidg9e8__p004.png,4693979773_7qv2n1lvvg8xet393762rmidg9e8.pdf,4,pdf,2339,1654,1946c6832f430293d5e36d9e1e80a1cdcd99be3ee87c8f8f6acd6853ced18fe3,0.363627,,keep,,yes
images/4693979773-7qv2n1lvvg8xet393762rmidg9e8__p005.png,4693979773_7qv2n1lvvg8xet393762rmidg9e8.pdf,5,pdf,2339,1654,b735d0310e0d474798a70355d8aea5ff80b01e44ef4cbe1c5482d8aebac2ec8d,0.362845,,keep,,yes
images/4693979773-7qv2n1lvvg8xet393762rmidg9e8__p006.png,4693979773_7qv2n1lvvg8xet393762rmidg9e8.pdf,6,pdf,2339,1654,10f16132cd777606345e895525539f0a6e9996a2b06c55468edba65dc9e17e28,0.360889,,keep,,yes
images/4693979773-7qv2n1lvvg8xet393762rmidg9e8__p007.png,4693979773_7qv2n1lvvg8xet393762rmidg9e8.pdf,7,pdf,2339,1654,f282f94acb2b720a3001ec6ad9cf89272f7cffab2ce946581f80d81f011cafc5,0.362985,,keep,,yes
images/4693979773-7qv2n1lvvg8xet393762rmidg9e8__p008.png,4693979773_7qv2n1lvvg8xet393762rmidg9e8.pdf,8,pdf,2339,1654,9c534182e25b9483b9d3ed32f83220ce0545d7feb77ddbc144dedc7064c503f3,0.361991,,keep,,yes
images/4693979773-7qv2n1lvvg8xet393762rmidg9e8__p009.png,4693979773_7qv2n1lvvg8xet393762rmidg9e8.pdf,9,pdf,2339,1654,ae6c2a73b1d0677b144625e8f7fd7998124a749bbdfcbddfd32f5a5a38c405f6,0.361914,,keep,,yes
images/4693979773-7qv2n1lvvg8xet393762rmidg9e8__p010.png,4693979773_7qv2n1lvvg8xet393762rmidg9e8.pdf,10,pdf,2339,1654,a975a9e4fc44385d4f18b07593437cbcddcc94fd266d02e1d41fcc61137a298a,0.363033,,keep,,yes
images/4693979773-7qv2n1lvvg8xet393762rmidg9e8__p011.png,4693979773_7qv2n1lvvg8xet393762rmidg9e8.pdf,11,pdf,2339,1654,449f2273b5703352a24a7f1192d455be5899a9ea57d925b86dad22ad57f1378e,0.361661,,keep,,yes
images/4693979773-7qv2n1lvvg8xet393762rmidg9e8__p012.png,4693979773_7qv2n1lvvg8xet393762rmidg9e8.pdf,12,pdf,2339,1654,97e0ad64a56642cecb397530cccf61c2799a4a2d3aa2a092f1e92dba445da393,0.362846,,keep,,yes
images/4693979773-7qv2n1lvvg8xet393762rmidg9e8__p013.png,4693979773_7qv2n1lvvg8xet393762rmidg9e8.pdf,13,pdf,2339,1654,1929067d6e23a7608a40592356e8ab7cda71948bd052dd434bb0fd2f5b03fb3b,0.344082,,keep,,yes
images/4693979773-7qv2n1lvvg8xet393762rmidg9e8__p014.png,4693979773_7qv2n1lvvg8xet393762rmidg9e8.pdf,14,pdf,2339,1654,5d8120ab46d42a710c6da3662a30425650166be81ead8f21258c050e75af720a,0.347954,,keep,,yes
images/4693979773-7qv2n1lvvg8xet393762rmidg9e8__p015.png,4693979773_7qv2n1lvvg8xet393762rmidg9e8.pdf,15,pdf,2339,1654,6597f5e8f32f0ad62fe41a13d5c98cd5751297de3becf91a03cb9bf2ccf2a81a,0.300092,,keep,,yes
images/4693979773-7qv2n1lvvg8xet393762rmidg9e8__p016.png,4693979773_7qv2n1lvvg8xet393762rmidg9e8.pdf,16,pdf,2339,1654,2d46f65b73c2ad2ea455b517edb16f5088d945ee2be2fb8477bd9f1d840a5fe8,0.061756,dup_010,review,exact_duplicate,yes
images/4693979774-xg152sly76lisqds9euwdvj4se6s__p001.png,4693979774_xg152sly76lisqds9euwdvj4se6s.pdf,1,pdf,1654,2339,da3369652526c37b7b57ae7b391084c830c3cbfa0cd14a4942047ddc660ae9ab,0.357307,,keep,,yes
images/4693979774-xg152sly76lisqds9euwdvj4se6s__p002.png,4693979774_xg152sly76lisqds9euwdvj4se6s.pdf,2,pdf,1654,2339,a79411394f3b058abc56e18f0ddf93d590bae6c642b6d1438d381fee70ef03cc,0.331879,,keep,,yes
images/4693979774-xg152sly76lisqds9euwdvj4se6s__p003.png,4693979774_xg152sly76lisqds9euwdvj4se6s.pdf,3,pdf,1654,2339,dc30f585cd0548849d9f0d3eaaa8fe654657227af7fa679e97995aef0d43cff6,0.248901,,keep,,yes
images/4693979774-xg152sly76lisqds9euwdvj4se6s__p004.png,4693979774_xg152sly76lisqds9euwdvj4se6s.pdf,4,pdf,1654,2339,cb9ac36e362b358686a84f81569c7af9af420accdbe0bbbc5bef886721a64a73,0.061714,dup_009,review,exact_duplicate,yes
images/4747777904-4u9dwq4gt49tevpjkgopnzh2tm2c__p001.png,4747777904_4u9dwq4gt49tevpjkgopnzh2tm2c.pdf,1,pdf,1654,2339,49132491d7363f212c38e8d508550ce9c007415edfb0d1c47393f012379929e9,0.063800,,keep,,yes
images/4748021971-jvc5i3ictzjo03i00p56kvr6gu7v__p001.png,4748021971_jvc5i3ictzjo03i00p56kvr6gu7v.pdf,1,pdf,1653,2339,8b2332539b73240d2fdd1e24f50450bd0135e12f9b40e423a6f19320877f856c,0.061277,,keep,,yes
images/4748021971-jvc5i3ictzjo03i00p56kvr6gu7v__p002.png,4748021971_jvc5i3ictzjo03i00p56kvr6gu7v.pdf,2,pdf,1653,2339,7a40116a9aa89feaf0798bf854a4f01a22f6606a9ef37fc9ed15a4cf26c6fd2d,0.079285,,keep,,yes
images/4748021971-jvc5i3ictzjo03i00p56kvr6gu7v__p003.png,4748021971_jvc5i3ictzjo03i00p56kvr6gu7v.pdf,3,pdf,1653,2339,d50810854206a6a00cbc6b18f32f16cd186cd095d49a9ea809432d70fa40d1b2,0.047074,,keep,,yes
images/4748021971-jvc5i3ictzjo03i00p56kvr6gu7v__p004.png,4748021971_jvc5i3ictzjo03i00p56kvr6gu7v.pdf,4,pdf,1653,2339,055a1733448d277d2ab5242520ace5d852d2caa61d89565a34c2eeff745870bf,0.046768,,keep,,yes
images/4748021971-jvc5i3ictzjo03i00p56kvr6gu7v__p005.png,4748021971_jvc5i3ictzjo03i00p56kvr6gu7v.pdf,5,pdf,1653,2339,7d3aab018a1dcf7723665971e359b84dd4df02e743f06a5e4f4566bfd12e2e88,0.047974,,keep,,yes
images/4748021971-jvc5i3ictzjo03i00p56kvr6gu7v__p006.png,4748021971_jvc5i3ictzjo03i00p56kvr6gu7v.pdf,6,pdf,1653,2339,17ad1de4aeb633eba22d0bd1019858e88272278a7121ffbdba00b5b768c5eaa6,0.046793,,keep,,yes
images/4748021971-jvc5i3ictzjo03i00p56kvr6gu7v__p007.png,4748021971_jvc5i3ictzjo03i00p56kvr6gu7v.pdf,7,pdf,1653,2339,d731ed445b9dc6ecd85bf8d5711fe222c199fa55da1c92c66af094dc6d49d919,0.046382,,keep,,yes
images/4748021971-jvc5i3ictzjo03i00p56kvr6gu7v__p008.png,4748021971_jvc5i3ictzjo03i00p56kvr6gu7v.pdf,8,pdf,1653,2339,55e0cbae39fd1e027ed9130e49a8ff307cb01157eef8808ec046fc6f57414d85,0.047295,,keep,,yes
images/4748021971-jvc5i3ictzjo03i00p56kvr6gu7v__p009.png,4748021971_jvc5i3ictzjo03i00p56kvr6gu7v.pdf,9,pdf,1653,2339,b3bc7b1c124a8b2ad664fee6b8732355ea9fdf23c0346d7a377ffb654dbeb3de,0.046488,,keep,,yes
images/4748021971-jvc5i3ictzjo03i00p56kvr6gu7v__p010.png,4748021971_jvc5i3ictzjo03i00p56kvr6gu7v.pdf,10,pdf,1653,2339,4156bbabc260029e4260856c1d2ce31bba0e049fa4dd314eb68f0306228db08e,0.010480,,keep,,yes
images/4748021973-1vkdqw6hcuy7f5c7xw5lvqkbgxk9__p001.png,4748021973_1vkdqw6hcuy7f5c7xw5lvqkbgxk9.pdf,1,pdf,1653,2339,cbb199aca1bfdabdb4d026984c75a8981f44af7d175f55c5e2d0b6b198abbbd2,0.067206,,keep,,yes
images/4748021973-1vkdqw6hcuy7f5c7xw5lvqkbgxk9__p002.png,4748021973_1vkdqw6hcuy7f5c7xw5lvqkbgxk9.pdf,2,pdf,1653,2339,1363f1485ffe02b861acb2c93dc9a6fd158d764d79cefa57b8b75a998eeac862,0.041946,,keep,,yes
images/4748021973-1vkdqw6hcuy7f5c7xw5lvqkbgxk9__p003.png,4748021973_1vkdqw6hcuy7f5c7xw5lvqkbgxk9.pdf,3,pdf,1653,2339,0184fa2eaf280c4cdbe6b6fbe3f1f1fe61b99b10fddc1fce6a8859ca05aaa606,0.096428,dup_008,review,exact_duplicate,yes
images/4748021974-o1it32ge9al5qy75n414hkx1eoa5__p001.png,4748021974_o1it32ge9al5qy75n414hkx1eoa5.pdf,1,pdf,1653,2339,d2500628fd8df3cafd4d22fc14db41b7adb43699eb47938d55a505f6e0b5ab4e,0.061188,,keep,,yes
images/4748021974-o1it32ge9al5qy75n414hkx1eoa5__p002.png,4748021974_o1it32ge9al5qy75n414hkx1eoa5.pdf,2,pdf,1653,2339,bc6d2b8d741ad5e66090b4716965ee9e591772ff86357c73cadb31f74f86ed9a,0.078941,,keep,,yes
images/4748021974-o1it32ge9al5qy75n414hkx1eoa5__p003.png,4748021974_o1it32ge9al5qy75n414hkx1eoa5.pdf,3,pdf,1653,2339,b2088473c2e295a5c21928169aeb27e2b1933922ff8df624c250a38716bebcfe,0.046964,,keep,,yes
images/4748021974-o1it32ge9al5qy75n414hkx1eoa5__p004.png,4748021974_o1it32ge9al5qy75n414hkx1eoa5.pdf,4,pdf,1653,2339,e059c89bc49ce71237e1625c21c1234ba933cd0266711369086a9ec401f1bdb4,0.046492,,keep,,yes
images/4748021974-o1it32ge9al5qy75n414hkx1eoa5__p005.png,4748021974_o1it32ge9al5qy75n414hkx1eoa5.pdf,5,pdf,1653,2339,ee38d54e85bd974487b780d9c1f138b784395af6cbc66c7ff1b3c42833a86c08,0.048070,,keep,,yes
images/4748021974-o1it32ge9al5qy75n414hkx1eoa5__p006.png,4748021974_o1it32ge9al5qy75n414hkx1eoa5.pdf,6,pdf,1653,2339,e26aa098e7da043c829471203116c358dca99f73b386772c1560d7faa0cbc3f8,0.046577,,keep,,yes
images/4748021974-o1it32ge9al5qy75n414hkx1eoa5__p007.png,4748021974_o1it32ge9al5qy75n414hkx1eoa5.pdf,7,pdf,1653,2339,cf184c131aadc36ea1360c9ea3e8e5c458a17b7fd198e40908285454998df4ea,0.046685,,keep,,yes
images/4748021974-o1it32ge9al5qy75n414hkx1eoa5__p008.png,4748021974_o1it32ge9al5qy75n414hkx1eoa5.pdf,8,pdf,1653,2339,71418f437d4732233dd6e95c2bc94e395d5e16ec621de845523bd25261ec194e,0.014731,,keep,,yes
images/4748021975-d93hgv1kt55708i5tfscl0hs5rk1__p001.png,4748021975_d93hgv1kt55708i5tfscl0hs5rk1.pdf,1,pdf,1654,2339,80acde5e0d4b03fbf6c610da6b1a9c23d540acd381b7f90255eb38c8b4dbde2f,0.052494,,keep,,yes
images/4748021979-eo1tkgz4iexo0y6n5z72o2ed6xyr__p001.png,4748021979_eo1tkgz4iexo0y6n5z72o2ed6xyr.pdf,1,pdf,1654,2339,6d1481213f9e3cfc4c91654cd0625c474a75e83b54bd64b5442b60a69c5c8d6c,0.177397,,keep,,yes
images/4748021979-eo1tkgz4iexo0y6n5z72o2ed6xyr__p002.png,4748021979_eo1tkgz4iexo0y6n5z72o2ed6xyr.pdf,2,pdf,1654,2339,b6e46e995ee6537b9209b471a445b6d1208d22eee25a0ee35305e3a7ecbf2aab,0.059789,,keep,,yes
images/4748021979-eo1tkgz4iexo0y6n5z72o2ed6xyr__p003.png,4748021979_eo1tkgz4iexo0y6n5z72o2ed6xyr.pdf,3,pdf,1655,2339,155659f58e3be26aea6efd704156b5acc4c271fe4f1032970aebdd147180478a,0.145793,dup_011,review,exact_duplicate,yes
images/4748021979-eo1tkgz4iexo0y6n5z72o2ed6xyr__p004.png,4748021979_eo1tkgz4iexo0y6n5z72o2ed6xyr.pdf,4,pdf,1655,2339,dc3de6addb68b3d55f636a3028829a9f032a8c4859c2aec4e5bec14b73827968,0.149402,dup_012,review,exact_duplicate,yes
images/4748021979-eo1tkgz4iexo0y6n5z72o2ed6xyr__p005.png,4748021979_eo1tkgz4iexo0y6n5z72o2ed6xyr.pdf,5,pdf,1655,2339,29cc69a202afc8cd3ac5ce4a6400960058322774d4822788dc02e9a90ffcabfe,0.151681,dup_013,review,exact_duplicate,yes
images/4748021979-eo1tkgz4iexo0y6n5z72o2ed6xyr__p006.png,4748021979_eo1tkgz4iexo0y6n5z72o2ed6xyr.pdf,6,pdf,1655,2339,cc77b1540353fee644259b527d2b4cd654f81f5b6d73c43d8938611cb4d24d22,0.111271,dup_014,review,exact_duplicate,yes
images/4748021979-eo1tkgz4iexo0y6n5z72o2ed6xyr__p007.png,4748021979_eo1tkgz4iexo0y6n5z72o2ed6xyr.pdf,7,pdf,1655,2339,d4c4be31118cfc754562fa38edc2cadbba0eb3c1828fc5b7bcf8d45b03be4773,0.066601,dup_015,review,exact_duplicate,yes
images/4748021980-80sxp7n7zzfbtmrosfgnr6v7lurr__p001.png,4748021980_80sxp7n7zzfbtmrosfgnr6v7lurr.pdf,1,pdf,1653,2339,c3768bef27ca0f02869dc2982aa770d2918f36ffa1b55b3d1bfafcae94e6926a,0.037511,,keep,,yes
images/4748021981-gq8ukt2lt8o5y18czoxqzj0g0giv__p001.png,4748021981_gq8ukt2lt8o5y18czoxqzj0g0giv.pdf,1,pdf,1653,2339,df0bcffffb718bc41c17d135b7abf2ae1f21e9b1cae44b34fcf3cd75465310fb,0.037311,,keep,,yes
images/4748021983-i2owpvfkhps0lzw559xmxtesy5x0__p001.png,4748021983_i2owpvfkhps0lzw559xmxtesy5x0.pdf,1,pdf,6012,9212,32404529c14cbae3da6a714fd0409c656a1493b650d61fbeff1d5ccdb3e6e052,0.076299,,keep,,yes
images/4748021984-pnr58rmme4o6r018gvzhgty22qij__p001.png,4748021984_pnr58rmme4o6r018gvzhgty22qij.pdf,1,pdf,1654,2339,c34451de114e3eb0ef30b744720301875b7d5a28bec80275297c5088dc215e5b,0.177307,,keep,,yes
images/4748021984-pnr58rmme4o6r018gvzhgty22qij__p002.png,4748021984_pnr58rmme4o6r018gvzhgty22qij.pdf,2,pdf,1654,2339,4625e6e730cece0ccc63f1dec7b559d796f5172eca9374714404429d3274a1c8,0.062757,,keep,,yes
images/4748021984-pnr58rmme4o6r018gvzhgty22qij__p003.png,4748021984_pnr58rmme4o6r018gvzhgty22qij.pdf,3,pdf,1655,2339,155659f58e3be26aea6efd704156b5acc4c271fe4f1032970aebdd147180478a,0.145793,dup_011,review,exact_duplicate,yes
images/4748021984-pnr58rmme4o6r018gvzhgty22qij__p004.png,4748021984_pnr58rmme4o6r018gvzhgty22qij.pdf,4,pdf,1655,2339,dc3de6addb68b3d55f636a3028829a9f032a8c4859c2aec4e5bec14b73827968,0.149402,dup_012,review,exact_duplicate,yes
images/4748021984-pnr58rmme4o6r018gvzhgty22qij__p005.png,4748021984_pnr58rmme4o6r018gvzhgty22qij.pdf,5,pdf,1655,2339,29cc69a202afc8cd3ac5ce4a6400960058322774d4822788dc02e9a90ffcabfe,0.151681,dup_013,review,exact_duplicate,yes
images/4748021984-pnr58rmme4o6r018gvzhgty22qij__p006.png,4748021984_pnr58rmme4o6r018gvzhgty22qij.pdf,6,pdf,1655,2339,cc77b1540353fee644259b527d2b4cd654f81f5b6d73c43d8938611cb4d24d22,0.111271,dup_014,review,exact_duplicate,yes
images/4748021984-pnr58rmme4o6r018gvzhgty22qij__p007.png,4748021984_pnr58rmme4o6r018gvzhgty22qij.pdf,7,pdf,1655,2339,d4c4be31118cfc754562fa38edc2cadbba0eb3c1828fc5b7bcf8d45b03be4773,0.066601,dup_015,review,exact_duplicate,yes
images/4748021985-y2wg4x5o5ff7vttxylo62rblggtm__p001.png,4748021985_y2wg4x5o5ff7vttxylo62rblggtm.pdf,1,pdf,1654,2339,dce3a1facb706b21835dbbe741112637543fbb2f9db1640d93969c09d71df70b,0.176709,,keep,,yes
images/4748021985-y2wg4x5o5ff7vttxylo62rblggtm__p002.png,4748021985_y2wg4x5o5ff7vttxylo62rblggtm.pdf,2,pdf,1654,2339,060346ba8be46efaeb873a9cc7a8a9a84b5ef1bebc67591ad0088f995ad5d821,0.061801,,keep,,yes
images/4748021985-y2wg4x5o5ff7vttxylo62rblggtm__p003.png,4748021985_y2wg4x5o5ff7vttxylo62rblggtm.pdf,3,pdf,1655,2339,155659f58e3be26aea6efd704156b5acc4c271fe4f1032970aebdd147180478a,0.145793,dup_011,review,exact_duplicate,yes
images/4748021985-y2wg4x5o5ff7vttxylo62rblggtm__p004.png,4748021985_y2wg4x5o5ff7vttxylo62rblggtm.pdf,4,pdf,1655,2339,dc3de6addb68b3d55f636a3028829a9f032a8c4859c2aec4e5bec14b73827968,0.149402,dup_012,review,exact_duplicate,yes
images/4748021985-y2wg4x5o5ff7vttxylo62rblggtm__p005.png,4748021985_y2wg4x5o5ff7vttxylo62rblggtm.pdf,5,pdf,1655,2339,29cc69a202afc8cd3ac5ce4a6400960058322774d4822788dc02e9a90ffcabfe,0.151681,dup_013,review,exact_duplicate,yes
images/4748021985-y2wg4x5o5ff7vttxylo62rblggtm__p006.png,4748021985_y2wg4x5o5ff7vttxylo62rblggtm.pdf,6,pdf,1655,2339,cc77b1540353fee644259b527d2b4cd654f81f5b6d73c43d8938611cb4d24d22,0.111271,dup_014,review,exact_duplicate,yes
images/4748021985-y2wg4x5o5ff7vttxylo62rblggtm__p007.png,4748021985_y2wg4x5o5ff7vttxylo62rblggtm.pdf,7,pdf,1655,2339,d4c4be31118cfc754562fa38edc2cadbba0eb3c1828fc5b7bcf8d45b03be4773,0.066601,dup_015,review,exact_duplicate,yes
images/4748021986-qz734oaep68aowydiv5fd2w022tf__p001.png,4748021986_qz734oaep68aowydiv5fd2w022tf.pdf,1,pdf,1654,2339,39cc6651bdbb26e41cab4870be1c8a09492e7d6c1bdf245623afabcc3a2a577c,0.177483,,keep,,yes
images/4748021986-qz734oaep68aowydiv5fd2w022tf__p002.png,4748021986_qz734oaep68aowydiv5fd2w022tf.pdf,2,pdf,1654,2339,d9faf764d3808cac016f8bfd7f06363d45e60c1a6696db4cbbd122063e831af4,0.062083,,keep,,yes
images/4748021986-qz734oaep68aowydiv5fd2w022tf__p003.png,4748021986_qz734oaep68aowydiv5fd2w022tf.pdf,3,pdf,1655,2339,155659f58e3be26aea6efd704156b5acc4c271fe4f1032970aebdd147180478a,0.145793,dup_011,review,exact_duplicate,yes
images/4748021986-qz734oaep68aowydiv5fd2w022tf__p004.png,4748021986_qz734oaep68aowydiv5fd2w022tf.pdf,4,pdf,1655,2339,dc3de6addb68b3d55f636a3028829a9f032a8c4859c2aec4e5bec14b73827968,0.149402,dup_012,review,exact_duplicate,yes
images/4748021986-qz734oaep68aowydiv5fd2w022tf__p005.png,4748021986_qz734oaep68aowydiv5fd2w022tf.pdf,5,pdf,1655,2339,29cc69a202afc8cd3ac5ce4a6400960058322774d4822788dc02e9a90ffcabfe,0.151681,dup_013,review,exact_duplicate,yes
images/4748021986-qz734oaep68aowydiv5fd2w022tf__p006.png,4748021986_qz734oaep68aowydiv5fd2w022tf.pdf,6,pdf,1655,2339,cc77b1540353fee644259b527d2b4cd654f81f5b6d73c43d8938611cb4d24d22,0.111271,dup_014,review,exact_duplicate,yes
images/4748021986-qz734oaep68aowydiv5fd2w022tf__p007.png,4748021986_qz734oaep68aowydiv5fd2w022tf.pdf,7,pdf,1655,2339,d4c4be31118cfc754562fa38edc2cadbba0eb3c1828fc5b7bcf8d45b03be4773,0.066601,dup_015,review,exact_duplicate,yes
images/4748021987-zw8yj32cwpsbeu5weajsewial0o9__p001.png,4748021987_zw8yj32cwpsbeu5weajsewial0o9.pdf,1,pdf,1654,2339,feef2ac7fcddefbc7d26d6cde570757deacfbb2c43c01060fde3694cfa182a0b,0.177530,,keep,,yes
images/4748021987-zw8yj32cwpsbeu5weajsewial0o9__p002.png,4748021987_zw8yj32cwpsbeu5weajsewial0o9.pdf,2,pdf,1654,2339,0be0c2b59e224ff4252d6adf9ba381d942490d831300ba5e96c77a65ece4ebea,0.049742,,keep,,yes
images/4748021987-zw8yj32cwpsbeu5weajsewial0o9__p003.png,4748021987_zw8yj32cwpsbeu5weajsewial0o9.pdf,3,pdf,1655,2339,155659f58e3be26aea6efd704156b5acc4c271fe4f1032970aebdd147180478a,0.145793,dup_011,review,exact_duplicate,yes
images/4748021987-zw8yj32cwpsbeu5weajsewial0o9__p004.png,4748021987_zw8yj32cwpsbeu5weajsewial0o9.pdf,4,pdf,1655,2339,dc3de6addb68b3d55f636a3028829a9f032a8c4859c2aec4e5bec14b73827968,0.149402,dup_012,review,exact_duplicate,yes
images/4748021987-zw8yj32cwpsbeu5weajsewial0o9__p005.png,4748021987_zw8yj32cwpsbeu5weajsewial0o9.pdf,5,pdf,1655,2339,29cc69a202afc8cd3ac5ce4a6400960058322774d4822788dc02e9a90ffcabfe,0.151681,dup_013,review,exact_duplicate,yes
images/4748021987-zw8yj32cwpsbeu5weajsewial0o9__p006.png,4748021987_zw8yj32cwpsbeu5weajsewial0o9.pdf,6,pdf,1655,2339,cc77b1540353fee644259b527d2b4cd654f81f5b6d73c43d8938611cb4d24d22,0.111271,dup_014,review,exact_duplicate,yes
images/4748021987-zw8yj32cwpsbeu5weajsewial0o9__p007.png,4748021987_zw8yj32cwpsbeu5weajsewial0o9.pdf,7,pdf,1655,2339,d4c4be31118cfc754562fa38edc2cadbba0eb3c1828fc5b7bcf8d45b03be4773,0.066601,dup_015,review,exact_duplicate,yes
images/4748021988-lwm2nqf830xi76hmzu61hkev1j11__p001.png,4748021988_lwm2nqf830xi76hmzu61hkev1j11.pdf,1,pdf,6023,9212,ae88e9bc9828d62d9364d79d39d1f436ba735fb392b9e0bf2095fa5ad0807263,0.097948,,keep,,yes
images/4748021990-nqxks82chrk4leprkwde77o8a39o__p001.png,4748021990_nqxks82chrk4leprkwde77o8a39o.pdf,1,pdf,6100,9212,34db5f60142ecc0df5baf76c85477f96fa5f5d96c10c741fbcfc3b0149d0d502,0.100815,,keep,,yes
images/4748021991-kxolh7job8xmu3t2vvuxlshkdzg3__p001.png,4748021991_kxolh7job8xmu3t2vvuxlshkdzg3.pdf,1,pdf,1654,2339,b094d2909e7a5a212b39eb0a486da9885c7d567f3755fa1e5b823cae7c26892c,0.175859,,keep,,yes
images/4748021991-kxolh7job8xmu3t2vvuxlshkdzg3__p002.png,4748021991_kxolh7job8xmu3t2vvuxlshkdzg3.pdf,2,pdf,1654,2339,1466c9e549824dd11b533eea96970f26c3b63d58e501b906470ae84b5a7cfd1e,0.044084,,keep,,yes
images/4748021991-kxolh7job8xmu3t2vvuxlshkdzg3__p003.png,4748021991_kxolh7job8xmu3t2vvuxlshkdzg3.pdf,3,pdf,1654,2339,fc8fee40cd55593fd5ac9621b0ff2fe0e0170b1b1d2b86ec77269d16b18a70b9,0.035601,,keep,,yes
images/4748021991-kxolh7job8xmu3t2vvuxlshkdzg3__p004.png,4748021991_kxolh7job8xmu3t2vvuxlshkdzg3.pdf,4,pdf,1655,2339,155659f58e3be26aea6efd704156b5acc4c271fe4f1032970aebdd147180478a,0.145793,dup_011,review,exact_duplicate,yes
images/4748021991-kxolh7job8xmu3t2vvuxlshkdzg3__p005.png,4748021991_kxolh7job8xmu3t2vvuxlshkdzg3.pdf,5,pdf,1655,2339,dc3de6addb68b3d55f636a3028829a9f032a8c4859c2aec4e5bec14b73827968,0.149402,dup_012,review,exact_duplicate,yes
images/4748021991-kxolh7job8xmu3t2vvuxlshkdzg3__p006.png,4748021991_kxolh7job8xmu3t2vvuxlshkdzg3.pdf,6,pdf,1655,2339,29cc69a202afc8cd3ac5ce4a6400960058322774d4822788dc02e9a90ffcabfe,0.151681,dup_013,review,exact_duplicate,yes
images/4748021991-kxolh7job8xmu3t2vvuxlshkdzg3__p007.png,4748021991_kxolh7job8xmu3t2vvuxlshkdzg3.pdf,7,pdf,1655,2339,cc77b1540353fee644259b527d2b4cd654f81f5b6d73c43d8938611cb4d24d22,0.111271,dup_014,review,exact_duplicate,yes
images/4748021991-kxolh7job8xmu3t2vvuxlshkdzg3__p008.png,4748021991_kxolh7job8xmu3t2vvuxlshkdzg3.pdf,8,pdf,1655,2339,d4c4be31118cfc754562fa38edc2cadbba0eb3c1828fc5b7bcf8d45b03be4773,0.066601,dup_015,review,exact_duplicate,yes
images/4748033352-8x35rvgmsqj63nb9jaqmrmumb2oq__p001.png,4748033352_8x35rvgmsqj63nb9jaqmrmumb2oq.pdf,1,pdf,1653,2339,0c8ca9b063fa8243615e2a4aca464db60ee47d11f04896b6cec30631a9f1db15,0.086353,,keep,,yes
images/4748033352-8x35rvgmsqj63nb9jaqmrmumb2oq__p002.png,4748033352_8x35rvgmsqj63nb9jaqmrmumb2oq.pdf,2,pdf,1653,2339,dbf5e8f061f694c8c4a8059dc12fcd8fa0e49b5b933b228a9e1b14ecdeb4c266,0.061933,,keep,,yes
images/4748033353-sy0vbv8h164k4132ixinergykh4g__p001.png,4748033353_sy0vbv8h164k4132ixinergykh4g.pdf,1,pdf,1653,2339,f696f815d903ce7455ea55f9d5e09670387ebfc8376643037fa6c03c0693b5c8,0.079823,,keep,,yes
images/4748033353-sy0vbv8h164k4132ixinergykh4g__p002.png,4748033353_sy0vbv8h164k4132ixinergykh4g.pdf,2,pdf,1653,2339,8034507f548f1ff5cf7a46d66561f2f907e29a4a302740784536a990ca79a3f2,0.061867,,keep,,yes
images/4748033355-qbbiut5402d3m2099tbbl92pqrvj__p001.png,4748033355_qbbiut5402d3m2099tbbl92pqrvj.pdf,1,pdf,1653,2339,23b5b9e4d104d53b2b6e356096b529658c4337871f2c23aec1fd0ab42ec2645c,0.081009,,keep,,yes
images/4748033355-qbbiut5402d3m2099tbbl92pqrvj__p002.png,4748033355_qbbiut5402d3m2099tbbl92pqrvj.pdf,2,pdf,1653,2339,ce5ef9fbf29c9a8316f1ae4329960bc0e8266caa4f42c7b9806c5117743cf59c,0.061926,,keep,,yes
images/4748033358-yl78mqzlne1xf5miwlpnhgvqmhrq__p001.png,4748033358_yl78mqzlne1xf5miwlpnhgvqmhrq.pdf,1,pdf,1653,2339,60ae6f573fcc1434345f3d6a2865029616aec77c2c028ccc65436042a1514b12,0.078468,,keep,,yes
images/4748033358-yl78mqzlne1xf5miwlpnhgvqmhrq__p002.png,4748033358_yl78mqzlne1xf5miwlpnhgvqmhrq.pdf,2,pdf,1653,2339,dddf82a680089848fc252f24d4f98302b1b2b63b00ffa0a6ac28e3189823f97e,0.061900,,keep,,yes
images/4748033359-zxqdpw59w2yn5ah1sdgffgq0yt34__p001.png,4748033359_zxqdpw59w2yn5ah1sdgffgq0yt34.pdf,1,pdf,1653,2339,e915c4c47f2cbda82e266fe06e25b6f60a74fdea8f78dbcdc20e92eea5217cd5,0.097570,,keep,,yes
images/4748033360-ei543nu46brvur87hln1u3v7szqo__p001.png,4748033360_ei543nu46brvur87hln1u3v7szqo.pdf,1,pdf,1653,2339,e740dc9906c09b19719a2dbce19330a01f749a82d027cd848ae7d9cb8557c58f,0.077236,,keep,,yes
images/4748033360-ei543nu46brvur87hln1u3v7szqo__p002.png,4748033360_ei543nu46brvur87hln1u3v7szqo.pdf,2,pdf,1653,2339,e40389d54b624de7a5fc9843871c6769bbe7aea3b73cba5fdf63d2bca427d353,0.061995,,keep,,yes
images/4786965431-3qu9cf70q4s4s2wq56u3zp6mfdrp.jpeg,4786965431_3qu9cf70q4s4s2wq56u3zp6mfdrp.jpeg,1,image,4000,3000,b9bdf9d1f0592af71a244dcad39dc2d30eed31d7b68330cedba1d8f945bedd7c,0.999651,,keep,,yes
images/4786972767-jgqjlhlldq8an4ylp00obvv6jino__p001.png,4786972767_jgqjlhlldq8an4ylp00obvv6jino.pdf,1,pdf,1654,2339,1cd5036fe014a4549d6a515aab79deeaaf2f118010fbe1afb9e7dc8316851ae1,0.820816,,keep,,yes
images/4786972767-jgqjlhlldq8an4ylp00obvv6jino__p002.png,4786972767_jgqjlhlldq8an4ylp00obvv6jino.pdf,2,pdf,1654,2339,7fbd0fad5382cbd57d550cf3c604de605c948d0ac269972f851df9989ffbfb06,0.820786,,keep,,yes
images/5-1-invoice-39__p001.png,5-1  invoice (39).pdf,1,pdf,1654,2339,2323f93bc3379d6685e407591b62db8a804d3cedb3ae78420c258edc89737395,0.097388,,keep,,yes
images/5-1-invoice-39__p002.png,5-1  invoice (39).pdf,2,pdf,1654,2339,79134aa749f6896e49ae2c6d2495620138de7a85ec6320f81db2fc7f5062fc4d,0.021218,,keep,,yes
images/5012734403-dskm5t4n4yhz43ijiu0hi0x0ksvh__p001.png,5012734403_dskm5t4n4yhz43ijiu0hi0x0ksvh.pdf,1,pdf,1653,2339,6b3a320583194a8e0f6265df4d86a02b56aceaede86b169f89e708b4f63503de,0.176816,,keep,,yes
images/5012734403-dskm5t4n4yhz43ijiu0hi0x0ksvh__p002.png,5012734403_dskm5t4n4yhz43ijiu0hi0x0ksvh.pdf,2,pdf,1653,2339,1d426cb2301f42044b67ea94b01ec3c7d04db7786c81be3e76a5d6498583a1c0,0.034336,,keep,,yes
images/5012734426-ms9z8e6f0960v2t8t6fs6sxf6qz2__p001.png,5012734426_ms9z8e6f0960v2t8t6fs6sxf6qz2.pdf,1,pdf,1653,2339,31553d05699e6259bd0df6c27ceb5fe7c454361ceed4bc027bdbf5f516b758f2,0.184186,,keep,,yes
images/5012734426-ms9z8e6f0960v2t8t6fs6sxf6qz2__p002.png,5012734426_ms9z8e6f0960v2t8t6fs6sxf6qz2.pdf,2,pdf,1653,2339,eac0e19ed727adf8408f42912b181d5f4b399c1f1b0b356d666ab5633c7df526,0.034380,,keep,,yes
images/5012734462-n2zr6lnc9do9z29hs1nmlfq9x0z8__p001.png,5012734462_n2zr6lnc9do9z29hs1nmlfq9x0z8.pdf,1,pdf,1653,2339,43429f16acc0b1649a7ee7d6947fe45ea923c4373b15364e8fe03078f27c1854,0.129637,,keep,,yes
images/5012734462-n2zr6lnc9do9z29hs1nmlfq9x0z8__p002.png,5012734462_n2zr6lnc9do9z29hs1nmlfq9x0z8.pdf,2,pdf,1653,2339,f1b1625b03b0bc4fefc4213d9999cee3ac70dc84811d789795a00c2e3f547ec0,0.078569,,keep,,yes
images/5012734469-p9rwxpkg52h34nk1l4wcbrs401lw__p001.png,5012734469_p9rwxpkg52h34nk1l4wcbrs401lw.pdf,1,pdf,1653,2339,71bda8c4ac402e66cb0d8d9ef2262280d4292169fa6a827bfd2f3b4e58d23f32,0.134204,,keep,,yes
images/5012734469-p9rwxpkg52h34nk1l4wcbrs401lw__p002.png,5012734469_p9rwxpkg52h34nk1l4wcbrs401lw.pdf,2,pdf,1653,2339,3fe28eaa5adc812e72f221d3430a9009bf04bcfd176fe4f36bce2960dea5b850,0.114552,,keep,,yes
images/5012734471-sprn4xvvlzzjvpawudf6qgojfo9r__p001.png,5012734471_sprn4xvvlzzjvpawudf6qgojfo9r.pdf,1,pdf,1653,2339,b60b426a77b4cd859ad3d9317d775b8a424d37b32984aee67dcb62df5f66cfeb,0.157784,,keep,,yes
images/5012734471-sprn4xvvlzzjvpawudf6qgojfo9r__p002.png,5012734471_sprn4xvvlzzjvpawudf6qgojfo9r.pdf,2,pdf,1653,2339,b8732b1c001a6216c72042696da829ef9c13b571a66b444f1982522d2aa556da,0.095752,,keep,,yes
images/5012734627-0vbm43iy5kyiciqtq61w1a2hov3l__p001.png,5012734627_0vbm43iy5kyiciqtq61w1a2hov3l.pdf,1,pdf,1653,2339,5cdfa56a808b6d802a675fef5cb7abf9afff384d663352e61d16dc75e7aa261c,0.133374,,keep,,yes
images/5012734647-j5260scm7cctoublkzjiyw74o9se__p001.png,5012734647_j5260scm7cctoublkzjiyw74o9se.pdf,1,pdf,1653,2339,592d3cbb7bc1d3c4a536a4167828c4e3d42e87931fdbd16cbc0e993dfe98db50,0.133612,,keep,,yes
images/5012734647-j5260scm7cctoublkzjiyw74o9se__p002.png,5012734647_j5260scm7cctoublkzjiyw74o9se.pdf,2,pdf,1653,2339,99a3c16fc31d2957f04299880fc8b344a985bb3b8d3f143672a17f20e72cc5e7,0.151377,,keep,,yes
images/5012734647-j5260scm7cctoublkzjiyw74o9se__p003.png,5012734647_j5260scm7cctoublkzjiyw74o9se.pdf,3,pdf,1653,2339,f6894bed70e72ee19b0b117bb2a3fe044af791d797f78ba747a3e4a7d34bbc4a,0.121740,,keep,,yes
images/5012734649-2xwbhefasyavo966nsobev99fzay__p001.png,5012734649_2xwbhefasyavo966nsobev99fzay.pdf,1,pdf,1653,2339,3d343336a2135e8444a5a83ad6f95abb594415e7166b90201572230aff17e6b7,0.128015,,keep,,yes
images/5012734749-kg6k4ikowbeap8bnuwi31gws1hr8__p001.png,5012734749_kg6k4ikowbeap8bnuwi31gws1hr8.pdf,1,pdf,1653,2339,0ebea2f910fb3fd0e0e34ecb402cea25d2a07a71c00272035c38b410c273b1f3,0.158323,,keep,,yes
images/5012734751-j4zz75m5w1t30ydm3qorgclxmesi__p001.png,5012734751_j4zz75m5w1t30ydm3qorgclxmesi.pdf,1,pdf,1653,2339,e41b04cbfc14e67d9252fb7ecbce4233fface782a206360a3ce6a84745203772,0.124778,,keep,,yes
images/5012734751-j4zz75m5w1t30ydm3qorgclxmesi__p002.png,5012734751_j4zz75m5w1t30ydm3qorgclxmesi.pdf,2,pdf,1653,2339,ca353c07d64b8e642f54864b277cc952e3922c8b050b660b0e720fac667fae61,0.146215,,keep,,yes
images/5012734751-j4zz75m5w1t30ydm3qorgclxmesi__p003.png,5012734751_j4zz75m5w1t30ydm3qorgclxmesi.pdf,3,pdf,1653,2339,822d03198ee9887ea0198a7403f5fc1709445c60ccc802df9c8f0d7fd828fbaf,0.133540,,keep,,yes
images/5012734751-j4zz75m5w1t30ydm3qorgclxmesi__p004.png,5012734751_j4zz75m5w1t30ydm3qorgclxmesi.pdf,4,pdf,1653,2339,22b1d94a9c801aff335b99d158791d34b8f267b8649af512a381342f34b17d36,0.137457,,keep,,yes
images/5012734751-j4zz75m5w1t30ydm3qorgclxmesi__p005.png,5012734751_j4zz75m5w1t30ydm3qorgclxmesi.pdf,5,pdf,1653,2339,a5ef056c46c07df1bda376240c99a84a4d319be1daad0e6b33929e3de9dbd3cb,0.110095,,keep,,yes
images/5012734752-120s51nbf6ibzqz7dg36touja6yx__p001.png,5012734752_120s51nbf6ibzqz7dg36touja6yx.pdf,1,pdf,1653,2339,5cc50d95ff54222ccd998db8dec4e6e5b98658e0288e4ea3025f2f1d50c00234,0.035941,,keep,,yes
images/5041972238-dyjlbimx5lc9gmdiexarvgf000n9__p001.png,5041972238_dyjlbimx5lc9gmdiexarvgf000n9.pdf,1,pdf,1654,2339,3def4c70759c9b743a52cdf1f202828a6ed0dd4cac157247d9c463510eaf428b,0.101268,,keep,,yes
images/5087968533-14snkqtdprhpvioo4gie2nt7nkzx__p001.png,5087968533_14snkqtdprhpvioo4gie2nt7nkzx.pdf,1,pdf,1653,2339,d43a00270e2469cb64ca559d5b6e9507238972f0f8a93556feac1a4c673045d2,0.065866,,keep,,yes
images/5087968533-14snkqtdprhpvioo4gie2nt7nkzx__p002.png,5087968533_14snkqtdprhpvioo4gie2nt7nkzx.pdf,2,pdf,1653,2339,1f3200b79ad7f0d3f3a4eea6c74b5726e885dd7c04b26211307c17e7bcf93f3d,0.072514,,keep,,yes
images/5087968533-14snkqtdprhpvioo4gie2nt7nkzx__p003.png,5087968533_14snkqtdprhpvioo4gie2nt7nkzx.pdf,3,pdf,1653,2339,e992a12ba96f1110b6b238dbc21c9bf19e3e793df1a098cebea253edc54fde57,0.075795,,keep,,yes
images/5087968533-14snkqtdprhpvioo4gie2nt7nkzx__p004.png,5087968533_14snkqtdprhpvioo4gie2nt7nkzx.pdf,4,pdf,1653,2339,a02f27a2ae71a87ecf4566fa015c70734c959e5c40b42c5d75c0f1ef02105b0d,0.047943,,keep,,yes
images/5087968533-14snkqtdprhpvioo4gie2nt7nkzx__p005.png,5087968533_14snkqtdprhpvioo4gie2nt7nkzx.pdf,5,pdf,1653,2339,6955da8ba75e33bb82b6a52c7263b1427768cb4e7836d32943e018e25c2f0351,0.029590,,keep,,yes
images/5087968533-14snkqtdprhpvioo4gie2nt7nkzx__p006.png,5087968533_14snkqtdprhpvioo4gie2nt7nkzx.pdf,6,pdf,1653,2339,eab5a05550bdbf1f659436747566d3e6beeb944e18a012276b366fd994f3ba4e,0.044542,,keep,,yes
images/5087968534-hdn6xcttqjq51m2k08ravqy6voi6__p001.png,5087968534_hdn6xcttqjq51m2k08ravqy6voi6.pdf,1,pdf,1653,2339,0c4a036f5a0d5e713c9201f24b028ce678eb45978dd6c1bcea1613e26e5dff29,0.065792,,keep,,yes
images/5087968534-hdn6xcttqjq51m2k08ravqy6voi6__p002.png,5087968534_hdn6xcttqjq51m2k08ravqy6voi6.pdf,2,pdf,1653,2339,40a2aca5ca8c87db1db32401afaadf081cde27bbfa14fc38339bb93cde1a10b1,0.072495,,keep,,yes
images/5087968534-hdn6xcttqjq51m2k08ravqy6voi6__p003.png,5087968534_hdn6xcttqjq51m2k08ravqy6voi6.pdf,3,pdf,1653,2339,d8a2fcdc20d4c454c807611f162b2f4891ebf69b550c1544ff4a56c57bd25028,0.075046,,keep,,yes
images/5087968534-hdn6xcttqjq51m2k08ravqy6voi6__p004.png,5087968534_hdn6xcttqjq51m2k08ravqy6voi6.pdf,4,pdf,1653,2339,ba55047331373dfe5b8225182dfccd5c659a9ce919a0f38d48e2e8cb4e5077dc,0.047423,,keep,,yes
images/5087968534-hdn6xcttqjq51m2k08ravqy6voi6__p005.png,5087968534_hdn6xcttqjq51m2k08ravqy6voi6.pdf,5,pdf,1653,2339,4a41f059a1611b2b1af13f51ff9dbc91d06d5615e36529448012ad8e6c94c11b,0.046624,,keep,,yes
images/5087968534-hdn6xcttqjq51m2k08ravqy6voi6__p006.png,5087968534_hdn6xcttqjq51m2k08ravqy6voi6.pdf,6,pdf,1653,2339,86d9f4257ddc327352bcde2787de44341d1f10f7c85e7643ff7cf44f4266e942,0.053149,,keep,,yes
images/6-1-ici-ton-pneu-14-01-2026__p001.png,6-1  ICI TON PNEU 14 01 2026.pdf,1,pdf,1654,2339,d3114d4a0d5afce19a0e6c8d2a7c8990610402d6e5d0adb6a4ec8ccfd8342005,0.054422,,keep,,yes
images/7-1-ici-ton-pneu-20-01-2026__p001.png,7-1  ici ton pneu 20 01 2026.pdf,1,pdf,1654,2339,19e0c37166128f583a4bf031d0c4b6b883c45160e48abaaa0bd61343727313c1,0.054439,,keep,,yes
images/8-1-ici-ton-pneu-21-01-2026__p001.png,8-1  ICI TON PNEU 21 01 2026.pdf,1,pdf,1654,2339,51f2e5fd32f578b7f3fb67c353519d0ab8cfa649ec83931d75c0f43ce1638956,0.054452,,keep,,yes
images/9-1-ici-ton-pneu-27-01-2026__p001.png,9-1  ICI TON PNEU 27 01 2026.pdf,1,pdf,1654,2339,1ba907023d5176ed35141b428bb308b53c0a7128f77adf4c788b588fcba7d81d,0.054483,,keep,,yes
images/achats-p1-a-3-06-25-ok__p001.png,Achats P1 à 3   06-25 ok.pdf,1,pdf,460,1312,9044db8f690b7a27128d42eee8790ab1864947f46d7316ea3dd697a38f210be5,0.273093,,keep,,yes
images/achats-p1-a-3-06-25-ok__p002.png,Achats P1 à 3   06-25 ok.pdf,2,pdf,1656,2342,85d39b43967e6a3b6849e1b060486c60dc442059a013378621c191399fe45608,0.218493,,keep,,yes
images/achats-p1-a-3-06-25-ok__p003.png,Achats P1 à 3   06-25 ok.pdf,3,pdf,1652,2346,785ffdc844802453d2db9c57b443a0cfd16a475272c928850d1ef1b81001ab28,0.132789,,keep,,yes
images/achats-p1-a-3-06-25-ok__p004.png,Achats P1 à 3   06-25 ok.pdf,4,pdf,1648,2346,9f707af94ef4b1028c456028f7bb1f83d0b44b4d137d20331a3b660d5dfbe7db,0.124195,,keep,,yes
images/amazon-fr-commande-406-3261031-5533958__p001.png,Amazon.fr - Commande 406-3261031-5533958.pdf,1,pdf,1700,2200,f4ff47722b31886781dc76b0dfd3d259797fa4a6e767406db5575c892cb6f9fe,0.046564,,keep,,yes
images/amazon-fr-commande-407-1058311-7664329__p001.png,Amazon.fr - Commande 407-1058311-7664329.pdf,1,pdf,1700,2200,c9947131150fc29a2ffab0c5c5790aabbafcf63d5e59d8bfd271164c7c4fc8bf,0.044403,,keep,,yes
images/amazon-16__p001.png,amazon_16.pdf,1,pdf,1654,2339,905e13c6586e4e8d42e8a853e2708c9fd93c62b5d5022f8a45d5af1618d6d3a4,0.103621,,keep,,yes
images/amazon-16__p002.png,amazon_16.pdf,2,pdf,1654,2339,0f2363cfaf742f6866b651322f74ba56d30f6c26fa7e5f42616195b0773ac354,0.015932,,keep,,yes
images/amazon-2__p001.png,amazon_2.pdf,1,pdf,1654,2339,4053b2291ac295643a10762ea7c7c1a90ceb1f58b16b6f9448abfa78aff6aba3,0.093649,,keep,,yes
images/amazon-24__p001.png,amazon_24.pdf,1,pdf,1654,2339,53ba09a108b42885bfb05011c6e08542abbdab7a58bd8267ff61738500931701,0.105731,,keep,,yes
images/amazon-24__p002.png,amazon_24.pdf,2,pdf,1654,2339,266512df9a6d7b46cc5b0179d19ee48c5a084b95bf0073caa7f9172954accdea,0.023997,,keep,,yes
images/amazon-374__p001.png,amazon_374.pdf,1,pdf,1654,2339,52f2d0af01aec7fd30ff90152653bd6aa9b5de9d142d3c77ca0db900fad9a5a8,0.105824,,keep,,yes
images/amazon-fr50005__p001.png,AMAZON_FR50005.pdf,1,pdf,1654,2339,231bcd60673c3344a7c022266792883618b7337b968a5aa718e0a71c75966387,0.100454,,keep,,yes
images/amazon-fr501kr__p001.png,AMAZON_FR501KR.pdf,1,pdf,1654,2339,b035719dbb52b98b3e9f2e86f905a873af4d6cd0f59c90003569ac7c1f42a29e,0.047673,,keep,,yes
images/amazon-fr501kr__p002.png,AMAZON_FR501KR.pdf,2,pdf,1654,2339,d3f79dd3c80c936043142badb505054208e4afb8c46e660660b4396591c4e467,0.017943,,keep,,yes
images/avoir-g7-access-2543700611__p001.png,AVOIR_G7_ACCESS_2543700611.pdf,1,pdf,1654,2339,964d251399a8e7099b97595e2cd8973264e09c22209100dbca77b131ab57a541,0.050146,,keep,,yes
images/cdiscount-414985012-29__p001.png,CDiscount_414985012_29.pdf,1,pdf,1653,2339,d8dd4730138b5d7ff5fd5f9372524ec35008d3ea670091b2fca84103c6b48f2d,0.089600,,keep,,yes
images/d-facture-2-25__p001.png,D facture 2-25.pdf,1,pdf,1653,2339,9fc339a465171e1edd29186ffa39e0620cc310d16796588997f557b637ddfe95,0.062131,,keep,,yes
images/d-facture-2-25__p002.png,D facture 2-25.pdf,2,pdf,1653,2339,c700a2fd074098a1dbd5eb3fc998f8a38e037f0bac17c216ed94c40e7c4ed54f,0.047382,,keep,,yes
images/d-facture-2-25__p003.png,D facture 2-25.pdf,3,pdf,1653,2339,512ae7ab42d1892358103fc49c5364808894379284a0b8395be4df33bdc998c0,0.040584,,keep,,yes
images/d-facture-2-25__p004.png,D facture 2-25.pdf,4,pdf,1653,2339,0184fa2eaf280c4cdbe6b6fbe3f1f1fe61b99b10fddc1fce6a8859ca05aaa606,0.096428,dup_008,review,exact_duplicate,yes
images/d-facture-6-25__p001.png,D facture 6-25.pdf,1,pdf,1653,2339,38e539ca5e7c3b048e99ce6af036a140060b506e1bf30275762cb45cacd9ca51,0.062069,,keep,,yes
images/d-facture-6-25__p002.png,D facture 6-25.pdf,2,pdf,1653,2339,cc258e108ebcebc1d22ac53928633c1f84a551d8a815f2c14a9d91100355452c,0.046113,,keep,,yes
images/d-facture-6-25__p003.png,D facture 6-25.pdf,3,pdf,1653,2339,5e802f7689f4f50df4dd8e57f8c0837c54cfe1e2872469dd42b7e22b22687cbc,0.048432,,keep,,yes
images/d-facture-6-25__p004.png,D facture 6-25.pdf,4,pdf,1653,2339,0184fa2eaf280c4cdbe6b6fbe3f1f1fe61b99b10fddc1fce6a8859ca05aaa606,0.096428,dup_008,review,exact_duplicate,yes
images/devis-alu-cerdagne-capcir-residence-la-pradella-n11019-appart-016__p001.png,Devis ALU CERDAGNE CAPCIR - RÉSIDENCE LA PRADELLA n°11019 - Appart 016.pdf,1,pdf,1654,2339,b30c05e283faf6ca0f3183f2f38b2bd41ee885fa285e6b85ec3bbb9c056ebb36,0.132327,,keep,,yes
images/doublon-20250226151000__p001.png,DOUBLON  20250226151000.pdf,1,pdf,1654,2338,1b14c428ecaf4b8ede4450b586ce10c9bbd836a61b2b409a8aa772af24e24188,0.087992,dup_018,review,exact_duplicate,yes
images/e496989e-2320-4837-acd5-6e9cb31da03b__p001.png,e496989e-2320-4837-acd5-6e9cb31da03b.pdf,1,pdf,1654,2339,174be37927d9d8c9652f2d728b9fabf08cbe13b430c5a5cd138e92e4b25dc841,0.044401,,keep,,yes
images/fa014980__p001.png,FA014980.pdf,1,pdf,1654,2339,dcb6e52363684018b44f5218c552f5c1a71e6b0cebd8f4ee65ec0ebcaeb91c55,0.129482,,keep,,yes
images/fa409972__p001.png,FA409972.pdf,1,pdf,1654,2339,e119ce33fe1cd6e163a9dd7baf0be682a29e97867e2e5f6c5d464bcdad78783f,0.171440,dup_019,review,exact_duplicate,yes
images/fact-frais-gestion-approches-taxi-11333-2524746905__p001.png,FACT_FRAIS_GESTION_APPROCHES_TAXI_11333_2524746905.pdf,1,pdf,1654,2339,cce5faf5362aa71bd08645f31cff5fb49e4c4667c43663b40fdd1a136aa2657d,0.057904,,keep,,yes
images/facture-alu-cerdagne-capcir-du-23022024-appt-16__p001.png,Facture ALU CERDAGNE CAPCIR du 23022024- appt 16.pdf,1,pdf,1654,2339,de928b2dc98908b86c92025db9800bac819f49d250dfafd503bc26283b5f1031,0.133497,,keep,,yes
images/facture-girokits-balcons-02-2022__p001.png,Facture Girokits Balcons  02-2022.pdf,1,pdf,1653,2339,7a313667e25c9a6bbf8adbfa5c0c71fe4a86825efc7eb3d46f90914595c6cbb8,0.042305,,keep,,yes
images/facture-girokits-balcons-02-2022__p002.png,Facture Girokits Balcons  02-2022.pdf,2,pdf,1653,2339,f7980bdd5faef5c6eec3177ae1c46ebb8a4d840077aaa26eb97e9d3ba049923a,0.012918,dup_020,review,exact_duplicate,yes
images/facture-girokits-pradella-02-2022__p001.png,Facture Girokits Pradella 02-2022.pdf,1,pdf,1653,2339,ea7faf62e8d95358a6a4f82d8a863bc6491df2a9a492c4cc8fed47507f131397,0.041918,,keep,,yes
images/facture-girokits-pradella-02-2022__p002.png,Facture Girokits Pradella 02-2022.pdf,2,pdf,1653,2339,f7980bdd5faef5c6eec3177ae1c46ebb8a4d840077aaa26eb97e9d3ba049923a,0.012918,dup_020,review,exact_duplicate,yes
images/facture-n-fc-2468__p001.png,Facture N° FC 2468.pdf,1,pdf,1653,2339,2a999e59466198d002e390804b458c217d082f12c8433270f091de12e25d34ec,0.618103,,keep,,yes
images/facture-23020013-du-03-au-07-01-23__p001.png,Facture_23020013 du 03 au 07-01-23.pdf,1,pdf,1700,2200,4c54c99962ebe7f9a8497da92d5b9f3925b5388b7595c6cfdf416d7cf855dc00,0.059034,,keep,,yes
images/facture-23020014-du-19-au-24-01-2023__p001.png,Facture_23020014 du 19 au 24-01-2023.pdf,1,pdf,1654,2339,4f8dc424bbe4bd5a3fa4188a00f8d4b4c4930bb1a5bd0e790fe81f68456d592d,0.057369,,keep,,yes
images/facture-23020015-du-23-au-27-01-2023__p001.png,Facture_23020015 du 23 au 27-01-2023.pdf,1,pdf,1654,2339,21382f7ba3f778b37bd488ef140a47b132e1450ca9d1f34d4bf767e9de096d72,0.057871,,keep,,yes
images/facture-23020016-du-30-01-au-04-02-2023__p001.png,Facture_23020016 du 30-01 au 04-02-2023.pdf,1,pdf,1654,2339,fccf096d6f3dac9dd3a155c84def8c437e7b9908ff68bfa94abe24d25f42327d,0.058303,,keep,,yes
images/facture-23020017-du-06-au-11-02-2023__p001.png,Facture_23020017 du 06 au 11-02-2023.pdf,1,pdf,1654,2339,4e83cdf2578ab2bfc63cdd23fd637a64060918d0b8539ff068a6ba44915a8c3d,0.058286,,keep,,yes
images/facture-25-1844-fr-fr__p001.png,facture_25-1844_fr-FR.pdf,1,pdf,1654,2339,72cac02d3fa3aeb1085e01f8df4b2071103c10a8bc3d2aae9bc624ce56e9ad5d,0.101085,,keep,,yes
images/facture-714315167-20140206__p001.png,facture_714315167_20140206.pdf,1,pdf,1654,2339,8c48e014ae43f38ab330786ceb036d62c9964bc6fdf7bf55a9f6d92c2811d530,0.032268,,keep,,yes
images/facture-714315167-20140206__p002.png,facture_714315167_20140206.pdf,2,pdf,1654,2339,6c98a1245f6f42e943c2672d39eced4bfeb53b8e3be406baa1abf050212e62e1,0.068275,,keep,,yes
images/facture-714315167-20140206__p003.png,facture_714315167_20140206.pdf,3,pdf,1654,2339,3f0cc34d61859e9dde62393d607467bfb3c581cbc759e27fe57332bb13dc455f,0.046354,,keep,,yes
images/facture-edf-02__p001.png,Facture_EDF_02.pdf,1,pdf,1653,2339,85002dea58b538540221d0f42fe5f10c68c2697b4d947f31101f86f0b47db4f2,0.118837,dup_021,review,exact_duplicate,yes
images/facture-edf-02__p002.png,Facture_EDF_02.pdf,2,pdf,1653,2339,0a7e2f56ff8b3f0067db86d85656742a26fb3b0965595a389ddbce24218ca60c,0.239763,dup_022,review,exact_duplicate,yes
images/facture-edf-02__p003.png,Facture_EDF_02.pdf,3,pdf,1653,2339,0e01f729d499e691f1107ae1939d2f729aeeb697443cf5fb0c419a2e4f7b10f1,0.082649,dup_023,review,exact_duplicate,yes
images/facture-edf-02__p004.png,Facture_EDF_02.pdf,4,pdf,1653,2339,2551226378eaa972bcc382c63e4096eadd2fa89b9ef4d92de7d9ac1a3c4dcbfd,0.000000,dup_007,review,exact_duplicate;low_content,yes
images/facture-frais-de-gestion-cb-taxi-11333-259053694__p001.png,FACTURE_FRAIS_DE_GESTION_CB_TAXI_11333_259053694.pdf,1,pdf,1654,2339,e0a3a33c33cd92f92abcc5f36493d099414edb36f489e150b9795076e6745d63,0.047006,,keep,,yes
images/facture-participat-budget-publicitaire-taxi-11333-256523285__p001.png,FACTURE_PARTICIPAT__BUDGET_PUBLICITAIRE_TAXI_11333_256523285.pdf,1,pdf,1654,2339,10105f478e083fe0c34bde6aaa9028231e785b87163b0714021c03587cef45d4,0.050615,,keep,,yes
images/facture-redevance-taxi-11333-256061962__p001.png,FACTURE_REDEVANCE_TAXI_11333_256061962.pdf,1,pdf,1654,2339,1ca2fe47b8d6271f595a1b6a13e1dfcbc3d6972ea0fb15f8d50e8f7b6d45c31a,0.053660,,keep,,yes
images/fr20253729411__p001.png,FR20253729411.pdf,1,pdf,1654,2339,1d7ed49d3bf85c1333af34836e9c6dc0a37387d8ebc29918c6f61ec47b3c6892,0.028896,,keep,,yes
images/fr55178987__p001.png,FR55178987.pdf,1,pdf,1653,2339,1944203646dfe0fef3a3401550cca8ba7921deb5c4b2ae00f0ca1cff7d1429d2,0.282337,,keep,,yes
images/fr55178987__p002.png,FR55178987.pdf,2,pdf,1653,2339,27c240cd9654515d18024b29a9e802137b7fb370b5756a5e0a0bcc2a9ddc7fe1,0.131651,,keep,,yes
images/fr55331045__p001.png,FR55331045.pdf,1,pdf,1653,2339,9b89435ba8b25f4d84f5831ebf8e2cee0db361269e4f916f6445a1ca135a32d2,0.222917,,keep,,yes
images/fr55331045__p002.png,FR55331045.pdf,2,pdf,1653,2339,e360dbf3ea0dd86893c7b9056b74ff3affe262555e0dd98c836a0247885dc6b3,0.137070,,keep,,yes
images/fr55331045__p003.png,FR55331045.pdf,3,pdf,1653,2339,e324a7a850b4956e84ab7f63293810bc4048133534fd614b63fe068836bf0d87,0.482331,,keep,,yes
images/fr55331064__p001.png,FR55331064.pdf,1,pdf,1653,2339,7da1ba92fc7cd44507645a25101457fba325ca498f0a3c8ade5264e94c7e2119,0.195280,,keep,,yes
images/fr55331064__p002.png,FR55331064.pdf,2,pdf,1653,2339,e98f6282efd5fd36a3c41dfbd0bb7e5e3f3bf992c56766e81cf142d1aef0f0be,0.120460,,keep,,yes
images/fr55331064__p003.png,FR55331064.pdf,3,pdf,1653,2339,b37d92e16db41d2661bafd3aea5840fdf24d116e0589e08204c0ce43055b6cf1,0.482342,,keep,,yes
images/fr55721450__p001.png,FR55721450.pdf,1,pdf,1653,2339,8e65eca48ee18c45fa1c3b96a5e2ac4d35bcf0a8786063e17bde5c4caac962ff,0.212459,,keep,,yes
images/fr55722528__p001.png,FR55722528.pdf,1,pdf,1653,2339,a41bb86407be26652993f036ecfb47acfd5a916b2feb7c7c69ead61efdc46ff7,0.258868,,keep,,yes
images/fr55722528__p002.png,FR55722528.pdf,2,pdf,1653,2339,77453e4ce0f08461359eae70e3c46c8bd0f77f21f08587569abe48ee92109c7b,0.008864,,review,low_content,yes
images/fr55888540__p001.png,FR55888540.pdf,1,pdf,1653,2339,1666dfdebdaa8566aab5ba80d34b4dfe7dc04d2b926bc18fd31d80cb7a09a57f,0.159187,,keep,,yes
images/fr56117592__p001.png,FR56117592.pdf,1,pdf,1653,2339,6994aeef247528b0734f95af1d2eead7e5e2464401c2b33efa287462374673ca,0.229372,,keep,,yes
images/fr56117592__p002.png,FR56117592.pdf,2,pdf,1653,2339,5cd0084056d6c79fb7b891bac52b0953be9045729624310267ae4d071fa2b925,0.024049,,keep,,yes
images/fr56193228__p001.png,FR56193228.pdf,1,pdf,1653,2339,35a99d858768e90dee2c84bafe4149c726c666da6e20dd0f56c48ebf4daf8b2f,0.222973,,keep,,yes
images/fr56193228__p002.png,FR56193228.pdf,2,pdf,1653,2339,1fd047fe6dc7f8e763aa30f9e3d326d439b5d73b4a3f53fb7dd5316d4289059a,0.137100,,keep,,yes
images/fr56193228__p003.png,FR56193228.pdf,3,pdf,1653,2339,6377c938ea47df291a32f578078d1c9380b6e4b9c5ef08ba61efe1e733f4e835,0.482345,,keep,,yes
images/fr56193252__p001.png,FR56193252.pdf,1,pdf,1653,2339,a9e7e1e511f1bd6cfb09b2938c6d1558c24a380efcffbb4f412976138a8dd28b,0.195267,,keep,,yes
images/fr56193252__p002.png,FR56193252.pdf,2,pdf,1653,2339,9b4875d105ccab285afb2547c48f2de24cc875f86981249aad6d91871bebeeb8,0.120435,,keep,,yes
images/fr56193252__p003.png,FR56193252.pdf,3,pdf,1653,2339,d4205b9b848cc5a0cc863397d35189ba91c5b4a461287ed6f6cadc6a9bae2c80,0.482336,,keep,,yes
images/fr56608748__p001.png,FR56608748.pdf,1,pdf,1653,2339,3255ccbdda86e1bd1c65cf2532fbf8bb233e0993a946d0710e839387e130c532,0.284858,,keep,,yes
images/fr56608748__p002.png,FR56608748.pdf,2,pdf,1653,2339,b910cbbd4eab8f8fc7849cfe6812b9aa4a0dcd5aa76064489d3f889b538dcdf8,0.132436,,keep,,yes
images/fr56725732__p001.png,FR56725732.pdf,1,pdf,1653,2339,3b373c721b8644404ab36c62abf0823bb4f93a10ca4e6863e98ac1fc6373191c,0.222769,,keep,,yes
images/fr56725732__p002.png,FR56725732.pdf,2,pdf,1653,2339,42879c80b3b44be2ff5ad0c5cc261e0dc09ba8e380a1f3952fdb6d272ba1707f,0.136934,,keep,,yes
images/fr56725732__p003.png,FR56725732.pdf,3,pdf,1653,2339,b0192a5e0bd7e8b953928de0756a0b69d8800cf229dac1988db0356d803cbc23,0.482318,,keep,,yes
images/fr56725752__p001.png,FR56725752.pdf,1,pdf,1653,2339,6605420b612ace15187f036ff41d11a1de73fd62db94e954a640b9432e0aeed1,0.195114,,keep,,yes
images/fr56725752__p002.png,FR56725752.pdf,2,pdf,1653,2339,4881d745286a16715d8ea86a97bc9510d038aab6321a2d011f434c48f29bb097,0.120309,,keep,,yes
images/fr56725752__p003.png,FR56725752.pdf,3,pdf,1653,2339,73ba8abeb178a1ad21d4547771d72882549fe95b4cd81f243fb41b0f3f84ca04,0.482320,,keep,,yes
images/fv202400276343__p001.png,FV202400276343.pdf,1,pdf,1655,2340,c31477b4bfacf34db245921c4560c09a5a3d2277c922c3ebd4af85494ba2a514,0.063903,dup_024,review,exact_duplicate,yes
images/fv202400276343__p002.png,FV202400276343.pdf,2,pdf,1653,2339,be977ea36c75e127b705286bf38b9239370f9a6d9e691a90f6e6d1ab04048bce,0.167465,dup_025,review,exact_duplicate,yes
images/fv202400276343__p003.png,FV202400276343.pdf,3,pdf,1653,2339,8daa01e99ca6802b7d0481dc16a59f73f17c7a9045cd75c134dc1c7bf5f00307,0.499654,dup_026,review,exact_duplicate,yes
images/fv202400276343__p004.png,FV202400276343.pdf,4,pdf,1653,2339,b85c710ab6ad8a512b241dfde9f9539161886830fdd625cf5284835df60f8397,0.096545,dup_027,review,exact_duplicate,yes
images/fzn3545862-29721384355-1698333989__p001.png,FZN3545862-29721384355_1698333989.pdf,1,pdf,1653,2339,e19c1f55e181ff59721286df507c243055dcafcdcf47ff2fbd3fd90d2ccb62f9,0.234324,,keep,,yes
images/fzn3545862-29721384355-1698333989__p002.png,FZN3545862-29721384355_1698333989.pdf,2,pdf,1653,2339,11273779776616e07ea4cf23a0f7cc759e9b907202224e460bbe9b064c8bf0a6,0.286904,,keep,,yes
images/greffe-du-tribunal-de-commerce-de-perpignan-facture-num-24-046802-5b0583cc-6359-42d3-ae93-e589656639fb__p001.png,Greffe du Tribunal de Commerce de perpignan_Facture_num_24-046802_5b0583cc-6359-42d3-ae93-e589656639fb.pdf,1,pdf,1654,2339,8389636577703552d91e0ded3d73d94a239e3774089836cc57169f4a46a80e2a,0.049261,,keep,,yes
images/grosbill-4043565__p001.png,GrosBill_4043565.pdf,1,pdf,1653,2339,32d67fd26e7064ef97357999321202b143f23116d021316f5651d8c580bfb394,0.094534,,keep,,yes
images/grosbill-4043565__p002.png,GrosBill_4043565.pdf,2,pdf,2339,3307,dc3875ebe8bf1089a35fcb027e30f9c9c738c0b9ffd760178dd6293969e898f5,0.145536,,keep,,yes
images/grosbill-4043565__p003.png,GrosBill_4043565.pdf,3,pdf,2339,3307,0c4ef44fa8252fd04fdd206c418083d2b71296c238fdee41a0c83ffbf759940b,0.037466,,keep,,yes
images/innovatio__p001.png,INNOVATIO.pdf,1,pdf,1654,2339,0f77b444a340360e978437d480e15bb179175207d9d51d196e31944001e4b1b9,0.076625,,keep,,yes
images/invoice-1__p001.png,invoice(1).pdf,1,pdf,1654,2339,064e159357b46791f4e2cfcfa801a817482e6bbec1b5e8e0b37b032c62c3143e,0.105034,,keep,,yes
images/invoice-1-73729daf__p001.png,invoice-1.pdf,1,pdf,1654,2339,a4c2269f3f3ec256b615d7ed79a2e1c0e865621de6b7338217ba57fd57064865,0.071505,,keep,,yes
images/invoice-1-73729daf__p002.png,invoice-1.pdf,2,pdf,1654,2339,29ee87b6353894377c470782c5144fd54dc9996a70c05399cff7fc73737e077b,0.000000,dup_006,review,exact_duplicate;low_content,yes
images/invoice-1548133552__p001.png,invoice-1548133552.pdf,1,pdf,1653,2339,7e2726a351ae70cfd89e920adff46a51267cfe4522df63434cfcbe7681987786,0.052069,,keep,,yes
images/invoice-1554762102__p001.png,invoice-1554762102.pdf,1,pdf,1654,2339,3f823f2a8d0421e01f08591c405eb914fd0807da22098aab8a83f06319e30960,0.062699,,keep,,yes
images/invoice-2__p001.png,invoice-2.pdf,1,pdf,1654,2339,03203279bc177246a5775859332d60daf98ed06f9f24dd4a2596aa6f61c2bf1b,0.070827,,keep,,yes
images/invoice-2__p002.png,invoice-2.pdf,2,pdf,1654,2339,29ee87b6353894377c470782c5144fd54dc9996a70c05399cff7fc73737e077b,0.000000,dup_006,review,exact_duplicate;low_content,yes
images/invoice-4100145900-25-644279986-000-ok__p001.png,Invoice-4100145900-25_644279986_000 OK.pdf,1,pdf,1654,2339,6df8fd7294288e1d6b0626a6ad949c1910785f083f45862d74097250b7da216f,0.060278,,keep,,yes
images/invoice-4100145900-25-644279986-000-ok__p002.png,Invoice-4100145900-25_644279986_000 OK.pdf,2,pdf,2339,1654,144ee1174c7c14f428315a9ddc9694929d5592e398168a852d1c43cf3a65c114,0.113961,,keep,,yes
images/invoice-4100145900-25-644294009-000-ok__p001.png,Invoice-4100145900-25_644294009_000 OK.pdf,1,pdf,1654,2339,51061980200a715d637e0490ce1c63a1f596a0d4dd47d54b1bc3f1489a5d3c74,0.060228,,keep,,yes
images/invoice-4100145900-25-644294009-000-ok__p002.png,Invoice-4100145900-25_644294009_000 OK.pdf,2,pdf,2339,1654,e555eeeb8df3727f068eb6b1adcb8a9f2018e7e3900cdec06fac22e64adc2869,0.113976,,keep,,yes
images/invoice-4100145900-25-644602976-000-ok__p001.png,Invoice-4100145900-25_644602976_000 OK.pdf,1,pdf,1654,2339,71aad83b6e33cf2a5d6a3419ad7f2caf55674ca00137eb39362a350e7468af98,0.060247,,keep,,yes
images/invoice-4100145900-25-644602976-000-ok__p002.png,Invoice-4100145900-25_644602976_000 OK.pdf,2,pdf,2339,1654,3ee8ec3809a9696dab0a69dada739bf9c9a0353438736dbd0e1cd53ff856c67c,0.119560,,keep,,yes
images/invoice-4100145900-25-644610058-000ok__p001.png,Invoice-4100145900-25_644610058_000OK.pdf,1,pdf,1654,2339,dd5a3d0e8882f3f93a3573dfdcc791dfe1f915931773d14aeb7ecc3151fc17bb,0.060253,,keep,,yes
images/invoice-4100145900-25-644610058-000ok__p002.png,Invoice-4100145900-25_644610058_000OK.pdf,2,pdf,2339,1654,8932a7d58f1601b41eac6b7d408fd8dc93086e47eb0b542701d795a131709d31,0.114458,,keep,,yes
images/invoice-4100145900-25-644882287-000-ok__p001.png,Invoice-4100145900-25_644882287_000 OK.pdf,1,pdf,1654,2339,62b4135fe0594c2749d1354d52bec72d87887339894b4a81fb4ef15f085abc78,0.062129,,keep,,yes
images/invoice-4100145900-25-644882287-000-ok__p002.png,Invoice-4100145900-25_644882287_000 OK.pdf,2,pdf,2339,1654,e981ab1d11066f603c884956757ae039585202a70f51c9c6a0bc9e77afe1738d,0.111334,,keep,,yes
images/invoice__p001.png,invoice.pdf,1,pdf,1654,2339,e19366a376b8bb81df7c97046dcde0be82bf1d2d68ae44d99bd83df987a28d38,0.103531,,keep,,yes
images/kaspersky-30-01-24__p001.png,KASPERSKY-30_01_24.pdf,1,pdf,1653,2339,564b2adf8e694eac68f25da485b48bef980e92ad132ddcc475fa10ecaf77b7a1,0.202509,,keep,,yes
images/kaspersky-fr-24-013489557__p001.png,KASPERSKY-FR-24-013489557.pdf,1,pdf,1653,2339,5e1e67ca91cb3f2ec583b41986b9b0e806c48a1824713bbcb96a921aa501286a,0.168945,,keep,,yes
images/kubii-fa409972-2509__p001.png,KUBII-FA409972_2509.pdf,1,pdf,1654,2339,e119ce33fe1cd6e163a9dd7baf0be682a29e97867e2e5f6c5d464bcdad78783f,0.171440,dup_019,review,exact_duplicate,yes
images/leboncoin-741.png,LEBONCOIN-741.png,1,image,1874,1306,6ef0352a70ea0b2898dc9c5a569f7a6a674f3e92b99eb4e0ff319d068977457f,0.258066,,keep,,yes
images/mafacture-224150611__p001.png,MaFacture-224150611.pdf,1,pdf,1653,2339,a5183759c6386f4497c3f6afe27f3d1dfee4f050efc05ef909870d63cdc1efbc,0.093508,,keep,,yes
images/mafacture-340475004__p001.png,MaFacture-340475004.pdf,1,pdf,1653,2339,6315811447b0f03799f115a41dfb8c87ee03e725d6cbf810b2059162e0ae0eb7,0.102580,,keep,,yes
images/mafacture-350893750__p001.png,MaFacture-350893750.pdf,1,pdf,1653,2339,4c32adb7f106fdbee00b0a3035abfa28487ada98e8845229bddb0d58789116c6,0.102293,,keep,,yes
images/mafacture-369191504__p001.png,MaFacture-369191504.pdf,1,pdf,1653,2339,ff159cb0ceb0e7430cd3b0c105e8018394c58a9b4158908ae91d6f51675d0cef,0.102171,,keep,,yes
images/ok-01-12-454749a006dc49d8b3d0257edc4fa602__p001.png,OK 01-12 454749a006dc49d8b3d0257edc4fa602.pdf,1,pdf,2339,1654,a02a71877f197e40197263b6818d94d5e9ea201a15bd4430441e096c5cf3bbdc,0.064698,,keep,,yes
images/ok-01-12-454749a006dc49d8b3d0257edc4fa602__p002.png,OK 01-12 454749a006dc49d8b3d0257edc4fa602.pdf,2,pdf,2339,1654,3d4fe104e8a632b576cae90a18a220d31b5ee7d647e103601f3ef33e23d9bf65,0.109070,,keep,,yes
images/ok-02-12-747181f6228440bcb2539fa9aed0b5b4__p001.png,OK 02-12 747181f6228440bcb2539fa9aed0b5b4.pdf,1,pdf,2339,1654,fd301abb9e30fa08c71856f59d12a704573f9f5a08a8c2b6362c2aa722ea8575,0.074071,,keep,,yes
images/ok-02-12-747181f6228440bcb2539fa9aed0b5b4__p002.png,OK 02-12 747181f6228440bcb2539fa9aed0b5b4.pdf,2,pdf,2339,1654,33c4fbf0bcf007f251ef18a8c95a1ae57156b66c3b15204138414d2235b232ad,0.109211,,keep,,yes
images/ok-03-12-a5daecb19e2f48deb02a0e3aa8789c85__p001.png,OK 03-12 a5daecb19e2f48deb02a0e3aa8789c85.pdf,1,pdf,2339,1654,dcda973ea7d8fa30c4761939de1fc85e523c02c13a82b42c39cef343a1f6c190,0.071300,,keep,,yes
images/ok-03-12-a5daecb19e2f48deb02a0e3aa8789c85__p002.png,OK 03-12 a5daecb19e2f48deb02a0e3aa8789c85.pdf,2,pdf,2339,1654,6ac06cc4eff3805c0c7adc0f4c40eb7a13abb71d20c7f3d4d7e3facf7eb6fb27,0.109162,,keep,,yes
images/ok-04-12-a4492b5ff2c04eb2b3b1851d3de23a7d__p001.png,OK 04-12 a4492b5ff2c04eb2b3b1851d3de23a7d.pdf,1,pdf,2339,1654,c8b005abb4c98f04112208e2182a9b9f2b38b38c435123d22ece4e0d7ce866b5,0.056314,,keep,,yes
images/ok-04-12-a4492b5ff2c04eb2b3b1851d3de23a7d__p002.png,OK 04-12 a4492b5ff2c04eb2b3b1851d3de23a7d.pdf,2,pdf,2339,1654,c8633954693dae03f004e95d3a69c34a494d2a09e72550d33e392e217b87d91f,0.109152,,keep,,yes
images/ok-05-12-adf9b278319e41f6b813828a4eda94a4__p001.png,OK 05-12 adf9b278319e41f6b813828a4eda94a4.pdf,1,pdf,2339,1654,f5fd6300d7a36ff78a0d002562be72943621a47750b1ed00c86c7f4c8309a102,0.121384,,keep,,yes
images/ok-06-12-fra-15-60-15415-20251226181053__p001.png,OK 06-12 FRA_15_60_15415_20251226181053.pdf,1,pdf,1653,2339,bf0f25f06fee950b7261edf36cfcfa2dbe2a88fcaaa9e3bae808108b7522a313,0.090471,,keep,,yes
images/ok-06-12-fra-15-60-15415-20251226181053__p002.png,OK 06-12 FRA_15_60_15415_20251226181053.pdf,2,pdf,1653,2339,8dbd9f8b92cf29cb3943b399de600df90406561f1d4b2805f545c566c1993e34,0.087312,,keep,,yes
images/ok-06-12-fra-15-60-15415-20251226181053__p003.png,OK 06-12 FRA_15_60_15415_20251226181053.pdf,3,pdf,1653,2339,2df5e31215abcfa0800ac6fd9d85504ffba5baf50dbb87ef9a459fa48d7b9a18,0.057045,,keep,,yes
images/ok-07-12-fra-134-52-10237-20251219190943__p001.png,OK 07-12 FRA_134_52_10237_20251219190943.pdf,1,pdf,1653,2339,b3b15ebbef76905aba42e8fa576fa259e657406fa97ad2cb22f0f91329c4aa4d,0.079649,,keep,,yes
images/ok-07-12-fra-134-52-10237-20251219190943__p002.png,OK 07-12 FRA_134_52_10237_20251219190943.pdf,2,pdf,1653,2339,a595f7ad49b4397a86dbab403476cfd59d4af1c722513e43a9f7633cbc047a1b,0.053109,,keep,,yes
images/ok-08-12-fra-134-53-8225-20251204193635__p001.png,OK 08-12 FRA_134_53_8225_20251204193635.pdf,1,pdf,1653,2339,524219b76c765993a158754cfd28043d5b3596cb4b9e7d0793d93f6419458099,0.085755,,keep,,yes
images/ok-08-12-fra-134-53-8225-20251204193635__p002.png,OK 08-12 FRA_134_53_8225_20251204193635.pdf,2,pdf,1653,2339,e25df51c16eb0719a349cdbf0bcdf7394dd1aa59234e908d742bec0b7a3b1f68,0.061487,,keep,,yes
images/ok-09-12-fra-134-53-10171-20251215192619__p001.png,OK 09-12 FRA_134_53_10171_20251215192619.pdf,1,pdf,1653,2339,6618f391ddece81a9086d1c165b8655fa815ccbf3a08c0df3f9bb364786d7c6a,0.076382,,keep,,yes
images/ok-09-12-fra-134-53-10171-20251215192619__p002.png,OK 09-12 FRA_134_53_10171_20251215192619.pdf,2,pdf,1653,2339,370c2e9c29867a24e1b7760339a00dab6a37f8a634c95384dbfcdef4b78454ed,0.053087,,keep,,yes
images/ok-1-2-facture-edf-02__p001.png,OK 1-2 Facture_EDF_02.pdf,1,pdf,1653,2339,85002dea58b538540221d0f42fe5f10c68c2697b4d947f31101f86f0b47db4f2,0.118837,dup_021,review,exact_duplicate,yes
images/ok-1-2-facture-edf-02__p002.png,OK 1-2 Facture_EDF_02.pdf,2,pdf,1653,2339,0a7e2f56ff8b3f0067db86d85656742a26fb3b0965595a389ddbce24218ca60c,0.239763,dup_022,review,exact_duplicate,yes
images/ok-1-2-facture-edf-02__p003.png,OK 1-2 Facture_EDF_02.pdf,3,pdf,1653,2339,0e01f729d499e691f1107ae1939d2f729aeeb697443cf5fb0c419a2e4f7b10f1,0.082649,dup_023,review,exact_duplicate,yes
images/ok-1-2-facture-edf-02__p004.png,OK 1-2 Facture_EDF_02.pdf,4,pdf,1653,2339,2551226378eaa972bcc382c63e4096eadd2fa89b9ef4d92de7d9ac1a3c4dcbfd,0.000000,dup_007,review,exact_duplicate;low_content,yes
images/ok-10-12-fra-134-54-18138-20251229221702__p001.png,OK 10-12 FRA_134_54_18138_20251229221702.pdf,1,pdf,1653,2339,44170486f3f5c8c24c52c210e383c583abf304cbcc6746e285689c64e69b2aea,0.074205,,keep,,yes
images/ok-10-12-fra-134-54-18138-20251229221702__p002.png,OK 10-12 FRA_134_54_18138_20251229221702.pdf,2,pdf,1653,2339,a683215c679a307ea698eef565122cf3745913e7d88770d65d9b2ec111331e02,0.049011,,keep,,yes
images/ok-3-2-20250226151000__p001.png,OK 3-2 20250226151000.pdf,1,pdf,1654,2338,1b14c428ecaf4b8ede4450b586ce10c9bbd836a61b2b409a8aa772af24e24188,0.087992,dup_018,review,exact_duplicate,yes
images/ok-4-2-7934942657291729528__p001.png,OK 4-2 7934942657291729528.pdf,1,pdf,1700,2200,6daae4fa3c436b8b79e1ef350ae2b1ec2cc17a7c1d53cef9471a005ce6adda81,0.029483,,keep,,yes
images/ok-4-2-7934942657291729528__p002.png,OK 4-2 7934942657291729528.pdf,2,pdf,1700,2200,3b7e5fe57104e4d44d3f1433ff269911a061af6123234dc64c5b84deb53d3411,0.000000,,review,low_content,yes
images/ok-41-12-facture-pef-f0423178__p001.png,OK 41-12 Facture PEF-F0423178.pdf,1,pdf,1654,2339,b24f6b961b090262f1ea9c15c6c0e0c180d5c270f5c123da7177a466d7e31ec0,0.052495,,keep,,yes
images/ok-41-12-facture-pef-f0423178__p002.png,OK 41-12 Facture PEF-F0423178.pdf,2,pdf,1654,2339,8d60489010dc57821631f0add6205bc94e3628aafba0ed1e6c222ae5639db173,0.060445,,keep,,yes
images/ok-42-12-3b0cd71d-e042-4a41-9065-a27990161eef__p001.png,OK 42-12 3b0cd71d-e042-4a41-9065-a27990161eef.pdf,1,pdf,1653,2339,51f06402e186eeb85d118d75b1de7185d14c3c2c321643a7d26c1e34549d2b22,0.158663,,keep,,yes
images/ok-5-2-facture-n-1000006343-sarl-rahma__p001.png,OK 5-2 Facture n- 1000006343 SARL RAHMA.pdf,1,pdf,1654,2339,28ea293781008b5b2e3f3dbc77be05815502108a96ea41228baa4e405c63a43a,0.065961,,keep,,yes
images/ok-5-2-facture-n-1000006343-sarl-rahma__p002.png,OK 5-2 Facture n- 1000006343 SARL RAHMA.pdf,2,pdf,1654,2339,d5c58e767f8e750c83fbfbf0afe1b8f7cfee31a55e31c8f771f797755a49b6d5,0.070736,,keep,,yes
images/ok-5-2-facture-n-1000006343-sarl-rahma__p003.png,OK 5-2 Facture n- 1000006343 SARL RAHMA.pdf,3,pdf,1654,2339,6a1df538f3f298ad45063c265df267aefac773b856a81c200d8e44d01426359a,0.026436,,keep,,yes
images/ok-6-2-m10056940b-fa250213-142931-rahma__p001.png,OK 6-2 M10056940B-FA250213-142931-RAHMA.pdf,1,pdf,1653,2339,d8726779dbbc04f654a07234a9d0a914c15422f1afc103f902f333b3a67ee8fa,0.140270,,keep,,yes
images/ok-6-2-m10056940b-fa250213-142931-rahma__p002.png,OK 6-2 M10056940B-FA250213-142931-RAHMA.pdf,2,pdf,1653,2339,f0c167acf034398a13c4ccf4d835ffe2f0c878b9f0cc95a521f896c8b32fe85c,0.162463,,keep,,yes
images/ok-6-2-m10056940b-fa250213-142931-rahma__p003.png,OK 6-2 M10056940B-FA250213-142931-RAHMA.pdf,3,pdf,1653,2339,7e9f5079203bc57662e5685d54b497c2b41b077c395384aacb4e3feab025386f,0.015516,,keep,,yes
images/ok-achats-p11-a-40-12-25__p001.png,OK Achats P11 à 40   12-25.pdf,1,pdf,1656,2337,b27a68a8e6127f77b94e9b7f6ffca3107571a6d66d95a1132e6d3d9b1d7ff78e,0.983695,,keep,,yes
images/ok-achats-p11-a-40-12-25__p002.png,OK Achats P11 à 40   12-25.pdf,2,pdf,1662,2342,de32c265cee999ab6daaaa53c2ba85a4f1b0e6134e6e325752a809a16204e071,0.977259,,keep,,yes
images/ok-achats-p11-a-40-12-25__p003.png,OK Achats P11 à 40   12-25.pdf,3,pdf,1658,2341,9cb3186c8b2fc3f19765fbb34a38b2bc20a4f7e68c8a071ba45c7830afe0dcf9,0.984075,,keep,,yes
images/ok-achats-p11-a-40-12-25__p004.png,OK Achats P11 à 40   12-25.pdf,4,pdf,1662,2346,fdd7563a33e9787746eb34ff66b57f44bf9f65ce459638b4fe0bccb059d0ee0c,0.982294,,keep,,yes
images/ok-achats-p11-a-40-12-25__p005.png,OK Achats P11 à 40   12-25.pdf,5,pdf,1652,2341,c5bfd5d9d3cbb9be7b3108d724f04347025f44791155fcd4ca6242ea9deab81e,0.982898,,keep,,yes
images/ok-achats-p11-a-40-12-25__p006.png,OK Achats P11 à 40   12-25.pdf,6,pdf,1655,2341,b52a477309dfc549bb6c3ab7dcdef7207c51b26456160a78615001af6130f872,0.964204,,keep,,yes
images/ok-achats-p11-a-40-12-25__p007.png,OK Achats P11 à 40   12-25.pdf,7,pdf,1654,2340,b758190a87fa9884e926afae799c2f8dd3a6bca52d49860d59bbc090f61ca45a,0.975459,,keep,,yes
images/ok-achats-p11-a-40-12-25__p008.png,OK Achats P11 à 40   12-25.pdf,8,pdf,1660,2341,038f4dc4fce95f2b639b1be018586381226342a5d56d8f1362920d82d316a3da,0.173238,,keep,,yes
images/ok-achats-p11-a-40-12-25__p009.png,OK Achats P11 à 40   12-25.pdf,9,pdf,1660,2341,1a85846773cf29677e06d00d9aeb338ea7152cc3a7ee7ef26b4d2d755763b4fd,0.169637,,keep,,yes
images/ok-achats-p11-a-40-12-25__p010.png,OK Achats P11 à 40   12-25.pdf,10,pdf,1664,2342,f2a0f7f3e642e361d052ebba703f30dbd1aafc1ab757ef3cbc6d7174035658e4,0.973918,,keep,,yes
images/ok-achats-p11-a-40-12-25__p011.png,OK Achats P11 à 40   12-25.pdf,11,pdf,1656,2343,348c657953d612e8820a2d5158c5956a91d2659faac4adafabaf0e3bd81754fc,0.983245,,keep,,yes
images/ok-achats-p11-a-40-12-25__p012.png,OK Achats P11 à 40   12-25.pdf,12,pdf,1656,2344,c62501476a425ee4a2a72c17b1ebc9763fb52f9cfceb5ccc60a7f545107edcc0,0.104269,,keep,,yes
images/ok-achats-p11-a-40-12-25__p013.png,OK Achats P11 à 40   12-25.pdf,13,pdf,2374,1662,7b4267497c2ffd7be63b42208ad167940f88361f736188494d54a43fed2d206e,0.124035,,keep,,yes
images/ok-achats-p11-a-40-12-25__p014.png,OK Achats P11 à 40   12-25.pdf,14,pdf,2374,1662,08d9ba4d1ab71786575951322c9d7ebb26387c8646f585c2d7518ad05ace71e3,0.069653,,keep,,yes
images/ok-achats-p11-a-40-12-25__p015.png,OK Achats P11 à 40   12-25.pdf,15,pdf,1656,2345,a179ae72a241006a5922eafda076280f3d25ceb24b3004d206edeb964c8a3324,0.210885,,keep,,yes
images/ok-achats-p11-a-40-12-25__p016.png,OK Achats P11 à 40   12-25.pdf,16,pdf,1654,2346,9857c99324d7ba94d11a88bff21d8a88e220930f2444dc981350e54a58a7efb6,0.206844,,keep,,yes
images/ok-achats-p11-a-40-12-25__p017.png,OK Achats P11 à 40   12-25.pdf,17,pdf,1666,2351,59ffa0b7b331218edbbb34094cf5ce387c3e03132fea3e658f45a1d1f8465bbe,0.178146,,keep,,yes
images/ok-achats-p11-a-40-12-25__p018.png,OK Achats P11 à 40   12-25.pdf,18,pdf,1662,2345,85339bd06c17617e266cd214dbe37bfa7273cf701bafc496b267565f0887dc0c,0.178255,,keep,,yes
images/ok-achats-p11-a-40-12-25__p019.png,OK Achats P11 à 40   12-25.pdf,19,pdf,1666,2348,be7e371a876b192d0f446935b5286588be5f930019e80f2869cd56b127458b51,0.142935,,keep,,yes
images/ok-achats-p11-a-40-12-25__p020.png,OK Achats P11 à 40   12-25.pdf,20,pdf,1660,2348,f8f1790ec60c4e2f35af00706cc0547d9b4d4a7a27930da333345d8f70bd3d34,0.168802,,keep,,yes
images/ok-achats-p11-a-40-12-25__p021.png,OK Achats P11 à 40   12-25.pdf,21,pdf,1658,2344,3208b15cdaf4c8cfcaa574f824dec54b2121ea8be674f72ee0865120330ef9e2,0.983532,,keep,,yes
images/ok-achats-p11-a-40-12-25__p022.png,OK Achats P11 à 40   12-25.pdf,22,pdf,1658,2345,b2e17cde9e0ec0b750d4dbfd597ef755237c2ea252a058f512a105001a8dabc5,0.980023,,keep,,yes
images/ok-achats-p11-a-40-12-25__p023.png,OK Achats P11 à 40   12-25.pdf,23,pdf,1658,2343,f9316b050c10e1d5d8851e9286ea4f0fc1f1ef4cf6f163e8aef3a8dc5dbdcb22,0.189281,,keep,,yes
images/ok-achats-p11-a-40-12-25__p024.png,OK Achats P11 à 40   12-25.pdf,24,pdf,2383,1658,73530077bc1a356781119ebce192ad187103e49ae6e6ebce2a2d3188bd01756a,0.142163,,keep,,yes
images/ok-achats-p11-a-40-12-25__p025.png,OK Achats P11 à 40   12-25.pdf,25,pdf,1656,2338,2c7c69931e3b6e62799a0cacac499931a7da1c04e79240e4f47545f6f19f9bf4,0.142141,,keep,,yes
images/ok-achats-p11-a-40-12-25__p026.png,OK Achats P11 à 40   12-25.pdf,26,pdf,1660,2338,437d5ae06731fe7392556ed8853a5ddda88fa8c3a939a3bb5bad827ec48ac500,0.101443,,keep,,yes
images/ok-achats-p11-a-40-12-25__p027.png,OK Achats P11 à 40   12-25.pdf,27,pdf,1649,2334,d9159229072cb56faa210cc1a5c691da30955c816ae5d08871e68a93348f3373,0.208666,,keep,,yes
images/ok-achats-p11-a-40-12-25__p028.png,OK Achats P11 à 40   12-25.pdf,28,pdf,2373,1658,c2295733afb09826543e4445ebca0e51d4f19c9726f4ffd865821139a0f2181f,0.094245,,keep,,yes
images/ok-achats-p11-a-40-12-25__p029.png,OK Achats P11 à 40   12-25.pdf,29,pdf,2373,1660,87afd5f440d7a0596caf7cae695f335b341d1b5f514cb045f6ee07cefea8d89f,0.123245,,keep,,yes
images/ok-achats-p11-a-40-12-25__p030.png,OK Achats P11 à 40   12-25.pdf,30,pdf,1654,2338,b854ecacbcb8508d9df6b3a8d199f5a22424ef7697691c53b4eae7d2f15677ac,0.147245,,keep,,yes
images/ok-achats-p11-a-40-12-25__p031.png,OK Achats P11 à 40   12-25.pdf,31,pdf,1668,2402,16db7261d115deb2276a94f6714f42065d2e9e81ec5dfdf76dbfb58aad4e2ff0,0.125603,,keep,,yes
images/ok-achats-p11-a-40-12-25__p032.png,OK Achats P11 à 40   12-25.pdf,32,pdf,1656,2340,af537eaa3f31a282556972b4f66ff14b572a6b459986cc0758d1edf64bc58a92,0.096897,,keep,,yes
images/ok-achats-p11-a-40-12-25__p033.png,OK Achats P11 à 40   12-25.pdf,33,pdf,1658,2344,e12e971350561c02be9ae40ab3a1f1c7d0abe813ef8f8450d975231b8baab116,0.071755,,keep,,yes
images/ok-achats-p11-a-40-12-25__p034.png,OK Achats P11 à 40   12-25.pdf,34,pdf,2376,1662,83c180a84b9237f1bb113c5edca6c4225c2bceb94facd5fd1f4c3377092e07ee,0.101615,,keep,,yes
images/ok-achats-p11-a-40-12-25__p035.png,OK Achats P11 à 40   12-25.pdf,35,pdf,2376,1662,a65587e258c95175a7c09a43404f87b4e2ce975f46d0f4208ba529dc49eec9f0,0.134041,,keep,,yes
images/ok-achats-p11-a-40-12-25__p036.png,OK Achats P11 à 40   12-25.pdf,36,pdf,1660,2342,227c240b724274b0942c387f0c4e257d410c6b4529b2188cc52fa670f9b63a1b,0.132008,,keep,,yes
images/ok-achats-p11-a-40-12-25__p037.png,OK Achats P11 à 40   12-25.pdf,37,pdf,1662,2343,2b99e84126fdc0acedf05d3c0e7b48d106f35371c2af3fae78fbb745b4593025,0.113140,,keep,,yes
images/ok-achats-p11-a-40-12-25__p038.png,OK Achats P11 à 40   12-25.pdf,38,pdf,1654,2342,631b9126c45339c6fe685d0451103e776aa8cca7e27f4fae2793af0b259c7352,0.168301,,keep,,yes
images/ok-achats-p11-a-40-12-25__p039.png,OK Achats P11 à 40   12-25.pdf,39,pdf,1650,2333,0399ae686987c2aa3384c17871b39aeb6e54fde268df86a3e1e15d90f70b6eb0,0.158412,,keep,,yes
images/ok-achats-p11-a-40-12-25__p040.png,OK Achats P11 à 40   12-25.pdf,40,pdf,1658,2342,5e16b38c5b09be21ed51cd945dcfe3884b2ed8dbb727204282b9dace184cf016,0.156316,,keep,,yes
images/ok-achats-p11-a-40-12-25__p041.png,OK Achats P11 à 40   12-25.pdf,41,pdf,1650,2334,3f94f97c5888c687b52f6ab04bd2741b582427b7057af1846e9ee60605877fb4,0.188728,,keep,,yes
images/ok-achats-p11-a-40-12-25__p042.png,OK Achats P11 à 40   12-25.pdf,42,pdf,1652,2332,1844d88deba18ba8d1ce72bb0773788069f3e998313c66ce900f96c8fb1d482b,0.176340,,keep,,yes
images/ok-achats-p11-a-40-12-25__p043.png,OK Achats P11 à 40   12-25.pdf,43,pdf,1645,2335,bc0b7c00a2a962bcd598577047384cf820ba35f4107c77260ce068d1b8ba5562,0.153833,,keep,,yes
images/ok-achats-p11-a-40-12-25__p044.png,OK Achats P11 à 40   12-25.pdf,44,pdf,1666,2342,e9080715f70fc39dd1eeb9650b9f65047d5da740eb4e45cef7c061e8c9532de3,0.105403,,keep,,yes
images/ok-achats-p11-a-40-12-25__p045.png,OK Achats P11 à 40   12-25.pdf,45,pdf,469,1022,f4877c14541f1d76bc3d79ee9a351efc1643606b8b79322a983e8b9e6362bfb9,0.246196,,keep,,yes
images/ok-achats-p11-a-40-12-25__p046.png,OK Achats P11 à 40   12-25.pdf,46,pdf,476,1836,77d0408233d8128e4bc8cd782a824d34d659111a729b3c9558173ad7f18d9ba9,0.101647,,keep,,yes
images/ok-facture-achat-3__p001.png,OK FACTURE  ACHAT 3.pdf,1,pdf,1583,2200,6884bac788090ef0d81eaf654d7d8bd336119b0328f36ea45afe5772697e188b,0.210680,,keep,,yes
images/ok-facture-achat-4__p001.png,OK FACTURE ACHAT  4.pdf,1,pdf,1469,2200,cff097104f9d4da4b238f86de81187bbd9a586e2e0150e79e0a23990f158a401,0.056542,,keep,,yes
images/ok-facture-achat-5__p001.png,OK FACTURE ACHAT  5.pdf,1,pdf,1441,2200,c41f4f00b48de0b1721c77ffc110ced958342891545eead58f54cddecf3b872a,0.155210,,keep,,yes
images/ok-facture-achat-1__p001.png,OK FACTURE ACHAT 1.pdf,1,pdf,1677,2200,ebb23420c2a90ac4798e4e1b8abead608125321263ed550fe0b7778a6276b99c,0.127350,,keep,,yes
images/ok-facture-achat-2__p001.png,OK FACTURE ACHAT 2.pdf,1,pdf,1529,2200,79063ba9eb4674a51c7a906379fb6a85d0fcf370f0f0be40920b7e2869d6d2a8,0.362056,,keep,,yes
images/ok-facture-achat-6__p001.png,OK FACTURE ACHAT 6.pdf,1,pdf,1529,2200,52c3f6657dc80cc78acac5b385d8c82a1c1c54d06ed51f438f111282deeadaf4,0.062002,,keep,,yes
images/ok-facture-achat-7__p001.png,OK FACTURE ACHAT 7.pdf,1,pdf,1654,2339,4332e9e8bb62db2af0ff61fb591af7f07245171aa236e3c1220abd3fcbc224a3,0.056951,,keep,,yes
images/ok-facture-free__p001.png,OK FACTURE FREE.pdf,1,pdf,1654,2339,9afd909a37bbef8bba4690e105e697423c0cc978ba3f9a7aff43b2a4b1a77970,0.137801,,keep,,yes
images/ok-facture-free__p002.png,OK FACTURE FREE.pdf,2,pdf,1654,2339,da91c73073c252328bffedc20394ae83f941caf2da0734efa28455653cc364a4,0.236362,,keep,,yes
images/ok-facture-free__p003.png,OK FACTURE FREE.pdf,3,pdf,1654,2339,83228bbc4bde01bb34e464417b31119dbdeaa232fc4a2f760ceb69bd11bf75d2,0.341096,,keep,,yes
images/ok-facture-free__p004.png,OK FACTURE FREE.pdf,4,pdf,1654,2339,6f6757610c7bc2f6190a60096afbbc5f2c3cc3c9ef614e17bdea5c551ca5d161,0.363900,,keep,,yes
images/ok-facture-free__p005.png,OK FACTURE FREE.pdf,5,pdf,1654,2339,7f99868a5093b3f8ef02925bd7f81c79ac9b4e2a8fdc28fa6b7a7c4370d58f81,0.364233,,keep,,yes
images/ok-facture-free__p006.png,OK FACTURE FREE.pdf,6,pdf,1654,2339,497fa973bd031dadf2eb3840bcc936e8d83c810a5d2a49fd784633266e9da257,0.364542,,keep,,yes
images/ok-facture-free__p007.png,OK FACTURE FREE.pdf,7,pdf,1654,2339,09da60ba0bf5252ef01e81acb0eabf546688c884d7bfdef09b64adda5970945e,0.365137,,keep,,yes
images/ok-facture-free__p008.png,OK FACTURE FREE.pdf,8,pdf,1654,2339,34f990503ba5a92b374450e6d434a4d09dc5aff24d4723a24000b43c4f3b9b7b,0.377977,,keep,,yes
images/ok-facture-vente-2__p001.png,OK FACTURE VENTE 2.pdf,1,pdf,1447,2200,1ff1e8e3af0603846d294e2006d91f47913a6cc195e803d4f79e4852759e7c3f,0.122984,,keep,,yes
images/ok-facture-vente-3__p001.png,OK FACTURE VENTE 3.pdf,1,pdf,1656,2342,bf6c4db5dd09ba2d042fcac2ff175ed4bb9eb894da5f8ab7f35beab93e190741,0.136547,,keep,,yes
images/ok-facture-vente__p001.png,OK FACTURE VENTE.pdf,1,pdf,1479,2200,e770ce2cb6024c9c9da673489cb1ed984c54677558074be3e5c1c30a80b41347,0.094025,,keep,,yes
images/ok-facture-vente__p002.png,OK FACTURE VENTE.pdf,2,pdf,1617,2200,a39a2b3588143bcdd0a1816a380f6765492dfd9d1fedde6bdfebb170ae74585a,0.079601,,keep,,yes
images/ok-quittance-de-loyer__p001.png,OK QUITTANCE DE LOYER.pdf,1,pdf,1700,1134,2c3e5da1ba0d856738fc4601617b7f230a8e729ccefdce67230aea2d05e63545,0.086737,,keep,,yes
images/orderbillpdf__p001.png,OrderBillPdf.pdf,1,pdf,1655,2340,c31477b4bfacf34db245921c4560c09a5a3d2277c922c3ebd4af85494ba2a514,0.063903,dup_024,review,exact_duplicate,yes
images/orderbillpdf__p002.png,OrderBillPdf.pdf,2,pdf,1653,2339,be977ea36c75e127b705286bf38b9239370f9a6d9e691a90f6e6d1ab04048bce,0.167465,dup_025,review,exact_duplicate,yes
images/orderbillpdf__p003.png,OrderBillPdf.pdf,3,pdf,1653,2339,8daa01e99ca6802b7d0481dc16a59f73f17c7a9045cd75c134dc1c7bf5f00307,0.499654,dup_026,review,exact_duplicate,yes
images/orderbillpdf__p004.png,OrderBillPdf.pdf,4,pdf,1653,2339,b85c710ab6ad8a512b241dfde9f9539161886830fdd625cf5284835df60f8397,0.096545,dup_027,review,exact_duplicate,yes
images/ouverture-compte-ehs__p001.png,Ouverture compte EHS.pdf,1,pdf,1647,2318,799e4ea22bf842e1b6a6c0dd06373ba10a4f4b043a8198889ac539e7e2b95b8f,0.201852,,keep,,yes
images/p2002-01__p001.png,P2002_01.pdf,1,pdf,1653,2339,23ebb938e6789caf464b1946fb6c6897b4fbe8f37a43a0fe3814a06068d99ef9,0.079378,,keep,,yes
images/p2002-01__p002.png,P2002_01.pdf,2,pdf,1653,2339,e73524226921f672f06849456abb9f5df801d76bcaaab50e64ed9569830ac752,0.064038,,keep,,yes
images/p2002-01__p003.png,P2002_01.pdf,3,pdf,1653,2339,6fd63b5a849aebab5b2684e1e118b92c4a77d30238dd9cdb717a7d13c0283b46,0.046559,,keep,,yes
images/p2002-01__p004.png,P2002_01.pdf,4,pdf,1653,2339,45eaa92d5084b4bd40a85116eea48d89aa3af1c980b0e3767a719bf19b90bbf7,0.140023,,keep,,yes
images/p2002-01__p005.png,P2002_01.pdf,5,pdf,1653,2339,a363c43f3fae74d9b144ef059cd084c0992bbf5598477e6dd8d160cc291ef1a1,0.389665,,keep,,yes
images/p2002-01__p006.png,P2002_01.pdf,6,pdf,1653,2339,59f96802c73654aaf45cbaa32dbd73c096967cfd15850ad844c4445489dfdda6,0.067354,,keep,,yes
images/p2002-01__p007.png,P2002_01.pdf,7,pdf,1653,2339,db62fe3630c3212acee62d461b6778c15cd00151aec2307ab19f545b6d40cfe5,0.062578,,keep,,yes
images/p2002-01__p008.png,P2002_01.pdf,8,pdf,1653,2339,0a20ac33c27e44fbf99e384b1a7f41ef6f0d119555b44ac68fa10730943f98ac,0.061918,,keep,,yes
images/p2002-03__p001.png,P2002_03.pdf,1,pdf,1653,2339,4657ed63c185389efd0a1aad0a42d618df0fa1678ce4b6dde7a451ead443fb19,0.061328,,keep,,yes
images/p2002-03__p002.png,P2002_03.pdf,2,pdf,1653,2339,6fad1335b11bff5080d907b67eb3e9f6785bb91eb8c457995fd0f8c027d20403,0.139382,,keep,,yes
images/p2002-03__p003.png,P2002_03.pdf,3,pdf,1653,2339,a3ee794fdb3a16cec81a2c8dc95851711508df12f179c570f557a4f34083a382,0.212659,,keep,,yes
images/p2002-03__p004.png,P2002_03.pdf,4,pdf,1653,2339,9dec106cde35af4f775ba5d61f08bdab8cbcd3c35be94f6ebf5d6dceb79f1b1a,0.067490,,keep,,yes
images/p2002-03__p005.png,P2002_03.pdf,5,pdf,1653,2339,4ededfd3a62a182050f110479675201f6613a44dc962e05bcb58e5b8e03cfef7,0.069513,,keep,,yes
images/p2002-03__p006.png,P2002_03.pdf,6,pdf,1653,2339,4c6d49dc034aa5737c8ae490c120cbddf7082c2fce9062218d077be1dcd52ecd,0.426248,,keep,,yes
images/p2002-03__p007.png,P2002_03.pdf,7,pdf,1653,2339,a3c774ec6e85528333133d940f9d2040a812261e4abf089266f89f3ca0178325,0.064246,,keep,,yes
images/paypal-1628__p001.png,PayPal_1628.pdf,1,pdf,1700,2200,c325f34db317a76bca0693244601acbfdef733475677687736f12a4708fe1639,0.040018,,keep,,yes
images/pcsoft-25-005831__p001.png,PCSOFT-25-005831.pdf,1,pdf,1654,2339,99a3071becc9d2470ce0982c311832c23bd2656758bca2956acb41b3b88d7972,0.055241,,keep,,yes
images/prodevis-facture-alu-cerdagne-capcir-du-26092023__p001.png,ProDevis - Facture ALU CERDAGNE CAPCIR du 26092023.pdf,1,pdf,1656,2339,d705823672f544ef9bb137fdf7f4ed8c2b2aa11ce3e21c39aa3ddee56209086c,0.132812,,keep,,yes
images/pva9qjgzkf__p001.png,pVA9QjGZkf.pdf,1,pdf,1654,2339,996a2b6261e17713833a81fc1f80afc774689a2d54efdc97a8517c7fc8142976,0.092310,,keep,,yes
images/remise-qualite-p1-2506-taxi-11333-2530374990__p001.png,REMISE_QUALITE__P1-2506_TAXI_11333_2530374990.pdf,1,pdf,1654,2339,b581c86861f3ca7f9ff76ad7f93c51aeb409f9b1047c57af308e2ebbafaa8369,0.039457,,keep,,yes
images/remise-qualite-p2-2506-taxi-11333-2530383126__p001.png,REMISE_QUALITE__P2-2506_TAXI_11333_2530383126.pdf,1,pdf,1654,2339,9d8a82ec8bf7f5279355ce03f1ece1e19959b4b66789c6c6e01833ced2eb52e4,0.039479,,keep,,yes
images/s4aomyfl__p001.png,s4aoMyFl.pdf,1,pdf,1654,2339,757726274fb05bd17d9814340a111ed8de8f7a68ec44b1eda0a6c29433cb436a,0.042642,,keep,,yes
images/s4aomyfl__p002.png,s4aoMyFl.pdf,2,pdf,1654,2339,ff7ec1111c4b8d1cdb6c7e5abc9e2a25a0f8e5466238d87c65bf601bc3ed48ef,0.052863,,keep,,yes
images/ven-2022-0909-sarl-amorgos-la-pradella__p001.png,VEN_2022_0909 - SARL AMORGOS LA PRADELLA.pdf,1,pdf,1653,2339,85910958a356449cb9d166eb7f6f6f980cfcbf248c45ee22cd553da7bf0f90ae,0.041331,,keep,,yes
images/ven-2022-0910-sarl-amorgos-la-pradella__p001.png,VEN_2022_0910 - SARL AMORGOS LA PRADELLA.pdf,1,pdf,1653,2339,a8c8e73f022e71961fbe79f76d620c888cb6fff1c10c097b939fbdf32a6bb777,0.041777,,keep,,yes
