image,source_document,page,source_type,width,height,orientation_angle,orientation_confidence,orientation_applied,perspective_confidence,perspective_corrected,crop_applied,blur_score,brightness,contrast,skew_angle,skew_confidence,deskew_applied,contrast_enhanced,quality_status,quality_flags,sha256,content_ratio,duplicate_group,audit_status,audit_flags,include_in_training
images/qkvx8gp__p001.png,-qkvx8gP.pdf,1,pdf,1654,2339,0,0.925,no,0.000,no,no,3691.952,248.210,30.158,-0.000,0.794,no,no,accepted,,dd913697942d176e206b3b2adcc57ae01d3ea64ce85e742847686f5e519c13ba,0.041333,,keep,,yes
images/052-facture-acompte-dade-pradella-2022-06-52__p001.png,052_Facture-acompte-DaDe-Pradella-2022-06-52.pdf,1,pdf,1654,2339,0,0.928,no,0.000,no,no,1411.647,250.424,26.285,-0.250,0.603,no,no,review,overexposed,0465388f490711851022d2c4646a3115ee9757f3e3ec76013623f0d6a2537329,0.029374,,review,,yes
images/056-facture-final-dade-pradella-2022-56__p001.png,056_Facture-final-DaDe-Pradella-2022-56.pdf,1,pdf,1654,2339,0,0.928,no,0.000,no,no,1344.119,250.680,25.773,-0.250,0.546,no,no,review,overexposed,ce54619e69cec1fb8a5fa79ad122ea554ac087016d5895925f25afef8ab5866d,0.026795,,review,,yes
images/1-1-invoice-35__p001.png,1-1  invoice (35).pdf,1,pdf,1654,2339,0,0.905,no,0.000,no,no,2936.444,246.818,32.138,-0.000,0.835,no,no,accepted,,116c6978c938f5e5822bdfb851496d2fb9ff260c19e8097bd51da59c0cb3c133,0.096707,dup_001,review,exact_duplicate,yes
images/1-1-invoice-35__p002.png,1-1  invoice (35).pdf,2,pdf,1654,2339,0,0.256,no,0.000,no,no,392.477,251.649,23.453,-0.000,0.460,no,no,review,overexposed,35d5a2247cd51dc4f16fbf0452732e688b57eb41a32f80e1d09980daa22f414a,0.021191,dup_002,review,exact_duplicate,yes
images/1-10-boulanger__p001.png,1-10 BOULANGER.pdf,1,pdf,1654,2339,0,0.927,no,0.000,no,no,2747.197,229.473,52.479,-0.500,0.565,no,no,review,skew_uncertain,6e91bbb33fe4b8948644d5298d8edce289d058e92f621c4d1f139930b93d1891,0.253517,,review,,yes
images/1-6-2026-07-10-13-39-1__p001.png,1-6 2026-07-10 13-39_1.pdf,1,pdf,1654,2359,0,0.924,no,0.000,no,no,1895.782,249.021,26.489,-0.250,0.584,no,no,accepted,,71a82ecbd6437de3a3397e3a44ace37b65de1bc7a41b7385db7c0cf94bb934ee,0.052381,,keep,,yes
images/1-6-compensation-0026949-202606-q1__p001.png,1-6 Compensation_0026949_202606_Q1.pdf,1,pdf,1655,2128,0,0.906,no,0.000,no,no,3205.513,247.894,30.877,-0.000,0.782,no,no,accepted,,833fb9d49e91ebfaa4d205b18226e227c1761e5df740bb29b95a5455287a1c0e,0.039797,,keep,,yes
images/1-6-compensation-0026949-202606-q1__p002.png,1-6 Compensation_0026949_202606_Q1.pdf,2,pdf,1655,2128,0,0.922,no,0.000,no,no,9307.409,238.058,46.574,-0.000,0.992,no,no,accepted,,68ae6e1817ac340bf253bc633167402458f5294bbf3b86ae6c1e1be63f81e97b,0.094637,,keep,,yes
images/1-6-compensation-0026949-202606-q1__p003.png,1-6 Compensation_0026949_202606_Q1.pdf,3,pdf,1655,2128,0,0.928,no,0.000,no,no,10193.487,238.453,46.048,-0.000,1.000,no,no,accepted,,37d1c854d1af15bc87b263f14b6042f55770afc564d368af07c5922872dcf976,0.090927,,keep,,yes
images/1-6-compensation-0026949-202606-q1__p004.png,1-6 Compensation_0026949_202606_Q1.pdf,4,pdf,1655,2128,0,0.926,no,0.000,no,no,9918.623,238.514,45.613,-0.000,1.000,no,no,accepted,,fd5a4f8d633240f0b9eeb24f0a3cb0f349ccee254a58bff354b3c61a6654ce09,0.094301,,keep,,yes
images/1-6-compensation-0026949-202606-q1__p005.png,1-6 Compensation_0026949_202606_Q1.pdf,5,pdf,1655,2128,0,0.924,no,0.000,no,no,9838.732,238.554,45.610,-0.000,0.996,no,no,accepted,,ac07d295325dfe3492f5970af89e615dae977aa6e2a8cbd51e8fabb55774c69c,0.095886,,keep,,yes
images/1-6-compensation-0026949-202606-q1__p006.png,1-6 Compensation_0026949_202606_Q1.pdf,6,pdf,1655,2128,0,0.925,no,0.000,no,no,9811.404,238.560,45.549,-0.000,1.000,no,no,accepted,,badcf849e263cbf87fa343e93f22dd9ac23351e33f283d356506b3656a40e1e1,0.092222,,keep,,yes
images/1-6-compensation-0026949-202606-q1__p007.png,1-6 Compensation_0026949_202606_Q1.pdf,7,pdf,1655,2128,0,0.927,no,0.000,no,no,6956.231,243.021,41.289,-0.000,0.816,no,no,accepted,,70a595001ca22aa50c6f41246bc55625f4d750623078d4e72afe41bcf26b2d1f,0.066582,,keep,,yes
images/1-6-compensation-0026949-202606-q1__p008.png,1-6 Compensation_0026949_202606_Q1.pdf,8,pdf,1655,2128,0,0.925,no,0.000,no,no,5525.403,242.519,44.261,-0.000,0.775,no,no,accepted,,29f974932c6605975cee7542a8a44ff9bc361a36e2e348423e25dfe6881459cb,0.064161,,keep,,yes
images/1-6-compensation-0026949-202606-q1__p009.png,1-6 Compensation_0026949_202606_Q1.pdf,9,pdf,1655,2128,0,0.914,no,0.000,no,no,4397.899,245.641,37.028,-0.000,0.801,no,no,accepted,,fe68338af9e46562ccce7b8512633460d4d17772c92ae26390393b9363b58788,0.049332,,keep,,yes
images/1-6-pdf__p001.png,1-6-PDF-.pdf,1,pdf,1653,2339,0,0.928,no,0.000,no,no,2434.829,247.537,28.879,-0.000,0.711,no,no,accepted,,377508b03872fccf926730db340e8abfbd1b5a92b9de4aee7e91fd414d4ff4c4,0.137819,,keep,,yes
images/1-6-pdf__p002.png,1-6-PDF-.pdf,2,pdf,1653,2339,0,0.928,no,0.000,no,no,2108.025,251.499,20.990,-0.000,0.726,no,yes,review,contrast_enhanced;overexposed,c69a9fffe90e6d6be20510d7c9a1f92af40ebb1270c9515c5e9c2ba3f1f4b134,0.023167,,review,,yes
images/10-1-leb-2026-01-260925__p001.png,10-1  LEB-2026-01-260925.pdf,1,pdf,1653,2339,0,0.925,no,0.000,no,no,1246.812,250.247,19.384,0.250,0.524,no,yes,review,contrast_enhanced;overexposed,37013812fc700fef3a0f318d7a8f894917d479b8208241f0cb78ca73124345b2,0.134150,,review,,yes
images/10-10__p001.png,10-10.pdf,1,pdf,1654,2339,0,0.914,no,0.000,no,no,1681.625,235.203,50.026,-0.000,0.730,no,no,accepted,,2fe06cd66dbbd6ce4e5c77da5aa10572837b2d80e01cb91af6eb8b16238f8ea9,0.133609,,keep,,yes
images/11-1-leb-2026-01-261006__p001.png,11-1  LEB-2026-01-261006.pdf,1,pdf,1653,2339,0,0.925,no,0.000,no,no,1238.293,250.263,19.341,0.250,0.524,no,yes,review,contrast_enhanced;overexposed,6cd90d7a6d8043f16dce118b5a9bb5f653986ea153dde55e014c9d7cc6385121,0.134034,,review,,yes
images/11-10__p001.png,11-10.pdf,1,pdf,1654,2339,0,0.921,no,0.000,no,no,1753.031,234.959,50.493,-0.000,0.756,no,no,accepted,,9cceeb90b10142a1f082cf399a976adc17dfbcd135a26cf98e50c02ce2f71fe4,0.133870,,keep,,yes
images/12-1-leb-2026-01-266318__p001.png,12-1  LEB-2026-01-266318.pdf,1,pdf,1653,2339,0,0.925,no,0.000,no,no,1246.490,250.256,19.365,0.250,0.520,no,yes,review,contrast_enhanced;overexposed,88b472ebe518c5848a82945d7744b54d518dab73b37455178bed06497b8a1046,0.134083,,review,,yes
images/12-10__p001.png,12-10.pdf,1,pdf,1654,2339,0,0.924,no,0.000,no,no,1763.192,222.694,53.044,-0.000,0.753,no,no,accepted,,5c0a0582e1e3e03f128c94c9296e2805c4c66cd2da3c3f5c0162d9b607a7f981,0.279689,,keep,,yes
images/13-1-leb-2026-01-266330__p001.png,13-1  LEB-2026-01-266330.pdf,1,pdf,1653,2339,0,0.925,no,0.000,no,no,1243.348,250.260,19.349,0.250,0.520,no,yes,review,contrast_enhanced;overexposed,598dfbbbf857cdaac4d1ca8bd040fa57f6610f2025a080314afbf29a6bac7405,0.134053,,review,,yes
images/13-10__p001.png,13-10.pdf,1,pdf,1654,2339,0,0.927,no,0.000,no,no,1801.773,238.508,43.277,-0.250,0.685,no,no,accepted,,08000386baeae5dd279962d5bdba73368d64aaf9bc016e0b45d368a68bf1efac,0.123146,,keep,,yes
images/14-1-leb-2026-01-266353__p001.png,14-1  LEB-2026-01-266353.pdf,1,pdf,1653,2339,0,0.925,no,0.000,no,no,1246.438,250.258,19.354,0.250,0.531,no,yes,review,contrast_enhanced;overexposed,7a1c382c35f22a427be02337821dffc12353ae48eba3d74461158f31c1f2d88a,0.134073,,review,,yes
images/14-10__p001.png,14-10.pdf,1,pdf,1654,2339,0,0.927,no,0.000,no,no,1760.253,238.412,43.338,-0.000,0.708,no,no,accepted,,803a60c0a48701891c65e8a5395b870087ce507c753237820cd2c70f15f5295a,0.123831,,keep,,yes
images/15-1-leb-2026-01-266377__p001.png,15-1  LEB-2026-01-266377.pdf,1,pdf,1653,2339,0,0.925,no,0.000,no,no,1236.461,250.275,19.293,0.250,0.520,no,yes,review,contrast_enhanced;overexposed,e7707b3a7558b77d523d3c18bc664d6dcacf751034941113d74e499734df148d,0.133958,,review,,yes
images/15-10-greffe__p001.png,15-10 GREFFE.pdf,1,pdf,1654,2339,0,0.920,no,0.000,no,no,2505.761,233.885,47.886,-0.000,0.850,no,no,accepted,,b61950de76b3aee8005f3bfe165fa03554e0011db5682eff34690c7e8c826ad6,0.170798,,keep,,yes
images/1552662462-5g5x5fgeod2oh2jt6smub027m6ji__p001.png,1552662462_5g5x5fgeod2oh2jt6smub027m6ji.pdf,1,pdf,1653,2339,0,0.895,no,0.000,no,no,6727.764,242.145,46.107,-0.250,0.704,no,no,accepted,,42dbd74374af9426badbc8a011bb30eef1d5583685f76ccc131089ce29657dfd,0.066242,,keep,,yes
images/16-1-leb-2026-01-266407__p001.png,16-1  LEB-2026-01-266407.pdf,1,pdf,1653,2339,0,0.925,no,0.000,no,no,1237.332,250.269,19.317,0.250,0.527,no,yes,review,contrast_enhanced;overexposed,6e289ad786aa54e0e6eafc3a5a9b927f128d69daccebd27a0a711f4cf76d1aac,0.133974,,review,,yes
images/16-10-arsecours__p001.png,16-10 ARSECOURS.pdf,1,pdf,1654,2339,0,0.925,no,0.000,no,no,926.875,231.007,49.643,0.250,0.891,no,no,accepted,,ef6bdaa5e402a52f48337d8e2d00fbfc46777558731c73e9b0ea040613452f3f,0.240497,,keep,,yes
images/17-10-tf87261428-20251015fac000927-f5x16346-oc__p001.png,17-10  TF87261428_20251015FAC000927_F5X16346_OC.pdf,1,pdf,1654,2339,0,0.573,no,0.000,no,no,5872.618,244.823,39.857,-0.000,0.700,no,no,accepted,,6f22d7c306882c732b5983f08e8d6072a2906914c3fe5b3b324f821069ad9159,0.055132,,keep,,yes
images/17-10-tf87261428-20251015fac000927-f5x16346-oc__p002.png,17-10  TF87261428_20251015FAC000927_F5X16346_OC.pdf,2,pdf,1654,2339,0,0.872,no,0.000,no,no,1033.443,252.942,18.054,1.375,0.374,no,yes,review,contrast_enhanced;overexposed;skew_uncertain,fb8e81b748fc681374a49101fe437a801c21df6b492db2b93128600d132313f6,0.011979,,review,,yes
images/17-10-tf87261428-20251015fac000927-f5x16346-oc__p003.png,17-10  TF87261428_20251015FAC000927_F5X16346_OC.pdf,3,pdf,1654,2339,0,0.726,no,0.000,no,no,5677.776,244.789,38.493,-0.000,0.816,no,no,accepted,,9794dd6180642c198e03120d24fb928eb3cbba415831503cbc54595e68095dbf,0.057922,,keep,,yes
images/1741792092-rvrtew6dxxf80cl3tbstvqrgdmmq__p001.png,1741792092_rvrtew6dxxf80cl3tbstvqrgdmmq.pdf,1,pdf,1654,2339,0,0.928,no,0.000,no,no,5520.568,244.577,40.556,-0.000,0.790,no,no,accepted,,ab306754342d6646b1c2a0956c7b629f96c28020d675596ba4fbfd4857bfeac7,0.057737,,keep,,yes
images/1741792092-rvrtew6dxxf80cl3tbstvqrgdmmq__p002.png,1741792092_rvrtew6dxxf80cl3tbstvqrgdmmq.pdf,2,pdf,1654,2339,0,0.924,no,0.000,no,no,1317.441,246.088,18.266,-0.000,1.000,no,yes,corrected,contrast_enhanced,9b5ce601186e3111c65bdd916e2abb33f712a2a7d31b19bcce9bfe52025b53b7,0.138232,dup_003,review,exact_duplicate,yes
images/1741792092-rvrtew6dxxf80cl3tbstvqrgdmmq__p003.png,1741792092_rvrtew6dxxf80cl3tbstvqrgdmmq.pdf,3,pdf,1654,2339,0,0.923,no,0.000,no,no,722.466,230.264,17.858,-0.000,0.992,no,yes,corrected,contrast_enhanced,bf2e66e59e035874cfc87b22f5779e902856dead0c3ae66557d4cc07378389cf,0.812214,dup_004,review,exact_duplicate,yes
images/1741792092-rvrtew6dxxf80cl3tbstvqrgdmmq__p004.png,1741792092_rvrtew6dxxf80cl3tbstvqrgdmmq.pdf,4,pdf,1654,2339,0,0.927,no,0.000,no,no,489.979,234.960,17.602,-0.000,0.951,no,yes,corrected,contrast_enhanced,11b5871ba010ef22b118867bd499c506edc39c2e8f2ec79209e0f7abdd064433,0.676890,dup_005,review,exact_duplicate,yes
images/1741792484-5rzpo24w8q12j91797zsbb8jvewj__p001.png,1741792484_5rzpo24w8q12j91797zsbb8jvewj.pdf,1,pdf,1654,2339,0,0.928,no,0.000,no,no,5522.816,244.553,40.575,-0.000,0.782,no,no,accepted,,4760cc3918e7d7db3e8c1bcaf5742910f8cbb5073e614078350c8cb18ed9b2bc,0.057905,,keep,,yes
images/1741792484-5rzpo24w8q12j91797zsbb8jvewj__p002.png,1741792484_5rzpo24w8q12j91797zsbb8jvewj.pdf,2,pdf,1654,2339,0,0.924,no,0.000,no,no,1317.441,246.088,18.266,-0.000,1.000,no,yes,corrected,contrast_enhanced,9b5ce601186e3111c65bdd916e2abb33f712a2a7d31b19bcce9bfe52025b53b7,0.138232,dup_003,review,exact_duplicate,yes
images/1741792484-5rzpo24w8q12j91797zsbb8jvewj__p003.png,1741792484_5rzpo24w8q12j91797zsbb8jvewj.pdf,3,pdf,1654,2339,0,0.923,no,0.000,no,no,722.466,230.264,17.858,-0.000,0.992,no,yes,corrected,contrast_enhanced,bf2e66e59e035874cfc87b22f5779e902856dead0c3ae66557d4cc07378389cf,0.812214,dup_004,review,exact_duplicate,yes
images/1741792484-5rzpo24w8q12j91797zsbb8jvewj__p004.png,1741792484_5rzpo24w8q12j91797zsbb8jvewj.pdf,4,pdf,1654,2339,0,0.927,no,0.000,no,no,489.979,234.960,17.602,-0.000,0.951,no,yes,corrected,contrast_enhanced,11b5871ba010ef22b118867bd499c506edc39c2e8f2ec79209e0f7abdd064433,0.676890,dup_005,review,exact_duplicate,yes
images/1741792485-4vmba652lakitpecz7mgb36w2hys__p001.png,1741792485_4vmba652lakitpecz7mgb36w2hys.pdf,1,pdf,1654,2339,0,0.928,no,0.000,no,no,5518.209,244.561,40.562,-0.000,0.786,no,no,accepted,,fcd9c05c3499d88c639c77baeb70d86115d2f2b5a976a1364982f38082f41420,0.057876,,keep,,yes
images/1741792485-4vmba652lakitpecz7mgb36w2hys__p002.png,1741792485_4vmba652lakitpecz7mgb36w2hys.pdf,2,pdf,1654,2339,0,0.924,no,0.000,no,no,1317.441,246.088,18.266,-0.000,1.000,no,yes,corrected,contrast_enhanced,9b5ce601186e3111c65bdd916e2abb33f712a2a7d31b19bcce9bfe52025b53b7,0.138232,dup_003,review,exact_duplicate,yes
images/1741792485-4vmba652lakitpecz7mgb36w2hys__p003.png,1741792485_4vmba652lakitpecz7mgb36w2hys.pdf,3,pdf,1654,2339,0,0.923,no,0.000,no,no,722.466,230.264,17.858,-0.000,0.992,no,yes,corrected,contrast_enhanced,bf2e66e59e035874cfc87b22f5779e902856dead0c3ae66557d4cc07378389cf,0.812214,dup_004,review,exact_duplicate,yes
images/1741792485-4vmba652lakitpecz7mgb36w2hys__p004.png,1741792485_4vmba652lakitpecz7mgb36w2hys.pdf,4,pdf,1654,2339,0,0.927,no,0.000,no,no,489.979,234.960,17.602,-0.000,0.951,no,yes,corrected,contrast_enhanced,11b5871ba010ef22b118867bd499c506edc39c2e8f2ec79209e0f7abdd064433,0.676890,dup_005,review,exact_duplicate,yes
images/1741792486-02laoh1ucc1p6x6vkd4wydotmo33__p001.png,1741792486_02laoh1ucc1p6x6vkd4wydotmo33.pdf,1,pdf,1654,2339,0,0.928,no,0.000,no,no,5552.186,244.526,40.623,-0.000,0.786,no,no,accepted,,4751cee4537c5848bd94866b4947e8df052c7d6ed48d44bc4a9eae46b005d04c,0.058051,,keep,,yes
images/1741792486-02laoh1ucc1p6x6vkd4wydotmo33__p002.png,1741792486_02laoh1ucc1p6x6vkd4wydotmo33.pdf,2,pdf,1654,2339,0,0.924,no,0.000,no,no,1317.441,246.088,18.266,-0.000,1.000,no,yes,corrected,contrast_enhanced,9b5ce601186e3111c65bdd916e2abb33f712a2a7d31b19bcce9bfe52025b53b7,0.138232,dup_003,review,exact_duplicate,yes
images/1741792486-02laoh1ucc1p6x6vkd4wydotmo33__p003.png,1741792486_02laoh1ucc1p6x6vkd4wydotmo33.pdf,3,pdf,1654,2339,0,0.923,no,0.000,no,no,722.466,230.264,17.858,-0.000,0.992,no,yes,corrected,contrast_enhanced,bf2e66e59e035874cfc87b22f5779e902856dead0c3ae66557d4cc07378389cf,0.812214,dup_004,review,exact_duplicate,yes
images/1741792486-02laoh1ucc1p6x6vkd4wydotmo33__p004.png,1741792486_02laoh1ucc1p6x6vkd4wydotmo33.pdf,4,pdf,1654,2339,0,0.927,no,0.000,no,no,489.979,234.960,17.602,-0.000,0.951,no,yes,corrected,contrast_enhanced,11b5871ba010ef22b118867bd499c506edc39c2e8f2ec79209e0f7abdd064433,0.676890,dup_005,review,exact_duplicate,yes
images/1744960742-qfq9a9dtyko5tv48s3rhyj1382n5__p001.png,1744960742_qfq9a9dtyko5tv48s3rhyj1382n5.pdf,1,pdf,1654,2339,0,0.926,no,0.000,no,no,2878.123,241.041,29.331,-0.000,0.715,no,no,accepted,,7979b59fe910bd9e4916fd8e5f34f8b35ba6ece0db38d24a1d4cf5e184e72e9c,0.237177,,keep,,yes
images/1744960742-qfq9a9dtyko5tv48s3rhyj1382n5__p002.png,1744960742_qfq9a9dtyko5tv48s3rhyj1382n5.pdf,2,pdf,1654,2339,0,0.256,no,0.000,no,no,0.000,255.000,0.000,0.000,0.000,no,yes,review,contrast_enhanced;blurry;overexposed,bf7f01040e195d19a2cc83af36a1b6b163429acab230a664b419b545990a74b7,0.000000,dup_006,review,exact_duplicate;low_content,yes
images/1744960743-1ri9uw45qhxk4c0s2ubmdavm32wf__p001.png,1744960743_1ri9uw45qhxk4c0s2ubmdavm32wf.pdf,1,pdf,1654,2339,0,0.903,no,0.000,no,no,3018.253,240.096,29.746,-0.000,0.711,no,no,accepted,,2a4903b20e3c3d67035d611301cce320794bec0aac7614321503bfdf694ac99d,0.256454,,keep,,yes
images/1744960743-1ri9uw45qhxk4c0s2ubmdavm32wf__p002.png,1744960743_1ri9uw45qhxk4c0s2ubmdavm32wf.pdf,2,pdf,1654,2339,0,0.256,no,0.000,no,no,0.000,255.000,0.000,0.000,0.000,no,yes,review,contrast_enhanced;blurry;overexposed,bf7f01040e195d19a2cc83af36a1b6b163429acab230a664b419b545990a74b7,0.000000,dup_006,review,exact_duplicate;low_content,yes
images/1744960744-411oonsmnh1alazur4kry5ewtlak__p001.png,1744960744_411oonsmnh1alazur4kry5ewtlak.pdf,1,pdf,1654,2339,0,0.910,no,0.000,no,no,3368.782,237.224,31.457,-0.000,0.779,no,no,accepted,,e23269c60d1e829efe7fb18553a47d9f2e353ef8a274a965a1c223f2bb051f03,0.306706,,keep,,yes
images/1744960744-411oonsmnh1alazur4kry5ewtlak__p002.png,1744960744_411oonsmnh1alazur4kry5ewtlak.pdf,2,pdf,1654,2339,0,0.256,no,0.000,no,no,0.000,255.000,0.000,0.000,0.000,no,yes,review,contrast_enhanced;blurry;overexposed,bf7f01040e195d19a2cc83af36a1b6b163429acab230a664b419b545990a74b7,0.000000,dup_006,review,exact_duplicate;low_content,yes
images/1744960744-411oonsmnh1alazur4kry5ewtlak__p003.png,1744960744_411oonsmnh1alazur4kry5ewtlak.pdf,3,pdf,1654,2339,0,0.914,no,0.000,no,no,1451.348,250.052,20.961,-0.000,0.614,no,yes,review,contrast_enhanced;overexposed,575b9bd6ab585f98c02ccf9403cfd48156db24cec09992b0ec888882ac3c3126,0.072001,,review,,yes
images/1744960744-411oonsmnh1alazur4kry5ewtlak__p004.png,1744960744_411oonsmnh1alazur4kry5ewtlak.pdf,4,pdf,1654,2339,0,0.256,no,0.000,no,no,0.000,255.000,0.000,0.000,0.000,no,yes,review,contrast_enhanced;blurry;overexposed,bf7f01040e195d19a2cc83af36a1b6b163429acab230a664b419b545990a74b7,0.000000,dup_006,review,exact_duplicate;low_content,yes
images/1744960745-kaoos42fgwc6vqb7l0rmv274vmpb__p001.png,1744960745_kaoos42fgwc6vqb7l0rmv274vmpb.pdf,1,pdf,1654,2339,0,0.925,no,0.555,no,no,4515.528,235.462,53.095,0.250,0.629,no,no,review,document_contour_uncertain,85c463dc22ab89e866906f5cff59c14c5243cf99b81cd710725bb1cfc5a3126e,0.114340,,review,,yes
images/1744960746-ysb43bndbsdfns9yupbwzx8bped7__p001.png,1744960746_ysb43bndbsdfns9yupbwzx8bped7.pdf,1,pdf,1654,2339,0,0.926,no,0.000,no,no,4884.254,245.711,35.374,-0.000,0.809,no,no,accepted,,e660fc50fe29cc6528b1d9bcce5814115c19d9c415b4edc21bceda0c04d0b3ca,0.059335,,keep,,yes
images/1744960747-6bewzpi4exlqyeyqq909y2u2pcax__p001.png,1744960747_6bewzpi4exlqyeyqq909y2u2pcax.pdf,1,pdf,1654,2339,0,0.925,no,0.000,no,no,4832.921,245.779,35.264,-0.000,0.809,no,no,accepted,,129eae21dc9213c76b99a3694369e67dce57156b37c06beae62e8a65980a7340,0.058862,,keep,,yes
images/1744960748-zwkfvfnjf0n83w7gy8le6e9gn2pe__p001.png,1744960748_zwkfvfnjf0n83w7gy8le6e9gn2pe.pdf,1,pdf,1654,2339,0,0.926,no,0.000,no,no,4264.100,246.601,34.359,-0.000,0.756,no,no,accepted,,212fb42845bbf20576601e432a4038e057aa2ae75442bd6d301ae5d51f3ac177,0.052671,,keep,,yes
images/1744960749-rwpt8a81f4iq6hfiuetppz1ai3wj__p001.png,1744960749_rwpt8a81f4iq6hfiuetppz1ai3wj.pdf,1,pdf,1654,2339,0,0.923,no,0.000,no,no,4339.934,236.438,39.887,-0.000,0.828,no,no,accepted,,6dfe887f8691885a33706776bc75462dcbecb9142e0026301ab75c1499be86f7,0.224502,,keep,,yes
images/1744960749-rwpt8a81f4iq6hfiuetppz1ai3wj__p002.png,1744960749_rwpt8a81f4iq6hfiuetppz1ai3wj.pdf,2,pdf,1654,2339,0,0.256,no,0.000,no,no,0.000,255.000,0.000,0.000,0.000,no,yes,review,contrast_enhanced;blurry;overexposed,bf7f01040e195d19a2cc83af36a1b6b163429acab230a664b419b545990a74b7,0.000000,dup_006,review,exact_duplicate;low_content,yes
images/1744960750-ayk0zuf4umxveqb1nigodse7xfmw__p001.png,1744960750_ayk0zuf4umxveqb1nigodse7xfmw.pdf,1,pdf,1654,2339,0,0.926,no,0.000,no,no,3768.972,237.821,38.070,-0.000,0.782,no,no,accepted,,149403834c8b1d78f4f94253e5d9bd5b07ac501292d174af50686cbbab8ca47b,0.214157,,keep,,yes
images/1744960750-ayk0zuf4umxveqb1nigodse7xfmw__p002.png,1744960750_ayk0zuf4umxveqb1nigodse7xfmw.pdf,2,pdf,1654,2339,0,0.256,no,0.000,no,no,0.000,255.000,0.000,0.000,0.000,no,yes,review,contrast_enhanced;blurry;overexposed,bf7f01040e195d19a2cc83af36a1b6b163429acab230a664b419b545990a74b7,0.000000,dup_006,review,exact_duplicate;low_content,yes
images/1744975609-64pchbz57okh2hexqsk4a2t56jfn__p001.png,1744975609_64pchbz57okh2hexqsk4a2t56jfn.pdf,1,pdf,1654,2339,0,0.927,no,0.000,no,no,5268.498,246.002,36.640,-0.000,0.689,no,no,accepted,,b237ba83432fbea9382b1feb87e9b76b3f2f033f2f6b08ca28c51da9c276d00e,0.050772,,keep,,yes
images/1744975611-js9ieumkidzj95q78iu3jm6evnnw__p001.png,1744975611_js9ieumkidzj95q78iu3jm6evnnw.pdf,1,pdf,1655,2339,0,0.919,no,0.000,no,no,5656.739,243.365,36.155,-0.000,0.700,no,no,accepted,,8447ea37522d1fb6c183b37b750a0836e49ddc483b4980833c073c9e57427632,0.140420,,keep,,yes
images/1744975612-tw5xdjhq1wlzoganjaj366w2ojmr__p001.png,1744975612_tw5xdjhq1wlzoganjaj366w2ojmr.pdf,1,pdf,1654,2339,0,0.928,no,0.000,no,no,5491.526,243.253,37.525,-0.000,0.910,no,no,accepted,,a514abb7d5da8918479d11300fb7db644dd09dfac6cbbbbb7de08205dda50ae7,0.087429,,keep,,yes
images/1744975612-tw5xdjhq1wlzoganjaj366w2ojmr__p002.png,1744975612_tw5xdjhq1wlzoganjaj366w2ojmr.pdf,2,pdf,1654,2339,0,0.923,no,0.000,no,no,1439.072,250.698,21.704,-0.000,0.610,no,yes,review,contrast_enhanced;overexposed,be3683347a44be3655fcab7595748bbde54260b0c963455ffcbd915904f69610,0.036456,,review,,yes
images/1744975613-zea0moeyd5l6xdsslajdyj51ybq4__p001.png,1744975613_zea0moeyd5l6xdsslajdyj51ybq4.pdf,1,pdf,1653,2339,0,0.927,no,0.000,no,no,3096.513,245.021,33.682,-0.000,0.715,no,no,accepted,,8722bbbcc15ddf4816e6d2f78d5d15536df463cf335d38eff31e8c45689c0ddd,0.103842,,keep,,yes
images/1744975613-zea0moeyd5l6xdsslajdyj51ybq4__p002.png,1744975613_zea0moeyd5l6xdsslajdyj51ybq4.pdf,2,pdf,1653,2339,0,0.925,no,0.000,no,no,4229.105,226.891,58.871,-0.000,0.771,no,no,accepted,,d393e47708b23c3f8156686fd1bb7115527340c39bb4549ea3ea0231a137d308,0.231220,,keep,,yes
images/1744975613-zea0moeyd5l6xdsslajdyj51ybq4__p003.png,1744975613_zea0moeyd5l6xdsslajdyj51ybq4.pdf,3,pdf,1653,2339,0,0.927,no,0.000,no,no,5713.962,244.185,33.956,-0.000,0.846,no,no,accepted,,8672fa5b9a41d2903316fbe71b3bdcdd990f2bcb48d897b593db3713c7b0c1d2,0.083155,,keep,,yes
images/1744975613-zea0moeyd5l6xdsslajdyj51ybq4__p004.png,1744975613_zea0moeyd5l6xdsslajdyj51ybq4.pdf,4,pdf,1653,2339,0,0.256,no,0.000,no,no,0.000,255.000,0.000,0.000,0.000,no,yes,review,contrast_enhanced;blurry;overexposed,f1fa61989e6572bc441ba1607d58f31e5ce60845c27af6f53aad2aa7ba1b694a,0.000000,dup_007,review,exact_duplicate;low_content,yes
images/1744975615-q4g13uqrk7vd7xdcx7cfv2804iub__p001.png,1744975615_q4g13uqrk7vd7xdcx7cfv2804iub.pdf,1,pdf,1654,2339,0,0.929,no,0.000,no,no,4062.557,235.612,40.267,-0.000,0.719,no,no,accepted,,5acabc3419df0b962a9e08aaf1cc7f9a208147f0acf47f3b71ce3349310e05f2,0.247342,,keep,,yes
images/1744975615-q4g13uqrk7vd7xdcx7cfv2804iub__p002.png,1744975615_q4g13uqrk7vd7xdcx7cfv2804iub.pdf,2,pdf,1654,2339,0,0.926,no,0.000,no,no,1745.475,244.419,31.685,-0.000,0.801,no,no,accepted,,ccf4bcf2686b754f694f46c2dc5b9293ec2701dcbb95e0ad8a114650c087cc6f,0.108196,,keep,,yes
images/1744975615-q4g13uqrk7vd7xdcx7cfv2804iub__p003.png,1744975615_q4g13uqrk7vd7xdcx7cfv2804iub.pdf,3,pdf,1654,2339,0,0.920,no,0.000,no,no,4073.389,238.777,37.092,-0.000,0.831,no,no,accepted,,89079568559b8aa69c203f2d2be87c0e472280462800ac4db7a1ba954dd1f13f,0.197143,,keep,,yes
images/1744975615-q4g13uqrk7vd7xdcx7cfv2804iub__p004.png,1744975615_q4g13uqrk7vd7xdcx7cfv2804iub.pdf,4,pdf,1654,2339,0,0.922,no,0.000,no,no,4332.268,241.896,36.160,-0.000,0.944,no,no,accepted,,2882eec965d43f55b4b7fc04f4c77c002fb2a05d50ce33f9b2b798ae29fde6b0,0.113740,,keep,,yes
images/1744975616-yg0ca26qc3fg8ou08i49my0d3574__p001.png,1744975616_yg0ca26qc3fg8ou08i49my0d3574.pdf,1,pdf,1653,2339,0,0.926,no,0.581,no,no,2339.691,243.887,31.250,-0.500,0.580,no,no,review,document_contour_uncertain;skew_uncertain,f48de1964a783ffd801c9a0cdbabaa9adfb59487647963d5519f272a4edebb9c,0.177876,,review,,yes
images/1744975617-94e2m2plgqkcmp5obj8s9sd7b2u6__p001.png,1744975617_94e2m2plgqkcmp5obj8s9sd7b2u6.pdf,1,pdf,1653,2339,0,0.924,no,0.000,no,no,2107.808,247.983,28.023,-0.000,0.767,no,no,accepted,,c13b290cccb67419f2485a8faade0c3c1f205564876ac1c43e92eaefce4fd5b1,0.067462,,keep,,yes
images/1744975619-odgvbavxfzh1wwq9ng91p3cikunh__p001.png,1744975619_odgvbavxfzh1wwq9ng91p3cikunh.pdf,1,pdf,1653,2339,0,0.681,no,0.000,no,no,10168.599,235.813,48.356,-0.250,0.794,no,no,accepted,,c2d08710b7568f68491e96061512fae157a3589bcf68243e2be7465fa1bb07db,0.142744,,keep,,yes
images/1744975619-odgvbavxfzh1wwq9ng91p3cikunh__p002.png,1744975619_odgvbavxfzh1wwq9ng91p3cikunh.pdf,2,pdf,1653,2339,0,0.721,no,0.000,no,no,10327.443,235.713,48.495,-0.250,0.764,no,no,accepted,,5f80b1b96e67ab4eb27a2b59565313d55f9c191f67a6c33366e128e61e535a76,0.143422,,keep,,yes
images/1744975619-odgvbavxfzh1wwq9ng91p3cikunh__p003.png,1744975619_odgvbavxfzh1wwq9ng91p3cikunh.pdf,3,pdf,1653,2339,0,0.708,no,0.000,no,no,10499.693,236.000,48.612,-0.250,0.771,no,no,accepted,,fa7df91d5a3c3082a85c96bc023444859107c3c995f08475502a84dbaf0bb7e9,0.141668,,keep,,yes
images/1744975619-odgvbavxfzh1wwq9ng91p3cikunh__p004.png,1744975619_odgvbavxfzh1wwq9ng91p3cikunh.pdf,4,pdf,1653,2339,0,0.721,no,0.000,no,no,10898.069,235.542,49.111,-0.250,0.797,no,no,accepted,,b24a0358eafe7d63693186dd62a5f4961b6c4f4952c8c5f53461e29ded6f3a61,0.144550,,keep,,yes
images/1744975619-odgvbavxfzh1wwq9ng91p3cikunh__p005.png,1744975619_odgvbavxfzh1wwq9ng91p3cikunh.pdf,5,pdf,1653,2339,0,0.782,no,0.000,no,no,10163.414,235.919,48.230,-0.250,0.786,no,no,accepted,,9ee35574c11ae7ba299f8015032b08b5d040995a3a431e199635c5c1c601ff70,0.142336,,keep,,yes
images/1744975619-odgvbavxfzh1wwq9ng91p3cikunh__p006.png,1744975619_odgvbavxfzh1wwq9ng91p3cikunh.pdf,6,pdf,1653,2339,0,0.803,no,0.000,no,no,10532.124,235.469,48.751,-0.250,0.782,no,no,accepted,,a723ce2753319813a34cec4dcac37a266122dec4c2f4efffe2fc52fb3ebf2a16,0.144833,,keep,,yes
images/1744975619-odgvbavxfzh1wwq9ng91p3cikunh__p007.png,1744975619_odgvbavxfzh1wwq9ng91p3cikunh.pdf,7,pdf,1653,2339,0,0.790,no,0.000,no,no,10343.211,235.691,48.522,-0.250,0.805,no,no,accepted,,954f0771a955e67a78d665307d638cbd018ee12c8eeb0ebb1f3c08b07bb0cc4e,0.143623,,keep,,yes
images/1744975619-odgvbavxfzh1wwq9ng91p3cikunh__p008.png,1744975619_odgvbavxfzh1wwq9ng91p3cikunh.pdf,8,pdf,1653,2339,0,0.719,no,0.000,no,no,9814.792,235.556,48.073,-0.250,0.797,no,no,accepted,,8d4f6344f4f24dd34fafa337f2e4c579c36c7989aab8def05dddf2a2c382991e,0.144162,,keep,,yes
images/1744975619-odgvbavxfzh1wwq9ng91p3cikunh__p009.png,1744975619_odgvbavxfzh1wwq9ng91p3cikunh.pdf,9,pdf,1653,2339,0,0.810,no,0.000,no,no,10254.285,235.939,48.388,-0.250,0.794,no,no,accepted,,6a785eb3162e0cddc89a6cd193f4f6bff8ebdf15cb544f755285b11cb636774a,0.142111,,keep,,yes
images/1744975619-odgvbavxfzh1wwq9ng91p3cikunh__p010.png,1744975619_odgvbavxfzh1wwq9ng91p3cikunh.pdf,10,pdf,1653,2339,0,0.630,no,0.000,no,no,10199.272,235.871,48.276,-0.250,0.790,no,no,accepted,,6ec140d4592922356557b8b2ce148a22093fb0ff8d80cd216fb1b0bdaa458660,0.142622,,keep,,yes
images/1744975619-odgvbavxfzh1wwq9ng91p3cikunh__p011.png,1744975619_odgvbavxfzh1wwq9ng91p3cikunh.pdf,11,pdf,1653,2339,0,0.919,no,0.000,no,no,3830.776,246.340,32.802,0.250,0.647,no,no,accepted,,b31893d6f538c76402abe75053fc9603bfc7b5a3e5f5d4375fd675bb4aea4e16,0.075630,,keep,,yes
images/1744975619-odgvbavxfzh1wwq9ng91p3cikunh__p012.png,1744975619_odgvbavxfzh1wwq9ng91p3cikunh.pdf,12,pdf,1653,2339,0,0.919,no,0.000,no,no,6690.162,240.373,43.327,-0.000,0.989,no,no,accepted,,69fa84df78bac3ef251668aaaf273d2a3c21d01de6d9592444bf47ebf634778d,0.110424,,keep,,yes
images/1744975619-odgvbavxfzh1wwq9ng91p3cikunh__p013.png,1744975619_odgvbavxfzh1wwq9ng91p3cikunh.pdf,13,pdf,1653,2339,0,0.894,no,0.000,no,no,2285.757,248.728,28.062,0.250,0.651,no,no,accepted,,dfc21f61e39cd286e5bcf419688aca22dfb9f09c8b0ceb80461e591671a6290f,0.061686,,keep,,yes
images/1744975619-odgvbavxfzh1wwq9ng91p3cikunh__p014.png,1744975619_odgvbavxfzh1wwq9ng91p3cikunh.pdf,14,pdf,1653,2339,0,0.256,no,0.000,no,no,1320.911,250.469,22.663,-0.000,0.486,no,no,review,overexposed,c3600d7eaa074856731b0144de587cc24c578fe83e107039d2442f5a2eabdd5a,0.052165,,review,,yes
images/1744975619-odgvbavxfzh1wwq9ng91p3cikunh__p015.png,1744975619_odgvbavxfzh1wwq9ng91p3cikunh.pdf,15,pdf,1653,2339,0,0.926,no,0.000,no,no,3703.736,246.213,34.512,-0.000,0.610,no,no,accepted,,370ef1d8aebd7f841deacc0640f69231c5332ce30e1c7bbf9c8e14bb6b37b0a4,0.073599,,keep,,yes
images/1744981237-gclupqu0wj4einqk0ekahp0u5eem__p001.png,1744981237_gclupqu0wj4einqk0ekahp0u5eem.pdf,1,pdf,1654,2339,0,0.916,no,0.000,no,no,1900.608,233.938,33.862,-0.000,0.850,no,no,accepted,,a3994f227baa7713d9e15d0869996864496e2135c246f91bc859296438075757,0.484533,,keep,,yes
images/1744981237-gclupqu0wj4einqk0ekahp0u5eem__p002.png,1744981237_gclupqu0wj4einqk0ekahp0u5eem.pdf,2,pdf,1654,2339,0,0.914,no,0.000,no,no,1763.760,232.835,37.229,-0.000,0.824,no,no,accepted,,cd71e4d033a3a46bb80f6330d83b4eaddbd451c93a6c96ed6d9e8b9f68de4829,0.475464,,keep,,yes
images/1744981244-vb82i8aqvy7mmqe52m4wugj7ixtd__p001.png,1744981244_vb82i8aqvy7mmqe52m4wugj7ixtd.pdf,1,pdf,1653,2339,0,0.917,no,0.000,no,no,2045.758,244.369,33.812,-0.000,0.782,no,no,accepted,,d95a39eb592a5229faee6e1b132bf07c812178b6a6fb101a1f14e37711754b03,0.101160,,keep,,yes
images/1744981246-3umat880hnooyarwhxvq7ae0cjdp__p001.png,1744981246_3umat880hnooyarwhxvq7ae0cjdp.pdf,1,pdf,1653,2339,0,0.923,no,0.000,no,no,5944.475,239.322,53.616,-0.000,0.756,no,no,accepted,,803abae6c9f26f395b318a4529d12de464c73f128999c3975de88c245de1a5b3,0.077444,,keep,,yes
images/1750239730-4gjc58sf7t6x4t519p3972mc1pyc__p001.png,1750239730_4gjc58sf7t6x4t519p3972mc1pyc.pdf,1,pdf,1653,2339,0,0.928,no,0.000,no,no,3539.970,248.714,28.257,-0.000,0.767,no,no,accepted,,79def6e23104920d23d16a92d2527fd57c719f6dd9ef06ad7a4019569b2e31c5,0.041181,,keep,,yes
images/1750239731-uoaxw2n6enq9rcrtl6ufd138l0oe__p001.png,1750239731_uoaxw2n6enq9rcrtl6ufd138l0oe.pdf,1,pdf,1653,2339,0,0.926,no,0.000,no,no,3247.571,249.181,27.369,-0.000,0.734,no,no,accepted,,2f543bbfebd9f26241659de8ef2c4206dcecc8987fca3609098510953c7e53ad,0.038227,,keep,,yes
images/18-10-tf87261428-20251031fac003742-f5z00541-oc__p001.png,18-10  TF87261428_20251031FAC003742_F5Z00541_OC.pdf,1,pdf,1653,2339,0,0.905,no,0.000,no,no,5798.965,244.581,40.228,-0.000,0.745,no,no,accepted,,9fdd502d42c456d8012d8b7accfd0aa31ce1f8eeace62b49ecc087fb9e8d5341,0.056634,,keep,,yes
images/18-10-tf87261428-20251031fac003742-f5z00541-oc__p002.png,18-10  TF87261428_20251031FAC003742_F5Z00541_OC.pdf,2,pdf,1653,2339,0,0.928,no,0.000,no,no,1003.515,252.932,18.068,1.500,0.359,no,yes,review,contrast_enhanced;overexposed;skew_uncertain,0181fcbbbc0c6c08998a3486e675b46ff586fef555ae3031da280e9c97ddee87,0.011977,,review,,yes
images/18-10-tf87261428-20251031fac003742-f5z00541-oc__p003.png,18-10  TF87261428_20251031FAC003742_F5Z00541_OC.pdf,3,pdf,1653,2339,0,0.459,no,0.000,no,no,5665.441,245.269,37.058,-0.000,0.797,no,no,accepted,,0aaccd02dc724f166d8be07111f6cb611904c39cc5252800da0094381afe0c3e,0.056379,,keep,,yes
images/18-10-tf87261428-20251031fac003742-f5z00541-oc__p004.png,18-10  TF87261428_20251031FAC003742_F5Z00541_OC.pdf,4,pdf,1653,2339,180,0.474,no,0.000,no,no,1301.770,251.794,23.498,-0.500,0.486,no,no,review,orientation_uncertain;overexposed;skew_uncertain,d8e09b28f15950fe621be62663a31239e66997b450a743e4854e75288650f40a,0.017379,,review,,yes
images/1826102277-ucmj8mampwiv7uqtqo99xocvesls__p001.png,1826102277_ucmj8mampwiv7uqtqo99xocvesls.pdf,1,pdf,1654,2339,0,0.927,no,0.000,no,no,4829.377,243.720,40.472,-0.000,0.790,no,no,accepted,,58bfd02073270f925dc653f35899d616c2f65370abadbbbe26a23ac8e1521221,0.070061,,keep,,yes
images/1826102316-n6ax6qp0kgbbqnkiqchbc5t5lklr__p001.png,1826102316_n6ax6qp0kgbbqnkiqchbc5t5lklr.pdf,1,pdf,1653,2337,0,0.924,no,0.000,no,no,3093.219,249.304,27.336,0.500,0.516,no,no,accepted,,ef01e82ede14c93ffc79831a4f8d37fe17528b2324845a007e6e726573fef7a7,0.040795,,keep,,yes
images/19-10-taxis-paris-bercy__p001.png,19-10 TAXIS PARIS-BERCY.pdf,1,pdf,1654,2339,0,0.916,no,0.000,no,no,2017.367,243.756,32.967,-0.250,0.756,no,no,accepted,,8c0efb88c8db4c80691309db12d50e7ac58dd486903acdf83bb08278b187eb67,0.111175,,keep,,yes
images/2-1-invoice-36__p001.png,2-1  invoice (36).pdf,1,pdf,1654,2339,0,0.887,no,0.000,no,no,2933.215,246.388,32.858,-0.000,0.779,no,no,accepted,,cd4db01da8af38dfa421db9dea309b15782b7be45285e8757de281b01b3e1015,0.104652,,keep,,yes
images/2-1-invoice-36__p002.png,2-1  invoice (36).pdf,2,pdf,1654,2339,0,0.256,no,0.000,no,no,492.940,251.223,24.945,-0.250,0.490,no,no,review,overexposed,93592042de0527f079d731af08914822b444de9d794ea7b905d9d7c639f589f6,0.024131,,review,,yes
images/2-10-leroy-merlin__p001.png,2-10 LEROY MERLIN.pdf,1,pdf,1654,2339,0,0.925,no,0.636,no,no,3955.910,230.661,49.555,-0.250,0.805,no,no,review,document_contour_uncertain,2454be4585458615d8b95a37f2c493975a0d3d999ff728326c8a988ac9599230,0.237637,,review,,yes
images/2-10-leroy-merlin__p002.png,2-10 LEROY MERLIN.pdf,2,pdf,1654,2339,0,0.929,no,0.000,no,no,3608.504,231.554,49.128,-0.250,0.790,no,no,accepted,,710bfb42f7d6b81a9914a96aaa196e2a1bc3eb8a3738cfc208d25a3b01766ad0,0.224892,,keep,,yes
images/2-6-2026-07-10-13-39-1__p001.png,2-6 2026-07-10 13-39_1.pdf,1,pdf,1654,2360,0,0.920,no,0.000,no,no,2684.400,247.255,31.497,-0.000,0.775,no,no,accepted,,1d307eba06a9b77a3e6f63302c6fa91f6e2c3e4f5563bcf40b478c29894649e7,0.059837,,keep,,yes
images/2-6-compensation-0026949-202606-q2__p001.png,2-6 Compensation_0026949_202606_Q2.pdf,1,pdf,1655,2128,0,0.901,no,0.000,no,no,3214.276,247.893,30.875,-0.000,0.786,no,no,accepted,,b35efe0108c4fa789a9d5e5f559819bcc15a3ec8efa0f60c879361fda0c70d23,0.039839,,keep,,yes
images/2-6-compensation-0026949-202606-q2__p002.png,2-6 Compensation_0026949_202606_Q2.pdf,2,pdf,1655,2128,0,0.924,no,0.000,no,no,8728.599,238.770,45.637,-0.000,0.989,no,no,accepted,,78cfeca71696e6539bc6f79954dbb5499f9565d4b3fa40c4ab479e327a697012,0.088694,,keep,,yes
images/2-6-compensation-0026949-202606-q2__p003.png,2-6 Compensation_0026949_202606_Q2.pdf,3,pdf,1655,2128,0,0.926,no,0.000,no,no,10730.362,237.937,46.931,-0.000,1.000,no,no,accepted,,f1b7f0933c14ab7781674b4343870bd51a0feff1fb9349e0c017ef9b0fa8b3b3,0.093511,,keep,,yes
images/2-6-compensation-0026949-202606-q2__p004.png,2-6 Compensation_0026949_202606_Q2.pdf,4,pdf,1655,2128,0,0.926,no,0.000,no,no,10050.818,238.380,45.864,-0.000,0.996,no,no,accepted,,3aec1636eeaf30e362bc28a0c522831c3424df2c3d39f93a1a4c228bc320199d,0.092395,,keep,,yes
images/2-6-compensation-0026949-202606-q2__p005.png,2-6 Compensation_0026949_202606_Q2.pdf,5,pdf,1655,2128,0,0.926,no,0.000,no,no,10075.350,238.349,45.980,-0.000,0.996,no,no,accepted,,3ab90cb3760f2fc0b246ccb2e1e8524fe8b0de8613645b262da28eda07d28958,0.093132,,keep,,yes
images/2-6-compensation-0026949-202606-q2__p006.png,2-6 Compensation_0026949_202606_Q2.pdf,6,pdf,1655,2128,0,0.926,no,0.000,no,no,8550.821,240.628,43.070,-0.000,0.962,no,no,accepted,,365075f925a523fe2a8f26f9743f48ea0678399e6eae9fb29aa507c1e1ef7997,0.081172,,keep,,yes
images/2-6-compensation-0026949-202606-q2__p007.png,2-6 Compensation_0026949_202606_Q2.pdf,7,pdf,1655,2128,0,0.909,no,0.000,no,no,3730.043,248.091,32.996,-0.000,0.677,no,no,accepted,,a687f9b3d45170bf02adb8b6168d7babf697ddf1d440bd452fec06df16537689,0.038310,,keep,,yes
images/2-6-compensation-0026949-202606-q2__p008.png,2-6 Compensation_0026949_202606_Q2.pdf,8,pdf,1655,2128,0,0.923,no,0.000,no,no,5354.279,243.235,43.298,-0.000,0.779,no,no,accepted,,b2c946be0b8cf69fb29653dc1f74aabf3b3e277277f21f537a65aaf8ebc85869,0.059969,,keep,,yes
images/2-6-compensation-0026949-202606-q2__p009.png,2-6 Compensation_0026949_202606_Q2.pdf,9,pdf,1655,2128,0,0.913,no,0.000,no,no,4419.979,245.622,37.060,-0.000,0.794,no,no,accepted,,7fcf60c8b64d35b44971f0310c1c11de9baa45d234333bb5f34f115e954135fa,0.049460,,keep,,yes
images/2-6-pdf__p001.png,2-6-PDF-.pdf,1,pdf,1653,2339,0,0.913,no,0.000,no,no,4768.914,233.393,48.938,-0.000,0.520,no,no,accepted,,26777bfa404d7ba33e6e6739a44b8c4b378b953468e47b1a5dee2d4f33be54f3,0.224287,,keep,,yes
images/2-6-pdf__p002.png,2-6-PDF-.pdf,2,pdf,1653,2339,0,0.820,no,0.000,no,no,5889.322,244.609,38.494,-0.000,0.663,no,no,accepted,,f977499c731b4f52f6ab828e8729a385fb954c0e2a07d6cef46e824c851ce1e4,0.059994,,keep,,yes
images/20-1-facture-fact003730-43295__p001.png,20-1  facture-FACT003730-43295.pdf,1,pdf,1654,2339,0,0.926,no,0.000,no,no,2369.574,246.037,41.868,-0.250,0.647,no,no,accepted,,04f764d9eabeccd1cb1a9de30bce77d1c9a97b3b0e79a4abd1ff190c440db0f0,0.047764,,keep,,yes
images/20-10-bouyguestelecom-facture-20251006__p001.png,20-10  Bouyguestelecom_Facture_20251006.pdf,1,pdf,1653,2339,0,0.923,no,0.000,no,no,2774.697,243.827,41.723,-0.000,0.693,no,no,accepted,,08ebb577d77e21ba2b5acd075b65c26238d79abfb7f2fcfa23c4202ba7101da8,0.066648,,keep,,yes
images/20-10-bouyguestelecom-facture-20251006__p002.png,20-10  Bouyguestelecom_Facture_20251006.pdf,2,pdf,1653,2339,0,0.928,no,0.000,no,no,5323.325,240.162,44.023,-0.000,0.865,no,no,accepted,,26a95e1679506dce5a1db22f5933a9405b158f80584b12b25bf108f255f27d95,0.096428,dup_008,review,exact_duplicate,yes
images/20-10-bouyguestelecom-facture-20251006__p003.png,20-10  Bouyguestelecom_Facture_20251006.pdf,3,pdf,1653,2339,0,0.927,no,0.000,no,no,1860.970,248.364,29.692,-0.000,0.666,no,no,accepted,,4f4be343a49f20b5448cff8670613f2903108b7e93b81e4a555075a9d7456f39,0.045518,,keep,,yes
images/20-10-bouyguestelecom-facture-20251006__p004.png,20-10  Bouyguestelecom_Facture_20251006.pdf,4,pdf,1653,2339,0,0.924,no,0.000,no,no,1931.145,249.892,26.187,-0.500,0.524,no,no,review,skew_uncertain,c835fbe5b378a93451cf0cbca7239c6863369e180568f3ef5b87d9006197a4fd,0.033658,,review,,yes
images/20-10-bouyguestelecom-facture-20251006__p005.png,20-10  Bouyguestelecom_Facture_20251006.pdf,5,pdf,1653,2339,0,0.926,no,0.000,no,no,2117.315,248.178,30.244,-0.000,0.700,no,no,accepted,,86aa6bfb6b91f5ec030c4d1c1eb2d693a4b67ca26bc57750c6ed5e641555fc08,0.046337,,keep,,yes
images/20-10-bouyguestelecom-facture-20251006__p006.png,20-10  Bouyguestelecom_Facture_20251006.pdf,6,pdf,1653,2339,0,0.925,no,0.000,no,no,2208.066,249.443,26.974,-0.500,0.527,no,no,review,skew_uncertain,7387ce15ab8693cc19039c4819c7609660fcc0f2361e6ea8109ab1f0a5c4239f,0.036501,,review,,yes
images/2026-01-77156325-1__p001.png,2026-01-77156325-1.pdf,1,pdf,1654,2339,0,0.926,no,0.000,no,no,3999.216,244.112,37.531,-0.000,0.756,no,no,accepted,,5bb7fbad09dccd73d107f543a224a3ca090b655261aa6716c2d0be5a3418c48b,0.099492,,keep,,yes
images/2033367893-x3wnsvh04s72l0inn07o4101bkbr__p001.png,2033367893_x3wnsvh04s72l0inn07o4101bkbr.pdf,1,pdf,1674,2354,0,0.926,no,0.557,no,no,4192.589,242.437,37.577,-0.500,0.651,yes,no,review,deskewed;document_contour_uncertain,4a09aa7de222065aa4581f2412d67c3c7079cee2e63e3bcaab6ae30bb7e66053,0.113974,,review,,yes
images/2033367896-94muaytmeg0qha1erqzd97u46tw6__p001.png,2033367896_94muaytmeg0qha1erqzd97u46tw6.pdf,1,pdf,1654,2339,0,0.930,no,0.000,no,no,4785.868,244.142,37.024,-0.000,0.794,no,no,accepted,,83aec45d3eaad9fce2e5fb39ab1e3c60924defff7f954c5a509e3678983fc994,0.084261,,keep,,yes
images/2033367897-5kdnmwuxro9htaa2yqezmjvn88zr__p001.png,2033367897_5kdnmwuxro9htaa2yqezmjvn88zr.pdf,1,pdf,1654,2339,0,0.930,no,0.000,no,no,4785.957,244.139,37.022,-0.000,0.794,no,no,accepted,,b1aa78ef33e60ea9986219142db411639b3716965448e4a66a26a7c7729115bb,0.084301,,keep,,yes
images/21-1-appelloyer-707840-1__p001.png,21-1  AppelLoyer_707840_1.pdf,1,pdf,1653,2339,0,0.893,no,0.000,no,no,4482.451,245.520,35.388,-0.000,0.771,no,no,accepted,,190c81eed1615d855a93860c92345e962fd9ac04b0f9623b9600c9029400e1ff,0.067559,,keep,,yes
images/21-10-edf__p001.png,21-10 EDF.pdf,1,pdf,1654,2339,0,0.928,no,0.000,no,no,1693.825,246.004,30.764,0.250,0.767,no,no,accepted,,949789d0c71030a036a7551f2085b26638386e934bfe22de20da3693cd0d6ccb,0.102759,,keep,,yes
images/21-10-sci-dv-patrimoine__p001.png,21-10 SCI DV PATRIMOINE.pdf,1,pdf,1654,2339,0,0.926,no,0.000,no,no,1319.627,251.371,25.721,-0.250,0.610,no,no,review,overexposed,cfde98780d9b7d37d4cf571e3091ac69681fe88379520782a0aa06e984ce43f5,0.020259,,review,,yes
images/21069563940864-u6y501h2aavgfhfby5cmm91g4sp5__p001.png,21069563940864_u6y501h2aavgfhfby5cmm91g4sp5.pdf,1,pdf,1654,2339,0,0.926,no,0.000,no,no,1435.748,248.800,29.480,-0.000,0.726,no,no,accepted,,395fad5cda7a341010a064154611a6537e7c29cad13570088d640403d3770206,0.068536,,keep,,yes
images/21069563944960-1vyrsn0wswz5vr2pintknjthih9n__p001.png,21069563944960_1vyrsn0wswz5vr2pintknjthih9n.pdf,1,pdf,1654,2339,0,0.926,no,0.000,no,no,1398.059,248.878,29.310,-0.000,0.734,no,no,accepted,,4f7a6d1fa328df9ce8bfe30fc3e3443637ee30cfb5c18061430ae0411cdcde26,0.067969,,keep,,yes
images/21069563949056-e54jg4zjki54o7mb1zr1vhy80pke__p001.png,21069563949056_e54jg4zjki54o7mb1zr1vhy80pke.pdf,1,pdf,1654,2339,0,0.871,no,0.000,no,no,3019.365,245.875,30.915,0.250,0.708,no,no,accepted,,a7a8522b5a80aea1823aa73ef0f04bfba1b3680ef0d474f1d2455ea84538fc0f,0.101981,,keep,,yes
images/21069563953152-ofzibi3xndffy438flv1pn0041q6__p001.png,21069563953152_ofzibi3xndffy438flv1pn0041q6.pdf,1,pdf,1654,2339,0,0.925,no,0.000,no,no,7064.298,220.338,51.879,-0.000,0.955,no,no,accepted,,8c7a63964bba7a83c9ef51f5946183d146b2927d4fe4ed2fedde0386368b6a21,0.356780,,keep,,yes
images/21069563953152-ofzibi3xndffy438flv1pn0041q6__p002.png,21069563953152_ofzibi3xndffy438flv1pn0041q6.pdf,2,pdf,1654,2339,0,0.928,no,0.000,no,no,6908.316,220.668,51.591,-0.000,0.959,no,no,accepted,,4784415f127d4b76a83d215dbd9edc7be2c4a6ce4ea1470d911edefa056f53bd,0.355579,,keep,,yes
images/21069563953152-ofzibi3xndffy438flv1pn0041q6__p003.png,21069563953152_ofzibi3xndffy438flv1pn0041q6.pdf,3,pdf,1654,2339,0,0.927,no,0.000,no,no,6979.412,220.505,51.712,-0.000,0.962,no,no,accepted,,13ace9a362ff34b95213b164f7cc7ff23999718a9da122caa1fa46deb87afce7,0.356206,,keep,,yes
images/21069563953152-ofzibi3xndffy438flv1pn0041q6__p004.png,21069563953152_ofzibi3xndffy438flv1pn0041q6.pdf,4,pdf,1654,2339,0,0.908,no,0.000,no,no,6972.331,220.543,51.698,-0.000,0.966,no,no,accepted,,e4263b1629bfb724b5e28f27e62ad0777178a6ce032c2183fbe31002a33745ca,0.355906,,keep,,yes
images/21069563953152-ofzibi3xndffy438flv1pn0041q6__p005.png,21069563953152_ofzibi3xndffy438flv1pn0041q6.pdf,5,pdf,1654,2339,0,0.927,no,0.000,no,no,5562.739,222.848,49.634,-0.000,0.940,no,no,accepted,,8251d87d646cbdf2584f290adf265cf2450323aa4bb843bd6ce9cd3ac7351400,0.347110,,keep,,yes
images/21069563953152-ofzibi3xndffy438flv1pn0041q6__p006.png,21069563953152_ofzibi3xndffy438flv1pn0041q6.pdf,6,pdf,1654,2339,0,0.642,no,0.636,no,no,1692.156,229.114,43.619,-0.250,0.557,no,no,review,document_contour_uncertain,d974e328512c9d188719c07a41c305a89ab0ab5e3b88a264f838fb9d1663c736,0.319313,,review,,yes
images/21069563953152-ofzibi3xndffy438flv1pn0041q6__p007.png,21069563953152_ofzibi3xndffy438flv1pn0041q6.pdf,7,pdf,1654,2339,0,0.932,no,0.000,no,no,3094.347,232.618,43.899,-0.000,0.745,no,no,accepted,,3e9002f0601b05473d632ad286791ca55fc64ae947a9831a6456fdd1f4dbd187,0.243780,,keep,,yes
images/21069563953152-ofzibi3xndffy438flv1pn0041q6__p008.png,21069563953152_ofzibi3xndffy438flv1pn0041q6.pdf,8,pdf,1654,2339,0,0.926,no,0.000,no,no,2895.640,248.157,23.886,-0.000,1.000,no,no,accepted,,8ab8e8dee3525533c9fe41b48217e835e9a7f401ca188eeaab5c30ef7b1bdaa3,0.061714,dup_009,review,exact_duplicate,yes
images/21069563961344-3hnwlyna58uh39upneqc5sworwgi__p001.png,21069563961344_3hnwlyna58uh39upneqc5sworwgi.pdf,1,pdf,1654,2339,0,0.931,no,0.000,no,no,6997.729,220.431,51.838,-0.000,0.936,no,no,accepted,,12e25f0934ceda0afc13fa96e0cc1f937fdf5fa74c13e3a9cb30b1fe93907263,0.356279,,keep,,yes
images/21069563961344-3hnwlyna58uh39upneqc5sworwgi__p002.png,21069563961344_3hnwlyna58uh39upneqc5sworwgi.pdf,2,pdf,1654,2339,0,0.912,no,0.000,no,no,6961.000,220.580,51.657,-0.000,0.962,no,no,accepted,,947eb8d05516df2c98d7a4979a471e59f9fdae3561169277f39b7b0ffc76f514,0.355993,,keep,,yes
images/21069563961344-3hnwlyna58uh39upneqc5sworwgi__p003.png,21069563961344_3hnwlyna58uh39upneqc5sworwgi.pdf,3,pdf,1654,2339,0,0.932,no,0.000,no,no,6900.556,220.644,51.631,-0.000,0.966,no,no,accepted,,201416183327982d19601d0a36c67b75a26fca8281e3b97be46fa643911815d6,0.355450,,keep,,yes
images/21069563961344-3hnwlyna58uh39upneqc5sworwgi__p004.png,21069563961344_3hnwlyna58uh39upneqc5sworwgi.pdf,4,pdf,1654,2339,0,0.891,no,0.000,no,no,7029.215,220.441,51.743,-0.000,0.970,no,no,accepted,,c5dda3866488f7af5eea980dec1cde8fea18ad25756958db9e16426fb591b819,0.356618,,keep,,yes
images/21069563961344-3hnwlyna58uh39upneqc5sworwgi__p005.png,21069563961344_3hnwlyna58uh39upneqc5sworwgi.pdf,5,pdf,1654,2339,0,0.932,no,0.000,no,no,4528.413,230.317,46.400,-0.000,0.794,no,no,accepted,,3739c3b12d0c37de304ab204b7a66818c9cc345042ab4c322844bd1d1413b258,0.254333,,keep,,yes
images/21069563961344-3hnwlyna58uh39upneqc5sworwgi__p006.png,21069563961344_3hnwlyna58uh39upneqc5sworwgi.pdf,6,pdf,1654,2339,0,0.926,no,0.000,no,no,2895.640,248.157,23.886,-0.000,1.000,no,no,accepted,,8ab8e8dee3525533c9fe41b48217e835e9a7f401ca188eeaab5c30ef7b1bdaa3,0.061714,dup_009,review,exact_duplicate,yes
images/21069563969536-elec1oujr6wu5tuhlugukqguy5ni__p001.png,21069563969536_elec1oujr6wu5tuhlugukqguy5ni.pdf,1,pdf,1654,2339,0,0.908,no,0.000,no,no,6704.709,220.891,51.397,-0.000,0.914,no,no,accepted,,fdb72fe013d2a1a8ab77d831c16209d5f1d43a95c8ffacaf79e3377af9945b02,0.354852,,keep,,yes
images/21069563969536-elec1oujr6wu5tuhlugukqguy5ni__p002.png,21069563969536_elec1oujr6wu5tuhlugukqguy5ni.pdf,2,pdf,1654,2339,0,0.931,no,0.000,no,no,2689.300,233.326,43.037,-0.000,0.790,no,no,accepted,,2f08896145531f648e840a41951e5f7017221ac6049d286be11731ccefda909e,0.240713,,keep,,yes
images/21069563969536-elec1oujr6wu5tuhlugukqguy5ni__p003.png,21069563969536_elec1oujr6wu5tuhlugukqguy5ni.pdf,3,pdf,1654,2339,0,0.926,no,0.000,no,no,2895.640,248.157,23.886,-0.000,1.000,no,no,accepted,,8ab8e8dee3525533c9fe41b48217e835e9a7f401ca188eeaab5c30ef7b1bdaa3,0.061714,dup_009,review,exact_duplicate,yes
images/21069563977728-y3l1tud5aibx4j5895k7aou6uh60__p001.png,21069563977728_y3l1tud5aibx4j5895k7aou6uh60.pdf,1,pdf,2339,1654,0,0.934,no,0.000,no,no,3653.411,225.301,47.521,-0.000,0.850,no,no,accepted,,373a2784af299c2f038fc768845866cd7f75e8c8f47a61ff7ea123425e230ccd,0.348068,,keep,,yes
images/21069563977728-y3l1tud5aibx4j5895k7aou6uh60__p002.png,21069563977728_y3l1tud5aibx4j5895k7aou6uh60.pdf,2,pdf,2339,1654,0,0.929,no,0.000,no,no,5124.349,222.795,49.613,-0.000,0.775,no,no,accepted,,2f89e00b9bbb0d8d1b401dc941051e2d7827910a2748d68c285109b6a123dfd4,0.360284,,keep,,yes
images/21069563977728-y3l1tud5aibx4j5895k7aou6uh60__p003.png,21069563977728_y3l1tud5aibx4j5895k7aou6uh60.pdf,3,pdf,2339,1654,0,0.921,no,0.000,no,no,5085.652,222.964,49.474,-0.000,0.760,no,no,accepted,,aee03fa97b4233b0fbf62e59831e45ec3503bc827bb688d7bc53aab900af02f4,0.359469,,keep,,yes
images/21069563977728-y3l1tud5aibx4j5895k7aou6uh60__p004.png,21069563977728_y3l1tud5aibx4j5895k7aou6uh60.pdf,4,pdf,2339,1654,0,0.924,no,0.000,no,no,5481.592,222.354,49.944,-0.000,0.738,no,no,accepted,,556cd915e8cbc8c83aea6610870a3f1682440a357f8163d44a386784722de26d,0.362701,,keep,,yes
images/21069563977728-y3l1tud5aibx4j5895k7aou6uh60__p005.png,21069563977728_y3l1tud5aibx4j5895k7aou6uh60.pdf,5,pdf,2339,1654,0,0.924,no,0.000,no,no,5453.317,222.334,49.952,-0.000,0.738,no,no,accepted,,08953fe8e2f72dc386d7a86910c4b834626a5387967c686b2f818adb1a179742,0.362753,,keep,,yes
images/21069563977728-y3l1tud5aibx4j5895k7aou6uh60__p006.png,21069563977728_y3l1tud5aibx4j5895k7aou6uh60.pdf,6,pdf,2339,1654,0,0.926,no,0.000,no,no,5425.222,222.413,49.903,-0.000,0.738,no,no,accepted,,df0976129c167f9db4eb590d1f40186548f537da4aef0197727c7f83090711ed,0.362396,,keep,,yes
images/21069563977728-y3l1tud5aibx4j5895k7aou6uh60__p007.png,21069563977728_y3l1tud5aibx4j5895k7aou6uh60.pdf,7,pdf,2339,1654,0,0.915,no,0.000,no,no,5338.941,222.564,49.765,-0.000,0.767,no,no,accepted,,b386a5b9d59a32fa880a8f2d3b58227e169a0d91a2373bac0fc40ae216abc6d1,0.361709,,keep,,yes
images/21069563977728-y3l1tud5aibx4j5895k7aou6uh60__p008.png,21069563977728_y3l1tud5aibx4j5895k7aou6uh60.pdf,8,pdf,2339,1654,0,0.923,no,0.000,no,no,5345.390,222.540,49.826,-0.000,0.730,no,no,accepted,,e48231206155c69012e00c704604cfa8f9adc341a6345b08e60525f2d3ec76ee,0.361548,,keep,,yes
images/21069563977728-y3l1tud5aibx4j5895k7aou6uh60__p009.png,21069563977728_y3l1tud5aibx4j5895k7aou6uh60.pdf,9,pdf,2339,1654,0,0.924,no,0.000,no,no,5326.528,222.551,49.771,-0.000,0.756,no,no,accepted,,e5beeb3b83eabb8c557a0dd979b5cdc4639e60b7aa15cbfc991c09a8e45e7e97,0.361668,,keep,,yes
images/21069563977728-y3l1tud5aibx4j5895k7aou6uh60__p010.png,21069563977728_y3l1tud5aibx4j5895k7aou6uh60.pdf,10,pdf,2339,1654,0,0.924,no,0.000,no,no,5467.139,222.377,49.934,-0.000,0.726,no,no,accepted,,5038ef3ab2bf5fb79d00c167ad1af969ef133a3b71056f92f179b67fb7464580,0.362582,,keep,,yes
images/21069563977728-y3l1tud5aibx4j5895k7aou6uh60__p011.png,21069563977728_y3l1tud5aibx4j5895k7aou6uh60.pdf,11,pdf,2339,1654,0,0.927,no,0.000,no,no,5116.940,222.950,49.448,-0.000,0.726,no,no,accepted,,fdfa863b9ab0f2c37b4a5fec984b2b0c1b85d786e34579aeed01e64cb4608ff9,0.359894,,keep,,yes
images/21069563977728-y3l1tud5aibx4j5895k7aou6uh60__p012.png,21069563977728_y3l1tud5aibx4j5895k7aou6uh60.pdf,12,pdf,2339,1654,0,0.816,no,0.000,no,no,4208.487,224.401,48.077,-0.000,0.738,no,no,accepted,,a4dfbfb29481a2fd7e50cb76a6e90dde0ad6dd8c123aae803b52ac3c44df79c4,0.354101,,keep,,yes
images/21069563977728-y3l1tud5aibx4j5895k7aou6uh60__p013.png,21069563977728_y3l1tud5aibx4j5895k7aou6uh60.pdf,13,pdf,2339,1654,0,0.885,no,0.000,no,no,3388.087,225.404,47.755,-0.000,0.764,no,no,accepted,,76adb26b64191650566d2a4bb74c7861ba935d738a593022ad24889d13ac3f1e,0.346496,,keep,,yes
images/21069563977728-y3l1tud5aibx4j5895k7aou6uh60__p014.png,21069563977728_y3l1tud5aibx4j5895k7aou6uh60.pdf,14,pdf,2339,1654,0,0.916,no,0.000,no,no,3368.767,227.829,48.186,0.250,0.745,no,no,accepted,,1181e0d299be6eedf2e98fd878a6280e748041496f052210ca0a7290dd3ae8c0,0.300072,,keep,,yes
images/21069563977728-y3l1tud5aibx4j5895k7aou6uh60__p015.png,21069563977728_y3l1tud5aibx4j5895k7aou6uh60.pdf,15,pdf,2339,1654,0,0.928,no,0.000,no,no,2903.296,248.147,23.925,-0.000,0.756,no,no,accepted,,307022d6f3da872aa3cffac2a58686d3293121370371044e0c7c9fd5f2b399a7,0.061756,dup_010,review,exact_duplicate,yes
images/21069563994112-pl012zxayyf1wikkb1f0y1f21w0g__p001.png,21069563994112_pl012zxayyf1wikkb1f0y1f21w0g.pdf,1,pdf,1654,2339,0,0.919,no,0.000,no,no,7131.825,220.221,51.942,-0.000,0.951,no,no,accepted,,dfd2fface9db75b1c33086e411c8d0aaf1327f9a0ca167ce07b9b519e4c1b4cb,0.357505,,keep,,yes
images/21069563994112-pl012zxayyf1wikkb1f0y1f21w0g__p002.png,21069563994112_pl012zxayyf1wikkb1f0y1f21w0g.pdf,2,pdf,1654,2339,0,0.934,no,0.000,no,no,4651.505,230.145,46.635,-0.000,0.843,no,no,accepted,,523ac69ca7b0508812d9d7275e0e26175fa3ff21d63f7edefcb1db94d67c737f,0.254967,,keep,,yes
images/21069563994112-pl012zxayyf1wikkb1f0y1f21w0g__p003.png,21069563994112_pl012zxayyf1wikkb1f0y1f21w0g.pdf,3,pdf,1654,2339,0,0.926,no,0.000,no,no,2895.640,248.157,23.886,-0.000,1.000,no,no,accepted,,8ab8e8dee3525533c9fe41b48217e835e9a7f401ca188eeaab5c30ef7b1bdaa3,0.061714,dup_009,review,exact_duplicate,yes
images/21069564002304-5ru2k5d2p7rtdumc3aomkqc9bioo__p001.png,21069564002304_5ru2k5d2p7rtdumc3aomkqc9bioo.pdf,1,pdf,2339,1654,0,0.913,no,0.000,no,no,2871.594,226.540,46.306,0.250,0.771,no,no,accepted,,c63b04025222eabd2eee0b72b49f7b8cba38c0af85bb6270c81ed29977b7dcd5,0.342844,,keep,,yes
images/21069564002304-5ru2k5d2p7rtdumc3aomkqc9bioo__p002.png,21069564002304_5ru2k5d2p7rtdumc3aomkqc9bioo.pdf,2,pdf,2339,1654,0,0.928,no,0.000,no,no,5113.113,222.837,49.580,-0.000,0.767,no,no,accepted,,8db0e539bb72a536da31a1216ec34ec8e8478f9f88de108903d1b689c373a5c1,0.360179,,keep,,yes
images/21069564002304-5ru2k5d2p7rtdumc3aomkqc9bioo__p003.png,21069564002304_5ru2k5d2p7rtdumc3aomkqc9bioo.pdf,3,pdf,2339,1654,0,0.919,no,0.000,no,no,5055.949,222.969,49.455,-0.000,0.767,no,no,accepted,,81bf9c1c3f8df8965edcbf04dd97f7605abde14c110621dd48cb110a0766de9a,0.359508,,keep,,yes
images/21069564002304-5ru2k5d2p7rtdumc3aomkqc9bioo__p004.png,21069564002304_5ru2k5d2p7rtdumc3aomkqc9bioo.pdf,4,pdf,2339,1654,0,0.924,no,0.000,no,no,5508.015,222.360,49.932,-0.000,0.756,no,no,accepted,,80db4ce5afb8b26e45cb9aca64aa6db3ed0341803a29951429de0b3e963d123e,0.362685,,keep,,yes
images/21069564002304-5ru2k5d2p7rtdumc3aomkqc9bioo__p005.png,21069564002304_5ru2k5d2p7rtdumc3aomkqc9bioo.pdf,5,pdf,2339,1654,0,0.922,no,0.000,no,no,5457.314,222.393,49.924,-0.000,0.745,no,no,accepted,,04ef5504af99264777d81074afc3f571b3b543dc201517d2436544bc70c2af2e,0.362465,,keep,,yes
images/21069564002304-5ru2k5d2p7rtdumc3aomkqc9bioo__p006.png,21069564002304_5ru2k5d2p7rtdumc3aomkqc9bioo.pdf,6,pdf,2339,1654,0,0.925,no,0.000,no,no,5487.373,222.304,49.969,-0.000,0.738,no,no,accepted,,3f4186dfc3544692bc161228c62ed95e6739817c480611cc7d1a4c01078c93c9,0.362838,,keep,,yes
images/21069564002304-5ru2k5d2p7rtdumc3aomkqc9bioo__p007.png,21069564002304_5ru2k5d2p7rtdumc3aomkqc9bioo.pdf,7,pdf,2339,1654,0,0.923,no,0.000,no,no,5373.145,222.555,49.773,-0.000,0.741,no,no,accepted,,33250a08610443b64129c0c3483e19ae70b311fa7fe7a251cee47e4e1d99cfd8,0.361823,,keep,,yes
images/21069564002304-5ru2k5d2p7rtdumc3aomkqc9bioo__p008.png,21069564002304_5ru2k5d2p7rtdumc3aomkqc9bioo.pdf,8,pdf,2339,1654,0,0.926,no,0.000,no,no,5452.680,222.379,49.910,-0.000,0.753,no,no,accepted,,ce8916b30df59d27b6a9a83fdf50bf381df261a846a0c3614ccf143bcdd3297d,0.362569,,keep,,yes
images/21069564002304-5ru2k5d2p7rtdumc3aomkqc9bioo__p009.png,21069564002304_5ru2k5d2p7rtdumc3aomkqc9bioo.pdf,9,pdf,2339,1654,0,0.925,no,0.000,no,no,5269.433,222.692,49.705,-0.000,0.756,no,no,accepted,,6e4ccddd7f3e72725672f4210d8e3a708bf972213e43fb46ae23974b8fd8fc4d,0.360810,,keep,,yes
images/21069564002304-5ru2k5d2p7rtdumc3aomkqc9bioo__p010.png,21069564002304_5ru2k5d2p7rtdumc3aomkqc9bioo.pdf,10,pdf,2339,1654,0,0.926,no,0.000,no,no,5412.541,222.454,49.890,-0.000,0.738,no,no,accepted,,387c42150e4f2d2f78386b5ee62ae27113d87ba90151bd93847ebe4d6ebd5228,0.362078,,keep,,yes
images/21069564002304-5ru2k5d2p7rtdumc3aomkqc9bioo__p011.png,21069564002304_5ru2k5d2p7rtdumc3aomkqc9bioo.pdf,11,pdf,2339,1654,0,0.927,no,0.000,no,no,5269.744,222.667,49.705,-0.000,0.753,no,no,accepted,,b942cddd01c50466b4b75927582388b15cc62532c9415ead25dd374945346505,0.361032,,keep,,yes
images/21069564002304-5ru2k5d2p7rtdumc3aomkqc9bioo__p012.png,21069564002304_5ru2k5d2p7rtdumc3aomkqc9bioo.pdf,12,pdf,2339,1654,0,0.923,no,0.000,no,no,5332.376,222.591,49.760,-0.000,0.726,no,no,accepted,,485b382ff32ee105d0276edafd85c56b8855a5957eeb0914059e9010b1826fc0,0.361570,,keep,,yes
images/21069564002304-5ru2k5d2p7rtdumc3aomkqc9bioo__p013.png,21069564002304_5ru2k5d2p7rtdumc3aomkqc9bioo.pdf,13,pdf,2339,1654,0,0.925,no,0.000,no,no,5030.572,223.126,49.102,-0.000,0.734,no,no,accepted,,4d2618a824402c9423db3e800b2df4deef91df8ed64788b615c030aec38fb36f,0.360365,,keep,,yes
images/21069564002304-5ru2k5d2p7rtdumc3aomkqc9bioo__p014.png,21069564002304_5ru2k5d2p7rtdumc3aomkqc9bioo.pdf,14,pdf,2339,1654,0,0.930,no,0.000,no,no,2960.527,226.201,46.798,-0.000,0.666,no,no,accepted,,cc2136cc7d4152d73a359fb569180a6f6c5b5ef774acb12e63176cb13d80feb7,0.343874,,keep,,yes
images/21069564002304-5ru2k5d2p7rtdumc3aomkqc9bioo__p015.png,21069564002304_5ru2k5d2p7rtdumc3aomkqc9bioo.pdf,15,pdf,2339,1654,0,0.823,no,0.000,no,no,2813.617,226.505,46.666,0.250,0.711,no,no,accepted,,3f31ec29e2bc29bd2ac417b741c6ae9213f9d84dbfbe23af7d2063648f4b09f7,0.341683,,keep,,yes
images/21069564002304-5ru2k5d2p7rtdumc3aomkqc9bioo__p016.png,21069564002304_5ru2k5d2p7rtdumc3aomkqc9bioo.pdf,16,pdf,2339,1654,0,0.911,no,0.000,no,no,3364.294,227.839,48.173,0.250,0.734,no,no,accepted,,af1cec80488ad7c278c6cfdb04204c5957e5cb10cb3ade4dfcfeadd891e7186f,0.300063,,keep,,yes
images/21069564002304-5ru2k5d2p7rtdumc3aomkqc9bioo__p017.png,21069564002304_5ru2k5d2p7rtdumc3aomkqc9bioo.pdf,17,pdf,2339,1654,0,0.928,no,0.000,no,no,2903.296,248.147,23.925,-0.000,0.756,no,no,accepted,,307022d6f3da872aa3cffac2a58686d3293121370371044e0c7c9fd5f2b399a7,0.061756,dup_010,review,exact_duplicate,yes
images/21069564010496-008pga3y241y72qszbr7343niqvq__p001.png,21069564010496_008pga3y241y72qszbr7343niqvq.pdf,1,pdf,1654,2339,0,0.916,no,0.000,no,no,7172.570,220.192,51.949,-0.000,0.944,no,no,accepted,,f23214586f484de79d289b9b3e4c283397ba7011f6a78c25deac3645c50d2058,0.357781,,keep,,yes
images/21069564010496-008pga3y241y72qszbr7343niqvq__p002.png,21069564010496_008pga3y241y72qszbr7343niqvq.pdf,2,pdf,1654,2339,0,0.942,no,0.000,no,no,2553.447,227.721,45.107,-0.000,0.828,no,no,accepted,,87ae01e2ec40ab697293adb3ec823514d495587ff8a05c102c96206247d42f6c,0.325477,,keep,,yes
images/21069564010496-008pga3y241y72qszbr7343niqvq__p003.png,21069564010496_008pga3y241y72qszbr7343niqvq.pdf,3,pdf,1654,2339,0,0.937,no,0.000,no,no,3595.993,231.545,45.132,-0.000,0.884,no,no,accepted,,a79b498d133709548c1e56cc6d40d88e97efba001c1dd5a05b88c8d5a70668b3,0.248865,,keep,,yes
images/21069564010496-008pga3y241y72qszbr7343niqvq__p004.png,21069564010496_008pga3y241y72qszbr7343niqvq.pdf,4,pdf,1654,2339,0,0.926,no,0.000,no,no,2895.640,248.157,23.886,-0.000,1.000,no,no,accepted,,8ab8e8dee3525533c9fe41b48217e835e9a7f401ca188eeaab5c30ef7b1bdaa3,0.061714,dup_009,review,exact_duplicate,yes
images/21069564026880-hk00o0gnlinm3spj629vqoc37dqz__p001.png,21069564026880_hk00o0gnlinm3spj629vqoc37dqz.pdf,1,pdf,2339,1654,0,0.925,no,0.000,no,no,3223.584,225.950,46.883,-0.000,0.805,no,no,accepted,,bbcca788ab64b350e14c77ef5bf53cc3ad118cc748fe5c915d5e434e9f75e4f6,0.345271,,keep,,yes
images/21069564026880-hk00o0gnlinm3spj629vqoc37dqz__p002.png,21069564026880_hk00o0gnlinm3spj629vqoc37dqz.pdf,2,pdf,2339,1654,0,0.928,no,0.000,no,no,4917.922,223.120,49.378,-0.000,0.756,no,no,accepted,,bbbc440d0721683102b2b85b2383ea59f26b8e443e4f328f5ea4037a8e5c9b27,0.358574,,keep,,yes
images/21069564026880-hk00o0gnlinm3spj629vqoc37dqz__p003.png,21069564026880_hk00o0gnlinm3spj629vqoc37dqz.pdf,3,pdf,2339,1654,0,0.927,no,0.000,no,no,5238.655,222.718,49.649,-0.000,0.753,no,no,accepted,,7cd8c597f06eac07c722bd596d93349456b374a8753b3293d0f3127fd1279beb,0.360700,,keep,,yes
images/21069564026880-hk00o0gnlinm3spj629vqoc37dqz__p004.png,21069564026880_hk00o0gnlinm3spj629vqoc37dqz.pdf,4,pdf,2339,1654,0,0.923,no,0.000,no,no,5509.861,222.283,49.962,-0.000,0.741,no,no,accepted,,ce4e090f815ebabcbb9b00b674890c81bde5536131e1f734d59aed0bd329f178,0.363098,,keep,,yes
images/21069564026880-hk00o0gnlinm3spj629vqoc37dqz__p005.png,21069564026880_hk00o0gnlinm3spj629vqoc37dqz.pdf,5,pdf,2339,1654,0,0.926,no,0.000,no,no,5467.327,222.329,49.947,-0.000,0.726,no,no,accepted,,f7f6c22318a29eb1c601bb55c512919dfbc64246ec206d12c5e1bc10fb175720,0.362715,,keep,,yes
images/21069564026880-hk00o0gnlinm3spj629vqoc37dqz__p006.png,21069564026880_hk00o0gnlinm3spj629vqoc37dqz.pdf,6,pdf,2339,1654,0,0.926,no,0.000,no,no,5269.020,222.668,49.692,-0.000,0.730,no,no,accepted,,e05af1b445351a60f703173c2826a8e8ebdc532d2f06e4d1bca4b17d493b8b6d,0.361113,,keep,,yes
images/21069564026880-hk00o0gnlinm3spj629vqoc37dqz__p007.png,21069564026880_hk00o0gnlinm3spj629vqoc37dqz.pdf,7,pdf,2339,1654,0,0.926,no,0.000,no,no,5566.435,222.308,49.969,-0.000,0.760,no,no,accepted,,2a1e40848dd5f8cf682bacdf5e50634692f8567922d7a9724d8488f7154dff44,0.362969,,keep,,yes
images/21069564026880-hk00o0gnlinm3spj629vqoc37dqz__p008.png,21069564026880_hk00o0gnlinm3spj629vqoc37dqz.pdf,8,pdf,2339,1654,0,0.926,no,0.000,no,no,5422.624,222.447,49.853,-0.000,0.745,no,no,accepted,,27cb75054a484b2438550287b7c2b516bf55eaca295b600f24ce7982d9c78d96,0.362310,,keep,,yes
images/21069564026880-hk00o0gnlinm3spj629vqoc37dqz__p009.png,21069564026880_hk00o0gnlinm3spj629vqoc37dqz.pdf,9,pdf,2339,1654,0,0.924,no,0.000,no,no,5335.353,222.562,49.737,-0.000,0.741,no,no,accepted,,626491da516e4bc0dd465e46e638fd3726b32f8b54fa9ead15104bdd279d22b6,0.361784,,keep,,yes
images/21069564026880-hk00o0gnlinm3spj629vqoc37dqz__p010.png,21069564026880_hk00o0gnlinm3spj629vqoc37dqz.pdf,10,pdf,2339,1654,0,0.925,no,0.000,no,no,5324.892,222.580,49.838,-0.000,0.730,no,no,accepted,,c2b515d15d5649637062089d58c2761f28043f74143a4b84fc0f6a1c159a61ae,0.361156,,keep,,yes
images/21069564026880-hk00o0gnlinm3spj629vqoc37dqz__p011.png,21069564026880_hk00o0gnlinm3spj629vqoc37dqz.pdf,11,pdf,2339,1654,0,0.921,no,0.000,no,no,5235.024,222.731,49.607,-0.000,0.741,no,no,accepted,,42d549be6c04d0423df837e437bc77e15bc884964eaf9a628924bb3f4d085d07,0.361052,,keep,,yes
images/21069564026880-hk00o0gnlinm3spj629vqoc37dqz__p012.png,21069564026880_hk00o0gnlinm3spj629vqoc37dqz.pdf,12,pdf,2339,1654,0,0.925,no,0.000,no,no,5553.673,222.260,50.003,-0.000,0.730,no,no,accepted,,36dd78e72307d7162c927215d5b7582cb6248ff2544f096cb24777463c6c32ee,0.363115,,keep,,yes
images/21069564026880-hk00o0gnlinm3spj629vqoc37dqz__p013.png,21069564026880_hk00o0gnlinm3spj629vqoc37dqz.pdf,13,pdf,2339,1654,0,0.930,no,0.000,no,no,5042.134,223.067,49.204,-0.000,0.711,no,no,accepted,,2b6a9f29b994b6599e5c049e4e2295fa7487d5504dc06c88655a05489ae067dd,0.360276,,keep,,yes
images/21069564026880-hk00o0gnlinm3spj629vqoc37dqz__p014.png,21069564026880_hk00o0gnlinm3spj629vqoc37dqz.pdf,14,pdf,2339,1654,0,0.934,no,0.000,no,no,3130.777,225.940,47.057,-0.000,0.760,no,no,accepted,,831c7157891c7d07c6a9d2b2738d892fe6ec668533f50657a1338c0f3ea277a7,0.345159,,keep,,yes
images/21069564026880-hk00o0gnlinm3spj629vqoc37dqz__p015.png,21069564026880_hk00o0gnlinm3spj629vqoc37dqz.pdf,15,pdf,2339,1654,0,0.725,no,0.000,no,no,3536.092,225.042,48.108,0.250,0.753,no,no,accepted,,2cf6cfc50b959dacf2afe81ce088c1f84f44f08f499330c1595365379f5c957d,0.347955,,keep,,yes
images/21069564026880-hk00o0gnlinm3spj629vqoc37dqz__p016.png,21069564026880_hk00o0gnlinm3spj629vqoc37dqz.pdf,16,pdf,2339,1654,0,0.920,no,0.000,no,no,3357.937,227.838,48.170,0.250,0.726,no,no,accepted,,08b8b93c5d3af39548cf203efa5800f91f217955b8dd2505616744f2d2cb1da5,0.300047,,keep,,yes
images/21069564026880-hk00o0gnlinm3spj629vqoc37dqz__p017.png,21069564026880_hk00o0gnlinm3spj629vqoc37dqz.pdf,17,pdf,2339,1654,0,0.928,no,0.000,no,no,2903.296,248.147,23.925,-0.000,0.756,no,no,accepted,,307022d6f3da872aa3cffac2a58686d3293121370371044e0c7c9fd5f2b399a7,0.061756,dup_010,review,exact_duplicate,yes
images/21069564035072-6kh9qw4naiexv8cv3mdfpahmutr9__p001.png,21069564035072_6kh9qw4naiexv8cv3mdfpahmutr9.pdf,1,pdf,1654,2339,0,0.909,no,0.000,no,no,7139.749,220.221,51.914,-0.000,0.955,no,no,accepted,,78dc1775590c81db312b083796d64960efc7b22e6ff9f62654448213b67b9307,0.357710,,keep,,yes
images/21069564035072-6kh9qw4naiexv8cv3mdfpahmutr9__p002.png,21069564035072_6kh9qw4naiexv8cv3mdfpahmutr9.pdf,2,pdf,1654,2339,0,0.942,no,0.600,no,no,2464.067,227.877,44.975,-0.000,0.839,no,no,review,document_contour_uncertain,cb6d71a4c7b1fe2612f2344544f0b388f6d403339803ee1493f1efd4c4fb1277,0.324683,,review,,yes
images/21069564035072-6kh9qw4naiexv8cv3mdfpahmutr9__p003.png,21069564035072_6kh9qw4naiexv8cv3mdfpahmutr9.pdf,3,pdf,1654,2339,0,0.933,no,0.000,no,no,3607.641,231.538,45.138,-0.000,0.880,no,no,accepted,,9781e369dc59ac638e6fd4edf0b885593cc2a489a0f9420f3119953c4837d329,0.248900,,keep,,yes
images/21069564035072-6kh9qw4naiexv8cv3mdfpahmutr9__p004.png,21069564035072_6kh9qw4naiexv8cv3mdfpahmutr9.pdf,4,pdf,1654,2339,0,0.926,no,0.000,no,no,2895.640,248.157,23.886,-0.000,1.000,no,no,accepted,,8ab8e8dee3525533c9fe41b48217e835e9a7f401ca188eeaab5c30ef7b1bdaa3,0.061714,dup_009,review,exact_duplicate,yes
images/21069564063744-9bu4qag30nlc7awkh492f9qn93yb__p001.png,21069564063744_9bu4qag30nlc7awkh492f9qn93yb.pdf,1,pdf,1654,2339,0,0.935,no,0.000,no,no,7164.076,220.179,51.989,-0.000,0.955,no,no,accepted,,16199a8fd6fe91e8f4a8c819245e2c99fd4a658fe0e14578f7e2997e2d2cdcf0,0.357703,,keep,,yes
images/21069564063744-9bu4qag30nlc7awkh492f9qn93yb__p002.png,21069564063744_9bu4qag30nlc7awkh492f9qn93yb.pdf,2,pdf,1654,2339,0,0.921,no,0.000,no,no,4264.035,224.858,47.952,-0.000,0.936,no,no,accepted,,c6cd7ed328345a9ac9ac17028afadb9703d856d897d687f7f03b65e4e4741cd2,0.338085,,keep,,yes
images/21069564063744-9bu4qag30nlc7awkh492f9qn93yb__p003.png,21069564063744_9bu4qag30nlc7awkh492f9qn93yb.pdf,3,pdf,1654,2339,0,0.928,no,0.000,no,no,2678.391,233.362,42.922,-0.000,0.726,no,no,accepted,,ed27d0ecbf8374dc7bf43d295e6ac8870aa9c2603a46a6ad94dd0e349f0a8ed6,0.240966,,keep,,yes
images/21069564063744-9bu4qag30nlc7awkh492f9qn93yb__p004.png,21069564063744_9bu4qag30nlc7awkh492f9qn93yb.pdf,4,pdf,1654,2339,0,0.926,no,0.000,no,no,2895.640,248.157,23.886,-0.000,1.000,no,no,accepted,,8ab8e8dee3525533c9fe41b48217e835e9a7f401ca188eeaab5c30ef7b1bdaa3,0.061714,dup_009,review,exact_duplicate,yes
images/21069564071936-wmaesoq1ai4sik652r46huvzkv9f__p001.png,21069564071936_wmaesoq1ai4sik652r46huvzkv9f.pdf,1,pdf,1654,2339,0,0.914,no,0.000,no,no,7123.691,220.206,51.969,-0.000,0.955,no,no,accepted,,2e85f1243cc38b916b2b1116f32d852738f478019953ba22603b834e1b207071,0.357448,,keep,,yes
images/21069564071936-wmaesoq1ai4sik652r46huvzkv9f__p002.png,21069564071936_wmaesoq1ai4sik652r46huvzkv9f.pdf,2,pdf,1654,2339,0,0.938,no,0.000,no,no,3431.067,226.320,46.520,-0.000,0.910,no,no,accepted,,0278d12774f155fb6551dfd69bfbc5ba8ac332625b699d77a90a4b8b892e9243,0.331617,,keep,,yes
images/21069564071936-wmaesoq1ai4sik652r46huvzkv9f__p003.png,21069564071936_wmaesoq1ai4sik652r46huvzkv9f.pdf,3,pdf,1654,2339,0,0.925,no,0.000,no,no,3589.062,231.561,45.115,-0.000,0.884,no,no,accepted,,27fe2fd981a1611f1dd1c2d3a9817a315405f02f992e6203af17e2731da5f88e,0.248775,,keep,,yes
images/21069564071936-wmaesoq1ai4sik652r46huvzkv9f__p004.png,21069564071936_wmaesoq1ai4sik652r46huvzkv9f.pdf,4,pdf,1654,2339,0,0.926,no,0.000,no,no,2895.640,248.157,23.886,-0.000,1.000,no,no,accepted,,8ab8e8dee3525533c9fe41b48217e835e9a7f401ca188eeaab5c30ef7b1bdaa3,0.061714,dup_009,review,exact_duplicate,yes
images/21069564076032-i0cf7rm2msh0c5kuk90v31do3j3e__p001.png,21069564076032_i0cf7rm2msh0c5kuk90v31do3j3e.pdf,1,pdf,1654,2339,0,0.929,no,0.000,no,no,6974.039,220.525,51.797,-0.000,0.955,no,no,accepted,,77bf19f6d159a301a539c0251aa71a5c132cd604ae4c68abd5f42a7c3a86faec,0.355483,,keep,,yes
images/21069564076032-i0cf7rm2msh0c5kuk90v31do3j3e__p002.png,21069564076032_i0cf7rm2msh0c5kuk90v31do3j3e.pdf,2,pdf,1654,2339,0,0.927,no,0.000,no,no,6929.837,220.617,51.636,-0.000,0.962,no,no,accepted,,fd56c7dab28b9698fd74d9233b23b6321c3afc84f096828c43f1b992e97cf88a,0.355843,,keep,,yes
images/21069564076032-i0cf7rm2msh0c5kuk90v31do3j3e__p003.png,21069564076032_i0cf7rm2msh0c5kuk90v31do3j3e.pdf,3,pdf,1654,2339,0,0.933,no,0.000,no,no,6924.474,220.659,51.593,-0.000,0.959,no,no,accepted,,d80e79732ca52acd1f171f28051fb2a428ad4eb62b31b292e87d25f11e4fb83d,0.355521,,keep,,yes
images/21069564076032-i0cf7rm2msh0c5kuk90v31do3j3e__p004.png,21069564076032_i0cf7rm2msh0c5kuk90v31do3j3e.pdf,4,pdf,1654,2339,0,0.931,no,0.000,no,no,7002.547,220.563,51.699,-0.000,0.962,no,no,accepted,,e787abb42fbe4fa83dff9967152fb782525fc028cf4a78d4b5cbec85ede44fc3,0.355717,,keep,,yes
images/21069564076032-i0cf7rm2msh0c5kuk90v31do3j3e__p005.png,21069564076032_i0cf7rm2msh0c5kuk90v31do3j3e.pdf,5,pdf,1654,2339,0,0.929,no,0.000,no,no,6981.328,220.557,51.617,-0.000,0.962,no,no,accepted,,112b32859c92525c6050a30295bea71f65a41e4380eb84e03f751caff947b763,0.356378,,keep,,yes
images/21069564076032-i0cf7rm2msh0c5kuk90v31do3j3e__p006.png,21069564076032_i0cf7rm2msh0c5kuk90v31do3j3e.pdf,6,pdf,1654,2339,0,0.930,no,0.000,no,no,3043.769,226.954,45.754,-0.000,0.812,no,no,accepted,,b9965beab28f46d0f9f00992621a2f4163ed3a185bc306e682b90008d5a61407,0.329559,,keep,,yes
images/21069564076032-i0cf7rm2msh0c5kuk90v31do3j3e__p007.png,21069564076032_i0cf7rm2msh0c5kuk90v31do3j3e.pdf,7,pdf,1654,2339,0,0.936,no,0.000,no,no,3624.619,231.482,45.222,-0.000,0.880,no,no,accepted,,a5d67177955427e0d879fcb2e1c1065aac85090b349b7d3ed1d7657f8b5b5616,0.248949,,keep,,yes
images/21069564076032-i0cf7rm2msh0c5kuk90v31do3j3e__p008.png,21069564076032_i0cf7rm2msh0c5kuk90v31do3j3e.pdf,8,pdf,1654,2339,0,0.926,no,0.000,no,no,2895.640,248.157,23.886,-0.000,1.000,no,no,accepted,,8ab8e8dee3525533c9fe41b48217e835e9a7f401ca188eeaab5c30ef7b1bdaa3,0.061714,dup_009,review,exact_duplicate,yes
images/21069564112896-t1zwsryban8koljpiuu80w31oc1f__p001.png,21069564112896_t1zwsryban8koljpiuu80w31oc1f.pdf,1,pdf,2339,1654,0,0.928,no,0.000,no,no,2994.694,226.335,46.524,0.250,0.775,no,no,accepted,,8ce16750c8ef9e02f3f834201c14ff194013fab0f5c0bd670ffbb4ebcbcc3a71,0.343582,,keep,,yes
images/21069564112896-t1zwsryban8koljpiuu80w31oc1f__p002.png,21069564112896_t1zwsryban8koljpiuu80w31oc1f.pdf,2,pdf,2339,1654,0,0.927,no,0.000,no,no,5099.017,222.836,49.593,-0.000,0.767,no,no,accepted,,cbc0f7484290ec978cc59792b1cceebab493a1554a8b37ae9fdd87cdee02dd77,0.360079,,keep,,yes
images/21069564112896-t1zwsryban8koljpiuu80w31oc1f__p003.png,21069564112896_t1zwsryban8koljpiuu80w31oc1f.pdf,3,pdf,2339,1654,0,0.926,no,0.000,no,no,5050.878,222.971,49.432,-0.000,0.760,no,no,accepted,,15888a7f280871f2fcaf3e1eb3ec9f6c3ffe84cfa7d0b69e6e246f0dc8284b29,0.359565,,keep,,yes
images/21069564112896-t1zwsryban8koljpiuu80w31oc1f__p004.png,21069564112896_t1zwsryban8koljpiuu80w31oc1f.pdf,4,pdf,2339,1654,0,0.924,no,0.000,no,no,5530.583,222.271,49.993,-0.000,0.741,no,no,accepted,,022cff8398cf596698e8c6d3f670cdc1322b93b8af9303f3eb947c02f459e092,0.363233,,keep,,yes
images/21069564112896-t1zwsryban8koljpiuu80w31oc1f__p005.png,21069564112896_t1zwsryban8koljpiuu80w31oc1f.pdf,5,pdf,2339,1654,0,0.924,no,0.000,no,no,5444.155,222.375,49.928,-0.000,0.723,no,no,accepted,,72c5ef204e4a15d64a1b870b90ff21128c65d8e39a395586ae871f5b3e088207,0.362507,,keep,,yes
images/21069564112896-t1zwsryban8koljpiuu80w31oc1f__p006.png,21069564112896_t1zwsryban8koljpiuu80w31oc1f.pdf,6,pdf,2339,1654,0,0.922,no,0.000,no,no,5256.515,222.618,49.716,-0.000,0.723,no,no,accepted,,6c618b142d392a292ed07dbe112297951f72501a9b1e63134a40644a4921186b,0.361301,,keep,,yes
images/21069564112896-t1zwsryban8koljpiuu80w31oc1f__p007.png,21069564112896_t1zwsryban8koljpiuu80w31oc1f.pdf,7,pdf,2339,1654,0,0.924,no,0.000,no,no,5474.244,222.343,49.973,-0.000,0.753,no,no,accepted,,74de5ba14117a7ccd244af5ad2ee16fd60377b74283727a5e5f64d60d7c86a54,0.362480,,keep,,yes
images/21069564112896-t1zwsryban8koljpiuu80w31oc1f__p008.png,21069564112896_t1zwsryban8koljpiuu80w31oc1f.pdf,8,pdf,2339,1654,0,0.924,no,0.000,no,no,5452.913,222.368,49.923,-0.000,0.726,no,no,accepted,,cdc046ab7be205c75c72930813c62a4077bb37d95a3df7252c8df047e1360694,0.362662,,keep,,yes
images/21069564112896-t1zwsryban8koljpiuu80w31oc1f__p009.png,21069564112896_t1zwsryban8koljpiuu80w31oc1f.pdf,9,pdf,2339,1654,0,0.926,no,0.000,no,no,5483.385,222.311,49.938,-0.000,0.756,no,no,accepted,,f1c31e0d80ca0b4c2bcf73841275a922c5ce897616b30ef4bd959d3e5cec48be,0.362913,,keep,,yes
images/21069564112896-t1zwsryban8koljpiuu80w31oc1f__p010.png,21069564112896_t1zwsryban8koljpiuu80w31oc1f.pdf,10,pdf,2339,1654,0,0.926,no,0.000,no,no,5378.104,222.483,49.874,-0.000,0.741,no,no,accepted,,ee47711c89375b8a8ce058918f10f053c22ddcbbcbc0387fd81ad477618f88c8,0.361826,,keep,,yes
images/21069564112896-t1zwsryban8koljpiuu80w31oc1f__p011.png,21069564112896_t1zwsryban8koljpiuu80w31oc1f.pdf,11,pdf,2339,1654,0,0.928,no,0.000,no,no,5216.492,222.701,49.642,-0.000,0.738,no,no,accepted,,87799f1d6cd5ac8a578f4a6b639067f0c75ed6995dde2e19f1b3c6596c28e0a7,0.360952,,keep,,yes
images/21069564112896-t1zwsryban8koljpiuu80w31oc1f__p012.png,21069564112896_t1zwsryban8koljpiuu80w31oc1f.pdf,12,pdf,2339,1654,0,0.918,no,0.000,no,no,5011.191,223.127,49.268,-0.000,0.723,no,no,accepted,,e7b2ba0c53ae28a5cf27b6938e8fcf85b2848a6ec470f185af4ac312f59bfb5d,0.359283,,keep,,yes
images/21069564112896-t1zwsryban8koljpiuu80w31oc1f__p013.png,21069564112896_t1zwsryban8koljpiuu80w31oc1f.pdf,13,pdf,2339,1654,0,0.918,no,0.000,no,no,4050.727,224.560,48.011,-0.000,0.715,no,no,accepted,,138dc929eb80aa23875a82e8aefd437c8c08fd555549b3c3ae772bfca734a85d,0.353057,,keep,,yes
images/21069564112896-t1zwsryban8koljpiuu80w31oc1f__p014.png,21069564112896_t1zwsryban8koljpiuu80w31oc1f.pdf,14,pdf,2339,1654,0,0.937,no,0.000,no,no,3462.576,225.108,48.079,-0.000,0.719,no,no,accepted,,d4a18010d398cc48c1c0527de6507c1f119de57fb7e867546eabba6e0a8b09cc,0.347702,,keep,,yes
images/21069564112896-t1zwsryban8koljpiuu80w31oc1f__p015.png,21069564112896_t1zwsryban8koljpiuu80w31oc1f.pdf,15,pdf,2339,1654,0,0.928,no,0.000,no,no,3829.284,226.978,49.012,0.250,0.764,no,no,accepted,,b668b5c18ac2318849913fbc6fcf678ac397de6a71765f8c3e8895cd3c9d902b,0.303904,,keep,,yes
images/21069564112896-t1zwsryban8koljpiuu80w31oc1f__p016.png,21069564112896_t1zwsryban8koljpiuu80w31oc1f.pdf,16,pdf,2339,1654,0,0.928,no,0.000,no,no,2903.296,248.147,23.925,-0.000,0.756,no,no,accepted,,307022d6f3da872aa3cffac2a58686d3293121370371044e0c7c9fd5f2b399a7,0.061756,dup_010,review,exact_duplicate,yes
images/21069564121088-8ryjgk5xt84evoithfpf8ajjooxf__p001.png,21069564121088_8ryjgk5xt84evoithfpf8ajjooxf.pdf,1,pdf,2339,1654,0,0.928,no,0.000,no,no,3234.976,225.946,46.909,-0.000,0.801,no,no,accepted,,eada0766d864b593bf91caeace6026a512d892c128623936e86655dfe3aea36e,0.345197,,keep,,yes
images/21069564121088-8ryjgk5xt84evoithfpf8ajjooxf__p002.png,21069564121088_8ryjgk5xt84evoithfpf8ajjooxf.pdf,2,pdf,2339,1654,0,0.927,no,0.000,no,no,5062.187,222.918,49.507,-0.000,0.764,no,no,accepted,,19ed318ccc677a02df1739b37716e5d9347f51c140292a978fdf0869228bdc21,0.359750,,keep,,yes
images/21069564121088-8ryjgk5xt84evoithfpf8ajjooxf__p003.png,21069564121088_8ryjgk5xt84evoithfpf8ajjooxf.pdf,3,pdf,2339,1654,0,0.924,no,0.000,no,no,5055.159,222.998,49.441,-0.000,0.749,no,no,accepted,,412d94e5bee0e21bf7bb05b8e15971821d0eecece5556cfa3c7e91c42ab82ae7,0.359343,,keep,,yes
images/21069564121088-8ryjgk5xt84evoithfpf8ajjooxf__p004.png,21069564121088_8ryjgk5xt84evoithfpf8ajjooxf.pdf,4,pdf,2339,1654,0,0.924,no,0.000,no,no,5532.515,222.234,50.010,-0.000,0.764,no,no,accepted,,2aff2c80411e555965197321b59918ef53e422d6c720447faf03b9c5109dfcf2,0.363305,,keep,,yes
images/21069564121088-8ryjgk5xt84evoithfpf8ajjooxf__p005.png,21069564121088_8ryjgk5xt84evoithfpf8ajjooxf.pdf,5,pdf,2339,1654,0,0.925,no,0.000,no,no,5507.462,222.322,49.955,-0.000,0.734,no,no,accepted,,7336673e7b316d8165cc3238362829ce2a5c3f3306bea60849a2244c373f581b,0.362879,,keep,,yes
images/21069564121088-8ryjgk5xt84evoithfpf8ajjooxf__p006.png,21069564121088_8ryjgk5xt84evoithfpf8ajjooxf.pdf,6,pdf,2339,1654,0,0.926,no,0.000,no,no,5426.863,222.352,49.928,-0.000,0.749,no,no,accepted,,85f0df9999f9e24475875f06513e518c4d6d141bbd2cd67362434a2b3b53b3b5,0.362697,,keep,,yes
images/21069564121088-8ryjgk5xt84evoithfpf8ajjooxf__p007.png,21069564121088_8ryjgk5xt84evoithfpf8ajjooxf.pdf,7,pdf,2339,1654,0,0.919,no,0.000,no,no,5373.834,222.550,49.805,-0.000,0.749,no,no,accepted,,621e0574d5373f3f46a163cc56ff928492f1a86660e1f4230e2d9464d7ad0836,0.361545,,keep,,yes
images/21069564121088-8ryjgk5xt84evoithfpf8ajjooxf__p008.png,21069564121088_8ryjgk5xt84evoithfpf8ajjooxf.pdf,8,pdf,2339,1654,0,0.921,no,0.000,no,no,5560.398,222.210,50.040,-0.000,0.756,no,no,accepted,,f62d344a4ec217eae33a871ba482a2c1c13d4166db80096f5f0eedf8f89106b6,0.363410,,keep,,yes
images/21069564121088-8ryjgk5xt84evoithfpf8ajjooxf__p009.png,21069564121088_8ryjgk5xt84evoithfpf8ajjooxf.pdf,9,pdf,2339,1654,0,0.925,no,0.000,no,no,5500.502,222.330,49.964,-0.000,0.738,no,no,accepted,,6708fb6c0dbdec7b3da198c1158b55e09eba0e259dacf97828e52ebefaf7b549,0.362699,,keep,,yes
images/21069564121088-8ryjgk5xt84evoithfpf8ajjooxf__p010.png,21069564121088_8ryjgk5xt84evoithfpf8ajjooxf.pdf,10,pdf,2339,1654,0,0.924,no,0.000,no,no,5332.724,222.564,49.745,-0.000,0.753,no,no,accepted,,9ac8c8b0b8749722b3b6208d7da6da46cd2a793ec651a2fcae7e78dea55e1eee,0.361502,,keep,,yes
images/21069564121088-8ryjgk5xt84evoithfpf8ajjooxf__p011.png,21069564121088_8ryjgk5xt84evoithfpf8ajjooxf.pdf,11,pdf,2339,1654,0,0.926,no,0.000,no,no,5361.010,222.514,49.846,-0.000,0.738,no,no,accepted,,c5d1ad7a2a0a3d9c0d2b287b52ba7a7e900fc7bcb00a6fe43e0f07a02277c897,0.361685,,keep,,yes
images/21069564121088-8ryjgk5xt84evoithfpf8ajjooxf__p012.png,21069564121088_8ryjgk5xt84evoithfpf8ajjooxf.pdf,12,pdf,2339,1654,0,0.915,no,0.000,no,no,5272.235,222.651,49.700,-0.000,0.749,no,no,accepted,,45cbdb99e9ce1573ece899e07c07fba78f9089536473c0085bc9b1178ce98b28,0.361146,,keep,,yes
images/21069564121088-8ryjgk5xt84evoithfpf8ajjooxf__p013.png,21069564121088_8ryjgk5xt84evoithfpf8ajjooxf.pdf,13,pdf,2339,1654,0,0.927,no,0.000,no,no,5405.882,222.444,49.862,-0.000,0.749,no,no,accepted,,f273ff2b5b98071d2a581d0c46fce605847179ba6911b3ced43cd6c53d63c7bf,0.362183,,keep,,yes
images/21069564121088-8ryjgk5xt84evoithfpf8ajjooxf__p014.png,21069564121088_8ryjgk5xt84evoithfpf8ajjooxf.pdf,14,pdf,2339,1654,0,0.924,no,0.000,no,no,5230.741,222.731,49.649,-0.000,0.738,no,no,accepted,,c103af462981ad1e27dfc7c2942a3e31e25e38ec70d45d22ca3b50facb305a98,0.360775,,keep,,yes
images/21069564121088-8ryjgk5xt84evoithfpf8ajjooxf__p015.png,21069564121088_8ryjgk5xt84evoithfpf8ajjooxf.pdf,15,pdf,2339,1654,0,0.930,no,0.000,no,no,5081.777,223.031,49.181,-0.000,0.715,no,no,accepted,,a0d067a93ae4d51bb775a0e766afd11e937add9a408b4829622bb4e6dd75bac6,0.360762,,keep,,yes
images/21069564121088-8ryjgk5xt84evoithfpf8ajjooxf__p016.png,21069564121088_8ryjgk5xt84evoithfpf8ajjooxf.pdf,16,pdf,2339,1654,0,0.933,no,0.000,no,no,2989.435,226.116,46.895,0.250,0.767,no,no,accepted,,08af59436a1173a6a152288d3a0c160db10a74e09e0ccb8b7b7aa3aca5a118cf,0.344246,,keep,,yes
images/21069564121088-8ryjgk5xt84evoithfpf8ajjooxf__p017.png,21069564121088_8ryjgk5xt84evoithfpf8ajjooxf.pdf,17,pdf,2339,1654,0,0.813,no,0.000,no,no,3558.351,225.054,48.132,-0.000,0.756,no,no,accepted,,9130eed6e0ffc9cb130148eb77e399c961277dd8f652e6e666c9417dd8bbf944,0.347908,,keep,,yes
images/21069564121088-8ryjgk5xt84evoithfpf8ajjooxf__p018.png,21069564121088_8ryjgk5xt84evoithfpf8ajjooxf.pdf,18,pdf,2339,1654,0,0.910,no,0.000,no,no,3359.780,227.832,48.171,0.250,0.734,no,no,accepted,,812e8a65e629820575a721048e0f3846deea816985397accea0925da7aadbc76,0.300101,,keep,,yes
images/21069564121088-8ryjgk5xt84evoithfpf8ajjooxf__p019.png,21069564121088_8ryjgk5xt84evoithfpf8ajjooxf.pdf,19,pdf,2339,1654,0,0.928,no,0.000,no,no,2903.296,248.147,23.925,-0.000,0.756,no,no,accepted,,307022d6f3da872aa3cffac2a58686d3293121370371044e0c7c9fd5f2b399a7,0.061756,dup_010,review,exact_duplicate,yes
images/21069564125184-b7gn85boos5tjj1n54pokvbc2gi9__p001.png,21069564125184_b7gn85boos5tjj1n54pokvbc2gi9.pdf,1,pdf,2339,1654,0,0.935,no,0.000,no,no,3024.100,226.308,46.575,0.250,0.782,no,no,accepted,,36a546d99e103c36fbc774f71e32fa82f942058c654bc45b322ab49712429810,0.343619,,keep,,yes
images/21069564125184-b7gn85boos5tjj1n54pokvbc2gi9__p002.png,21069564125184_b7gn85boos5tjj1n54pokvbc2gi9.pdf,2,pdf,2339,1654,0,0.928,no,0.000,no,no,5118.684,222.782,49.582,-0.000,0.738,no,no,accepted,,ef3aaac85035f9541779e2ab31a8cd9fdb87e754cb8d11f05d16418458be3d60,0.360546,,keep,,yes
images/21069564125184-b7gn85boos5tjj1n54pokvbc2gi9__p003.png,21069564125184_b7gn85boos5tjj1n54pokvbc2gi9.pdf,3,pdf,2339,1654,0,0.927,no,0.000,no,no,4983.802,223.061,49.410,-0.000,0.749,no,no,accepted,,5768425950bdbd513e68a856d416731abb92ebaae4433d84c5255a3cfe1ced27,0.359008,,keep,,yes
images/21069564125184-b7gn85boos5tjj1n54pokvbc2gi9__p004.png,21069564125184_b7gn85boos5tjj1n54pokvbc2gi9.pdf,4,pdf,2339,1654,0,0.924,no,0.000,no,no,5567.649,222.235,50.008,-0.000,0.745,no,no,accepted,,7703eb173300eacafec179187de2d78488a92c27e058c91311afdb8150c9b3d5,0.363199,,keep,,yes
images/21069564125184-b7gn85boos5tjj1n54pokvbc2gi9__p005.png,21069564125184_b7gn85boos5tjj1n54pokvbc2gi9.pdf,5,pdf,2339,1654,0,0.925,no,0.000,no,no,5519.626,222.299,49.972,-0.000,0.771,no,no,accepted,,a623a52290833043598c02fffce0114bcbc0bfedc21f122a55480e6f34429146,0.363072,,keep,,yes
images/21069564125184-b7gn85boos5tjj1n54pokvbc2gi9__p006.png,21069564125184_b7gn85boos5tjj1n54pokvbc2gi9.pdf,6,pdf,2339,1654,0,0.923,no,0.000,no,no,5288.763,222.585,49.736,-0.000,0.730,no,no,accepted,,93352f411938ac482c9db5158f8fd401ade7abcf2d9043419e0deeccd842e736,0.361705,,keep,,yes
images/21069564125184-b7gn85boos5tjj1n54pokvbc2gi9__p007.png,21069564125184_b7gn85boos5tjj1n54pokvbc2gi9.pdf,7,pdf,2339,1654,0,0.926,no,0.000,no,no,5504.956,222.342,49.944,-0.000,0.760,no,no,accepted,,a8c80e6162c7ca4031a96c8962b2ee85c272aad4177d6ca143ddb8a0d6b6c68d,0.362683,,keep,,yes
images/21069564125184-b7gn85boos5tjj1n54pokvbc2gi9__p008.png,21069564125184_b7gn85boos5tjj1n54pokvbc2gi9.pdf,8,pdf,2339,1654,0,0.925,no,0.000,no,no,5416.259,222.435,49.881,-0.000,0.738,no,no,accepted,,4c809101aabaed78c95e881faa63f2008228e9da6efcd86156c8abbeb8440a53,0.362182,,keep,,yes
images/21069564125184-b7gn85boos5tjj1n54pokvbc2gi9__p009.png,21069564125184_b7gn85boos5tjj1n54pokvbc2gi9.pdf,9,pdf,2339,1654,0,0.924,no,0.000,no,no,5336.267,222.553,49.757,-0.000,0.738,no,no,accepted,,daf9d8ac6b9e3bdd096e228bc6ed48dec0b539979f42b1d966f4e316de11e840,0.361740,,keep,,yes
images/21069564125184-b7gn85boos5tjj1n54pokvbc2gi9__p010.png,21069564125184_b7gn85boos5tjj1n54pokvbc2gi9.pdf,10,pdf,2339,1654,0,0.925,no,0.000,no,no,5513.897,222.327,49.958,-0.000,0.745,no,no,accepted,,c5bf15c4697802d8e0bc97b30e803d4730d061089f30dfdb3deb930a66128d69,0.362888,,keep,,yes
images/21069564125184-b7gn85boos5tjj1n54pokvbc2gi9__p011.png,21069564125184_b7gn85boos5tjj1n54pokvbc2gi9.pdf,11,pdf,2339,1654,0,0.923,no,0.000,no,no,5442.126,222.440,49.865,-0.000,0.738,no,no,accepted,,8d80704fe456520903fe479e62b9f5a77c0412a8bc25c34b99678a9becb3778e,0.362271,,keep,,yes
images/21069564125184-b7gn85boos5tjj1n54pokvbc2gi9__p012.png,21069564125184_b7gn85boos5tjj1n54pokvbc2gi9.pdf,12,pdf,2339,1654,0,0.921,no,0.000,no,no,5057.487,223.071,49.186,-0.000,0.760,no,no,accepted,,861446860483aa0c66ffb4f66f322ed702a36f7fd8d3c5907353aa70094cc6b1,0.360397,,keep,,yes
images/21069564125184-b7gn85boos5tjj1n54pokvbc2gi9__p013.png,21069564125184_b7gn85boos5tjj1n54pokvbc2gi9.pdf,13,pdf,2339,1654,0,0.933,no,0.000,no,no,3006.801,226.113,46.915,-0.000,0.775,no,no,accepted,,8a5f4eab00b6ffe2af3a172e173becd0bebe5bff3f3d052f6444ab1e98145610,0.344266,,keep,,yes
images/21069564125184-b7gn85boos5tjj1n54pokvbc2gi9__p014.png,21069564125184_b7gn85boos5tjj1n54pokvbc2gi9.pdf,14,pdf,2339,1654,0,0.907,no,0.000,no,no,3569.209,225.042,48.140,-0.000,0.775,no,no,accepted,,f97ee78f948c0004cfa6ab05ec5a76c13d43d4939d8d5abd2ac7f7ccbf22b308,0.347968,,keep,,yes
images/21069564125184-b7gn85boos5tjj1n54pokvbc2gi9__p015.png,21069564125184_b7gn85boos5tjj1n54pokvbc2gi9.pdf,15,pdf,2339,1654,0,0.916,no,0.000,no,no,3368.050,227.833,48.182,0.250,0.730,no,no,accepted,,30bc74eefccbc84a58f525a084455b5de52551b50fe19473363b19bd2364bcda,0.300065,,keep,,yes
images/21069564125184-b7gn85boos5tjj1n54pokvbc2gi9__p016.png,21069564125184_b7gn85boos5tjj1n54pokvbc2gi9.pdf,16,pdf,2339,1654,0,0.928,no,0.000,no,no,2903.296,248.147,23.925,-0.000,0.756,no,no,accepted,,307022d6f3da872aa3cffac2a58686d3293121370371044e0c7c9fd5f2b399a7,0.061756,dup_010,review,exact_duplicate,yes
images/21069564141568-cd27ccfs1z885vmhbig6vkr40y7d__p001.png,21069564141568_cd27ccfs1z885vmhbig6vkr40y7d.pdf,1,pdf,1654,2339,0,0.933,no,0.000,no,no,7001.988,220.420,51.849,-0.000,0.936,no,no,accepted,,2ccafc625733331591c0fd76e8152b2cf1bc3255c2878472866526ce37b3b25c,0.356177,,keep,,yes
images/21069564141568-cd27ccfs1z885vmhbig6vkr40y7d__p002.png,21069564141568_cd27ccfs1z885vmhbig6vkr40y7d.pdf,2,pdf,1654,2339,0,0.932,no,0.000,no,no,6878.599,220.688,51.564,-0.000,0.959,no,no,accepted,,409463e5a265bd9ea56694905f30b7cf8d7890d4bf25bda70cb4d4b68b3f1396,0.355417,,keep,,yes
images/21069564141568-cd27ccfs1z885vmhbig6vkr40y7d__p003.png,21069564141568_cd27ccfs1z885vmhbig6vkr40y7d.pdf,3,pdf,1654,2339,0,0.921,no,0.000,no,no,6935.514,220.573,51.650,-0.000,0.962,no,no,accepted,,5e79a7679b42ccb4895b0ba275177e1952eda72321a173390267089d6c4fafe0,0.355903,,keep,,yes
images/21069564141568-cd27ccfs1z885vmhbig6vkr40y7d__p004.png,21069564141568_cd27ccfs1z885vmhbig6vkr40y7d.pdf,4,pdf,1654,2339,0,0.847,no,0.000,no,no,6962.048,220.579,51.686,-0.000,0.962,no,no,accepted,,3d92350deaa63d450976dc44d25ade0528588e40ac81011f45cc17d31382f0f2,0.355725,,keep,,yes
images/21069564141568-cd27ccfs1z885vmhbig6vkr40y7d__p005.png,21069564141568_cd27ccfs1z885vmhbig6vkr40y7d.pdf,5,pdf,1654,2339,0,0.937,no,0.630,no,no,1972.284,228.676,44.068,-0.000,0.651,no,no,review,document_contour_uncertain,d9b3d50b167d81cee56e923ad10826d7cd4866fed053d2858c42ec7c385e4e57,0.321407,,review,,yes
images/21069564141568-cd27ccfs1z885vmhbig6vkr40y7d__p006.png,21069564141568_cd27ccfs1z885vmhbig6vkr40y7d.pdf,6,pdf,1654,2339,0,0.937,no,0.000,no,no,3723.441,231.445,45.349,-0.000,0.884,no,no,accepted,,c977bb199c3c32b2b3400119206ed8587c04cd43f7b16a34a9f07b7df73dbd7f,0.249025,,keep,,yes
images/21069564141568-cd27ccfs1z885vmhbig6vkr40y7d__p007.png,21069564141568_cd27ccfs1z885vmhbig6vkr40y7d.pdf,7,pdf,1654,2339,0,0.926,no,0.000,no,no,2895.640,248.157,23.886,-0.000,1.000,no,no,accepted,,8ab8e8dee3525533c9fe41b48217e835e9a7f401ca188eeaab5c30ef7b1bdaa3,0.061714,dup_009,review,exact_duplicate,yes
images/21069564149760-gf62w0pxas9ri91gvkgwola465ny__p001.png,21069564149760_gf62w0pxas9ri91gvkgwola465ny.pdf,1,pdf,1654,2339,0,0.842,no,0.000,no,no,7158.244,220.175,52.003,-0.000,0.955,no,no,accepted,,9942e9af667096c7f9e6b3dee6ea4cd97fcc866f8c146d00af2bbe5585842681,0.357542,,keep,,yes
images/21069564149760-gf62w0pxas9ri91gvkgwola465ny__p002.png,21069564149760_gf62w0pxas9ri91gvkgwola465ny.pdf,2,pdf,1654,2339,0,0.929,no,0.000,no,no,4556.500,224.442,48.341,-0.000,0.936,no,no,accepted,,5e38b3a214810d2b828f1b6505b155fb0fa678694de5c74f149867fd1af8bf91,0.339639,,keep,,yes
images/21069564149760-gf62w0pxas9ri91gvkgwola465ny__p003.png,21069564149760_gf62w0pxas9ri91gvkgwola465ny.pdf,3,pdf,1654,2339,0,0.938,no,0.000,no,no,3539.248,231.716,44.936,-0.000,0.899,no,no,accepted,,012cf34b00b8e7fd716d80c37d727ffdf1b6c851d4f0c3d87c44db3b1384738a,0.248204,,keep,,yes
images/21069564149760-gf62w0pxas9ri91gvkgwola465ny__p004.png,21069564149760_gf62w0pxas9ri91gvkgwola465ny.pdf,4,pdf,1654,2339,0,0.926,no,0.000,no,no,2895.640,248.157,23.886,-0.000,1.000,no,no,accepted,,8ab8e8dee3525533c9fe41b48217e835e9a7f401ca188eeaab5c30ef7b1bdaa3,0.061714,dup_009,review,exact_duplicate,yes
images/21069564157952-ztoiof5pczr484c9htjf934o6qcl__p001.png,21069564157952_ztoiof5pczr484c9htjf934o6qcl.pdf,1,pdf,1654,2339,0,0.937,no,0.000,no,no,7033.814,220.379,51.865,-0.000,0.951,no,no,accepted,,c419974ccb39a749b56840b843da13fe6f23f40c1945fea9eae0a9a860c94a47,0.356524,,keep,,yes
images/21069564157952-ztoiof5pczr484c9htjf934o6qcl__p002.png,21069564157952_ztoiof5pczr484c9htjf934o6qcl.pdf,2,pdf,1654,2339,0,0.885,no,0.000,no,no,6865.700,220.731,51.567,-0.000,0.959,no,no,accepted,,c6bfaedf4b95b704fcce8bb2b55b09c387a4443633331997be598e962955942d,0.355100,,keep,,yes
images/21069564157952-ztoiof5pczr484c9htjf934o6qcl__p003.png,21069564157952_ztoiof5pczr484c9htjf934o6qcl.pdf,3,pdf,1654,2339,0,0.934,no,0.000,no,no,6975.399,220.491,51.713,-0.000,0.966,no,no,accepted,,244d588f6f1c4e0dd72d790e91e3a3ecdec85ceb25c41ace0782e07936a97c9f,0.356215,,keep,,yes
images/21069564157952-ztoiof5pczr484c9htjf934o6qcl__p004.png,21069564157952_ztoiof5pczr484c9htjf934o6qcl.pdf,4,pdf,1654,2339,0,0.905,no,0.000,no,no,6940.893,220.591,51.646,-0.000,0.966,no,no,accepted,,96be4527dee813a8e4c80dabee5a5f39440bd80ca541d30ab3b4360e422f4bd0,0.355891,,keep,,yes
images/21069564157952-ztoiof5pczr484c9htjf934o6qcl__p005.png,21069564157952_ztoiof5pczr484c9htjf934o6qcl.pdf,5,pdf,1654,2339,0,0.939,no,0.000,no,no,3222.116,226.658,46.174,-0.000,0.872,no,no,accepted,,c95688a2d6ec2dfc40d2a0c9944bd88488af007629bf2c8ad0f510e25225aa10,0.330224,,keep,,yes
images/21069564157952-ztoiof5pczr484c9htjf934o6qcl__p006.png,21069564157952_ztoiof5pczr484c9htjf934o6qcl.pdf,6,pdf,1654,2339,0,0.925,no,0.000,no,no,3626.467,231.480,45.212,-0.000,0.880,no,no,accepted,,468a9e0d4c7667fb13170325e23606803fcac4eed5ed986169717a3134a303c0,0.248996,,keep,,yes
images/21069564157952-ztoiof5pczr484c9htjf934o6qcl__p007.png,21069564157952_ztoiof5pczr484c9htjf934o6qcl.pdf,7,pdf,1654,2339,0,0.926,no,0.000,no,no,2895.640,248.157,23.886,-0.000,1.000,no,no,accepted,,8ab8e8dee3525533c9fe41b48217e835e9a7f401ca188eeaab5c30ef7b1bdaa3,0.061714,dup_009,review,exact_duplicate,yes
images/21069564162048-ayzkr7aqarl7u6myq7tz2u0gdwn5__p001.png,21069564162048_ayzkr7aqarl7u6myq7tz2u0gdwn5.pdf,1,pdf,2339,1654,0,0.930,no,0.000,no,no,3122.393,226.122,46.758,-0.000,0.809,no,no,accepted,,3c68505827c3d75c51c7106ad9d93864c15e09eef29a5c0353860a04129987e9,0.344401,,keep,,yes
images/21069564162048-ayzkr7aqarl7u6myq7tz2u0gdwn5__p002.png,21069564162048_ayzkr7aqarl7u6myq7tz2u0gdwn5.pdf,2,pdf,2339,1654,0,0.929,no,0.000,no,no,4901.051,223.170,49.280,-0.000,0.741,no,no,accepted,,36f864c33d3b9be160697f587434c18c518443635b4d31b1cbf0ec6890b9434e,0.358651,,keep,,yes
images/21069564162048-ayzkr7aqarl7u6myq7tz2u0gdwn5__p003.png,21069564162048_ayzkr7aqarl7u6myq7tz2u0gdwn5.pdf,3,pdf,2339,1654,0,0.919,no,0.000,no,no,5325.864,222.562,49.720,-0.000,0.767,no,no,accepted,,ddb889bdbbd25fd76433562bb32109d91a9664d9b6c778fb73d4e1f5cb11e040,0.361802,,keep,,yes
images/21069564162048-ayzkr7aqarl7u6myq7tz2u0gdwn5__p004.png,21069564162048_ayzkr7aqarl7u6myq7tz2u0gdwn5.pdf,4,pdf,2339,1654,0,0.922,no,0.000,no,no,5572.110,222.216,50.010,-0.000,0.738,no,no,accepted,,72e3d9141a9ef403ba3f579380b5538822ac1595adb6ba6097d14dc904fe83a9,0.363471,,keep,,yes
images/21069564162048-ayzkr7aqarl7u6myq7tz2u0gdwn5__p005.png,21069564162048_ayzkr7aqarl7u6myq7tz2u0gdwn5.pdf,5,pdf,2339,1654,0,0.924,no,0.000,no,no,5488.970,222.331,49.934,-0.000,0.745,no,no,accepted,,47d12cf080caed8449c8d710338fc72b87429a89306bd64e71b4687cb4c0417c,0.362834,,keep,,yes
images/21069564162048-ayzkr7aqarl7u6myq7tz2u0gdwn5__p006.png,21069564162048_ayzkr7aqarl7u6myq7tz2u0gdwn5.pdf,6,pdf,2339,1654,0,0.924,no,0.000,no,no,5248.703,222.694,49.681,-0.000,0.726,no,no,accepted,,cdb720136c07c76924bd942fb709522c68ec615f849e147f67e6d80cedb55f06,0.360949,,keep,,yes
images/21069564162048-ayzkr7aqarl7u6myq7tz2u0gdwn5__p007.png,21069564162048_ayzkr7aqarl7u6myq7tz2u0gdwn5.pdf,7,pdf,2339,1654,0,0.925,no,0.000,no,no,5438.732,222.431,49.883,-0.000,0.745,no,no,accepted,,c7ca23763585b4413383b7f6750496ad4ac6fb397c290d89983149c451dc295e,0.362211,,keep,,yes
images/21069564162048-ayzkr7aqarl7u6myq7tz2u0gdwn5__p008.png,21069564162048_ayzkr7aqarl7u6myq7tz2u0gdwn5.pdf,8,pdf,2339,1654,0,0.925,no,0.000,no,no,5473.905,222.310,49.970,-0.000,0.730,no,no,accepted,,b34bc807cf3bb23ccebe8ce4359a8777d6495a85258bfe546a54a8a3979902bb,0.362768,,keep,,yes
images/21069564162048-ayzkr7aqarl7u6myq7tz2u0gdwn5__p009.png,21069564162048_ayzkr7aqarl7u6myq7tz2u0gdwn5.pdf,9,pdf,2339,1654,0,0.928,no,0.000,no,no,5270.241,222.672,49.703,-0.000,0.734,no,no,accepted,,0036603e74da68afb297a2c8ee851a5f2e9ecbb4cf054bcfadd18611f0336cea,0.361125,,keep,,yes
images/21069564162048-ayzkr7aqarl7u6myq7tz2u0gdwn5__p010.png,21069564162048_ayzkr7aqarl7u6myq7tz2u0gdwn5.pdf,10,pdf,2339,1654,0,0.927,no,0.000,no,no,5353.582,222.541,49.802,-0.000,0.749,no,no,accepted,,24a6f4b4d74bd2a24feb86532740ee21c06b7a3b354307968d76eed7d23ec7eb,0.361667,,keep,,yes
images/21069564162048-ayzkr7aqarl7u6myq7tz2u0gdwn5__p011.png,21069564162048_ayzkr7aqarl7u6myq7tz2u0gdwn5.pdf,11,pdf,2339,1654,0,0.925,no,0.000,no,no,5314.942,222.623,49.720,-0.000,0.738,no,no,accepted,,1192d8fd4d8fdb5ca0c2e8a2a7747dc25a9960d9a2cfe791524c92ad02636def,0.361442,,keep,,yes
images/21069564162048-ayzkr7aqarl7u6myq7tz2u0gdwn5__p012.png,21069564162048_ayzkr7aqarl7u6myq7tz2u0gdwn5.pdf,12,pdf,2339,1654,0,0.925,no,0.000,no,no,5396.104,222.480,49.893,-0.000,0.715,no,no,accepted,,9158bb8fd61c9851404a1455b1e6f432fbc7b53a914b280c4d7e4e120376b40b,0.361835,,keep,,yes
images/21069564162048-ayzkr7aqarl7u6myq7tz2u0gdwn5__p013.png,21069564162048_ayzkr7aqarl7u6myq7tz2u0gdwn5.pdf,13,pdf,2339,1654,0,0.928,no,0.000,no,no,5141.946,222.876,49.358,-0.000,0.745,no,no,accepted,,14a9bcbe983009b0d4856926f5b2e73f863e5e6ab7f65f18efb7a2a93c874b94,0.361068,,keep,,yes
images/21069564162048-ayzkr7aqarl7u6myq7tz2u0gdwn5__p014.png,21069564162048_ayzkr7aqarl7u6myq7tz2u0gdwn5.pdf,14,pdf,2339,1654,0,0.913,no,0.000,no,no,3781.926,225.061,47.480,-0.000,0.655,no,no,accepted,,25bc24e580d06fae5dd459e52bb2ffc1171ad119c2cc835042c4b51cdccdfc96,0.351225,,keep,,yes
images/21069564162048-ayzkr7aqarl7u6myq7tz2u0gdwn5__p015.png,21069564162048_ayzkr7aqarl7u6myq7tz2u0gdwn5.pdf,15,pdf,2339,1654,0,0.937,no,0.000,no,no,3835.461,224.621,48.524,-0.000,0.816,no,no,accepted,,f749e8949be65e4363c143a8268639a39c8c106a7b929e056b28bcdf57fb29ee,0.350070,,keep,,yes
images/21069564162048-ayzkr7aqarl7u6myq7tz2u0gdwn5__p016.png,21069564162048_ayzkr7aqarl7u6myq7tz2u0gdwn5.pdf,16,pdf,2339,1654,0,0.930,no,0.000,no,no,4079.040,226.505,49.537,-0.000,0.771,no,no,accepted,,b5bcd78e03c12b2e01e1caa4b92a244c853da161e8a22a63a5ab62e1aa0d1047,0.305775,,keep,,yes
images/21069564162048-ayzkr7aqarl7u6myq7tz2u0gdwn5__p017.png,21069564162048_ayzkr7aqarl7u6myq7tz2u0gdwn5.pdf,17,pdf,2339,1654,0,0.928,no,0.000,no,no,2903.296,248.147,23.925,-0.000,0.756,no,no,accepted,,307022d6f3da872aa3cffac2a58686d3293121370371044e0c7c9fd5f2b399a7,0.061756,dup_010,review,exact_duplicate,yes
images/21069564166144-cfgiul90iykuqgc8cdffivbs5fg7__p001.png,21069564166144_cfgiul90iykuqgc8cdffivbs5fg7.pdf,1,pdf,1654,2339,0,0.912,no,0.000,no,no,7178.557,220.196,51.989,-0.000,0.948,no,no,accepted,,02fa00b2692dbb2abe8bd3418745bbf77b7666160aae4a9717d12565d2f37fc7,0.357578,,keep,,yes
images/21069564166144-cfgiul90iykuqgc8cdffivbs5fg7__p002.png,21069564166144_cfgiul90iykuqgc8cdffivbs5fg7.pdf,2,pdf,1654,2339,0,0.933,no,0.000,no,no,2853.459,227.234,45.611,-0.000,0.865,no,no,accepted,,f781a03c7f01dc32baaf57e34c9d8ffaff047aa1958d40c68907547bb4cfabe4,0.327576,,keep,,yes
images/21069564166144-cfgiul90iykuqgc8cdffivbs5fg7__p003.png,21069564166144_cfgiul90iykuqgc8cdffivbs5fg7.pdf,3,pdf,1654,2339,0,0.920,no,0.000,no,no,3600.588,231.546,45.129,-0.000,0.884,no,no,accepted,,a7a048e66dc31b5000e33655bbb05b2dffcc8745c5e71efe9d3e5dc7c334b7c1,0.248858,,keep,,yes
images/21069564166144-cfgiul90iykuqgc8cdffivbs5fg7__p004.png,21069564166144_cfgiul90iykuqgc8cdffivbs5fg7.pdf,4,pdf,1654,2339,0,0.926,no,0.000,no,no,2895.640,248.157,23.886,-0.000,1.000,no,no,accepted,,8ab8e8dee3525533c9fe41b48217e835e9a7f401ca188eeaab5c30ef7b1bdaa3,0.061714,dup_009,review,exact_duplicate,yes
images/21069564223488-iii2a4t1qi3u64k5qq9h8dxcllzk__p001.png,21069564223488_iii2a4t1qi3u64k5qq9h8dxcllzk.pdf,1,pdf,2339,1654,0,0.918,no,0.000,no,no,4075.864,224.582,48.138,-0.000,0.850,no,no,accepted,,609c58c44ff96894192136be0bc74cea59a8526b9b0492efa66919a9e58be73e,0.351298,,keep,,yes
images/21069564223488-iii2a4t1qi3u64k5qq9h8dxcllzk__p002.png,21069564223488_iii2a4t1qi3u64k5qq9h8dxcllzk.pdf,2,pdf,2339,1654,0,0.928,no,0.000,no,no,5092.883,222.842,49.606,-0.000,0.771,no,no,accepted,,9c893fe4c1dd177795b9e4fec657fbb3ba47fd660d31189457b9c2dec53ddcda,0.359933,,keep,,yes
images/21069564223488-iii2a4t1qi3u64k5qq9h8dxcllzk__p003.png,21069564223488_iii2a4t1qi3u64k5qq9h8dxcllzk.pdf,3,pdf,2339,1654,0,0.926,no,0.000,no,no,5078.519,222.980,49.434,-0.000,0.715,no,no,accepted,,26233ed1fb914cc4126685c08dc32e301a64e18c95fa48edd234e7da7bc10301,0.359559,,keep,,yes
images/21069564223488-iii2a4t1qi3u64k5qq9h8dxcllzk__p004.png,21069564223488_iii2a4t1qi3u64k5qq9h8dxcllzk.pdf,4,pdf,2339,1654,0,0.926,no,0.000,no,no,5494.897,222.318,49.951,-0.000,0.741,no,no,accepted,,eb28e46bdd080742e5d761517113dab4630b76449875fcd5a1d7a22564b20d21,0.362955,,keep,,yes
images/21069564223488-iii2a4t1qi3u64k5qq9h8dxcllzk__p005.png,21069564223488_iii2a4t1qi3u64k5qq9h8dxcllzk.pdf,5,pdf,2339,1654,0,0.925,no,0.000,no,no,5464.051,222.403,49.911,-0.000,0.734,no,no,accepted,,10dac872f3c09ec6387c862cbf26e78bf7ec15d93c0bde7322ae6ffee26defb2,0.362331,,keep,,yes
images/21069564223488-iii2a4t1qi3u64k5qq9h8dxcllzk__p006.png,21069564223488_iii2a4t1qi3u64k5qq9h8dxcllzk.pdf,6,pdf,2339,1654,0,0.923,no,0.000,no,no,5459.994,222.352,49.932,-0.000,0.734,no,no,accepted,,d5394329c17c27bfc7b6becc46c300e5de35f79d635342ed0dad8adf9d996734,0.362678,,keep,,yes
images/21069564223488-iii2a4t1qi3u64k5qq9h8dxcllzk__p007.png,21069564223488_iii2a4t1qi3u64k5qq9h8dxcllzk.pdf,7,pdf,2339,1654,0,0.924,no,0.000,no,no,5398.653,222.485,49.807,-0.000,0.745,no,no,accepted,,01d14f1f6754ba01bbe8112b29a869600e5692ffb1654fa84276f4f4623818ca,0.362297,,keep,,yes
images/21069564223488-iii2a4t1qi3u64k5qq9h8dxcllzk__p008.png,21069564223488_iii2a4t1qi3u64k5qq9h8dxcllzk.pdf,8,pdf,2339,1654,0,0.924,no,0.000,no,no,5425.229,222.412,49.896,-0.000,0.745,no,no,accepted,,34b9ad50b9d7ceb71d21a741bcf15ca9c3fe981ac039f47604342c3e1e4f98cf,0.362456,,keep,,yes
images/21069564223488-iii2a4t1qi3u64k5qq9h8dxcllzk__p009.png,21069564223488_iii2a4t1qi3u64k5qq9h8dxcllzk.pdf,9,pdf,2339,1654,0,0.926,no,0.000,no,no,5341.524,222.516,49.824,-0.000,0.756,no,no,accepted,,70ea159527063c6876a2e8eb333bd2b8f8bc2f99fb4172aeeab08893a2378deb,0.361698,,keep,,yes
images/21069564223488-iii2a4t1qi3u64k5qq9h8dxcllzk__p010.png,21069564223488_iii2a4t1qi3u64k5qq9h8dxcllzk.pdf,10,pdf,2339,1654,0,0.924,no,0.000,no,no,5370.346,222.523,49.795,-0.000,0.730,no,no,accepted,,3fbae3975502358e83216e9f593271f349592f15cb867f05ce77f2166755b2a2,0.361869,,keep,,yes
images/21069564223488-iii2a4t1qi3u64k5qq9h8dxcllzk__p011.png,21069564223488_iii2a4t1qi3u64k5qq9h8dxcllzk.pdf,11,pdf,2339,1654,0,0.927,no,0.000,no,no,5424.128,222.444,49.879,-0.000,0.741,no,no,accepted,,66a301d46055cab297d4ba631719fbbc28b0d019dce48e5286ffe0e7bbdd7fc9,0.362303,,keep,,yes
images/21069564223488-iii2a4t1qi3u64k5qq9h8dxcllzk__p012.png,21069564223488_iii2a4t1qi3u64k5qq9h8dxcllzk.pdf,12,pdf,2339,1654,0,0.921,no,0.000,no,no,5364.963,222.561,49.745,-0.000,0.738,no,no,accepted,,e0296ff9f54fabb5c1d9b639583631b317272da1aa3714e54f1c6dff9730fcdd,0.361834,,keep,,yes
images/21069564223488-iii2a4t1qi3u64k5qq9h8dxcllzk__p013.png,21069564223488_iii2a4t1qi3u64k5qq9h8dxcllzk.pdf,13,pdf,2339,1654,0,0.928,no,0.000,no,no,5237.540,222.743,49.384,-0.000,0.715,no,no,accepted,,ddf1a86102248629faa869c22c29aa39eb9455903cb34669691bc7dcbdb06511,0.362289,,keep,,yes
images/21069564223488-iii2a4t1qi3u64k5qq9h8dxcllzk__p014.png,21069564223488_iii2a4t1qi3u64k5qq9h8dxcllzk.pdf,14,pdf,2339,1654,0,0.928,no,0.000,no,no,2980.562,226.151,46.884,-0.000,0.775,no,no,accepted,,2f1a552faee916ed30b4e897cbbc78312b89d2e0d2f6a270e4edb6046d0bda32,0.344096,,keep,,yes
images/21069564223488-iii2a4t1qi3u64k5qq9h8dxcllzk__p015.png,21069564223488_iii2a4t1qi3u64k5qq9h8dxcllzk.pdf,15,pdf,2339,1654,0,0.895,no,0.000,no,no,3566.523,225.045,48.136,-0.000,0.775,no,no,accepted,,632aef344f9a8108ea61ee70922faf73c038229c1021e9e22831c2041d84ddcd,0.347960,,keep,,yes
images/21069564223488-iii2a4t1qi3u64k5qq9h8dxcllzk__p016.png,21069564223488_iii2a4t1qi3u64k5qq9h8dxcllzk.pdf,16,pdf,2339,1654,0,0.921,no,0.000,no,no,3368.668,227.810,48.225,0.250,0.730,no,no,accepted,,bc955dc74e416a952403e53ebd5dd2fe764ce234028604ff7e699be4263697e2,0.300045,,keep,,yes
images/21069564223488-iii2a4t1qi3u64k5qq9h8dxcllzk__p017.png,21069564223488_iii2a4t1qi3u64k5qq9h8dxcllzk.pdf,17,pdf,2339,1654,0,0.928,no,0.000,no,no,2903.296,248.147,23.925,-0.000,0.756,no,no,accepted,,307022d6f3da872aa3cffac2a58686d3293121370371044e0c7c9fd5f2b399a7,0.061756,dup_010,review,exact_duplicate,yes
images/21069564248064-hqvxmkacigbfrx1bq4n6xypa24a6__p001.png,21069564248064_hqvxmkacigbfrx1bq4n6xypa24a6.pdf,1,pdf,1654,2339,0,0.920,no,0.000,no,no,7096.311,220.309,51.917,-0.000,0.955,no,no,accepted,,f23cf549a4399f109e805188043036fda177bc3a89b7ea98c0afbbde4837d533,0.356980,,keep,,yes
images/21069564248064-hqvxmkacigbfrx1bq4n6xypa24a6__p002.png,21069564248064_hqvxmkacigbfrx1bq4n6xypa24a6.pdf,2,pdf,1654,2339,0,0.916,no,0.000,no,no,6948.342,220.599,51.632,-0.000,0.959,no,no,accepted,,dd426c848ac27ae40a9997f1c791c92a018bee4f5236c6ee51a439b4a12da9d1,0.355949,,keep,,yes
images/21069564248064-hqvxmkacigbfrx1bq4n6xypa24a6__p003.png,21069564248064_hqvxmkacigbfrx1bq4n6xypa24a6.pdf,3,pdf,1654,2339,0,0.912,no,0.000,no,no,6955.112,220.579,51.636,-0.000,0.962,no,no,accepted,,5c4db471ade7e6176f29f545d1a3a40e6a28af73c6351a8867bedad1e8b0a5ef,0.356033,,keep,,yes
images/21069564248064-hqvxmkacigbfrx1bq4n6xypa24a6__p004.png,21069564248064_hqvxmkacigbfrx1bq4n6xypa24a6.pdf,4,pdf,1654,2339,0,0.925,no,0.000,no,no,7043.000,220.442,51.760,-0.000,0.974,no,no,accepted,,0c53f7b24ddd312c1dbcc9ffc84a05072bdcfc6bddb48925b8751f0434a8cdcb,0.356385,,keep,,yes
images/21069564248064-hqvxmkacigbfrx1bq4n6xypa24a6__p005.png,21069564248064_hqvxmkacigbfrx1bq4n6xypa24a6.pdf,5,pdf,1654,2339,0,0.927,no,0.000,no,no,5248.242,223.364,49.277,-0.000,0.940,no,no,accepted,,a5089192e2e920014b4b653a874d99f2241effd95c5592d8bf8be7939eb6a0cf,0.344436,,keep,,yes
images/21069564248064-hqvxmkacigbfrx1bq4n6xypa24a6__p006.png,21069564248064_hqvxmkacigbfrx1bq4n6xypa24a6.pdf,6,pdf,1654,2339,0,0.663,no,0.636,no,no,1688.089,229.126,43.609,-0.250,0.565,no,no,review,document_contour_uncertain,db4fec1da5b4707d2290283226573529a6d4e8fd3ec1cf327c41fc3bfa3067ff,0.319268,,review,,yes
images/21069564248064-hqvxmkacigbfrx1bq4n6xypa24a6__p007.png,21069564248064_hqvxmkacigbfrx1bq4n6xypa24a6.pdf,7,pdf,1654,2339,0,0.939,no,0.000,no,no,3729.683,231.443,45.346,-0.000,0.876,no,no,accepted,,69b41aef0c2dd00026c3532e2effc6e24082793ff0fa691feb6819674c857030,0.249068,,keep,,yes
images/21069564248064-hqvxmkacigbfrx1bq4n6xypa24a6__p008.png,21069564248064_hqvxmkacigbfrx1bq4n6xypa24a6.pdf,8,pdf,1654,2339,0,0.926,no,0.000,no,no,2895.640,248.157,23.886,-0.000,1.000,no,no,accepted,,8ab8e8dee3525533c9fe41b48217e835e9a7f401ca188eeaab5c30ef7b1bdaa3,0.061714,dup_009,review,exact_duplicate,yes
images/21069564252160-chdvml200m88aj5hrz63c1p37qbf__p001.png,21069564252160_chdvml200m88aj5hrz63c1p37qbf.pdf,1,pdf,2339,1654,0,0.923,no,0.000,no,no,4491.688,223.930,48.726,-0.000,0.865,no,no,accepted,,3c20f1ea556b316794f2a9526d87751ea4fedc78a3ec7ccf0213c41b31281b88,0.354102,,keep,,yes
images/21069564252160-chdvml200m88aj5hrz63c1p37qbf__p002.png,21069564252160_chdvml200m88aj5hrz63c1p37qbf.pdf,2,pdf,2339,1654,0,0.929,no,0.000,no,no,4962.206,223.035,49.416,-0.000,0.767,no,no,accepted,,a23bebfc5caee980347b073478011d0c4152f94e600ab14d8f908d3ce6e0f538,0.359137,,keep,,yes
images/21069564252160-chdvml200m88aj5hrz63c1p37qbf__p003.png,21069564252160_chdvml200m88aj5hrz63c1p37qbf.pdf,3,pdf,2339,1654,0,0.926,no,0.000,no,no,5217.048,222.701,49.655,-0.000,0.775,no,no,accepted,,29ea491147185204003d08c8f18c8025c4e371205dc683e0710e35298bd16772,0.360859,,keep,,yes
images/21069564252160-chdvml200m88aj5hrz63c1p37qbf__p004.png,21069564252160_chdvml200m88aj5hrz63c1p37qbf.pdf,4,pdf,2339,1654,0,0.925,no,0.000,no,no,5521.009,222.293,49.975,-0.000,0.767,no,no,accepted,,ab1321c4f9ec2c717c16429c88c86ab2e4423daaea684b680382a7697b3cf926,0.363080,,keep,,yes
images/21069564252160-chdvml200m88aj5hrz63c1p37qbf__p005.png,21069564252160_chdvml200m88aj5hrz63c1p37qbf.pdf,5,pdf,2339,1654,0,0.922,no,0.000,no,no,5469.456,222.373,49.932,-0.000,0.734,no,no,accepted,,68a8b233e5b22fdad9dd2090b8e9da5b333ccb53f2552b967dc90551767cf516,0.362555,,keep,,yes
images/21069564252160-chdvml200m88aj5hrz63c1p37qbf__p006.png,21069564252160_chdvml200m88aj5hrz63c1p37qbf.pdf,6,pdf,2339,1654,0,0.920,no,0.000,no,no,5321.116,222.580,49.741,-0.000,0.730,no,no,accepted,,b725c592676472f667c054cf5d81c0c0f6725e6a2b833b2ad5a24f280fe7474c,0.361636,,keep,,yes
images/21069564252160-chdvml200m88aj5hrz63c1p37qbf__p007.png,21069564252160_chdvml200m88aj5hrz63c1p37qbf.pdf,7,pdf,2339,1654,0,0.926,no,0.000,no,no,5541.692,222.306,49.967,-0.000,0.764,no,no,accepted,,c6d25255a0ae4cf85597613b91c90ce96fbc9b6c6a6c310f5701a02ae2ea12da,0.363090,,keep,,yes
images/21069564252160-chdvml200m88aj5hrz63c1p37qbf__p008.png,21069564252160_chdvml200m88aj5hrz63c1p37qbf.pdf,8,pdf,2339,1654,0,0.924,no,0.000,no,no,5464.456,222.367,49.898,-0.000,0.753,no,no,accepted,,bc1d09783930983e1aface177ba976b29fec5ef597c1aace02534a22b93e8214,0.362644,,keep,,yes
images/21069564252160-chdvml200m88aj5hrz63c1p37qbf__p009.png,21069564252160_chdvml200m88aj5hrz63c1p37qbf.pdf,9,pdf,2339,1654,0,0.924,no,0.000,no,no,5246.999,222.696,49.673,-0.000,0.753,no,no,accepted,,41a8c8f985ab68bd0f0c56288049dd4255a51b578f01f70ec0e6c5453a1f93fc,0.360999,,keep,,yes
images/21069564252160-chdvml200m88aj5hrz63c1p37qbf__p010.png,21069564252160_chdvml200m88aj5hrz63c1p37qbf.pdf,10,pdf,2339,1654,0,0.928,no,0.000,no,no,5452.400,222.399,49.920,-0.000,0.741,no,no,accepted,,323e627993c598c52fbd995013ce07cb6ab22cc26a2795f9e437c46e7b02cac6,0.362356,,keep,,yes
images/21069564252160-chdvml200m88aj5hrz63c1p37qbf__p011.png,21069564252160_chdvml200m88aj5hrz63c1p37qbf.pdf,11,pdf,2339,1654,0,0.926,no,0.000,no,no,5285.734,222.640,49.700,-0.000,0.730,no,no,accepted,,9c8cccd7990f1a90ff9d053ffa8eab17a71e8d6760b9081cea234bb8d81fef55,0.361340,,keep,,yes
images/21069564252160-chdvml200m88aj5hrz63c1p37qbf__p012.png,21069564252160_chdvml200m88aj5hrz63c1p37qbf.pdf,12,pdf,2339,1654,0,0.924,no,0.000,no,no,5545.592,222.255,50.023,-0.000,0.760,no,no,accepted,,947dd707280e66ba0935b6f41f9b765d544f275b433ff4910533e1a12f0ce10f,0.363069,,keep,,yes
images/21069564252160-chdvml200m88aj5hrz63c1p37qbf__p013.png,21069564252160_chdvml200m88aj5hrz63c1p37qbf.pdf,13,pdf,2339,1654,0,0.922,no,0.000,no,no,4750.532,223.495,49.078,-0.000,0.723,no,no,accepted,,f682096ef97d007ea646a91af9478b1a79191c323143d18ff2567c771a95a1ba,0.356889,,keep,,yes
images/21069564252160-chdvml200m88aj5hrz63c1p37qbf__p014.png,21069564252160_chdvml200m88aj5hrz63c1p37qbf.pdf,14,pdf,2339,1654,0,0.903,no,0.000,no,no,4690.125,223.679,48.576,-0.000,0.696,no,no,accepted,,7b528c7fe64ceafcd87e282cf33e035e39f8e36a9c6126af2f79e298d3b73ce8,0.358379,,keep,,yes
images/21069564252160-chdvml200m88aj5hrz63c1p37qbf__p015.png,21069564252160_chdvml200m88aj5hrz63c1p37qbf.pdf,15,pdf,2339,1654,0,0.938,no,0.000,no,no,3835.780,224.619,48.526,-0.000,0.820,no,no,accepted,,595be5863b7fa560982cd4b7e3a3a0c9cd2faea5f7d6c8bcb880ff39ce2ef744,0.350075,,keep,,yes
images/21069564252160-chdvml200m88aj5hrz63c1p37qbf__p016.png,21069564252160_chdvml200m88aj5hrz63c1p37qbf.pdf,16,pdf,2339,1654,0,0.929,no,0.000,no,no,4076.107,226.502,49.546,-0.000,0.782,no,no,accepted,,2ff49d301f2930e3af0ac3de307ebd77b42dbd86b66ff34c78b72174e3fccc15,0.305737,,keep,,yes
images/21069564252160-chdvml200m88aj5hrz63c1p37qbf__p017.png,21069564252160_chdvml200m88aj5hrz63c1p37qbf.pdf,17,pdf,2339,1654,0,0.928,no,0.000,no,no,2903.296,248.147,23.925,-0.000,0.756,no,no,accepted,,307022d6f3da872aa3cffac2a58686d3293121370371044e0c7c9fd5f2b399a7,0.061756,dup_010,review,exact_duplicate,yes
images/21069564268544-pi9kogqte8v04z24u6mr95wkjast__p001.png,21069564268544_pi9kogqte8v04z24u6mr95wkjast.pdf,1,pdf,1654,2339,0,0.934,no,0.000,no,no,7069.533,220.314,51.933,-0.000,0.944,no,no,accepted,,a8caff907befbaa00db9aab03ba6ea7f1381cc06604a3e37759a1a36f87cf096,0.356579,,keep,,yes
images/21069564268544-pi9kogqte8v04z24u6mr95wkjast__p002.png,21069564268544_pi9kogqte8v04z24u6mr95wkjast.pdf,2,pdf,1654,2339,0,0.925,no,0.000,no,no,6979.359,220.563,51.670,-0.000,0.959,no,no,accepted,,9733f018ada6a58033ddbe4e739e4ea218a01b78d1e082678ecc35b03433bba2,0.356123,,keep,,yes
images/21069564268544-pi9kogqte8v04z24u6mr95wkjast__p003.png,21069564268544_pi9kogqte8v04z24u6mr95wkjast.pdf,3,pdf,1654,2339,0,0.936,no,0.000,no,no,6929.041,220.627,51.629,-0.000,0.959,no,no,accepted,,8fc716aac8ba21bc11a3dbf0c1eefb09aa9139aa485c0c82841501785c1b9d4d,0.355643,,keep,,yes
images/21069564268544-pi9kogqte8v04z24u6mr95wkjast__p004.png,21069564268544_pi9kogqte8v04z24u6mr95wkjast.pdf,4,pdf,1654,2339,0,0.868,no,0.000,no,no,6979.635,220.545,51.678,-0.000,0.962,no,no,accepted,,685a385d8c6c27157dd18025ef64110f7fa21b37d60608fef8aeaf52abf67506,0.356036,,keep,,yes
images/21069564268544-pi9kogqte8v04z24u6mr95wkjast__p005.png,21069564268544_pi9kogqte8v04z24u6mr95wkjast.pdf,5,pdf,1654,2339,0,0.928,no,0.000,no,no,4824.728,224.034,48.675,-0.000,0.940,no,no,accepted,,cb52d825fdece7ddff469663af1961615cbdafa4518cf059269ed377378fe445,0.341488,,keep,,yes
images/21069564268544-pi9kogqte8v04z24u6mr95wkjast__p006.png,21069564268544_pi9kogqte8v04z24u6mr95wkjast.pdf,6,pdf,1654,2339,90,0.635,no,0.637,no,no,1684.578,229.127,43.640,-0.250,0.554,no,no,review,orientation_uncertain;document_contour_uncertain,9d9db1265b6eebc0716d18bfb3a4a7aea5dc1ecebe9ec857cb38495311f0583d,0.319107,,review,,yes
images/21069564268544-pi9kogqte8v04z24u6mr95wkjast__p007.png,21069564268544_pi9kogqte8v04z24u6mr95wkjast.pdf,7,pdf,1654,2339,0,0.934,no,0.000,no,no,3628.470,231.480,45.220,-0.000,0.884,no,no,accepted,,b86d59e27c951fcc9cba68c58537b24cb991c85259f85f0a17ca5c85ad71f3aa,0.248984,,keep,,yes
images/21069564268544-pi9kogqte8v04z24u6mr95wkjast__p008.png,21069564268544_pi9kogqte8v04z24u6mr95wkjast.pdf,8,pdf,1654,2339,0,0.926,no,0.000,no,no,2895.640,248.157,23.886,-0.000,1.000,no,no,accepted,,8ab8e8dee3525533c9fe41b48217e835e9a7f401ca188eeaab5c30ef7b1bdaa3,0.061714,dup_009,review,exact_duplicate,yes
images/21069564289024-05uxv4klhw9dy9ixkhoe93hqfk4q__p001.png,21069564289024_05uxv4klhw9dy9ixkhoe93hqfk4q.pdf,1,pdf,1654,2339,0,0.862,no,0.000,no,no,7037.906,220.358,51.923,-0.000,0.955,no,no,accepted,,9604fbdf2a08466f978c3f9f4cca7a5e5b1d362b81d3a9e1f17942ba9e831413,0.356384,,keep,,yes
images/21069564289024-05uxv4klhw9dy9ixkhoe93hqfk4q__p002.png,21069564289024_05uxv4klhw9dy9ixkhoe93hqfk4q.pdf,2,pdf,1654,2339,0,0.923,no,0.000,no,no,6902.305,220.677,51.615,-0.000,0.951,no,no,accepted,,a2a21817a3e5d91e1d397b5fe496aa29114c04b21ce6244d402a82e7e616dac3,0.355318,,keep,,yes
images/21069564289024-05uxv4klhw9dy9ixkhoe93hqfk4q__p003.png,21069564289024_05uxv4klhw9dy9ixkhoe93hqfk4q.pdf,3,pdf,1654,2339,0,0.924,no,0.000,no,no,7007.784,220.549,51.698,-0.000,0.962,no,no,accepted,,2bfb2ba806ac73b82cfc2106f4e1a3fe549517fa636e4378e68a7ab0d96cb610,0.355970,,keep,,yes
images/21069564289024-05uxv4klhw9dy9ixkhoe93hqfk4q__p004.png,21069564289024_05uxv4klhw9dy9ixkhoe93hqfk4q.pdf,4,pdf,1654,2339,0,0.914,no,0.000,no,no,6951.123,220.585,51.649,-0.000,0.974,no,no,accepted,,1fcaf87b6107a6316ee117f933cafb4ee787863b3e7bdc1ef630aefc4bd87f02,0.355921,,keep,,yes
images/21069564289024-05uxv4klhw9dy9ixkhoe93hqfk4q__p005.png,21069564289024_05uxv4klhw9dy9ixkhoe93hqfk4q.pdf,5,pdf,1654,2339,0,0.921,no,0.000,no,no,7036.658,220.470,51.744,-0.000,0.970,no,no,accepted,,39b6359ca72fbf28302cbf1d1c20496cf21e6696f4be4acdebfe32479683b369,0.356347,,keep,,yes
images/21069564289024-05uxv4klhw9dy9ixkhoe93hqfk4q__p006.png,21069564289024_05uxv4klhw9dy9ixkhoe93hqfk4q.pdf,6,pdf,1654,2339,0,0.926,no,0.000,no,no,5249.422,223.339,49.261,-0.000,0.932,no,no,accepted,,32597bd7bf1c66dc54e5e3cf2ddc55ced38af88327dc4b8eb8dc312ffc38a59d,0.344680,,keep,,yes
images/21069564289024-05uxv4klhw9dy9ixkhoe93hqfk4q__p007.png,21069564289024_05uxv4klhw9dy9ixkhoe93hqfk4q.pdf,7,pdf,1654,2339,270,0.621,no,0.637,no,no,1684.690,229.126,43.640,-0.250,0.554,no,no,review,orientation_uncertain;document_contour_uncertain,9eef4f4cf4bffa5ad896c24e4e07578bc6ac8246b1f3acbfe5c761222766c8e3,0.319113,,review,,yes
images/21069564289024-05uxv4klhw9dy9ixkhoe93hqfk4q__p008.png,21069564289024_05uxv4klhw9dy9ixkhoe93hqfk4q.pdf,8,pdf,1654,2339,0,0.933,no,0.000,no,no,3647.442,231.471,45.234,-0.000,0.880,no,no,accepted,,216cdd84347557f536c64401b2b6911f5b8356a9b08abeb17995e9bb492b2f75,0.249035,,keep,,yes
images/21069564289024-05uxv4klhw9dy9ixkhoe93hqfk4q__p009.png,21069564289024_05uxv4klhw9dy9ixkhoe93hqfk4q.pdf,9,pdf,1654,2339,0,0.926,no,0.000,no,no,2895.640,248.157,23.886,-0.000,1.000,no,no,accepted,,8ab8e8dee3525533c9fe41b48217e835e9a7f401ca188eeaab5c30ef7b1bdaa3,0.061714,dup_009,review,exact_duplicate,yes
images/21069564305408-dv02tbcolnjpmgl029rr1k9aiuwk__p001.png,21069564305408_dv02tbcolnjpmgl029rr1k9aiuwk.pdf,1,pdf,1654,2339,0,0.925,no,0.000,no,no,6988.199,220.445,51.846,-0.000,0.951,no,no,accepted,,fd87bc1d4d6a36e03c139d6be0aac491e7641c0d12f2c65a7221962d98dce337,0.355974,,keep,,yes
images/21069564305408-dv02tbcolnjpmgl029rr1k9aiuwk__p002.png,21069564305408_dv02tbcolnjpmgl029rr1k9aiuwk.pdf,2,pdf,1654,2339,0,0.816,no,0.000,no,no,6962.272,220.560,51.663,-0.000,0.970,no,no,accepted,,c413959579abd8d6f6e36340bf6203306eeafc21fe03172dc7c21a00f96d3047,0.356009,,keep,,yes
images/21069564305408-dv02tbcolnjpmgl029rr1k9aiuwk__p003.png,21069564305408_dv02tbcolnjpmgl029rr1k9aiuwk.pdf,3,pdf,1654,2339,0,0.915,no,0.000,no,no,6844.729,220.720,51.513,-0.000,0.959,no,no,accepted,,ccd3113643c149a5519a4af82285cc72716e000378ddc0f0426ca9da13bdc425,0.355463,,keep,,yes
images/21069564305408-dv02tbcolnjpmgl029rr1k9aiuwk__p004.png,21069564305408_dv02tbcolnjpmgl029rr1k9aiuwk.pdf,4,pdf,1654,2339,0,0.930,no,0.000,no,no,6916.162,220.599,51.706,-0.000,0.966,no,no,accepted,,568fe08ab2439df9967ff807270e584d69739e4921b8978d8106909abf5e2e80,0.355312,,keep,,yes
images/21069564305408-dv02tbcolnjpmgl029rr1k9aiuwk__p005.png,21069564305408_dv02tbcolnjpmgl029rr1k9aiuwk.pdf,5,pdf,1654,2339,0,0.914,no,0.000,no,no,6972.813,220.509,51.674,-0.000,0.962,no,no,accepted,,d13fd7a74787cd0ce22d8eb6c11661f8e87dd36d15c2643c90563159e6c556cf,0.356349,,keep,,yes
images/21069564305408-dv02tbcolnjpmgl029rr1k9aiuwk__p006.png,21069564305408_dv02tbcolnjpmgl029rr1k9aiuwk.pdf,6,pdf,1654,2339,0,0.925,no,0.000,no,no,5367.985,223.193,49.331,-0.000,0.944,no,no,accepted,,b7710c3b25c64e24b09e8779c342955eb2eaf6b1388246a97331a63cf49d1d6f,0.345690,,keep,,yes
images/21069564305408-dv02tbcolnjpmgl029rr1k9aiuwk__p007.png,21069564305408_dv02tbcolnjpmgl029rr1k9aiuwk.pdf,7,pdf,1654,2339,90,0.544,no,0.637,no,no,1687.486,229.119,43.644,-0.250,0.554,no,no,review,orientation_uncertain;document_contour_uncertain,4920f150e0980497972cda58c517bdad56d67d170fe9f3cf94ee54d791c4a158,0.319152,,review,,yes
images/21069564305408-dv02tbcolnjpmgl029rr1k9aiuwk__p008.png,21069564305408_dv02tbcolnjpmgl029rr1k9aiuwk.pdf,8,pdf,1654,2339,0,0.933,no,0.000,no,no,3644.923,231.467,45.228,-0.000,0.884,no,no,accepted,,ddd7621dd1704758f2a68f49f13c736d373fbc8aa759ce511958deeb468ffcac,0.249075,,keep,,yes
images/21069564305408-dv02tbcolnjpmgl029rr1k9aiuwk__p009.png,21069564305408_dv02tbcolnjpmgl029rr1k9aiuwk.pdf,9,pdf,1654,2339,0,0.926,no,0.000,no,no,2895.640,248.157,23.886,-0.000,1.000,no,no,accepted,,8ab8e8dee3525533c9fe41b48217e835e9a7f401ca188eeaab5c30ef7b1bdaa3,0.061714,dup_009,review,exact_duplicate,yes
images/21069564370944-3rfjnodyrfw6m950l8eh6078q3em__p001.png,21069564370944_3rfjnodyrfw6m950l8eh6078q3em.pdf,1,pdf,1654,2339,0,0.867,no,0.000,no,no,7124.002,220.231,51.962,-0.000,0.955,no,no,accepted,,480596aea2b8bcd6c0930aad1a0b12637b469672a3052609ff6b83bb61a1b78c,0.357323,,keep,,yes
images/21069564370944-3rfjnodyrfw6m950l8eh6078q3em__p002.png,21069564370944_3rfjnodyrfw6m950l8eh6078q3em.pdf,2,pdf,1654,2339,0,0.936,no,0.000,no,no,4241.201,224.951,47.788,-0.000,0.921,no,no,accepted,,8119ae5d5ee7250aa8495be85ac542cf6b75c468ee16c265f55e85636de6a438,0.337999,,keep,,yes
images/21069564370944-3rfjnodyrfw6m950l8eh6078q3em__p003.png,21069564370944_3rfjnodyrfw6m950l8eh6078q3em.pdf,3,pdf,1654,2339,0,0.879,no,0.000,no,no,2689.065,233.343,42.943,-0.000,0.730,no,no,accepted,,23d825f46d3a498bc7c54c4b4795e3ac6ecd5eee4cb1379c5d4e0ff5cffe8c11,0.241050,,keep,,yes
images/21069564370944-3rfjnodyrfw6m950l8eh6078q3em__p004.png,21069564370944_3rfjnodyrfw6m950l8eh6078q3em.pdf,4,pdf,1654,2339,0,0.926,no,0.000,no,no,2895.640,248.157,23.886,-0.000,1.000,no,no,accepted,,8ab8e8dee3525533c9fe41b48217e835e9a7f401ca188eeaab5c30ef7b1bdaa3,0.061714,dup_009,review,exact_duplicate,yes
images/21069623816192-28bj9z2mzr0mbn7h8v2h87w4yu93__p001.png,21069623816192_28bj9z2mzr0mbn7h8v2h87w4yu93.pdf,1,pdf,1653,2339,0,0.920,no,0.000,no,no,6258.567,242.785,42.772,-0.000,0.749,no,no,accepted,,522d1c5b5287c6f7a24b3d78e9ebf9b3e6295d402572344f0e280468e6300c03,0.083090,,keep,,yes
images/21069623816192-28bj9z2mzr0mbn7h8v2h87w4yu93__p002.png,21069623816192_28bj9z2mzr0mbn7h8v2h87w4yu93.pdf,2,pdf,1653,2339,180,0.861,yes,0.000,no,no,2753.535,248.035,31.925,-0.125,0.625,no,no,corrected,rotated_180,50b7040d4aa8ec46416d38c8fc9eb420fc1f7556536ebe7559d80a47ea8699d6,0.064109,,keep,,yes
images/21069623848960-revq01nue8wapisdzbvbvp7wsjk6__p001.png,21069623848960_revq01nue8wapisdzbvbvp7wsjk6.pdf,1,pdf,1653,2339,0,0.921,no,0.000,no,no,5421.923,244.113,40.433,-0.000,0.685,no,no,accepted,,572873bf0064e0412d87fc16f0085d4ca1c390de4e103b68951809702e399825,0.076144,,keep,,yes
images/21069623848960-revq01nue8wapisdzbvbvp7wsjk6__p002.png,21069623848960_revq01nue8wapisdzbvbvp7wsjk6.pdf,2,pdf,1653,2339,180,0.781,no,0.000,no,no,2567.408,248.468,30.799,-0.250,0.651,no,no,review,orientation_uncertain,4d7795db90c3cfedd4da5310bffc1c15b1920b32dd894b5face07ebdabf26e86,0.061915,,review,,yes
images/21069623865344-4wvy6gyfqk58hxpnivbppw24kd3s__p001.png,21069623865344_4wvy6gyfqk58hxpnivbppw24kd3s.pdf,1,pdf,1653,2339,0,0.921,no,0.000,no,no,6368.929,242.605,43.125,-0.000,0.809,no,no,accepted,,73b5b5b384b640bf93668588d6bdbc8237ecfe9c6ce434ef81e0088812b229ea,0.083982,,keep,,yes
images/21069623865344-4wvy6gyfqk58hxpnivbppw24kd3s__p002.png,21069623865344_4wvy6gyfqk58hxpnivbppw24kd3s.pdf,2,pdf,1653,2339,180,0.830,no,0.000,no,no,2576.079,248.445,30.886,-0.250,0.655,no,no,review,orientation_uncertain,7c41ea06c06a6a30ea3fe99eaa5db0098acb7c1838061e18d15d43feb9b811b8,0.061945,,review,,yes
images/21069623877632-jm9e9j99s2113zhqw4lyxbvlk5nh__p001.png,21069623877632_jm9e9j99s2113zhqw4lyxbvlk5nh.pdf,1,pdf,1653,2339,0,0.918,no,0.000,no,no,6820.875,241.874,44.379,-0.000,0.820,no,no,accepted,,fd6c503cdc2c6cb1af558494e99aef7349ee833482e94c20c943ef547b733ef5,0.088241,,keep,,yes
images/21069623877632-jm9e9j99s2113zhqw4lyxbvlk5nh__p002.png,21069623877632_jm9e9j99s2113zhqw4lyxbvlk5nh.pdf,2,pdf,1653,2339,180,0.852,yes,0.000,no,no,2828.619,247.851,32.421,-0.250,0.595,no,no,corrected,rotated_180,b833aa4731110b75c1cae5e1940044a69cc7e78516708f4a50e9772816b20311,0.065125,,keep,,yes
images/21069623885824-r4wxl5d97ztst2944lc4kkfysgbz__p001.png,21069623885824_r4wxl5d97ztst2944lc4kkfysgbz.pdf,1,pdf,1653,2339,0,0.920,no,0.000,no,no,5625.761,243.852,40.943,-0.000,0.685,no,no,accepted,,895192305f3dd3f64a6d84866f394e2706c77842641d91622707e1c47ce5d17e,0.077471,,keep,,yes
images/21069623885824-r4wxl5d97ztst2944lc4kkfysgbz__p002.png,21069623885824_r4wxl5d97ztst2944lc4kkfysgbz.pdf,2,pdf,1653,2339,180,0.863,yes,0.000,no,no,2747.593,248.032,31.939,-0.125,0.617,no,no,corrected,rotated_180,f051f08fab8771ac00488d734738da4b3af47ef99c20ff989b28e7da030d7eb9,0.064088,,keep,,yes
images/21069623918592-go8lk5fe8yadq9md7u1ax9lvk72f__p001.png,21069623918592_go8lk5fe8yadq9md7u1ax9lvk72f.pdf,1,pdf,1653,2339,0,0.918,no,0.000,no,no,6485.046,242.405,43.472,-0.000,0.828,no,no,accepted,,227f4eab41e3c315a3379ee6f56d3deb956bc14376194ac0b3acaa2940255109,0.084941,,keep,,yes
images/21069623918592-go8lk5fe8yadq9md7u1ax9lvk72f__p002.png,21069623918592_go8lk5fe8yadq9md7u1ax9lvk72f.pdf,2,pdf,1653,2339,180,0.775,no,0.000,no,no,2759.464,248.023,31.962,-0.000,0.655,no,no,review,orientation_uncertain,cfd52c88695570a6f96a68b0201a3038125f17241773fc4953c968a10792c378,0.064148,,review,,yes
images/21069623930880-si17ee6yltosh3wr2tznc0fkjg2r__p001.png,21069623930880_si17ee6yltosh3wr2tznc0fkjg2r.pdf,1,pdf,1653,2339,0,0.921,no,0.000,no,no,5800.566,243.514,41.578,-0.000,0.779,no,no,accepted,,c26add7cb4948aa1b53cfba58fc0e05f96ecf73427d671d880c5f8643b200073,0.079534,,keep,,yes
images/21069623930880-si17ee6yltosh3wr2tznc0fkjg2r__p002.png,21069623930880_si17ee6yltosh3wr2tznc0fkjg2r.pdf,2,pdf,1653,2339,180,0.881,yes,0.000,no,no,2574.290,248.444,30.887,-0.250,0.617,no,no,corrected,rotated_180,7678b837554b27d7bd1d5c362613823efc995a7f7e7caeb75c0899844b6a357c,0.061962,,keep,,yes
images/21069623943168-wmbs75n2zw2wskdyd1lyilo2g5ht__p001.png,21069623943168_wmbs75n2zw2wskdyd1lyilo2g5ht.pdf,1,pdf,1653,2339,0,0.924,no,0.000,no,no,6093.488,243.063,42.337,-0.000,0.775,no,no,accepted,,3de7ba5c0d733ee0ceeb83b440b952a0b4fa911d7c61aace57b22c322eec11bc,0.082030,,keep,,yes
images/21069623943168-wmbs75n2zw2wskdyd1lyilo2g5ht__p002.png,21069623943168_wmbs75n2zw2wskdyd1lyilo2g5ht.pdf,2,pdf,1653,2339,0,0.685,no,0.000,no,no,2759.699,248.018,31.983,-0.000,0.659,no,no,accepted,,e8128219534c25ac95f4987afbed929a06b0bfe16d1701f7077fb9d285e588e0,0.064153,,keep,,yes
images/21069623971840-2k8tyfvkni9ed1piapqnrdcc2hs6__p001.png,21069623971840_2k8tyfvkni9ed1piapqnrdcc2hs6.pdf,1,pdf,1654,2339,0,0.880,no,0.000,no,no,5175.176,245.797,36.092,-0.000,0.786,no,no,accepted,,956bef696fd3258ab16093f7bdf51a200823777bac19006b5f287b6fee4a4c39,0.052471,,keep,,yes
images/21069623996416-4tnprfonxkk3fea8v75zayp5ohzm__p001.png,21069623996416_4tnprfonxkk3fea8v75zayp5ohzm.pdf,1,pdf,1653,2339,0,0.916,no,0.000,no,no,5911.110,243.347,41.772,-0.000,0.775,no,no,accepted,,a7afcb6a46765282dadf3a246b760ac3787b7df115466f6e7a88955b25689ec0,0.080591,,keep,,yes
images/21069623996416-4tnprfonxkk3fea8v75zayp5ohzm__p002.png,21069623996416_4tnprfonxkk3fea8v75zayp5ohzm.pdf,2,pdf,1653,2339,180,0.811,no,0.000,no,no,2761.221,248.016,31.988,-0.000,0.640,no,no,review,orientation_uncertain,a259be11b5dc0720268b2f3bb299aebc958e3d11162247c0396e3fc0c29f1bb6,0.064161,,review,,yes
images/21069624020992-hltbdrddksjvtum4l24nvv1vjpwr__p001.png,21069624020992_hltbdrddksjvtum4l24nvv1vjpwr.pdf,1,pdf,1653,2339,0,0.926,no,0.000,no,no,5961.606,231.801,54.393,-0.000,0.876,no,no,accepted,,ec27bacd637288b55aead452ec75e1a9f8050d5b91a9df08ef0a2fb1b5951081,0.180066,,keep,,yes
images/21069624049664-vohc3dt4tlis2tl2f37rqb7xj80c__p001.png,21069624049664_vohc3dt4tlis2tl2f37rqb7xj80c.pdf,1,pdf,1653,2339,0,0.926,no,0.000,no,no,2789.038,222.675,52.404,-0.000,0.734,no,no,accepted,,7cf0cf7e71c2ce1629959ad316809bc605a7ef0de519f9e8b92e325649c57148,0.334519,,keep,,yes
images/21069624049664-vohc3dt4tlis2tl2f37rqb7xj80c__p002.png,21069624049664_vohc3dt4tlis2tl2f37rqb7xj80c.pdf,2,pdf,1653,2339,0,0.927,no,0.000,no,no,6262.606,239.403,41.075,-0.000,0.902,no,no,accepted,,9f153dcbb9b7fb6cbaccfc46edadd4a66ec0e34fa2ceaf1ad9108b2ad3fb4aba,0.115859,,keep,,yes
images/21069624053760-oblw17hj0jxwa0owlh86qewsxs15__p001.png,21069624053760_oblw17hj0jxwa0owlh86qewsxs15.pdf,1,pdf,1654,2339,0,0.925,no,0.000,no,no,4867.672,242.672,34.275,-0.000,0.835,no,no,accepted,,746485518955a69b1920f9b421e1a6f5c2a33aca1eabe52987c592e63227844d,0.175771,,keep,,yes
images/21069624053760-oblw17hj0jxwa0owlh86qewsxs15__p002.png,21069624053760_oblw17hj0jxwa0owlh86qewsxs15.pdf,2,pdf,1654,2339,0,0.921,no,0.000,no,no,6068.162,245.949,34.241,-0.000,0.872,no,no,accepted,,e1a239bfbd507c80f60381c6f833dbe314080e4760698a3bedb86e389954c134,0.054836,,keep,,yes
images/21069624053760-oblw17hj0jxwa0owlh86qewsxs15__p003.png,21069624053760_oblw17hj0jxwa0owlh86qewsxs15.pdf,3,pdf,1655,2339,0,0.924,no,0.000,no,no,9739.905,235.395,40.764,-0.000,0.951,no,no,accepted,,893054793534b24e3406cf9b769e7a5ba0b5eced7d39df32dcb2bc62a57a46bf,0.145793,dup_011,review,exact_duplicate,yes
images/21069624053760-oblw17hj0jxwa0owlh86qewsxs15__p004.png,21069624053760_oblw17hj0jxwa0owlh86qewsxs15.pdf,4,pdf,1655,2339,0,0.925,no,0.000,no,no,10087.894,234.729,41.853,-0.000,0.962,no,no,accepted,,12f1f421b4151fde8688851ca89b3d372484cb9c4c93a3d5165259ad2032df6d,0.149402,dup_012,review,exact_duplicate,yes
images/21069624053760-oblw17hj0jxwa0owlh86qewsxs15__p005.png,21069624053760_oblw17hj0jxwa0owlh86qewsxs15.pdf,5,pdf,1655,2339,0,0.925,no,0.000,no,no,10167.702,234.651,41.242,-0.000,0.970,no,no,accepted,,025533ad69aff62a6bd4fb48fedabe68c602a0b215f93014eeafc689371942ab,0.151681,dup_013,review,exact_duplicate,yes
images/21069624053760-oblw17hj0jxwa0owlh86qewsxs15__p006.png,21069624053760_oblw17hj0jxwa0owlh86qewsxs15.pdf,6,pdf,1655,2339,0,0.923,no,0.000,no,no,7505.012,239.801,38.013,-0.000,0.865,no,no,accepted,,59cb4db04def854b32fa3c1b8d8e4c6a8a7668ae2b68e6b286976b57ba217420,0.111271,dup_014,review,exact_duplicate,yes
images/21069624053760-oblw17hj0jxwa0owlh86qewsxs15__p007.png,21069624053760_oblw17hj0jxwa0owlh86qewsxs15.pdf,7,pdf,1655,2339,0,0.926,no,0.000,no,no,4434.226,245.559,32.101,-0.000,0.734,no,no,accepted,,7bb880529b451c489a6f4ee008045d911d1e7ed830f5df9998bc9e91b3a84ac7,0.066601,dup_015,review,exact_duplicate,yes
images/21069624086528-yda8m9ivfwssqf4f48ztkrfa5cku__p001.png,21069624086528_yda8m9ivfwssqf4f48ztkrfa5cku.pdf,1,pdf,1653,2339,0,0.924,no,0.000,no,no,1803.851,250.039,27.334,-0.000,0.640,no,no,review,overexposed,87a03fcba8da3ac48dd2ccff8c65a0807d26077ea7017c0031dcfcd671031274,0.061254,,review,,yes
images/21069624086528-yda8m9ivfwssqf4f48ztkrfa5cku__p002.png,21069624086528_yda8m9ivfwssqf4f48ztkrfa5cku.pdf,2,pdf,1684,2361,0,0.918,no,0.000,no,no,5626.526,246.314,34.508,0.750,0.839,yes,no,corrected,deskewed,94253c0ffff826be43f0b1e757758d1317ef95afa229935f374a34f5a8dd52c0,0.082724,,keep,,yes
images/21069624086528-yda8m9ivfwssqf4f48ztkrfa5cku__p003.png,21069624086528_yda8m9ivfwssqf4f48ztkrfa5cku.pdf,3,pdf,1684,2361,0,0.849,no,0.000,no,no,6193.916,246.626,34.804,0.750,0.929,yes,no,corrected,deskewed,9ce9d6e590b073a74e2f0aa1d00fd073ac9be14667989a14a913f04482832b45,0.051955,,keep,,yes
images/21069624086528-yda8m9ivfwssqf4f48ztkrfa5cku__p004.png,21069624086528_yda8m9ivfwssqf4f48ztkrfa5cku.pdf,4,pdf,1694,2368,0,0.838,no,0.000,no,no,6093.789,246.697,34.680,1.000,0.850,yes,no,corrected,deskewed,10e5c0de1d57f39f62a7699eb30ab4a49f141646e20ec4ffa6b57e723841bd98,0.050834,,keep,,yes
images/21069624086528-yda8m9ivfwssqf4f48ztkrfa5cku__p005.png,21069624086528_yda8m9ivfwssqf4f48ztkrfa5cku.pdf,5,pdf,1684,2361,0,0.905,no,0.000,no,no,6273.342,246.492,35.069,0.750,0.895,yes,no,corrected,deskewed,f38097950e9d00e7b0568fc100a822385add39517295580d5698ec1719881148,0.052759,,keep,,yes
images/21069624086528-yda8m9ivfwssqf4f48ztkrfa5cku__p006.png,21069624086528_yda8m9ivfwssqf4f48ztkrfa5cku.pdf,6,pdf,1694,2368,0,0.909,no,0.000,no,no,6220.515,246.623,34.882,1.000,0.843,yes,no,corrected,deskewed,e56bbea16da46fbf278468597d73072b58da3eac1aae7e48c1c35ed6d0973802,0.051200,,keep,,yes
images/21069624086528-yda8m9ivfwssqf4f48ztkrfa5cku__p007.png,21069624086528_yda8m9ivfwssqf4f48ztkrfa5cku.pdf,7,pdf,1684,2361,0,0.834,no,0.000,no,no,6132.399,246.720,34.674,0.750,0.902,yes,no,corrected,deskewed,a92c94728a05d006c72c8ffaf4694aad1a56925755d918e62f18adfb88707ffd,0.051323,,keep,,yes
images/21069624086528-yda8m9ivfwssqf4f48ztkrfa5cku__p008.png,21069624086528_yda8m9ivfwssqf4f48ztkrfa5cku.pdf,8,pdf,1684,2361,0,0.882,no,0.000,no,no,6135.473,246.618,34.869,0.750,0.880,yes,no,corrected,deskewed,d901759258fcec09e360d887a61d391e13b986ff989db9dd8fdf136c2f5cdc9d,0.051924,,keep,,yes
images/21069624086528-yda8m9ivfwssqf4f48ztkrfa5cku__p009.png,21069624086528_yda8m9ivfwssqf4f48ztkrfa5cku.pdf,9,pdf,1694,2368,0,0.850,no,0.000,no,no,6080.523,246.793,34.595,1.000,0.861,yes,no,corrected,deskewed,d2d4e6d2b50f60946f6f39f76c33578aaa1f2e0c7dfbbc836d232945422ecc52,0.050268,,keep,,yes
images/21069624086528-yda8m9ivfwssqf4f48ztkrfa5cku__p010.png,21069624086528_yda8m9ivfwssqf4f48ztkrfa5cku.pdf,10,pdf,1653,2339,0,0.926,no,0.000,no,no,2423.230,251.646,22.827,-0.000,0.629,no,no,review,overexposed,aaa9cb9de3d02ac4b0b4cad47fbfc49f0a531bba1643c87084d49903af2a9e9e,0.018798,,review,,yes
images/21069624090624-f6lw5g8tigik819g25gqiddjr6eb__p001.png,21069624090624_f6lw5g8tigik819g25gqiddjr6eb.pdf,1,pdf,4178,6056,0,0.926,no,0.000,no,no,1913.138,245.205,31.740,-0.000,0.693,no,no,accepted,,fa90baa99a596e61ada6e02f8d78ff30f14126148142452430b86184b6e24f5c,0.089215,,keep,,yes
images/21069624094720-vce5ypdb4a76hgomjauj06tz9ceh__p001.png,21069624094720_vce5ypdb4a76hgomjauj06tz9ceh.pdf,1,pdf,1654,2339,0,0.922,no,0.000,no,no,5071.018,242.381,34.674,-0.000,0.865,no,no,accepted,,cb595ef79c98be614438b67f0e28ab7522f3d824b20ec18f39076cf7b6ccc50a,0.177580,,keep,,yes
images/21069624094720-vce5ypdb4a76hgomjauj06tz9ceh__p002.png,21069624094720_vce5ypdb4a76hgomjauj06tz9ceh.pdf,2,pdf,1654,2339,0,0.925,no,0.000,no,no,6566.388,245.353,35.228,-0.000,0.902,no,no,accepted,,4cfb04e2a6c32cfde7c463382edbd2b232ff8527dfdb5a647b590856baad40fa,0.058354,,keep,,yes
images/21069624094720-vce5ypdb4a76hgomjauj06tz9ceh__p003.png,21069624094720_vce5ypdb4a76hgomjauj06tz9ceh.pdf,3,pdf,1655,2339,0,0.924,no,0.000,no,no,9739.905,235.395,40.764,-0.000,0.951,no,no,accepted,,893054793534b24e3406cf9b769e7a5ba0b5eced7d39df32dcb2bc62a57a46bf,0.145793,dup_011,review,exact_duplicate,yes
images/21069624094720-vce5ypdb4a76hgomjauj06tz9ceh__p004.png,21069624094720_vce5ypdb4a76hgomjauj06tz9ceh.pdf,4,pdf,1655,2339,0,0.925,no,0.000,no,no,10087.894,234.729,41.853,-0.000,0.962,no,no,accepted,,12f1f421b4151fde8688851ca89b3d372484cb9c4c93a3d5165259ad2032df6d,0.149402,dup_012,review,exact_duplicate,yes
images/21069624094720-vce5ypdb4a76hgomjauj06tz9ceh__p005.png,21069624094720_vce5ypdb4a76hgomjauj06tz9ceh.pdf,5,pdf,1655,2339,0,0.925,no,0.000,no,no,10167.702,234.651,41.242,-0.000,0.970,no,no,accepted,,025533ad69aff62a6bd4fb48fedabe68c602a0b215f93014eeafc689371942ab,0.151681,dup_013,review,exact_duplicate,yes
images/21069624094720-vce5ypdb4a76hgomjauj06tz9ceh__p006.png,21069624094720_vce5ypdb4a76hgomjauj06tz9ceh.pdf,6,pdf,1655,2339,0,0.923,no,0.000,no,no,7505.012,239.801,38.013,-0.000,0.865,no,no,accepted,,59cb4db04def854b32fa3c1b8d8e4c6a8a7668ae2b68e6b286976b57ba217420,0.111271,dup_014,review,exact_duplicate,yes
images/21069624094720-vce5ypdb4a76hgomjauj06tz9ceh__p007.png,21069624094720_vce5ypdb4a76hgomjauj06tz9ceh.pdf,7,pdf,1655,2339,0,0.926,no,0.000,no,no,4434.226,245.559,32.101,-0.000,0.734,no,no,accepted,,7bb880529b451c489a6f4ee008045d911d1e7ed830f5df9998bc9e91b3a84ac7,0.066601,dup_015,review,exact_duplicate,yes
images/21069624111104-gsh88fpvtg7tt4yl4slxpoh17ak1__p001.png,21069624111104_gsh88fpvtg7tt4yl4slxpoh17ak1.pdf,1,pdf,1653,2339,0,0.927,no,0.000,no,no,2454.564,224.028,51.563,-0.000,0.689,no,no,accepted,,6c32bc3bae2abc82abb2ac327590d714671f779e6b7f912dc854868e041094c2,0.323451,,keep,,yes
images/21069624111104-gsh88fpvtg7tt4yl4slxpoh17ak1__p002.png,21069624111104_gsh88fpvtg7tt4yl4slxpoh17ak1.pdf,2,pdf,1653,2339,0,0.925,no,0.000,no,no,4439.948,244.685,34.245,-0.000,0.786,no,no,accepted,,ecf3191b5294b12a05fe419b80dcaa8569e8c14d65ae78462485d54fcd8cb502,0.076033,,keep,,yes
images/21069624127488-owoojl3f5gp4ssjtn16hs3thax91__p001.png,21069624127488_owoojl3f5gp4ssjtn16hs3thax91.pdf,1,pdf,1654,2339,0,0.918,no,0.000,no,no,5053.808,242.415,34.620,-0.000,0.854,no,no,accepted,,7ce320f42e1ad70eb1ee9e943965c5ea86b23189c0a702d80927d7d4f46122f9,0.177324,,keep,,yes
images/21069624127488-owoojl3f5gp4ssjtn16hs3thax91__p002.png,21069624127488_owoojl3f5gp4ssjtn16hs3thax91.pdf,2,pdf,1654,2339,0,0.920,no,0.000,no,no,5789.154,246.293,33.579,-0.000,0.880,no,no,accepted,,5dba39fdace2a86dce8cb6e7f82468652ab378d9245d6afb9f4663551ffc3307,0.052753,,keep,,yes
images/21069624127488-owoojl3f5gp4ssjtn16hs3thax91__p003.png,21069624127488_owoojl3f5gp4ssjtn16hs3thax91.pdf,3,pdf,1655,2339,0,0.924,no,0.000,no,no,9739.905,235.395,40.764,-0.000,0.951,no,no,accepted,,893054793534b24e3406cf9b769e7a5ba0b5eced7d39df32dcb2bc62a57a46bf,0.145793,dup_011,review,exact_duplicate,yes
images/21069624127488-owoojl3f5gp4ssjtn16hs3thax91__p004.png,21069624127488_owoojl3f5gp4ssjtn16hs3thax91.pdf,4,pdf,1655,2339,0,0.925,no,0.000,no,no,10087.894,234.729,41.853,-0.000,0.962,no,no,accepted,,12f1f421b4151fde8688851ca89b3d372484cb9c4c93a3d5165259ad2032df6d,0.149402,dup_012,review,exact_duplicate,yes
images/21069624127488-owoojl3f5gp4ssjtn16hs3thax91__p005.png,21069624127488_owoojl3f5gp4ssjtn16hs3thax91.pdf,5,pdf,1655,2339,0,0.925,no,0.000,no,no,10167.702,234.651,41.242,-0.000,0.970,no,no,accepted,,025533ad69aff62a6bd4fb48fedabe68c602a0b215f93014eeafc689371942ab,0.151681,dup_013,review,exact_duplicate,yes
images/21069624127488-owoojl3f5gp4ssjtn16hs3thax91__p006.png,21069624127488_owoojl3f5gp4ssjtn16hs3thax91.pdf,6,pdf,1655,2339,0,0.923,no,0.000,no,no,7505.012,239.801,38.013,-0.000,0.865,no,no,accepted,,59cb4db04def854b32fa3c1b8d8e4c6a8a7668ae2b68e6b286976b57ba217420,0.111271,dup_014,review,exact_duplicate,yes
images/21069624127488-owoojl3f5gp4ssjtn16hs3thax91__p007.png,21069624127488_owoojl3f5gp4ssjtn16hs3thax91.pdf,7,pdf,1655,2339,0,0.926,no,0.000,no,no,4434.226,245.559,32.101,-0.000,0.734,no,no,accepted,,7bb880529b451c489a6f4ee008045d911d1e7ed830f5df9998bc9e91b3a84ac7,0.066601,dup_015,review,exact_duplicate,yes
images/21069624156160-henxt3p56j1t723axfxbb09ydx8w__p001.png,21069624156160_henxt3p56j1t723axfxbb09ydx8w.pdf,1,pdf,1654,2339,0,0.922,no,0.000,no,no,4968.656,242.547,34.443,-0.000,0.820,no,no,accepted,,fb364a1f5e021f083b53a07a2342461ec967c4f6fb60de4b7d53895d5d9839cf,0.176501,,keep,,yes
images/21069624156160-henxt3p56j1t723axfxbb09ydx8w__p002.png,21069624156160_henxt3p56j1t723axfxbb09ydx8w.pdf,2,pdf,1654,2339,0,0.926,no,0.000,no,no,5352.803,246.855,32.586,-0.000,0.880,no,no,accepted,,58b23d3ca85614c2b357972483ad16c997b64c1ee02081e87188feb395bad58f,0.049432,,keep,,yes
images/21069624156160-henxt3p56j1t723axfxbb09ydx8w__p003.png,21069624156160_henxt3p56j1t723axfxbb09ydx8w.pdf,3,pdf,1655,2339,0,0.924,no,0.000,no,no,9739.905,235.395,40.764,-0.000,0.951,no,no,accepted,,893054793534b24e3406cf9b769e7a5ba0b5eced7d39df32dcb2bc62a57a46bf,0.145793,dup_011,review,exact_duplicate,yes
images/21069624156160-henxt3p56j1t723axfxbb09ydx8w__p004.png,21069624156160_henxt3p56j1t723axfxbb09ydx8w.pdf,4,pdf,1655,2339,0,0.925,no,0.000,no,no,10087.894,234.729,41.853,-0.000,0.962,no,no,accepted,,12f1f421b4151fde8688851ca89b3d372484cb9c4c93a3d5165259ad2032df6d,0.149402,dup_012,review,exact_duplicate,yes
images/21069624156160-henxt3p56j1t723axfxbb09ydx8w__p005.png,21069624156160_henxt3p56j1t723axfxbb09ydx8w.pdf,5,pdf,1655,2339,0,0.925,no,0.000,no,no,10167.702,234.651,41.242,-0.000,0.970,no,no,accepted,,025533ad69aff62a6bd4fb48fedabe68c602a0b215f93014eeafc689371942ab,0.151681,dup_013,review,exact_duplicate,yes
images/21069624156160-henxt3p56j1t723axfxbb09ydx8w__p006.png,21069624156160_henxt3p56j1t723axfxbb09ydx8w.pdf,6,pdf,1655,2339,0,0.923,no,0.000,no,no,7505.012,239.801,38.013,-0.000,0.865,no,no,accepted,,59cb4db04def854b32fa3c1b8d8e4c6a8a7668ae2b68e6b286976b57ba217420,0.111271,dup_014,review,exact_duplicate,yes
images/21069624156160-henxt3p56j1t723axfxbb09ydx8w__p007.png,21069624156160_henxt3p56j1t723axfxbb09ydx8w.pdf,7,pdf,1655,2339,0,0.926,no,0.000,no,no,4434.226,245.559,32.101,-0.000,0.734,no,no,accepted,,7bb880529b451c489a6f4ee008045d911d1e7ed830f5df9998bc9e91b3a84ac7,0.066601,dup_015,review,exact_duplicate,yes
images/21069624160256-7dkfnxfewfkdms69h5coblrews2k__p001.png,21069624160256_7dkfnxfewfkdms69h5coblrews2k.pdf,1,pdf,1654,2339,0,0.922,no,0.000,no,no,4988.998,242.561,34.479,-0.000,0.820,no,no,accepted,,d5d90c88ef42e519c9ded583a23b8d5aea5202489acb949a3c8febc122debc99,0.176475,,keep,,yes
images/21069624160256-7dkfnxfewfkdms69h5coblrews2k__p002.png,21069624160256_7dkfnxfewfkdms69h5coblrews2k.pdf,2,pdf,1654,2339,0,0.918,no,0.000,no,no,5315.215,247.056,32.140,-0.000,0.872,no,no,accepted,,560b35b3f3997f2a619087466cdd276cf059333db6aae0005177f358b43133fd,0.048395,,keep,,yes
images/21069624160256-7dkfnxfewfkdms69h5coblrews2k__p003.png,21069624160256_7dkfnxfewfkdms69h5coblrews2k.pdf,3,pdf,1654,2339,0,0.927,no,0.000,no,no,3675.757,249.164,28.072,-0.000,0.809,no,no,accepted,,8d6cd1ce39ce1f28566731a72d0b41a0695d9e1100d39e7b392d820378b5b2ac,0.035570,,keep,,yes
images/21069624160256-7dkfnxfewfkdms69h5coblrews2k__p004.png,21069624160256_7dkfnxfewfkdms69h5coblrews2k.pdf,4,pdf,1655,2339,0,0.924,no,0.000,no,no,9739.905,235.395,40.764,-0.000,0.951,no,no,accepted,,893054793534b24e3406cf9b769e7a5ba0b5eced7d39df32dcb2bc62a57a46bf,0.145793,dup_011,review,exact_duplicate,yes
images/21069624160256-7dkfnxfewfkdms69h5coblrews2k__p005.png,21069624160256_7dkfnxfewfkdms69h5coblrews2k.pdf,5,pdf,1655,2339,0,0.925,no,0.000,no,no,10087.894,234.729,41.853,-0.000,0.962,no,no,accepted,,12f1f421b4151fde8688851ca89b3d372484cb9c4c93a3d5165259ad2032df6d,0.149402,dup_012,review,exact_duplicate,yes
images/21069624160256-7dkfnxfewfkdms69h5coblrews2k__p006.png,21069624160256_7dkfnxfewfkdms69h5coblrews2k.pdf,6,pdf,1655,2339,0,0.925,no,0.000,no,no,10167.702,234.651,41.242,-0.000,0.970,no,no,accepted,,025533ad69aff62a6bd4fb48fedabe68c602a0b215f93014eeafc689371942ab,0.151681,dup_013,review,exact_duplicate,yes
images/21069624160256-7dkfnxfewfkdms69h5coblrews2k__p007.png,21069624160256_7dkfnxfewfkdms69h5coblrews2k.pdf,7,pdf,1655,2339,0,0.923,no,0.000,no,no,7505.012,239.801,38.013,-0.000,0.865,no,no,accepted,,59cb4db04def854b32fa3c1b8d8e4c6a8a7668ae2b68e6b286976b57ba217420,0.111271,dup_014,review,exact_duplicate,yes
images/21069624160256-7dkfnxfewfkdms69h5coblrews2k__p008.png,21069624160256_7dkfnxfewfkdms69h5coblrews2k.pdf,8,pdf,1655,2339,0,0.926,no,0.000,no,no,4434.226,245.559,32.101,-0.000,0.734,no,no,accepted,,7bb880529b451c489a6f4ee008045d911d1e7ed830f5df9998bc9e91b3a84ac7,0.066601,dup_015,review,exact_duplicate,yes
images/21325580599296-adsd3bx77ronw3n4kcxg4qil8v31__p001.png,21325580599296_adsd3bx77ronw3n4kcxg4qil8v31.pdf,1,pdf,1654,2339,0,0.923,no,0.000,no,no,3107.101,248.725,25.575,-0.000,0.850,no,no,accepted,,163ebf654cd17477e5679bb14738481afac69593fddd4ea5e55b9e56d5767ade,0.095739,,keep,,yes
images/21325756051456-8xubh7twkmhl1vcwhy1u7wodw5j9__p001.png,21325756051456_8xubh7twkmhl1vcwhy1u7wodw5j9.pdf,1,pdf,1654,2339,0,0.883,no,0.000,no,no,2435.204,247.196,33.041,-0.000,0.708,no,no,accepted,,0291235a96984516ff5f6451d72ad6c15914eade3d89eb9ce56ad9e01cd8620e,0.096544,,keep,,yes
images/21325756084224-krbn1j0s2uucahsv83tuwuqkkmq9__p001.png,21325756084224_krbn1j0s2uucahsv83tuwuqkkmq9.pdf,1,pdf,1654,2339,0,0.882,no,0.000,no,no,2402.055,247.249,32.941,-0.000,0.715,no,no,accepted,,2c86914b9f6b36cbc563ba9fb80ec9a0a14ac60736662ae2f0c98ebcdf5d2b1d,0.096142,,keep,,yes
images/21355702571008-ag32cnzx0cc5aa4xrn7n29mc8aph__p001.png,21355702571008_ag32cnzx0cc5aa4xrn7n29mc8aph.pdf,1,pdf,1654,2339,0,0.915,no,0.000,no,no,3720.236,236.358,52.299,-0.000,0.711,no,no,accepted,,9583a8a934cbcc93f87ff67e6af85e6067a1a5a3b29bd55806dc380729589a36,0.108225,,keep,,yes
images/21355964665856-q58s3suo8zfqbqtyv4qgmnix61md__p001.png,21355964665856_q58s3suo8zfqbqtyv4qgmnix61md.pdf,1,pdf,1653,2339,0,0.929,no,0.000,no,no,2366.986,242.205,32.462,-0.000,0.929,no,no,accepted,,2e0a4fdd23b48cc4e4e855343d7c696da27290a9e0b94d115070a08a3a4ed25d,0.149577,,keep,,yes
images/21470585327616-jtztbiqflyiy2qwgr8x69lazuyyc__p001.png,21470585327616_jtztbiqflyiy2qwgr8x69lazuyyc.pdf,1,pdf,1653,2339,0,0.927,no,0.000,no,no,1942.010,243.310,37.838,-0.000,0.771,no,no,accepted,,5e408ba5fb7e843edfdc20bd2db3fa776e98c4ca2e138f9eede0260e9f75b457,0.122243,,keep,,yes
images/21470739701760-hi8lcbxubkn22rdllywjge7k7vxm__p001.png,21470739701760_hi8lcbxubkn22rdllywjge7k7vxm.pdf,1,pdf,1653,2339,0,0.927,no,0.000,no,no,1942.811,243.307,37.837,-0.000,0.767,no,no,accepted,,3d13514e9a88bb96fca60d0a8831a0caca71e66be6eb9e508857e82f9c809eda,0.122287,,keep,,yes
images/21667355774976-4cjonsk6e3lo2d82xk4rkze626ld__p001.png,21667355774976_4cjonsk6e3lo2d82xk4rkze626ld.pdf,1,pdf,1653,2339,0,0.838,no,0.000,no,no,3015.346,244.687,33.467,-0.000,0.651,no,no,accepted,,24d661fafcb7b8a8b743dd2ba48cd62e1fd8132232e472e16fa179eb06408ad2,0.110810,,keep,,yes
images/21667355783168-l7ntwfulbuotms8l1hunuuukiy3h__p001.png,21667355783168_l7ntwfulbuotms8l1hunuuukiy3h.pdf,1,pdf,1653,2339,0,0.918,no,0.000,no,no,3775.167,238.640,47.828,0.500,0.685,no,no,accepted,,26d724c641da86281f0e8c23b570fae6e305a6aad501d9b2ac99fdc37034184e,0.121546,,keep,,yes
images/21667355787264-xb9p2jiohnvbo8ajqe6x16y7t6rc__p001.png,21667355787264_xb9p2jiohnvbo8ajqe6x16y7t6rc.pdf,1,pdf,1653,2339,0,0.901,no,0.000,no,no,3627.951,242.143,40.606,0.250,0.816,no,no,accepted,,10c9d113f90d93b2cf73330d62ab1e4dd1110f487b87a1fa462326e9bb5f3cfc,0.105143,,keep,,yes
images/21667355791360-31bg1r8zhmf9wq6hejz465bmrv9d__p001.png,21667355791360_31bg1r8zhmf9wq6hejz465bmrv9d.pdf,1,pdf,1653,2339,0,0.917,no,0.000,no,no,1894.536,245.959,34.649,-0.250,0.606,no,no,accepted,,abc5c1ce847850d7ebe872aec235989d580c66efd2e3d12ea9c629003d970362,0.090264,,keep,,yes
images/21667355795456-8d5f2aify8zbwlzv4dmx9qbab4oi__p001.png,21667355795456_8d5f2aify8zbwlzv4dmx9qbab4oi.pdf,1,pdf,1653,2339,0,0.926,no,0.000,no,no,3822.666,242.378,41.783,0.250,0.794,no,no,accepted,,c96990ab4affbcdcdd362b0476b75c19fa9d846978cd0a640932160faff35b72,0.097330,,keep,,yes
images/21667355799552-5pj70pw2xozqsa8k7o83y3ry770z__p001.png,21667355799552_5pj70pw2xozqsa8k7o83y3ry770z.pdf,1,pdf,1653,2339,0,0.927,no,0.000,no,no,3259.082,241.893,40.992,-0.250,0.591,no,no,accepted,,2b53546ef05298297e6e1d7c2d10eca6f2dff72e7f5815d4a03e4c4e48c659c9,0.110082,,keep,,yes
images/21667355803648-7df8va74o1bii5uqe29yt2m2ta7y__p001.png,21667355803648_7df8va74o1bii5uqe29yt2m2ta7y.pdf,1,pdf,1653,2339,0,0.905,no,0.000,no,no,3449.270,245.123,33.318,0.250,0.738,no,no,accepted,,2dd18719c2956e7878c87f36aeddb20d8196e8abbe77f4b772da44879d6c12c1,0.091691,,keep,,yes
images/21667355807744-a3cwd8o5hce80j5taeu8d0o3g6q4__p001.png,21667355807744_a3cwd8o5hce80j5taeu8d0o3g6q4.pdf,1,pdf,1653,2339,0,0.925,no,0.000,no,no,1599.258,246.353,31.029,-0.000,0.858,no,no,accepted,,9b5117eedc35e6ea9d8925f62a982d0002d912f017f5c59b9685120a1a2d3f6c,0.109300,,keep,,yes
images/21667355811840-b6k4icd5g4zzhaas18z1wi3es3sn__p001.png,21667355811840_b6k4icd5g4zzhaas18z1wi3es3sn.pdf,1,pdf,1653,2339,0,0.823,no,0.000,no,no,2733.953,244.351,37.616,-0.750,0.531,no,no,review,skew_uncertain,1f1880b9d603c05beb439ef734834ec12d80fdf762262a9b4a14ed53a8ab7e2d,0.090544,,review,,yes
images/21667355815936-fjwqv49kiahb5rwkwjl71m2z5l2f__p001.png,21667355815936_fjwqv49kiahb5rwkwjl71m2z5l2f.pdf,1,pdf,1653,2339,0,0.914,no,0.000,no,no,3329.927,245.492,32.768,0.250,0.741,no,no,accepted,,129b449c81dc8ca35eb5fde47656b3abfa00708349dd5b8e0a12532b43541e21,0.087749,,keep,,yes
images/21667355820032-edoou54o99cpaj62bjkr1jcpznjg__p001.png,21667355820032_edoou54o99cpaj62bjkr1jcpznjg.pdf,1,pdf,1653,2339,0,0.929,no,0.000,no,no,1609.259,243.051,47.138,-0.750,0.569,no,no,review,skew_uncertain,3ab6d2d9e27b17ce8f8c30a3f9929937577ad368d7dddc7b252e3fc60b3e09ac,0.074672,,review,,yes
images/21667355824128-hchl75z1kk0hlez6q4e5lvhh0i2x__p001.png,21667355824128_hchl75z1kk0hlez6q4e5lvhh0i2x.pdf,1,pdf,1653,2339,0,0.856,no,0.000,no,no,2523.649,243.366,40.152,0.750,0.539,no,no,review,skew_uncertain,a9f2042c9d122ada61df1e00086c88f2c06ca1f49789a09c370a972a4d990024,0.093561,,review,,yes
images/21667355828224-ddctgwoft6vhgye4zswl7xmrubji__p001.png,21667355828224_ddctgwoft6vhgye4zswl7xmrubji.pdf,1,pdf,1653,2339,0,0.895,no,0.000,no,no,2596.521,245.802,33.079,-0.000,0.730,no,no,accepted,,6e1e2f37cc9bafd722bdc770d630c373d49784d569f55545bf299990ae1b9290,0.087314,,keep,,yes
images/21667355832320-g9ffxbohvnmv29p4t3hxwnyl98hl__p001.png,21667355832320_g9ffxbohvnmv29p4t3hxwnyl98hl.pdf,1,pdf,1653,2339,0,0.883,no,0.000,no,no,3312.409,245.423,32.833,0.250,0.730,no,no,accepted,,c841a98ffa2d3ae087f99d8da71b26ce1418bbc9627ec3a7c7e1d23ee323f609,0.088609,,keep,,yes
images/21667355836416-zswdefaujd1hbexcobn4slkgsp8t__p001.png,21667355836416_zswdefaujd1hbexcobn4slkgsp8t.pdf,1,pdf,1653,2339,270,0.619,no,0.594,no,no,3581.336,230.259,67.221,1.500,0.621,no,no,review,orientation_uncertain;document_contour_uncertain;skew_uncertain,cb1f00daeb6784ac353c01af34aae7843e43775096928b62d633f77dc45af2d0,0.137890,,review,,yes
images/21667355840512-bgvafy7cwqrlb0nin6qo1a7mqtlp__p001.png,21667355840512_bgvafy7cwqrlb0nin6qo1a7mqtlp.pdf,1,pdf,1653,2339,0,0.909,no,0.000,no,no,3462.084,241.044,42.606,0.250,0.647,no,no,accepted,,97599a34f552ceb5ebac41a94742479894df376262922f2b26a4e366132eb5e6,0.113811,,keep,,yes
images/21667355844608-p3rmcrdekqt60sebyrc3dko9v0qw__p001.png,21667355844608_p3rmcrdekqt60sebyrc3dko9v0qw.pdf,1,pdf,1653,2339,0,0.904,no,0.000,no,no,2282.445,247.833,27.882,-0.000,0.704,no,no,accepted,,5cffd1bdba8bbb54d1da9bf55ed04c20b5d08a1eec808ad6140380c94ed1d418,0.072587,,keep,,yes
images/21667355848704-xc57802wt8shlf7sn32zkdsmjr6h__p001.png,21667355848704_xc57802wt8shlf7sn32zkdsmjr6h.pdf,1,pdf,1653,2339,0,0.923,no,0.000,no,no,3906.074,238.032,48.779,0.250,0.741,no,no,accepted,,bf9914f917cd9c6aedaaee7a57a59ab86f9b6ea281b81f48d57045e4341b7116,0.125579,,keep,,yes
images/21667355852800-1k828zzufq8ljsg6mkek6dbsgxwe__p001.png,21667355852800_1k828zzufq8ljsg6mkek6dbsgxwe.pdf,1,pdf,1653,2339,0,0.913,no,0.000,no,no,3122.341,245.813,31.999,0.500,0.689,no,no,accepted,,90409af6699b40c2810d353c55f52b9ff94faaef851fe8448e75fc5e922dba78,0.086164,,keep,,yes
images/21667355856896-8r9znzjo6dbwjylnfszwb437a8n4__p001.png,21667355856896_8r9znzjo6dbwjylnfszwb437a8n4.pdf,1,pdf,1653,2339,0,0.910,no,0.000,no,no,3942.350,237.768,49.326,-0.250,0.723,no,no,accepted,,3e848b91b29f05b76eaec4cd4c67296f1eedf0e89d61f89cd714c19a19686328,0.126497,,keep,,yes
images/21667355860992-l62oibkj0ul7o360pyarvuq7uw2k__p001.png,21667355860992_l62oibkj0ul7o360pyarvuq7uw2k.pdf,1,pdf,1653,2339,0,0.921,no,0.000,no,no,3188.512,245.753,32.414,-0.250,0.696,no,no,accepted,,49a9f5b26f4fb0a3565afd6787596169f13d83fc8d681b80596c93a6bbb7aa69,0.085341,,keep,,yes
images/21667355865088-e8erprwgoqiwkj7wyh3pp7887650__p001.png,21667355865088_e8erprwgoqiwkj7wyh3pp7887650.pdf,1,pdf,1653,2339,0,0.892,no,0.000,no,no,3992.124,236.890,51.547,0.250,0.775,no,no,accepted,,c5b329022363ce6062c13aae38813005e204273ff8fefb691385a1808d421cd3,0.129348,,keep,,yes
images/21667355869184-ri00v2zlftnat0f71komwudmdeew__p001.png,21667355869184_ri00v2zlftnat0f71komwudmdeew.pdf,1,pdf,1653,2339,0,0.921,no,0.000,no,no,1932.247,246.224,34.088,-0.250,0.588,no,no,accepted,,202c42651608c5737f33c86a0a932c2566a66d031396f274f03e77d287fef71c,0.090743,,keep,,yes
images/21667355873280-2jn5lazfv5o3d8n8com2i6v56v3x__p001.png,21667355873280_2jn5lazfv5o3d8n8com2i6v56v3x.pdf,1,pdf,1653,2339,0,0.916,no,0.000,no,no,1337.842,251.375,21.470,0.500,0.490,no,yes,review,contrast_enhanced;overexposed,02e6151983d1ebcd1fa07577c5ed6fb0515af3f800fea54b8a9c6d88cb882f57,0.041530,,review,,yes
images/21667355877376-wiuz9rs6uwz9mkczehdrcvnresur__p001.png,21667355877376_wiuz9rs6uwz9mkczehdrcvnresur.pdf,1,pdf,1684,2361,0,0.913,no,0.000,no,no,4610.330,238.227,44.782,-0.750,0.726,yes,no,corrected,deskewed,919c7e4d5249b5a82babb2c130aff6455686bade10d01375c0363689900682b3,0.135485,,keep,,yes
images/21667355881472-8aov25906l3yvsy16h2yoqryyzm5__p001.png,21667355881472_8aov25906l3yvsy16h2yoqryyzm5.pdf,1,pdf,1684,2361,0,0.909,no,0.000,no,no,3724.754,238.606,48.079,0.750,0.651,yes,no,corrected,deskewed,3be6f8c08a28bec351bc7500b74363440d7368cb4d201c3c4caade33861f5c09,0.118312,,keep,,yes
images/21667355885568-g0ycuhjt94aiuyzfjrnbjka4utn9__p001.png,21667355885568_g0ycuhjt94aiuyzfjrnbjka4utn9.pdf,1,pdf,1653,2339,0,0.927,no,0.000,no,no,3202.358,245.729,32.327,0.250,0.719,no,no,accepted,,5240f53bc3983bddddc049006ef2df62141895f4400e8984c773712cec446e27,0.086974,,keep,,yes
images/21667355893760-yn8681gwdcmfsmn5ibffqlzbxsta__p001.png,21667355893760_yn8681gwdcmfsmn5ibffqlzbxsta.pdf,1,pdf,1653,2339,0,0.798,no,0.000,no,no,1918.179,247.759,29.435,-0.000,0.726,no,no,accepted,,da698cf1056adb5cd40cd18bc5b85f84179f93e077412f7d47fce4c756527b23,0.077138,,keep,,yes
images/21667355897856-agfhuq3q3m4vkhyu8u2q384git9z__p001.png,21667355897856_agfhuq3q3m4vkhyu8u2q384git9z.pdf,1,pdf,1653,2339,0,0.920,no,0.000,no,no,1937.921,247.579,29.346,-0.000,0.745,no,no,accepted,,7b943217c040d068298cb19c14ef83e353a873edb7add64f256d74022715c871,0.079547,,keep,,yes
images/21667355906048-235co3odi7u0m87sa6yf3eenpnyp__p001.png,21667355906048_235co3odi7u0m87sa6yf3eenpnyp.pdf,1,pdf,1653,2339,0,0.888,no,0.000,no,no,1938.703,247.399,30.265,-0.000,0.715,no,no,accepted,,79e4182e871090dce8fd3956daaed652dac666fe6bd61145a8b14b9b35fed023,0.077713,,keep,,yes
images/21667355910144-p8gvxfc1d9z56tseq926atpn992f__p001.png,21667355910144_p8gvxfc1d9z56tseq926atpn992f.pdf,1,pdf,1653,2339,0,0.920,no,0.000,no,no,1890.789,247.631,29.629,0.250,0.749,no,no,accepted,,3d30ec22dd9cef596e90c2da49dd754e13c6368e4a43e9e8d25f5ac2d92e7d4c,0.077275,,keep,,yes
images/21667355914240-he5t3vukkjx19p3zdond0wxieq92__p001.png,21667355914240_he5t3vukkjx19p3zdond0wxieq92.pdf,1,pdf,1653,2339,0,0.897,no,0.000,no,no,3809.013,238.405,48.221,0.375,0.767,no,no,accepted,,aa501754c9aee9b8f9c639fdc8542340d5ac42399dc45da46b83a8185ff23d89,0.123487,,keep,,yes
images/21667355918336-h63irqa0x3q912dt770wfyp9bvjo__p001.png,21667355918336_h63irqa0x3q912dt770wfyp9bvjo.pdf,1,pdf,1653,2339,0,0.840,no,0.000,no,no,1922.578,247.244,30.470,0.250,0.749,no,no,accepted,,e0a3ac8fd2196e3ca71e0dd2cd3ea852e1a5e588284289c1e60b1e40f8397bb5,0.078743,,keep,,yes
images/21667376197632-zoj5nthhhwp9rrb0g45qs1q9j5vx__p001.png,21667376197632_zoj5nthhhwp9rrb0g45qs1q9j5vx.pdf,1,pdf,1653,2339,0,0.168,no,0.000,no,no,1921.711,247.348,30.190,-0.250,0.681,no,no,accepted,,9f6cf9c65dc54bd929a3ffa50c6d338d6e073b844f01481733f92504085f79dd,0.078749,,keep,,yes
images/21667376201728-bhl0o9uc9c11hpy0ysufffve38ot__p001.png,21667376201728_bhl0o9uc9c11hpy0ysufffve38ot.pdf,1,pdf,1653,2339,0,0.756,no,0.000,no,no,3001.998,243.224,35.656,-0.000,0.704,no,no,accepted,,376921aa44a91ce1ec2e3b05a0acf99d27f0440f01cddab78924726e04ebf35f,0.116048,,keep,,yes
images/21667376205824-l8i7cx75n1e036xa726seqnn434m__p001.png,21667376205824_l8i7cx75n1e036xa726seqnn434m.pdf,1,pdf,1653,2339,0,0.912,no,0.000,no,no,2032.213,246.413,31.256,0.500,0.689,no,no,accepted,,7f2249d8fb1ca257dcd91622d1b58c7654f338d2b70479eab9c36f18424ca8a2,0.091895,,keep,,yes
images/21667376209920-uepeqp313cccuei8g4bczf633yp2__p001.png,21667376209920_uepeqp313cccuei8g4bczf633yp2.pdf,1,pdf,1653,2339,0,0.923,no,0.000,no,no,1990.098,247.350,29.874,-0.250,0.741,no,no,accepted,,39bc6b7755d1cac02da2cf886209bb6ee02f9d21a9cb964843388247c5caf409,0.080280,,keep,,yes
images/21667376218112-9da1x8ttht6ng8s3qflflkc1vlep__p001.png,21667376218112_9da1x8ttht6ng8s3qflflkc1vlep.pdf,1,pdf,1653,2339,0,0.924,no,0.000,no,no,2189.253,246.640,31.767,-0.000,0.771,no,no,accepted,,a3a980bfadec0b4dc79d7a2dde652eeb2a8a7cf1e77e7c1f220178431c1060da,0.084180,,keep,,yes
images/21667376222208-30091zb17ei4tpjc93jnepjaocv0__p001.png,21667376222208_30091zb17ei4tpjc93jnepjaocv0.pdf,1,pdf,1653,2339,0,0.875,no,0.000,no,no,1936.441,247.406,30.258,-0.000,0.782,no,no,accepted,,be737d9e95c253d263c789b0dc5e8c1cad7b8c1988d3be6ee0f1c10ed8bdb3b2,0.077898,,keep,,yes
images/21667376226304-1f0cjsnphd9vr1n9eh7ft1mg5t0i__p001.png,21667376226304_1f0cjsnphd9vr1n9eh7ft1mg5t0i.pdf,1,pdf,1653,2339,0,0.927,no,0.000,no,no,2021.151,246.338,31.433,-0.375,0.726,no,no,accepted,,c64721aaf69aecf465e4c2d7c1aece8d69d788bfbf7f974383d0b09131ada7c6,0.092270,,keep,,yes
images/21667376230400-vmv7hgz9l0cxxhqippu1avzcw1lc__p001.png,21667376230400_vmv7hgz9l0cxxhqippu1avzcw1lc.pdf,1,pdf,1653,2339,0,0.918,no,0.000,no,no,3802.596,236.265,54.873,-0.750,0.614,no,no,review,skew_uncertain,5afb1889b3935a673fba7c3ab49daa7d6d0c502fb3d76c64bbf9421d25f3cf02,0.121337,,review,,yes
images/21667376234496-by0tzkh9j5g4zy3t7taexxx8kiiz__p001.png,21667376234496_by0tzkh9j5g4zy3t7taexxx8kiiz.pdf,1,pdf,1653,2339,0,0.919,no,0.000,no,no,3748.615,238.809,47.123,-0.000,0.708,no,no,accepted,,8d72062002518c5808d41d0f1a436378363732bfc0186732eaeea961b29052d2,0.122058,,keep,,yes
images/21667376238592-jcj4s1hydzhflygbpdypl2qa63dv__p001.png,21667376238592_jcj4s1hydzhflygbpdypl2qa63dv.pdf,1,pdf,1653,2339,0,0.625,no,0.000,no,no,3301.882,237.315,54.015,-0.250,0.730,no,no,accepted,,488eeb0fb0dab940c36827919f17ce80b8b1149efbb0fc04e232a47a026fbcbc,0.110238,,keep,,yes
images/21667376242688-hjm7s8n6w6xvow1012qgoxlobr4j__p001.png,21667376242688_hjm7s8n6w6xvow1012qgoxlobr4j.pdf,1,pdf,1653,2339,0,0.927,no,0.000,no,no,3979.522,236.253,54.087,-0.250,0.711,no,no,accepted,,92ee9eb0b82b35a2a15c2c8d9ce983aa89fbd7b405aa792fa88b0b4df9556f48,0.124901,,keep,,yes
images/21667376246784-4b6gb49u9w27cd4d7zgrwz7ena78__p001.png,21667376246784_4b6gb49u9w27cd4d7zgrwz7ena78.pdf,1,pdf,1653,2339,0,0.898,no,0.000,no,no,3856.265,237.061,53.295,-0.125,0.674,no,no,accepted,,39866a10eae7eb4cbfeba5a261cfe4c2bee7cf3d7f12473166d8d4b1ab315d5b,0.118670,,keep,,yes
images/21667376250880-pjcpksvdd7lgedurl9nq7hszjdmf__p001.png,21667376250880_pjcpksvdd7lgedurl9nq7hszjdmf.pdf,1,pdf,1653,2339,0,0.923,no,0.000,no,no,2749.867,246.800,30.103,0.500,0.674,no,no,accepted,,9b595c1b6313cacfc6e4e133c252d085ea9a91db154938201b79b7b5d8fdb3c7,0.078480,,keep,,yes
images/21667376254976-jqt6tg848nsma4829vhi44m9zwcf__p001.png,21667376254976_jqt6tg848nsma4829vhi44m9zwcf.pdf,1,pdf,1653,2339,0,0.915,no,0.592,no,no,3428.244,231.722,65.083,-0.250,0.719,no,no,review,document_contour_uncertain,1a741a02ab8fcdc5888a5dec21efa93d0be73d02ef37656396a240dde6220198,0.132272,,review,,yes
images/21667376259072-hm9zbu9q8bjeg5hl44gof56fhkd7__p001.png,21667376259072_hm9zbu9q8bjeg5hl44gof56fhkd7.pdf,1,pdf,1653,2339,0,0.936,no,0.000,no,no,3019.576,246.043,31.642,0.250,0.726,no,no,accepted,,08380929f9abd159d0e8cdba31a5b153730b164439822d30e26e399d24fe4bcf,0.083860,,keep,,yes
images/21667376267264-ss5yz9elf4746lcyjkpxf24pkrcy__p001.png,21667376267264_ss5yz9elf4746lcyjkpxf24pkrcy.pdf,1,pdf,1653,2339,0,0.911,no,0.000,no,no,2202.365,248.519,30.616,-0.500,0.610,no,no,review,skew_uncertain,56ed98c87ddeb652b5fe42e452031fd4d9ba1c96b833bd095aee3989b46f47b4,0.050835,,review,,yes
images/21667376271360-tppcazh06supzgo5xcedcentjfj7__p001.png,21667376271360_tppcazh06supzgo5xcedcentjfj7.pdf,1,pdf,1653,2339,0,0.910,no,0.000,no,no,3615.253,244.622,33.950,0.125,0.760,no,no,accepted,,b0715806c4fc931b808d46fa417d2827e54aea302f8acc31ed02db0be2310b38,0.096467,,keep,,yes
images/21667376275456-y7sjxuiyc2h6e8ydwik39gxftrks__p001.png,21667376275456_y7sjxuiyc2h6e8ydwik39gxftrks.pdf,1,pdf,1653,2339,0,0.903,no,0.000,no,no,2365.755,246.433,31.762,-0.000,0.677,no,no,accepted,,764876c3b27524af51cb84977aed59ca73cad32d52c4dfd47decab647ab8ecc6,0.083396,,keep,,yes
images/21667376279552-317f830maetqliherwfpw2am8yig__p001.png,21667376279552_317f830maetqliherwfpw2am8yig.pdf,1,pdf,1653,2339,0,0.905,no,0.000,no,no,4093.292,243.628,35.735,-0.000,0.749,no,no,accepted,,6cc7b5b998ae0ee1868128f2636b4d8d612987e0ba0ca0d460de0cdb22c1f369,0.103566,,keep,,yes
images/21667376283648-ui5q5loziauw114mg75zs53mvqso__p001.png,21667376283648_ui5q5loziauw114mg75zs53mvqso.pdf,1,pdf,1653,2339,0,0.931,no,0.000,no,no,2917.747,246.312,30.910,0.250,0.745,no,no,accepted,,2665b8d51d4c9b5281d785c7ccab778093e943a3648b4037e5df4c3ca7849527,0.083135,,keep,,yes
images/21667376287744-9c9wg2mp7y9v3hixd0hyhaubwgp6__p001.png,21667376287744_9c9wg2mp7y9v3hixd0hyhaubwgp6.pdf,1,pdf,1653,2339,0,0.912,no,0.000,no,no,2417.751,245.425,31.097,-0.250,0.696,no,no,accepted,,de61275b348f85309ef8b14abded3daf916e1ffbee880e454440512d9eb3d85f,0.135016,,keep,,yes
images/21667376291840-8dw232c87o3icpotooh7s9n17k7e__p001.png,21667376291840_8dw232c87o3icpotooh7s9n17k7e.pdf,1,pdf,1653,2339,0,0.889,no,0.000,no,no,1849.650,246.219,34.381,-0.250,0.599,no,no,accepted,,629240d2f2289b7c9943c31ce8deb1274841938a2c6c83c128285136318ae111,0.088985,,keep,,yes
images/21667376300032-zpczqm9443vgg2vnabiy7nxjkgaa__p001.png,21667376300032_zpczqm9443vgg2vnabiy7nxjkgaa.pdf,1,pdf,1653,2339,0,0.895,no,0.000,no,no,1904.719,246.097,34.530,-0.000,0.636,no,no,accepted,,72a5c3e40ae4cb10aba4be4cb67e917627769db39ea05d06158d760072a65d65,0.089717,,keep,,yes
images/21667376304128-puw6le2lyth7plphjqt9waq3il59__p001.png,21667376304128_puw6le2lyth7plphjqt9waq3il59.pdf,1,pdf,1653,2339,0,0.871,no,0.000,no,no,1905.822,246.025,34.752,-0.250,0.621,no,no,accepted,,e52000350e371e7ac04528b666906fca8c703832a1df913e06693f91f89bac2a,0.090026,,keep,,yes
images/21667376308224-awbj4sx9tne3xm9qxuwfunnbcp2m__p001.png,21667376308224_awbj4sx9tne3xm9qxuwfunnbcp2m.pdf,1,pdf,1653,2339,0,0.914,no,0.000,no,no,1877.061,246.189,34.386,-0.250,0.565,no,no,accepted,,2557daa86d778a8686b9a7320f53cb6abf8f9fd72753c0b8ceb05a943dd96a0b,0.089734,,keep,,yes
images/21667376312320-48unnmowhr82isgenbq4kdrzzia1__p001.png,21667376312320_48unnmowhr82isgenbq4kdrzzia1.pdf,1,pdf,1653,2339,0,0.867,no,0.000,no,no,1845.911,246.281,34.228,-0.375,0.606,no,no,accepted,,c39e33fe2e5ceb482f1ceccac999ee3dedf1d089a85044acc3dec0f5ceb7051c,0.088597,,keep,,yes
images/21667376316416-clnz4q4ebtq6x8471s0y1smtp3xh__p001.png,21667376316416_clnz4q4ebtq6x8471s0y1smtp3xh.pdf,1,pdf,1653,2339,0,0.859,no,0.000,no,no,2104.466,245.706,35.263,-0.500,0.557,no,no,review,skew_uncertain,22153695d87177714abcae0263a98ce312466e9fa28dec63ec34453a84f79d35,0.093325,,review,,yes
images/21667376320512-vvrdw79zy2ydpycdy61sz72csgyo__p001.png,21667376320512_vvrdw79zy2ydpycdy61sz72csgyo.pdf,1,pdf,1653,2339,0,0.904,no,0.000,no,no,1919.277,246.080,34.532,-0.375,0.606,no,no,accepted,,384ceae0476e3f59b9e9b7c55c863dd265684cea3f28fcaa201cd137071585e5,0.089868,,keep,,yes
images/21667376324608-vvhuoue7ob9e4oav9mn2hznnxr4e__p001.png,21667376324608_vvhuoue7ob9e4oav9mn2hznnxr4e.pdf,1,pdf,1653,2339,0,0.892,no,0.000,no,no,1913.839,246.324,33.921,-0.500,0.531,no,no,review,skew_uncertain,1d6b897671b86d1da0c9936f3d1915a87aebf61baf9493d44d9fd0e20f19458d,0.089324,,review,,yes
images/21667376328704-h1zq4kqtf1o37a7aaszgpwa4ax3m__p001.png,21667376328704_h1zq4kqtf1o37a7aaszgpwa4ax3m.pdf,1,pdf,1653,2339,0,0.910,no,0.000,no,no,1894.605,246.063,34.603,-0.250,0.588,no,no,accepted,,3c5c289e85ab819316845c03b5987c6542b20e3bda6267985e90914c56c98ab1,0.090259,,keep,,yes
images/21667376332800-0klzo8e32vytf2o46z9fphsrs09b__p001.png,21667376332800_0klzo8e32vytf2o46z9fphsrs09b.pdf,1,pdf,1653,2339,0,0.865,no,0.000,no,no,1986.375,245.833,35.074,-0.250,0.573,no,no,accepted,,b543f036cf67562e856a24285d5129f3a2c2581525c0314403544abd0ec4fa7a,0.091268,,keep,,yes
images/21667376336896-mgv48m5o9ierbdc0i5mrp159myq7__p001.png,21667376336896_mgv48m5o9ierbdc0i5mrp159myq7.pdf,1,pdf,1653,2339,0,0.911,no,0.000,no,no,1860.540,246.340,33.836,-0.250,0.576,no,no,accepted,,6f26b6747371b4c457a74f0087f1932c7b7da8a1bc4386901fa0e513edd9f0b0,0.088907,,keep,,yes
images/21667376340992-sm49o109k3k52nfkg011089jw45s__p001.png,21667376340992_sm49o109k3k52nfkg011089jw45s.pdf,1,pdf,1653,2339,0,0.911,no,0.000,no,no,2218.669,248.101,27.643,-0.000,0.640,no,no,accepted,,0de6d727778254f72e618499f47599f449b5e88f6505cfa042c1586283efc625,0.066484,,keep,,yes
images/21667376345088-9axyvrduy8dldpf7nyoohm8280r2__p001.png,21667376345088_9axyvrduy8dldpf7nyoohm8280r2.pdf,1,pdf,2339,1653,270,0.883,yes,0.000,no,no,2442.386,246.261,31.938,-0.000,0.704,no,no,corrected,rotated_270,778e405cee7a6d65bc7027f59b5c2309025ebcfa310792a5feaa7139731e582b,0.116433,,keep,,yes
images/21667376349184-maywjaktxpgoqi9zqfgu1wxwj1sd__p001.png,21667376349184_maywjaktxpgoqi9zqfgu1wxwj1sd.pdf,1,pdf,1653,2339,0,0.846,no,0.000,no,no,3225.708,242.530,44.543,-0.250,0.696,no,no,accepted,,8e2ed4969c50c6b4cace8f26759309737269b26caee0182d73aecb646e40764d,0.083918,,keep,,yes
images/21667376353280-dgqlqa00huauhoyxvqunlj43hyoe__p001.png,21667376353280_dgqlqa00huauhoyxvqunlj43hyoe.pdf,1,pdf,1653,2339,0,0.922,no,0.582,no,no,2067.113,238.311,40.271,-0.500,0.471,no,no,review,document_contour_uncertain;skew_uncertain,3ee228d80c2463fa67e9b770031473271ea8fa385def7117e06cf68d413d7830,0.167403,,review,,yes
images/21667376361472-daagtz1k7jmu29tj0oodhzor9953__p001.png,21667376361472_daagtz1k7jmu29tj0oodhzor9953.pdf,1,pdf,1653,2339,0,0.922,no,0.000,no,no,2061.843,248.593,27.576,-0.500,0.633,no,no,review,skew_uncertain,8b68572ef910b48aa735ec676dd4dac253eea67c5f2f8b36a0c277aeb33bfe1e,0.059496,,review,,yes
images/21667376365568-ln8yd0l3lemozuhet70v45dnmuf8__p001.png,21667376365568_ln8yd0l3lemozuhet70v45dnmuf8.pdf,1,pdf,1653,2339,0,0.871,no,0.000,no,no,4079.743,234.098,55.207,0.250,0.786,no,no,accepted,,bf560ee5a61f11de15ed579429e5fc6f527db5e0488f896c6066a1c187b8acb7,0.144105,,keep,,yes
images/21667376369664-54q9fg96fijb9pz45mpcao2wip54__p001.png,21667376369664_54q9fg96fijb9pz45mpcao2wip54.pdf,1,pdf,1653,2339,0,0.845,no,0.000,no,no,4085.122,234.157,54.802,-0.250,0.794,no,no,accepted,,b3fb67584fc1b77878f8a09400bceb020f1e0ea59cbbf0c31bad269bf923fd58,0.145080,,keep,,yes
images/21667376373760-ynbi42woispklt8cail8hjr20p26__p001.png,21667376373760_ynbi42woispklt8cail8hjr20p26.pdf,1,pdf,1653,2339,0,0.922,no,0.000,no,no,3898.645,238.238,48.410,-0.000,0.756,no,no,accepted,,a02bbdce58353d7f386acad808f5fdd1d47ff25cc20b49753ccc0c65f43ce4a3,0.124300,,keep,,yes
images/21667376377856-dj4yhpwebdskjh82tundk3ok2a9t__p001.png,21667376377856_dj4yhpwebdskjh82tundk3ok2a9t.pdf,1,pdf,1653,2339,0,0.910,no,0.000,no,no,3362.893,241.990,38.469,-0.500,0.636,no,no,review,skew_uncertain,d68d528d42b23d9cffbf97e7e63347eaf8013050cf6e784d9c7a3fe55326669e,0.118475,,review,,yes
images/21667376381952-k49jsvabwrxlp3tmnqgbsqa64joc__p001.png,21667376381952_k49jsvabwrxlp3tmnqgbsqa64joc.pdf,1,pdf,1653,2339,0,0.835,no,0.000,no,no,1842.080,247.978,28.853,-0.250,0.681,no,no,accepted,,0fab6185316126580591270976654fb0be8646306e5369ca373e9b2d6fd040d5,0.076428,,keep,,yes
images/21667376390144-g5tovey17yfuzqrvwwrtrhx4v1mz__p001.png,21667376390144_g5tovey17yfuzqrvwwrtrhx4v1mz.pdf,1,pdf,1653,2339,0,0.922,no,0.000,no,no,2317.615,245.229,33.473,0.500,0.606,no,no,accepted,,831fd50d91b946f011562b94abdb8d4f6c04e39739674aca33c0b3ff57579537,0.097345,,keep,,yes
images/21667376398336-qr6upp9iw7jy5aeu3jzfr9skl0y2__p001.png,21667376398336_qr6upp9iw7jy5aeu3jzfr9skl0y2.pdf,1,pdf,1653,2339,0,0.836,no,0.000,no,no,1957.844,246.745,31.673,0.125,0.767,no,no,accepted,,fbd2a02ae8d7aa945b01c1a30263c5ce7a860e85627dea16b0974cc98fd4eda1,0.079502,,keep,,yes
images/21667376402432-3aikiyh0hd8qyyeuykzuxpiqk17h__p001.png,21667376402432_3aikiyh0hd8qyyeuykzuxpiqk17h.pdf,1,pdf,1653,2339,0,0.928,no,0.000,no,no,1914.857,246.764,31.586,0.500,0.663,no,no,accepted,,84122de2c6abaefaa31beaaefa917706f361bb2032b63be9353babc8cdb90068,0.079126,,keep,,yes
images/21667376414720-w0zyy05p8367e8gqaa8cxxxeoqpr__p001.png,21667376414720_w0zyy05p8367e8gqaa8cxxxeoqpr.pdf,1,pdf,1653,2339,0,0.911,no,0.000,no,no,1916.574,246.905,31.270,0.750,0.625,no,no,review,skew_uncertain,dfb942714dcc95e3722d0521cc7f7e16dd28607d0dc234e71060d2ffb05bccdb,0.078512,,review,,yes
images/21667376418816-orsbt3qrs46aq43ndr2xb7nllz5z__p001.png,21667376418816_orsbt3qrs46aq43ndr2xb7nllz5z.pdf,1,pdf,1653,2339,0,0.472,no,0.000,no,no,1806.839,248.231,28.256,0.250,0.756,no,no,accepted,,2c07863c22dd227f3a71381930d58a58af5a6a6f37e1ae8b8d4f461ce6fd70f9,0.075809,,keep,,yes
images/21667376422912-7ouxojihkerdko5x4mqrb3tabrz8__p001.png,21667376422912_7ouxojihkerdko5x4mqrb3tabrz8.pdf,1,pdf,1653,2339,0,0.894,no,0.000,no,no,1876.814,247.998,28.813,0.250,0.753,no,no,accepted,,0293fc2c7431aa5569607015443ec284441047c2ae70c38dc96f2bdf53542fe4,0.076594,,keep,,yes
images/21667376427008-93fj07vybvdhvvsexgsh86nkqm93__p001.png,21667376427008_93fj07vybvdhvvsexgsh86nkqm93.pdf,1,pdf,1653,2339,0,0.928,no,0.000,no,no,3188.530,240.982,40.267,0.250,0.599,no,no,accepted,,1c75d4bc91eff8e5dcbb89c08f6b4a1faffdec57e0fab7587d42f40cccd07602,0.157569,,keep,,yes
images/21667485454336-juclr1xl57sjyfwjrjhrzcgzvhnp__p001.png,21667485454336_juclr1xl57sjyfwjrjhrzcgzvhnp.pdf,1,pdf,1653,2339,0,0.925,no,0.000,no,no,3450.431,239.233,41.186,-0.000,0.681,no,no,accepted,,019aae2d0ab05ee9879fe66a2b1bc3696bc54bedcd4dfe982d9ead828635b86f,0.191870,,keep,,yes
images/21667485458432-kqxfompppri155fwk103xnhsplwe__p001.png,21667485458432_kqxfompppri155fwk103xnhsplwe.pdf,1,pdf,1653,2339,0,0.926,no,0.000,no,no,3724.107,238.885,41.751,0.500,0.610,no,no,accepted,,f13022ce57577b878ff5d2d56d076f2aad0425bf021cb1774f610949872f24c2,0.197502,,keep,,yes
images/21667485462528-zge0dubv3es383z9mjg4uk9m2by6__p001.png,21667485462528_zge0dubv3es383z9mjg4uk9m2by6.pdf,1,pdf,1653,2339,0,0.927,no,0.000,no,no,3411.210,239.707,40.557,-0.250,0.647,no,no,accepted,,23a7eca7dbf232725a8f451f0cdd2db303a2fe8f4e51e7d692b0f03a849fe92d,0.190933,,keep,,yes
images/21667485466624-swt9q02nzf5c8jb5orkglgbfhc5f__p001.png,21667485466624_swt9q02nzf5c8jb5orkglgbfhc5f.pdf,1,pdf,1653,2339,0,0.895,no,0.000,no,no,1966.981,246.927,31.264,-0.000,0.749,no,no,accepted,,151a2626ba3084a0116047f37a1a2341fdfc18e3a6040b8b8c119d4ad91355a6,0.079102,,keep,,yes
images/21667485470720-dxym29g44nhs1ltkxhusol6jxnsx__p001.png,21667485470720_dxym29g44nhs1ltkxhusol6jxnsx.pdf,1,pdf,1653,2339,0,0.798,no,0.000,no,no,2027.924,247.007,31.206,-0.000,0.719,no,no,accepted,,4c4b51bc3ccbe04a858f8934ea759ba0524bc4b4d139a611569359fbcc77bd1f,0.079533,,keep,,yes
images/21667485474816-56726etvnz9xbtp2l11b65y4917d__p001.png,21667485474816_56726etvnz9xbtp2l11b65y4917d.pdf,1,pdf,1653,2339,0,0.925,no,0.000,no,no,2295.435,246.222,32.663,-0.250,0.753,no,no,accepted,,a3bfae2b500fb4dfbe2c14eb123a7c1626b2c9ff74ca2907ab7a5eaabe3e7310,0.085698,,keep,,yes
images/21667485478912-t7rbhwvcuim3eu5oyw0uknrr2ir6__p001.png,21667485478912_t7rbhwvcuim3eu5oyw0uknrr2ir6.pdf,1,pdf,1653,2339,180,0.797,no,0.000,no,no,1960.121,247.174,30.793,-0.000,0.723,no,no,review,orientation_uncertain,f21699783ea618e94c769e48b416bd516f6585ed30c0b05374ffb88b90e5acae,0.078311,,review,,yes
images/21667485483008-luca4a341ryc8mp8ff4fsn84nwaj__p001.png,21667485483008_luca4a341ryc8mp8ff4fsn84nwaj.pdf,1,pdf,1653,2339,0,0.918,no,0.000,no,no,2125.557,246.803,31.161,-0.000,0.767,no,no,accepted,,7bd1a2ca8a356a878b01301d644d3f7f4146116daacfdb48fdf2db3e2aaf0d9c,0.082250,,keep,,yes
images/21667485487104-ckmv84ghgmczk4lrsvqrym9qbl23__p001.png,21667485487104_ckmv84ghgmczk4lrsvqrym9qbl23.pdf,1,pdf,1653,2339,0,0.921,no,0.000,no,no,2096.411,246.554,32.023,-0.000,0.782,no,no,accepted,,dbbf01333c66b1ac70ce94f7cafa8e379526a9ce282db34b2237c99d27b69bb5,0.083216,,keep,,yes
images/21667485491200-wg44fwpwyhz4s579yxdsjhnhm1h2__p001.png,21667485491200_wg44fwpwyhz4s579yxdsjhnhm1h2.pdf,1,pdf,1653,2339,0,0.914,no,0.000,no,no,2225.720,246.281,32.507,-0.000,0.839,no,no,accepted,,838e76a7c5be04973819f5c87ce170c8c87d681453d3b84f480df94c2da6ef25,0.085017,,keep,,yes
images/21667485503488-juyl4z7e7tfbj2a42xdy5pn022kt__p001.png,21667485503488_juyl4z7e7tfbj2a42xdy5pn022kt.pdf,1,pdf,1653,2339,0,0.411,no,0.000,no,no,1924.385,247.134,30.839,-0.000,0.745,no,no,accepted,,46b7b7194be5acd121c9c726c4660aa97c74612abf46e20214f98dedca549f7b,0.078324,,keep,,yes
images/21667485507584-dg5bcefninmk95nvtsfsw8treqhz__p001.png,21667485507584_dg5bcefninmk95nvtsfsw8treqhz.pdf,1,pdf,1653,2339,0,0.923,no,0.000,no,no,2064.489,246.917,30.961,-0.000,0.839,no,no,accepted,,2bb891cf7d7ce85d805f057bb5ee0cd093375714ae061d9ac5d6617e92889458,0.081564,,keep,,yes
images/21667485511680-wkd3sl8kszy42r5z4d8c1swoyjxv__p001.png,21667485511680_wkd3sl8kszy42r5z4d8c1swoyjxv.pdf,1,pdf,1653,2339,0,0.924,no,0.000,no,no,2228.026,246.290,32.615,-0.000,0.809,no,no,accepted,,eca6e4a6f11bbfeb28108cfb160247f9f8131ecac678a1a66d51f675b9dea5f7,0.084807,,keep,,yes
images/21667485519872-5q26659jw8egz8x6rwthjsi3j2j8__p001.png,21667485519872_5q26659jw8egz8x6rwthjsi3j2j8.pdf,1,pdf,1653,2339,0,0.923,no,0.000,no,no,2330.107,246.062,33.140,-0.500,0.625,no,no,review,skew_uncertain,584022d0a5334ef8d8c6761db0dc5b5da78f237598f4dd111f4cdde13b07d069,0.085709,,review,,yes
images/21667485523968-f48u8viu2g8u50g4vr5me1s2gn48__p001.png,21667485523968_f48u8viu2g8u50g4vr5me1s2gn48.pdf,1,pdf,1653,2339,0,0.860,no,0.000,no,no,1944.491,246.975,31.228,-0.000,0.764,no,no,accepted,,cd81810422a88ef9ab893bc33fbb995a8245c0a4a383b391657bfa6d80925d19,0.079234,,keep,,yes
images/21667485528064-dtt6vx7qfnq17xqh91jah5mklgm4__p001.png,21667485528064_dtt6vx7qfnq17xqh91jah5mklgm4.pdf,1,pdf,1653,2339,0,0.921,no,0.000,no,no,1936.580,247.019,31.084,-0.000,0.738,no,no,accepted,,276c279c2de3542dc692ae55e3b1162c66b08cafff77b62324882f899ceaedab,0.078577,,keep,,yes
images/21667485536256-f42y5i79mc8ndtqydxlbf870z062__p001.png,21667485536256_f42y5i79mc8ndtqydxlbf870z062.pdf,1,pdf,1653,2339,0,0.924,no,0.000,no,no,1935.264,247.001,31.170,-0.250,0.696,no,no,accepted,,7e0957d03fdc5ce886c814bf537d7eca0ff9e8e0d2e0f97b92fae37bf357bdf1,0.078620,,keep,,yes
images/21667485540352-pmlgd8drdkll307sdwy7sqo9keaf__p001.png,21667485540352_pmlgd8drdkll307sdwy7sqo9keaf.pdf,1,pdf,1653,2339,0,0.921,no,0.000,no,no,1897.275,247.156,30.822,-0.000,0.745,no,no,accepted,,029a824c9320931d827d1016903fadfd3d5db5656ed616ce36a49cd4f3459fd3,0.077822,,keep,,yes
images/21667485544448-c9re6dxuep10khns6a7osdm0io4w__p001.png,21667485544448_c9re6dxuep10khns6a7osdm0io4w.pdf,1,pdf,1653,2339,0,0.927,no,0.000,no,no,2160.176,246.511,32.209,-0.000,0.719,no,no,accepted,,2b6d43e2cea289f02f146cb6be8adf7795011e3bd08b551e22e664d527c69ac4,0.082347,,keep,,yes
images/21667485548544-4u5eg6cibe5b4ycvd0w7uc3pcxbr__p001.png,21667485548544_4u5eg6cibe5b4ycvd0w7uc3pcxbr.pdf,1,pdf,1653,2339,0,0.908,no,0.000,no,no,1988.660,247.030,31.197,-0.000,0.749,no,no,accepted,,b5801275215dec4178d8f31dbb76f62151ba8b21ffa56688b8c8c547cad07286,0.078873,,keep,,yes
images/21667485573120-2xgnhxko0yqnvuu8owwqceuedq63__p001.png,21667485573120_2xgnhxko0yqnvuu8owwqceuedq63.pdf,1,pdf,1653,2339,0,0.897,no,0.000,no,no,1965.865,247.010,31.131,0.500,0.621,no,no,accepted,,cd3e48d8a1fad3088b7b803353e4f6f1758ed98814c495c18f0637849caaef32,0.078947,,keep,,yes
images/21667485581312-rj8sec5eztp6c3fza30udmezns9q__p001.png,21667485581312_rj8sec5eztp6c3fza30udmezns9q.pdf,1,pdf,1653,2339,0,0.859,no,0.000,no,no,2013.034,246.985,31.238,0.250,0.730,no,no,accepted,,cc0f8fca6ead994d1d4b06670c1f625da448c3a6698829513927a5a6df02a6c0,0.079146,,keep,,yes
images/21667485585408-osz5yzczj9ek5y5lcmtb2pz9d0rf__p001.png,21667485585408_osz5yzczj9ek5y5lcmtb2pz9d0rf.pdf,1,pdf,1684,2361,0,0.926,no,0.000,no,no,2756.032,246.851,30.099,0.750,0.693,yes,no,corrected,deskewed,e39630d381d836184ab4e63b3be0730a8255c6f199d292550f34a5de8e635d3c,0.076205,,keep,,yes
images/21667485585408-osz5yzczj9ek5y5lcmtb2pz9d0rf__p002.png,21667485585408_osz5yzczj9ek5y5lcmtb2pz9d0rf.pdf,2,pdf,1653,2339,0,0.926,no,0.000,no,no,3836.647,238.868,38.082,0.250,0.786,no,no,accepted,,68342444547bc997728b06872cd3c1966f80a866d2dc12b2e2d3102b7b813808,0.252254,,keep,,yes
images/21667485589504-5gi88x4ylm68f3lbvgs5k7as3an8__p001.png,21667485589504_5gi88x4ylm68f3lbvgs5k7as3an8.pdf,1,pdf,1653,2339,0,0.846,no,0.000,no,no,3659.847,239.495,37.031,1.000,0.621,no,no,review,skew_uncertain,c32fbe6e42b725ff1d8fac9b1dd5eae6b70a00441e53cf5637ec17f4d84a7c82,0.248616,,review,,yes
images/21667485593600-m1sslhvmo70lcfk5upv94108niob__p001.png,21667485593600_m1sslhvmo70lcfk5upv94108niob.pdf,1,pdf,1674,2354,0,0.924,no,0.000,no,no,3111.058,233.573,61.529,-0.500,0.674,yes,no,corrected,deskewed,0e24bdf344dd971c75c179afd85f43853c9f266a284df79475b34fbc59bce2e6,0.127108,,keep,,yes
images/21667485597696-wo8voqwp7gz067wzpo15ttq7v4tf__p001.png,21667485597696_wo8voqwp7gz067wzpo15ttq7v4tf.pdf,1,pdf,1653,2339,0,0.924,no,0.000,no,no,1919.745,248.217,28.314,0.250,0.719,no,no,accepted,,505a6ddc3d94c4991f0009ebadd07b85a5fb5c5b5221cb530091b600c493bd72,0.086391,,keep,,yes
images/21667485601792-nashum1o264i1u4t5qkfqg5ft1vu__p001.png,21667485601792_nashum1o264i1u4t5qkfqg5ft1vu.pdf,1,pdf,1653,2339,0,0.904,no,0.000,no,no,2483.143,244.888,30.320,-0.000,0.917,no,no,accepted,,1c4ea30853499b77cd6e885d9730507516486f9dd298b4661f384d5fac6c70d2,0.175483,,keep,,yes
images/21667485605888-ywt6oozil1fe9eauc8rfwrrp4zac__p001.png,21667485605888_ywt6oozil1fe9eauc8rfwrrp4zac.pdf,1,pdf,1653,2339,0,0.924,no,0.000,no,no,3145.176,245.460,34.050,-0.000,0.850,no,no,accepted,,1602a56ffee7e0bae1b0a78cc7591dd34864f4c5e369fed1ac5c37e091452b92,0.086299,,keep,,yes
images/21667485614080-dpo3uteu4h9fkhwv3jeka5zytc55__p001.png,21667485614080_dpo3uteu4h9fkhwv3jeka5zytc55.pdf,1,pdf,1653,2339,0,0.904,no,0.000,no,no,2524.129,244.692,30.908,-0.250,0.895,no,no,accepted,,7b399a43ac0ecf0ca233e6349d5822707561c03d988826f79f87243fa876d1ab,0.169111,,keep,,yes
images/21667485618176-o78h2xsyz20qkff4pcq8ezss1ljr__p001.png,21667485618176_o78h2xsyz20qkff4pcq8ezss1ljr.pdf,1,pdf,1653,2339,0,0.911,no,0.000,no,no,2576.284,244.756,30.968,0.250,0.948,no,no,accepted,,9bb0acb6f9394832b995a003441def4b2ee357cce0e152e8854f16b003cdb966,0.169924,,keep,,yes
images/21667485622272-6ubnv0vyio5s22mmjspoxo8xua66__p001.png,21667485622272_6ubnv0vyio5s22mmjspoxo8xua66.pdf,1,pdf,1653,2339,0,0.898,no,0.000,no,no,2417.737,244.608,30.392,0.250,0.902,no,no,accepted,,6d869257089b0c24733aa786a835b9a7ab9efc77ad3596f9be2674d293fc3e94,0.180252,,keep,,yes
images/21667485626368-nou0hq26v1rnfwdzv0q1290l3pna__p001.png,21667485626368_nou0hq26v1rnfwdzv0q1290l3pna.pdf,1,pdf,1704,2375,0,0.915,no,0.000,no,no,2216.724,245.249,29.241,1.250,0.779,yes,no,corrected,deskewed,0c3c054be6c757db2cf54c5c69f20fe01a340f6bc05db167f912b776745dbcd8,0.176054,,keep,,yes
images/21667485630464-stbvh4p2le47bv9jsp3rsi50cqbi__p001.png,21667485630464_stbvh4p2le47bv9jsp3rsi50cqbi.pdf,1,pdf,1653,2339,0,0.919,no,0.000,no,no,2556.645,244.502,30.923,-0.000,0.921,no,no,accepted,,8213dac6bace323e6df26fd0ee7ea6cdffe06fe8ebb831ccbd6947c0db704c19,0.175960,,keep,,yes
images/21667630702592-4ixr9535ajiyw1iwu9kzqxj7r28k__p001.png,21667630702592_4ixr9535ajiyw1iwu9kzqxj7r28k.pdf,1,pdf,1653,2339,180,0.921,yes,0.000,no,no,3283.964,245.390,32.927,0.500,0.677,no,no,corrected,rotated_180,e80b938b593dc18e1aa8e1e609a41f8bea4b8e28a5013277e604864b0b714b2d,0.088795,,keep,,yes
images/21667630706688-5utx7x7ol056wpmdpkcwdd48xbhl__p001.png,21667630706688_5utx7x7ol056wpmdpkcwdd48xbhl.pdf,1,pdf,1653,2339,0,0.927,no,0.000,no,no,2568.991,247.345,29.216,0.500,0.674,no,no,accepted,,0a74086ed2bcb6ceb7b42c9d46e27801ebff513f596086cf2877e84ea392e088,0.072769,,keep,,yes
images/21667630714880-ioinlsstt76r5340bw63c36ktgqa__p001.png,21667630714880_ioinlsstt76r5340bw63c36ktgqa.pdf,1,pdf,1653,2339,0,0.923,no,0.000,no,no,3414.042,239.439,40.909,0.250,0.659,no,no,accepted,,5ae5baf5781354cba1d3219914670c2343ac274d19a3bb1259ab373a9249268f,0.191616,,keep,,yes
images/21667630718976-0wu94zdeziqs0zx7id2hp8nw2j0q__p001.png,21667630718976_0wu94zdeziqs0zx7id2hp8nw2j0q.pdf,1,pdf,1653,2339,0,0.920,no,0.000,no,no,3401.163,239.594,40.649,-0.500,0.617,no,no,review,skew_uncertain,3190b407766fa441733e02d08b54b2efbf17ad74c8cac1bb6e7e01876a061d7d,0.191118,,review,,yes
images/21667630723072-1368334bm0r2xwrjhipzjok3avtq__p001.png,21667630723072_1368334bm0r2xwrjhipzjok3avtq.pdf,1,pdf,1653,2339,0,0.924,no,0.000,no,no,3434.587,239.116,41.326,-0.000,0.655,no,no,accepted,,4a3e32d0f5af27e4195c1a896c3b379130ee4a660ef97e2609dcb5f9edbf674f,0.191476,,keep,,yes
images/21667630727168-ofw2gcrrfpplenthdoxuqf07ox7p__p001.png,21667630727168_ofw2gcrrfpplenthdoxuqf07ox7p.pdf,1,pdf,1653,2339,0,0.881,no,0.000,no,no,3356.811,239.510,45.645,0.500,0.681,no,no,accepted,,14ac6d9d85e777405b8ad17e1b096d306ae2cbf51ff2201992644587bd5e8df0,0.118363,,keep,,yes
images/21667630731264-tz4j5nsd8knsy3zgt2jw4wztrg0q__p001.png,21667630731264_tz4j5nsd8knsy3zgt2jw4wztrg0q.pdf,1,pdf,1653,2339,0,0.922,no,0.000,no,no,3462.303,239.584,45.455,-0.500,0.636,no,no,review,skew_uncertain,777843f9749808cfed01109b630cbb3ea3723b5cad05ff82624dc58c824fe510,0.119477,,review,,yes
images/21667630735360-t7yncwp1j62d02ov4pfwyimgzg7k__p001.png,21667630735360_t7yncwp1j62d02ov4pfwyimgzg7k.pdf,1,pdf,1653,2339,0,0.916,no,0.000,no,no,2393.023,245.991,29.162,-0.000,0.906,no,no,accepted,,3b8c2769be7d167443cf499ad80fe86ddfe1191529f97eb77f47780f1c8dbdc5,0.160349,,keep,,yes
images/21667630739456-sc05f3fqxexsinwwl15xatlb0a27__p001.png,21667630739456_sc05f3fqxexsinwwl15xatlb0a27.pdf,1,pdf,1653,2339,0,0.905,no,0.000,no,no,2350.851,245.229,29.191,-0.000,0.929,no,no,accepted,,23a4709fb2a271ecf158c9092678eee4b524a532c7765916f149db49a1916758,0.191524,,keep,,yes
images/21667630743552-6honfbxdrmthznzzvqwart7z6q72__p001.png,21667630743552_6honfbxdrmthznzzvqwart7z6q72.pdf,1,pdf,1653,2339,0,0.879,no,0.000,no,no,3181.079,242.220,38.817,-0.000,0.711,no,no,accepted,,b58f7936150b582b715774780a65cb762f265d5720458e1ff0578a095f68d18e,0.112710,,keep,,yes
images/21667630747648-5lcd50wtsscp98f7mxpyyj3w16j0__p001.png,21667630747648_5lcd50wtsscp98f7mxpyyj3w16j0.pdf,1,pdf,1653,2339,0,0.879,no,0.000,no,no,3888.679,237.187,50.634,-0.250,0.726,no,no,accepted,,aaf3eefd85d5942ab23c961b7ac976faa1a068eb488e993fd8889e039bf2384d,0.128817,,keep,,yes
images/21667630751744-izsa69e39bk6lc1yn9ht2nse2de1__p001.png,21667630751744_izsa69e39bk6lc1yn9ht2nse2de1.pdf,1,pdf,1653,2339,0,0.858,no,0.000,no,no,3698.972,238.946,46.503,0.500,0.663,no,no,accepted,,a06f8371b0c112bba19de236c46a813dac5d7fc68b39600a05c6bfc2539c4db8,0.123306,,keep,,yes
images/21667630768128-3cztej1c8vit93oxp2cewubocadr__p001.png,21667630768128_3cztej1c8vit93oxp2cewubocadr.pdf,1,pdf,1653,2339,0,0.920,no,0.000,no,no,3567.287,239.899,44.817,0.500,0.655,no,no,accepted,,60ac41943b66c1ec8510204ee342e7cea9c370a7234729cb2cafb95b9b29dec3,0.116751,,keep,,yes
images/21667630772224-v8ktgfty8rtb34lka3aoh683nlxf__p001.png,21667630772224_v8ktgfty8rtb34lka3aoh683nlxf.pdf,1,pdf,1653,2339,0,0.885,no,0.000,no,no,2658.482,243.209,40.725,-0.250,0.426,no,no,accepted,,fb96ad118634dda174125ad198367e1dc9b330b001b810c746238f51214aafdb,0.092232,,keep,,yes
images/21667630776320-57xe7zmlfr6vvj8xa6lbvvqkncnv__p001.png,21667630776320_57xe7zmlfr6vvj8xa6lbvvqkncnv.pdf,1,pdf,1653,2339,0,0.902,no,0.000,no,no,3728.804,238.626,47.325,0.250,0.719,no,no,accepted,,bdcc9dd0a9bab2a41db61a3a6bd860049efe9a41563550ac1599de577d101f99,0.123492,,keep,,yes
images/21667630780416-7chq4goh8fb7stofcqagi7rg98x0__p001.png,21667630780416_7chq4goh8fb7stofcqagi7rg98x0.pdf,1,pdf,1674,2354,0,0.921,no,0.000,no,no,2907.665,242.561,33.814,-0.500,0.723,yes,no,corrected,deskewed,3a0de74ba7d63792043c9e8fda368201e3a446e0ec257fe22b8462067eeb3bb2,0.176181,,keep,,yes
images/21667630784512-6mln98y1wwqxwm5wkwzxcgncg832__p001.png,21667630784512_6mln98y1wwqxwm5wkwzxcgncg832.pdf,1,pdf,1653,2339,0,0.926,no,0.000,no,no,5084.590,232.780,58.347,-0.000,0.816,no,no,accepted,,3243ad8e7518be3fc75b412493ba6f17f5125a761303cc7ba3aaaad803bb6478,0.145783,,keep,,yes
images/21667630788608-mgaoh03uogtep5sl3wm6kt6r2uto__p001.png,21667630788608_mgaoh03uogtep5sl3wm6kt6r2uto.pdf,1,pdf,1653,2339,0,0.918,no,0.000,no,no,1601.025,242.893,47.313,-0.750,0.565,no,no,review,skew_uncertain,eb9d1676acbaddc01289ef6e287eb6caa3d216eb08e250daced1fedab81150e2,0.077148,,review,,yes
images/21667630792704-hthhnrdam6kyljtegssostmcw279__p001.png,21667630792704_hthhnrdam6kyljtegssostmcw279.pdf,1,pdf,1724,2389,0,0.828,no,0.000,no,no,3971.927,232.654,49.313,-1.750,0.708,yes,no,corrected,deskewed,06d7193fd900d8a83b922d73cda7a75bc79809be6b1a3459ac028085ed3e9590,0.205573,,keep,,yes
images/21667630796800-w2zexkh2poi3sx1ffw5y4czobr37__p001.png,21667630796800_w2zexkh2poi3sx1ffw5y4czobr37.pdf,1,pdf,1653,2339,0,0.922,no,0.000,no,no,3906.640,238.244,48.260,-0.000,0.719,no,no,accepted,,03802a82721c48a7fa31dc30d3504e941260d96eeaa1a8b3e4639f3ad23242a7,0.124500,,keep,,yes
images/21667630800896-yg8i6el02vlkfhu5s978rvhc4zf4__p001.png,21667630800896_yg8i6el02vlkfhu5s978rvhc4zf4.pdf,1,pdf,1653,2339,0,0.816,no,0.000,no,no,2356.079,246.644,31.263,0.500,0.580,no,no,accepted,,40b728a5ffa21beb771d31b56f0587f29f78c8ab1c1272ffa62b46fd08cd65c9,0.082052,,keep,,yes
images/21667630804992-md4jgvw7p4ftji6o1zh7aayngoz1__p001.png,21667630804992_md4jgvw7p4ftji6o1zh7aayngoz1.pdf,1,pdf,1653,2339,0,0.926,no,0.000,no,no,3951.238,237.551,49.884,0.250,0.741,no,no,accepted,,52e6bb0a85aa670ed7a1b31a61067e6f37d3ff818f84c8de110625e674649c5c,0.127750,,keep,,yes
images/21667630809088-awbatfptql7i6jsci583cy0ejvzw__p001.png,21667630809088_awbatfptql7i6jsci583cy0ejvzw.pdf,1,pdf,1653,2339,0,0.907,no,0.000,no,no,3676.479,239.077,47.152,0.250,0.719,no,no,accepted,,22652874b2d8750e7ec887946733757bb0f61855e96f5af99a4eb986353487a1,0.118247,,keep,,yes
images/21667630813184-9jis1920mkqjvbvz91e45uxiv5hm__p001.png,21667630813184_9jis1920mkqjvbvz91e45uxiv5hm.pdf,1,pdf,1653,2339,0,0.927,no,0.000,no,no,2917.624,246.403,31.288,-0.500,0.636,no,no,review,skew_uncertain,7e6644bf0e591b68d44dca084400c97f2850d45dd46e0afb2e84e2cc979e3c16,0.079532,,review,,yes
images/21697340977152-1oq8dpkrhw6asd1wwvgr57uhq928__p001.png,21697340977152_1oq8dpkrhw6asd1wwvgr57uhq928.pdf,1,pdf,1653,2339,0,0.925,no,0.000,no,no,2142.022,247.592,29.313,0.250,0.689,no,no,accepted,,fabe512180d11360d1c97f865face171bfaddd6b2970d8489c4912f2ad485fdb,0.080486,,keep,,yes
images/21697340977152-1oq8dpkrhw6asd1wwvgr57uhq928__p002.png,21697340977152_1oq8dpkrhw6asd1wwvgr57uhq928.pdf,2,pdf,1653,2339,0,0.924,no,0.000,no,no,1919.983,249.819,26.456,0.500,0.606,no,no,accepted,,14d3eccf7ea82362fcdfa9b45ed5888db6c5a248d2ef4f142eae5d481c54cf7f,0.045370,,keep,,yes
images/21856660848640-qu5l6ljpxcaar47vfmp8z1w7m4uh.png,21856660848640_qu5l6ljpxcaar47vfmp8z1w7m4uh.jpeg,1,image,1413,2147,0,0.928,no,0.000,no,no,3260.940,238.435,41.232,-0.000,0.884,no,no,accepted,,a8367e42cf23d7ee9d4bf7368cb0e4cc883204de5b18bab5efa83ddc4641108b,0.198186,,keep,,yes
images/22-1-facture-fa260161__p001.png,22-1  Facture FA260161.pdf,1,pdf,1654,2339,0,0.927,no,0.000,no,no,5500.744,242.865,36.368,-0.000,0.711,no,no,accepted,,608cda29269a6675cec725f026cd60c9a8427311c1a49b170a6cd2238a7dd723,0.178846,,keep,,yes
images/22-10-loxit__p001.png,22-10 LOXIT.pdf,1,pdf,1654,2339,0,0.912,no,0.000,no,no,1788.990,248.980,24.872,0.250,0.693,no,no,accepted,,b54602df5333f762269c5bc1d21e2bd074805daf20e1e823f2e1b0d07fe38e90,0.057943,,keep,,yes
images/2212001-mona__p001.png,2212001 MoNa.pdf,1,pdf,1654,2339,0,0.920,no,0.000,no,no,1819.566,251.087,23.166,-0.250,0.542,no,no,review,overexposed,3e6102d386bdc20082a1bf30b45a16664ec553280b461a6f141878e5aacd75e6,0.038552,,review,,yes
images/22136101552128-3arvhv66kokn4akhaxk6ueix2zzd__p001.png,22136101552128_3arvhv66kokn4akhaxk6ueix2zzd.pdf,1,pdf,1654,2339,180,0.732,no,0.000,no,no,158.467,181.451,77.684,0.250,0.606,no,no,review,orientation_uncertain,b2cd817bf0455d75a3907b6bfec343c15f80eb8f9b5c74edee5a210990d9621d,0.629169,dup_016,review,exact_duplicate,yes
images/22136101552128-3arvhv66kokn4akhaxk6ueix2zzd__p002.png,22136101552128_3arvhv66kokn4akhaxk6ueix2zzd.pdf,2,pdf,1654,2339,0,0.925,no,0.533,no,no,344.858,174.214,89.757,0.500,0.595,no,no,review,document_contour_uncertain,a68fcbfcd91bfca14795364cc587a5b4803a705d7ec3240330bf1cf5c9aa73c1,0.592870,dup_017,review,exact_duplicate,yes
images/22136101552128-3arvhv66kokn4akhaxk6ueix2zzd-organized__p001.png,22136101552128_3arvhv66kokn4akhaxk6ueix2zzd_organized.pdf,1,pdf,1654,2339,0,0.925,no,0.533,no,no,344.858,174.214,89.757,0.500,0.595,no,no,review,document_contour_uncertain,a68fcbfcd91bfca14795364cc587a5b4803a705d7ec3240330bf1cf5c9aa73c1,0.592870,dup_017,review,exact_duplicate,yes
images/22136101552128-3arvhv66kokn4akhaxk6ueix2zzd-organized__p002.png,22136101552128_3arvhv66kokn4akhaxk6ueix2zzd_organized.pdf,2,pdf,1654,2339,180,0.732,no,0.000,no,no,158.467,181.451,77.684,0.250,0.606,no,no,review,orientation_uncertain,b2cd817bf0455d75a3907b6bfec343c15f80eb8f9b5c74edee5a210990d9621d,0.629169,dup_016,review,exact_duplicate,yes
images/22136120381440-iijf4hba9cpyrcgbz8nyd6yo9t24__p001.png,22136120381440_iijf4hba9cpyrcgbz8nyd6yo9t24.pdf,1,pdf,1654,2339,180,0.808,no,0.000,no,no,199.402,175.848,85.558,0.500,0.550,no,no,review,orientation_uncertain,c7f1425c405ffd247f0ef8d50a59a88d25dc2691ef314e8da008a29dacc158ab,0.629169,,review,,yes
images/22136120381440-iijf4hba9cpyrcgbz8nyd6yo9t24__p002.png,22136120381440_iijf4hba9cpyrcgbz8nyd6yo9t24.pdf,2,pdf,1654,2339,0,0.908,no,0.519,no,no,454.658,175.118,90.215,-0.500,0.595,no,no,review,document_contour_uncertain;skew_uncertain,d7ab0dd0902088216344506689141154fdd1909c0e3c2a82530e811e2ef86cbe,0.592870,,review,,yes
images/22167521431552-hqn7x8pw9nn67g4s9pduodrobi0y__p001.png,22167521431552_hqn7x8pw9nn67g4s9pduodrobi0y.pdf,1,pdf,1654,2339,0,0.860,no,0.000,no,no,2680.527,251.005,23.339,-0.500,0.557,no,no,review,overexposed;skew_uncertain,4cb8d8e07cacfe92894958e3e2f2c218d2b7d6489b71746fbaca5e47a6d70652,0.024858,,review,,yes
images/22167521439744-x54qu391mhlw8q4pupl8i0es2t72__p001.png,22167521439744_x54qu391mhlw8q4pupl8i0es2t72.pdf,1,pdf,1654,2339,0,0.923,no,0.000,no,no,6120.012,235.867,42.363,-0.000,0.794,no,no,accepted,,72a73df7bad4cb1d02130b74247e44103543b5d716c96a6a5f23f31d1a602830,0.229883,,keep,,yes
images/22167521443840-eq981dm48kx3b422iethnnyac80g__p001.png,22167521443840_eq981dm48kx3b422iethnnyac80g.pdf,1,pdf,1654,2339,0,0.925,no,0.000,no,no,3980.356,238.596,38.892,-0.000,0.753,no,no,accepted,,34f95b64764c7dd965c16e84e643f72fde6ec5a4339f09bac7a600a8a5fb8aea,0.213994,,keep,,yes
images/22167521447936-k70ssled78z4u0c418nnnky3iimz__p001.png,22167521447936_k70ssled78z4u0c418nnnky3iimz.pdf,1,pdf,1654,2339,0,0.880,no,0.000,no,no,5174.282,245.799,36.085,-0.000,0.790,no,no,accepted,,a939443f0a86ac78b98585796862b3b39b9878e93df8470d52b8c163f5d77d9f,0.052464,,keep,,yes
images/22167521452032-ifi440a4gn6a3u4gsvi9x2lenvuz__p001.png,22167521452032_ifi440a4gn6a3u4gsvi9x2lenvuz.pdf,1,pdf,1654,2339,0,0.918,no,0.000,no,no,5050.181,242.471,34.581,-0.000,0.846,no,no,accepted,,e758ca0367ad3887bbae8b59085b70fe393521e7471fb52ad2a5f2d6a8f3a143,0.176544,,keep,,yes
images/22167521452032-ifi440a4gn6a3u4gsvi9x2lenvuz__p002.png,22167521452032_ifi440a4gn6a3u4gsvi9x2lenvuz.pdf,2,pdf,1654,2339,0,0.921,no,0.000,no,no,5931.552,246.096,33.934,-0.000,0.869,no,no,accepted,,e9b1a3981218e65d6577050f95d9d6a107249e78fb0d27f17dd0734bc7a520d3,0.053977,,keep,,yes
images/22167521452032-ifi440a4gn6a3u4gsvi9x2lenvuz__p003.png,22167521452032_ifi440a4gn6a3u4gsvi9x2lenvuz.pdf,3,pdf,1655,2339,0,0.924,no,0.000,no,no,9739.905,235.395,40.764,-0.000,0.951,no,no,accepted,,893054793534b24e3406cf9b769e7a5ba0b5eced7d39df32dcb2bc62a57a46bf,0.145793,dup_011,review,exact_duplicate,yes
images/22167521452032-ifi440a4gn6a3u4gsvi9x2lenvuz__p004.png,22167521452032_ifi440a4gn6a3u4gsvi9x2lenvuz.pdf,4,pdf,1655,2339,0,0.925,no,0.000,no,no,10087.894,234.729,41.853,-0.000,0.962,no,no,accepted,,12f1f421b4151fde8688851ca89b3d372484cb9c4c93a3d5165259ad2032df6d,0.149402,dup_012,review,exact_duplicate,yes
images/22167521452032-ifi440a4gn6a3u4gsvi9x2lenvuz__p005.png,22167521452032_ifi440a4gn6a3u4gsvi9x2lenvuz.pdf,5,pdf,1655,2339,0,0.925,no,0.000,no,no,10167.702,234.651,41.242,-0.000,0.970,no,no,accepted,,025533ad69aff62a6bd4fb48fedabe68c602a0b215f93014eeafc689371942ab,0.151681,dup_013,review,exact_duplicate,yes
images/22167521452032-ifi440a4gn6a3u4gsvi9x2lenvuz__p006.png,22167521452032_ifi440a4gn6a3u4gsvi9x2lenvuz.pdf,6,pdf,1655,2339,0,0.923,no,0.000,no,no,7505.012,239.801,38.013,-0.000,0.865,no,no,accepted,,59cb4db04def854b32fa3c1b8d8e4c6a8a7668ae2b68e6b286976b57ba217420,0.111271,dup_014,review,exact_duplicate,yes
images/22167521452032-ifi440a4gn6a3u4gsvi9x2lenvuz__p007.png,22167521452032_ifi440a4gn6a3u4gsvi9x2lenvuz.pdf,7,pdf,1655,2339,0,0.926,no,0.000,no,no,4434.226,245.559,32.101,-0.000,0.734,no,no,accepted,,7bb880529b451c489a6f4ee008045d911d1e7ed830f5df9998bc9e91b3a84ac7,0.066601,dup_015,review,exact_duplicate,yes
images/22167521456128-c4ojymrtuu0gv9dbxspwtpuonuuv__p001.png,22167521456128_c4ojymrtuu0gv9dbxspwtpuonuuv.pdf,1,pdf,1654,2339,0,0.919,no,0.000,no,no,5103.567,242.345,34.735,-0.000,0.858,no,no,accepted,,609066134ffca3b75976488792641a182a9a0004da7094098f19e21d45d407ba,0.177743,,keep,,yes
images/22167521456128-c4ojymrtuu0gv9dbxspwtpuonuuv__p002.png,22167521456128_c4ojymrtuu0gv9dbxspwtpuonuuv.pdf,2,pdf,1654,2339,0,0.924,no,0.000,no,no,4180.949,248.582,29.171,-0.000,0.887,no,no,accepted,,ff91da44450d6de0b9366c1a3b3cdce7f17137ff2c1ef4692dc68e02e899ffed,0.039192,,keep,,yes
images/22167521456128-c4ojymrtuu0gv9dbxspwtpuonuuv__p003.png,22167521456128_c4ojymrtuu0gv9dbxspwtpuonuuv.pdf,3,pdf,1654,2339,0,0.927,no,0.000,no,no,3676.449,249.168,28.058,-0.000,0.809,no,no,accepted,,9f6ff6312f029bf2925f38ffd1d72b8c4bd91a280353a900141ace1d7425bd92,0.035547,,keep,,yes
images/22167521456128-c4ojymrtuu0gv9dbxspwtpuonuuv__p004.png,22167521456128_c4ojymrtuu0gv9dbxspwtpuonuuv.pdf,4,pdf,1655,2339,0,0.924,no,0.000,no,no,9739.905,235.395,40.764,-0.000,0.951,no,no,accepted,,893054793534b24e3406cf9b769e7a5ba0b5eced7d39df32dcb2bc62a57a46bf,0.145793,dup_011,review,exact_duplicate,yes
images/22167521456128-c4ojymrtuu0gv9dbxspwtpuonuuv__p005.png,22167521456128_c4ojymrtuu0gv9dbxspwtpuonuuv.pdf,5,pdf,1655,2339,0,0.925,no,0.000,no,no,10087.894,234.729,41.853,-0.000,0.962,no,no,accepted,,12f1f421b4151fde8688851ca89b3d372484cb9c4c93a3d5165259ad2032df6d,0.149402,dup_012,review,exact_duplicate,yes
images/22167521456128-c4ojymrtuu0gv9dbxspwtpuonuuv__p006.png,22167521456128_c4ojymrtuu0gv9dbxspwtpuonuuv.pdf,6,pdf,1655,2339,0,0.925,no,0.000,no,no,10167.702,234.651,41.242,-0.000,0.970,no,no,accepted,,025533ad69aff62a6bd4fb48fedabe68c602a0b215f93014eeafc689371942ab,0.151681,dup_013,review,exact_duplicate,yes
images/22167521456128-c4ojymrtuu0gv9dbxspwtpuonuuv__p007.png,22167521456128_c4ojymrtuu0gv9dbxspwtpuonuuv.pdf,7,pdf,1655,2339,0,0.923,no,0.000,no,no,7505.012,239.801,38.013,-0.000,0.865,no,no,accepted,,59cb4db04def854b32fa3c1b8d8e4c6a8a7668ae2b68e6b286976b57ba217420,0.111271,dup_014,review,exact_duplicate,yes
images/22167521456128-c4ojymrtuu0gv9dbxspwtpuonuuv__p008.png,22167521456128_c4ojymrtuu0gv9dbxspwtpuonuuv.pdf,8,pdf,1655,2339,0,0.926,no,0.000,no,no,4434.226,245.559,32.101,-0.000,0.734,no,no,accepted,,7bb880529b451c489a6f4ee008045d911d1e7ed830f5df9998bc9e91b3a84ac7,0.066601,dup_015,review,exact_duplicate,yes
images/22167521460224-2c79vqnebtw7zaz9mq74papg7wul__p001.png,22167521460224_2c79vqnebtw7zaz9mq74papg7wul.pdf,1,pdf,1654,2339,0,0.923,no,0.000,no,no,5166.843,242.314,34.842,-0.000,0.869,no,no,accepted,,29481e04084a33234490443b6cd3b78e82d709c0c2c7cc15e914b0e193ac44a5,0.177504,,keep,,yes
images/22167521460224-2c79vqnebtw7zaz9mq74papg7wul__p002.png,22167521460224_2c79vqnebtw7zaz9mq74papg7wul.pdf,2,pdf,1654,2339,0,0.925,no,0.000,no,no,5388.251,246.799,32.693,-0.000,0.880,no,no,accepted,,5fdd4609420c06a0f55f993658cc24f01b81790c15d07c46a59170a636a17acc,0.049764,,keep,,yes
images/22167521460224-2c79vqnebtw7zaz9mq74papg7wul__p003.png,22167521460224_2c79vqnebtw7zaz9mq74papg7wul.pdf,3,pdf,1655,2339,0,0.924,no,0.000,no,no,9739.905,235.395,40.764,-0.000,0.951,no,no,accepted,,893054793534b24e3406cf9b769e7a5ba0b5eced7d39df32dcb2bc62a57a46bf,0.145793,dup_011,review,exact_duplicate,yes
images/22167521460224-2c79vqnebtw7zaz9mq74papg7wul__p004.png,22167521460224_2c79vqnebtw7zaz9mq74papg7wul.pdf,4,pdf,1655,2339,0,0.925,no,0.000,no,no,10087.894,234.729,41.853,-0.000,0.962,no,no,accepted,,12f1f421b4151fde8688851ca89b3d372484cb9c4c93a3d5165259ad2032df6d,0.149402,dup_012,review,exact_duplicate,yes
images/22167521460224-2c79vqnebtw7zaz9mq74papg7wul__p005.png,22167521460224_2c79vqnebtw7zaz9mq74papg7wul.pdf,5,pdf,1655,2339,0,0.925,no,0.000,no,no,10167.702,234.651,41.242,-0.000,0.970,no,no,accepted,,025533ad69aff62a6bd4fb48fedabe68c602a0b215f93014eeafc689371942ab,0.151681,dup_013,review,exact_duplicate,yes
images/22167521460224-2c79vqnebtw7zaz9mq74papg7wul__p006.png,22167521460224_2c79vqnebtw7zaz9mq74papg7wul.pdf,6,pdf,1655,2339,0,0.923,no,0.000,no,no,7505.012,239.801,38.013,-0.000,0.865,no,no,accepted,,59cb4db04def854b32fa3c1b8d8e4c6a8a7668ae2b68e6b286976b57ba217420,0.111271,dup_014,review,exact_duplicate,yes
images/22167521460224-2c79vqnebtw7zaz9mq74papg7wul__p007.png,22167521460224_2c79vqnebtw7zaz9mq74papg7wul.pdf,7,pdf,1655,2339,0,0.926,no,0.000,no,no,4434.226,245.559,32.101,-0.000,0.734,no,no,accepted,,7bb880529b451c489a6f4ee008045d911d1e7ed830f5df9998bc9e91b3a84ac7,0.066601,dup_015,review,exact_duplicate,yes
images/22167521468416-rjr3fnbat27r9tslnmph1t1p97t0__p001.png,22167521468416_rjr3fnbat27r9tslnmph1t1p97t0.pdf,1,pdf,1654,2339,0,0.920,no,0.000,no,no,5058.677,242.417,34.639,-0.000,0.843,no,no,accepted,,b21be55be77cd0bc97759073786353887793f15986368ad3e7fdf2d71c6a8142,0.177306,,keep,,yes
images/22167521468416-rjr3fnbat27r9tslnmph1t1p97t0__p002.png,22167521468416_rjr3fnbat27r9tslnmph1t1p97t0.pdf,2,pdf,1654,2339,0,0.922,no,0.000,no,no,7104.890,244.570,36.449,-0.000,0.846,no,no,accepted,,f4baa52c1b14a1cff1e489dfd41bb54a8acb858bd21fe1595980f763b0c70ee9,0.063186,,keep,,yes
images/22167521468416-rjr3fnbat27r9tslnmph1t1p97t0__p003.png,22167521468416_rjr3fnbat27r9tslnmph1t1p97t0.pdf,3,pdf,1655,2339,0,0.924,no,0.000,no,no,9739.905,235.395,40.764,-0.000,0.951,no,no,accepted,,893054793534b24e3406cf9b769e7a5ba0b5eced7d39df32dcb2bc62a57a46bf,0.145793,dup_011,review,exact_duplicate,yes
images/22167521468416-rjr3fnbat27r9tslnmph1t1p97t0__p004.png,22167521468416_rjr3fnbat27r9tslnmph1t1p97t0.pdf,4,pdf,1655,2339,0,0.925,no,0.000,no,no,10087.894,234.729,41.853,-0.000,0.962,no,no,accepted,,12f1f421b4151fde8688851ca89b3d372484cb9c4c93a3d5165259ad2032df6d,0.149402,dup_012,review,exact_duplicate,yes
images/22167521468416-rjr3fnbat27r9tslnmph1t1p97t0__p005.png,22167521468416_rjr3fnbat27r9tslnmph1t1p97t0.pdf,5,pdf,1655,2339,0,0.925,no,0.000,no,no,10167.702,234.651,41.242,-0.000,0.970,no,no,accepted,,025533ad69aff62a6bd4fb48fedabe68c602a0b215f93014eeafc689371942ab,0.151681,dup_013,review,exact_duplicate,yes
images/22167521468416-rjr3fnbat27r9tslnmph1t1p97t0__p006.png,22167521468416_rjr3fnbat27r9tslnmph1t1p97t0.pdf,6,pdf,1655,2339,0,0.923,no,0.000,no,no,7505.012,239.801,38.013,-0.000,0.865,no,no,accepted,,59cb4db04def854b32fa3c1b8d8e4c6a8a7668ae2b68e6b286976b57ba217420,0.111271,dup_014,review,exact_duplicate,yes
images/22167521468416-rjr3fnbat27r9tslnmph1t1p97t0__p007.png,22167521468416_rjr3fnbat27r9tslnmph1t1p97t0.pdf,7,pdf,1655,2339,0,0.926,no,0.000,no,no,4434.226,245.559,32.101,-0.000,0.734,no,no,accepted,,7bb880529b451c489a6f4ee008045d911d1e7ed830f5df9998bc9e91b3a84ac7,0.066601,dup_015,review,exact_duplicate,yes
images/22167521472512-tdbvcfts35i5iugjlywy3oa8fce8__p001.png,22167521472512_tdbvcfts35i5iugjlywy3oa8fce8.pdf,1,pdf,1654,2339,0,0.925,no,0.000,no,no,5843.546,233.384,57.144,-0.000,0.895,no,no,accepted,,973e9ca6c09ccbef989d558a929ce8051f9e4975a0c69118d8fb36f142601fa5,0.119081,,keep,,yes
images/22167521480704-jcy88jgh256dudicoz7a9rcvfjev__p001.png,22167521480704_jcy88jgh256dudicoz7a9rcvfjev.pdf,1,pdf,1654,2339,0,0.926,no,0.000,no,no,5062.223,242.489,34.613,-0.000,0.869,no,no,accepted,,02b195942d243ea727619b896db52715afb158a2e5eb2f9be27fc25dad9f0bba,0.176403,,keep,,yes
images/22167521480704-jcy88jgh256dudicoz7a9rcvfjev__p002.png,22167521480704_jcy88jgh256dudicoz7a9rcvfjev.pdf,2,pdf,1654,2339,0,0.921,no,0.000,no,no,5244.503,247.196,31.898,-0.000,0.921,no,no,accepted,,4e3ec114c827dc098fea8d40b196e7da4f0ab8cdc85a0ddcde1a6eac6378d95c,0.047542,,keep,,yes
images/22167521480704-jcy88jgh256dudicoz7a9rcvfjev__p003.png,22167521480704_jcy88jgh256dudicoz7a9rcvfjev.pdf,3,pdf,1654,2339,0,0.927,no,0.000,no,no,3675.484,249.168,28.051,-0.000,0.809,no,no,accepted,,6896f88cfbb1f9686a4e4fefe77f485f3d3d5f2b80df536d6d7480afb098c734,0.035547,,keep,,yes
images/22167521480704-jcy88jgh256dudicoz7a9rcvfjev__p004.png,22167521480704_jcy88jgh256dudicoz7a9rcvfjev.pdf,4,pdf,1655,2339,0,0.924,no,0.000,no,no,9739.905,235.395,40.764,-0.000,0.951,no,no,accepted,,893054793534b24e3406cf9b769e7a5ba0b5eced7d39df32dcb2bc62a57a46bf,0.145793,dup_011,review,exact_duplicate,yes
images/22167521480704-jcy88jgh256dudicoz7a9rcvfjev__p005.png,22167521480704_jcy88jgh256dudicoz7a9rcvfjev.pdf,5,pdf,1655,2339,0,0.925,no,0.000,no,no,10087.894,234.729,41.853,-0.000,0.962,no,no,accepted,,12f1f421b4151fde8688851ca89b3d372484cb9c4c93a3d5165259ad2032df6d,0.149402,dup_012,review,exact_duplicate,yes
images/22167521480704-jcy88jgh256dudicoz7a9rcvfjev__p006.png,22167521480704_jcy88jgh256dudicoz7a9rcvfjev.pdf,6,pdf,1655,2339,0,0.925,no,0.000,no,no,10167.702,234.651,41.242,-0.000,0.970,no,no,accepted,,025533ad69aff62a6bd4fb48fedabe68c602a0b215f93014eeafc689371942ab,0.151681,dup_013,review,exact_duplicate,yes
images/22167521480704-jcy88jgh256dudicoz7a9rcvfjev__p007.png,22167521480704_jcy88jgh256dudicoz7a9rcvfjev.pdf,7,pdf,1655,2339,0,0.923,no,0.000,no,no,7505.012,239.801,38.013,-0.000,0.865,no,no,accepted,,59cb4db04def854b32fa3c1b8d8e4c6a8a7668ae2b68e6b286976b57ba217420,0.111271,dup_014,review,exact_duplicate,yes
images/22167521480704-jcy88jgh256dudicoz7a9rcvfjev__p008.png,22167521480704_jcy88jgh256dudicoz7a9rcvfjev.pdf,8,pdf,1655,2339,0,0.926,no,0.000,no,no,4434.226,245.559,32.101,-0.000,0.734,no,no,accepted,,7bb880529b451c489a6f4ee008045d911d1e7ed830f5df9998bc9e91b3a84ac7,0.066601,dup_015,review,exact_duplicate,yes
images/22167521484800-165aztiid47dyfrdc8n44ohvunsx__p001.png,22167521484800_165aztiid47dyfrdc8n44ohvunsx.pdf,1,pdf,1654,2339,0,0.926,no,0.000,no,no,1395.569,248.888,29.285,0.250,0.734,no,no,accepted,,b2531840a02b7b57b1eb77c9597a507d6ef928a91feb491e7ebd18319e47fa4e,0.067920,,keep,,yes
images/22167521488896-5et39qivvviopvi9pcjz4hpixvm3__p001.png,22167521488896_5et39qivvviopvi9pcjz4hpixvm3.pdf,1,pdf,1654,2339,0,0.926,no,0.000,no,no,1403.130,248.859,29.362,0.125,0.726,no,no,accepted,,7c298d401b56aeb738e8a2a0ea3494e2b2539d1ca601d70227c797de22181fe3,0.068071,,keep,,yes
images/22167521497088-j39v7whdg3v37rfe47f4xmrhgjty__p001.png,22167521497088_j39v7whdg3v37rfe47f4xmrhgjty.pdf,1,pdf,1654,2339,0,0.842,no,0.000,no,no,3004.434,245.889,30.880,0.250,0.711,no,no,accepted,,4cf0172a2f2331bd8e3c52e1424a7d7928818d14317e5008311dc5ebbc2b7971,0.101912,,keep,,yes
images/22167521501184-6cirepxvhtwoa3mmqm1q9z4uqnek__p001.png,22167521501184_6cirepxvhtwoa3mmqm1q9z4uqnek.pdf,1,pdf,1654,2339,0,0.903,no,0.000,no,no,4126.627,230.856,46.015,-0.000,0.824,no,no,accepted,,35e34f349a3a00e4244f7784cd470a27dd4a471ec9167fded9eaf00bf2ec990a,0.251806,,keep,,yes
images/22167521501184-6cirepxvhtwoa3mmqm1q9z4uqnek__p002.png,22167521501184_6cirepxvhtwoa3mmqm1q9z4uqnek.pdf,2,pdf,1654,2339,0,0.926,no,0.000,no,no,2895.640,248.157,23.886,-0.000,1.000,no,no,accepted,,8ab8e8dee3525533c9fe41b48217e835e9a7f401ca188eeaab5c30ef7b1bdaa3,0.061714,dup_009,review,exact_duplicate,yes
images/22167521505280-g0jnfsxjqus9zzswrw8bw1g8p35a__p001.png,22167521505280_g0jnfsxjqus9zzswrw8bw1g8p35a.pdf,1,pdf,1654,2339,0,0.874,no,0.000,no,no,7100.149,220.278,51.938,-0.000,0.951,no,no,accepted,,e9abf964f8036f63049b7f01f574b33936e5354783e17b316d51b9d1b5662f75,0.356982,,keep,,yes
images/22167521505280-g0jnfsxjqus9zzswrw8bw1g8p35a__p002.png,22167521505280_g0jnfsxjqus9zzswrw8bw1g8p35a.pdf,2,pdf,1654,2339,0,0.922,no,0.000,no,no,4848.529,224.024,48.635,-0.000,0.936,no,no,accepted,,e72d22955b76f0732094a5eb71cc07af6d4e36c4b76fe586214aaa7ae07e109a,0.341951,,keep,,yes
images/22167521505280-g0jnfsxjqus9zzswrw8bw1g8p35a__p003.png,22167521505280_g0jnfsxjqus9zzswrw8bw1g8p35a.pdf,3,pdf,1654,2339,270,0.619,no,0.636,no,no,1683.266,229.124,43.611,-0.250,0.561,no,no,review,orientation_uncertain;document_contour_uncertain,b584406229e228a03a5e6122bf17279df2281920947479d4d11fb148d45ab39c,0.319252,,review,,yes
images/22167521505280-g0jnfsxjqus9zzswrw8bw1g8p35a__p004.png,22167521505280_g0jnfsxjqus9zzswrw8bw1g8p35a.pdf,4,pdf,1654,2339,0,0.910,no,0.000,no,no,3504.684,231.715,44.938,-0.000,0.850,no,no,accepted,,68a19f06df73c45ab2c8550b10728624b652d79a1277ee279d6275a4a459e0c5,0.247974,,keep,,yes
images/22167521505280-g0jnfsxjqus9zzswrw8bw1g8p35a__p005.png,22167521505280_g0jnfsxjqus9zzswrw8bw1g8p35a.pdf,5,pdf,1654,2339,0,0.926,no,0.000,no,no,2895.640,248.157,23.886,-0.000,1.000,no,no,accepted,,8ab8e8dee3525533c9fe41b48217e835e9a7f401ca188eeaab5c30ef7b1bdaa3,0.061714,dup_009,review,exact_duplicate,yes
images/22167521509376-v1cl9qqbml50dfa75878not7eo4j__p001.png,22167521509376_v1cl9qqbml50dfa75878not7eo4j.pdf,1,pdf,1654,2339,0,0.926,no,0.000,no,no,6958.820,220.449,51.870,-0.000,0.951,no,no,accepted,,c836bd94b7ee6af7e338424e955cd7bb4c73e2555a840f41a74e640b8d31c8c3,0.355919,,keep,,yes
images/22167521509376-v1cl9qqbml50dfa75878not7eo4j__p002.png,22167521509376_v1cl9qqbml50dfa75878not7eo4j.pdf,2,pdf,1654,2339,0,0.746,no,0.000,no,no,6974.907,220.586,51.648,-0.000,0.959,no,no,accepted,,1b1fbea0043084b66270f2c790c33ec5f9df26604b1f8281d50795dddf7c4e62,0.355937,,keep,,yes
images/22167521509376-v1cl9qqbml50dfa75878not7eo4j__p003.png,22167521509376_v1cl9qqbml50dfa75878not7eo4j.pdf,3,pdf,1654,2339,0,0.847,no,0.000,no,no,6883.386,220.666,51.544,-0.000,0.959,no,no,accepted,,93906b0777eb75fd9e5c1b42a4828c47affd12dd93992d27504928ae6b9c0934,0.355886,,keep,,yes
images/22167521509376-v1cl9qqbml50dfa75878not7eo4j__p004.png,22167521509376_v1cl9qqbml50dfa75878not7eo4j.pdf,4,pdf,1654,2339,0,0.932,no,0.000,no,no,6956.892,220.567,51.727,-0.000,0.966,no,no,accepted,,eecd85f5d75e1f8f0e457b5e9152e0c809a8fec6e93c80d415f8408ce75a2f02,0.355464,,keep,,yes
images/22167521509376-v1cl9qqbml50dfa75878not7eo4j__p005.png,22167521509376_v1cl9qqbml50dfa75878not7eo4j.pdf,5,pdf,1654,2339,0,0.887,no,0.000,no,no,6991.056,220.477,51.748,-0.000,0.962,no,no,accepted,,81473894d5c3d85ebe10dbf7ef0dbdafc6929cbb11f3631cf66935d186a50031,0.356210,,keep,,yes
images/22167521509376-v1cl9qqbml50dfa75878not7eo4j__p006.png,22167521509376_v1cl9qqbml50dfa75878not7eo4j.pdf,6,pdf,1654,2339,0,0.904,no,0.000,no,no,6915.171,220.676,51.526,-0.000,0.951,no,no,accepted,,b242e4bf6e39d43310d14139aa56eca720014b26e254ef4e1a7fbf95e7b92e0b,0.355859,,keep,,yes
images/22167521509376-v1cl9qqbml50dfa75878not7eo4j__p007.png,22167521509376_v1cl9qqbml50dfa75878not7eo4j.pdf,7,pdf,1654,2339,0,0.933,no,0.000,no,no,2948.672,227.090,45.618,-0.000,0.816,no,no,accepted,,773b9403cc4a14e13282ea51aca5032b944be1fcdc686059e3e5983582ccdcf3,0.329006,,keep,,yes
images/22167521509376-v1cl9qqbml50dfa75878not7eo4j__p008.png,22167521509376_v1cl9qqbml50dfa75878not7eo4j.pdf,8,pdf,1654,2339,0,0.899,no,0.000,no,no,3536.810,231.666,45.014,-0.000,0.846,no,no,accepted,,24ef0859d105315009ff3f5c2cf6b95b5b4f7f761f66bac672346c6480cd2457,0.248024,,keep,,yes
images/22167521509376-v1cl9qqbml50dfa75878not7eo4j__p009.png,22167521509376_v1cl9qqbml50dfa75878not7eo4j.pdf,9,pdf,1654,2339,0,0.926,no,0.000,no,no,2895.640,248.157,23.886,-0.000,1.000,no,no,accepted,,8ab8e8dee3525533c9fe41b48217e835e9a7f401ca188eeaab5c30ef7b1bdaa3,0.061714,dup_009,review,exact_duplicate,yes
images/22167521513472-z4barixbpgz1zhy5suac2dya5g70__p001.png,22167521513472_z4barixbpgz1zhy5suac2dya5g70.pdf,1,pdf,1654,2339,0,0.908,no,0.000,no,no,7164.072,220.194,51.983,-0.000,0.955,no,no,accepted,,4601ba849c90865fa645cad2503bc51b9e66baa6b9547e0254aae661cbd1479f,0.357562,,keep,,yes
images/22167521513472-z4barixbpgz1zhy5suac2dya5g70__p002.png,22167521513472_z4barixbpgz1zhy5suac2dya5g70.pdf,2,pdf,1654,2339,0,0.937,no,0.623,no,no,2403.509,227.998,44.737,-0.000,0.734,no,no,review,document_contour_uncertain,22a89945aa41f3efcf5a7532b3c02019b6317c38569af0c44719539a12a6edce,0.324711,,review,,yes
images/22167521513472-z4barixbpgz1zhy5suac2dya5g70__p003.png,22167521513472_z4barixbpgz1zhy5suac2dya5g70.pdf,3,pdf,1654,2339,0,0.916,no,0.000,no,no,3499.638,231.742,44.905,-0.000,0.850,no,no,accepted,,79a0ea911967864cd048107b74b4900d317bbfa79e6d712bf338722e0bd2c18a,0.247898,,keep,,yes
images/22167521513472-z4barixbpgz1zhy5suac2dya5g70__p004.png,22167521513472_z4barixbpgz1zhy5suac2dya5g70.pdf,4,pdf,1654,2339,0,0.926,no,0.000,no,no,2895.640,248.157,23.886,-0.000,1.000,no,no,accepted,,8ab8e8dee3525533c9fe41b48217e835e9a7f401ca188eeaab5c30ef7b1bdaa3,0.061714,dup_009,review,exact_duplicate,yes
images/22167521517568-aqay2k0x0wkg3nvvlkqf76l1ie8z__p001.png,22167521517568_aqay2k0x0wkg3nvvlkqf76l1ie8z.pdf,1,pdf,1654,2339,0,0.921,no,0.000,no,no,6966.789,220.523,51.812,-0.000,0.944,no,no,accepted,,37a74c0f3a3dae40b98d44ab40c24601b648639992ca38e4dfcf0a0fecfc96c1,0.355540,,keep,,yes
images/22167521517568-aqay2k0x0wkg3nvvlkqf76l1ie8z__p002.png,22167521517568_aqay2k0x0wkg3nvvlkqf76l1ie8z.pdf,2,pdf,1654,2339,0,0.889,no,0.000,no,no,7009.641,220.503,51.699,-0.000,0.966,no,no,accepted,,c825f1f067e968b897cf2627bedb1c61317b681bd7ee2aea17258b1d54b836d9,0.356503,,keep,,yes
images/22167521517568-aqay2k0x0wkg3nvvlkqf76l1ie8z__p003.png,22167521517568_aqay2k0x0wkg3nvvlkqf76l1ie8z.pdf,3,pdf,1654,2339,0,0.938,no,0.000,no,no,6948.192,220.582,51.630,-0.000,0.966,no,no,accepted,,36dfa5753c0d460f67eab288c04f0c858c882d650bde81ec70cab9e6559c7a40,0.356030,,keep,,yes
images/22167521517568-aqay2k0x0wkg3nvvlkqf76l1ie8z__p004.png,22167521517568_aqay2k0x0wkg3nvvlkqf76l1ie8z.pdf,4,pdf,1654,2339,0,0.934,no,0.000,no,no,7025.730,220.485,51.709,-0.000,0.966,no,no,accepted,,09cb2b6f07ab46f04728ff416dc47e25eebe70f6993a1b5972ce8f7f0dbadceb,0.356283,,keep,,yes
images/22167521517568-aqay2k0x0wkg3nvvlkqf76l1ie8z__p005.png,22167521517568_aqay2k0x0wkg3nvvlkqf76l1ie8z.pdf,5,pdf,1654,2339,0,0.936,no,0.000,no,no,6146.156,221.905,50.495,-0.000,0.944,no,no,accepted,,f2d260230bb3a804b3473895f216b0bfa14c2a9f1b23749944efae8367c2166a,0.351206,,keep,,yes
images/22167521517568-aqay2k0x0wkg3nvvlkqf76l1ie8z__p006.png,22167521517568_aqay2k0x0wkg3nvvlkqf76l1ie8z.pdf,6,pdf,1654,2339,0,0.935,no,0.000,no,no,3105.079,232.491,44.057,-0.000,0.801,no,no,accepted,,2e6dd9a441b3b381fc2e6711b45850a465e9cb53cf5b2df6924b778660b5b3b4,0.244414,,keep,,yes
images/22167521517568-aqay2k0x0wkg3nvvlkqf76l1ie8z__p007.png,22167521517568_aqay2k0x0wkg3nvvlkqf76l1ie8z.pdf,7,pdf,1654,2339,0,0.926,no,0.000,no,no,2895.640,248.157,23.886,-0.000,1.000,no,no,accepted,,8ab8e8dee3525533c9fe41b48217e835e9a7f401ca188eeaab5c30ef7b1bdaa3,0.061714,dup_009,review,exact_duplicate,yes
images/22167521521664-3y3uhveryo97wyqbxc2qyhj1r1lh__p001.png,22167521521664_3y3uhveryo97wyqbxc2qyhj1r1lh.pdf,1,pdf,1654,2339,0,0.906,no,0.000,no,no,7165.296,220.191,51.962,-0.000,0.951,no,no,accepted,,7b0bbbf30d687e088c7f43184fe1577f7af0d94f3cd721aacc4cdcfd4cdce408,0.357694,,keep,,yes
images/22167521521664-3y3uhveryo97wyqbxc2qyhj1r1lh__p002.png,22167521521664_3y3uhveryo97wyqbxc2qyhj1r1lh.pdf,2,pdf,1654,2339,0,0.937,no,0.000,no,no,4108.612,225.154,47.608,-0.000,0.921,no,no,accepted,,e0ce5507b553b5c02f9788c5fc68e403e3cf6c136ec9ee4da40b4dd0c208ef54,0.336891,,keep,,yes
images/22167521521664-3y3uhveryo97wyqbxc2qyhj1r1lh__p003.png,22167521521664_3y3uhveryo97wyqbxc2qyhj1r1lh.pdf,3,pdf,1654,2339,0,0.938,no,0.000,no,no,3243.281,232.277,44.309,-0.000,0.846,no,no,accepted,,2d6a1c4f3218dcad75ca74d4b7973a10d16d652b92085a7aa8b83c5a789fb3f3,0.245517,,keep,,yes
images/22167521521664-3y3uhveryo97wyqbxc2qyhj1r1lh__p004.png,22167521521664_3y3uhveryo97wyqbxc2qyhj1r1lh.pdf,4,pdf,1654,2339,0,0.926,no,0.000,no,no,2895.640,248.157,23.886,-0.000,1.000,no,no,accepted,,8ab8e8dee3525533c9fe41b48217e835e9a7f401ca188eeaab5c30ef7b1bdaa3,0.061714,dup_009,review,exact_duplicate,yes
images/22167521525760-u37onkxqx5skdp19vrqcn90bh3m0__p001.png,22167521525760_u37onkxqx5skdp19vrqcn90bh3m0.pdf,1,pdf,1654,2339,0,0.934,no,0.000,no,no,6999.372,220.428,51.833,-0.000,0.936,no,no,accepted,,e8d5dd0d2fb43c0fddfb22129b0487049b3d7083b3c6357fa587c475a598bab3,0.356240,,keep,,yes
images/22167521525760-u37onkxqx5skdp19vrqcn90bh3m0__p002.png,22167521525760_u37onkxqx5skdp19vrqcn90bh3m0.pdf,2,pdf,1654,2339,0,0.933,no,0.000,no,no,6940.197,220.629,51.637,-0.000,0.959,no,no,accepted,,02bfb0c1af17dd964034f8f9735b16c3a4bf90ad18fa929e9238d7cf1378dc1b,0.355570,,keep,,yes
images/22167521525760-u37onkxqx5skdp19vrqcn90bh3m0__p003.png,22167521525760_u37onkxqx5skdp19vrqcn90bh3m0.pdf,3,pdf,1654,2339,0,0.932,no,0.000,no,no,6892.815,220.644,51.622,-0.000,0.962,no,no,accepted,,fbe8755193f70ac986ca019431821fd9c9b4c0a67e186e216c8271bbb434975e,0.355505,,keep,,yes
images/22167521525760-u37onkxqx5skdp19vrqcn90bh3m0__p004.png,22167521525760_u37onkxqx5skdp19vrqcn90bh3m0.pdf,4,pdf,1654,2339,0,0.933,no,0.000,no,no,6983.169,220.544,51.691,-0.000,0.966,no,no,accepted,,e5a81cf31c4289d82f0253275042d1fe154387f03aaf75176e2f5d5a5cb67fe8,0.355955,,keep,,yes
images/22167521525760-u37onkxqx5skdp19vrqcn90bh3m0__p005.png,22167521525760_u37onkxqx5skdp19vrqcn90bh3m0.pdf,5,pdf,1654,2339,0,0.929,no,0.000,no,no,3700.431,225.901,46.810,-0.000,0.887,no,no,accepted,,5d5fd76d5e7e3fbd9ce1089f3a600a98a79a4b562d0999a1c0e4a8e4dba5f8ef,0.334156,,keep,,yes
images/22167521525760-u37onkxqx5skdp19vrqcn90bh3m0__p006.png,22167521525760_u37onkxqx5skdp19vrqcn90bh3m0.pdf,6,pdf,1654,2339,0,0.930,no,0.000,no,no,3516.540,231.692,44.976,-0.000,0.839,no,no,accepted,,b699486abbb69c3ea1d9e830e5a23c4c97632b0dece92359daf00baf4374e5ff,0.247948,,keep,,yes
images/22167521525760-u37onkxqx5skdp19vrqcn90bh3m0__p007.png,22167521525760_u37onkxqx5skdp19vrqcn90bh3m0.pdf,7,pdf,1654,2339,0,0.926,no,0.000,no,no,2895.640,248.157,23.886,-0.000,1.000,no,no,accepted,,8ab8e8dee3525533c9fe41b48217e835e9a7f401ca188eeaab5c30ef7b1bdaa3,0.061714,dup_009,review,exact_duplicate,yes
images/22167521529856-zejvvbdvupfu07gjsgueqgmuo1hq__p001.png,22167521529856_zejvvbdvupfu07gjsgueqgmuo1hq.pdf,1,pdf,1654,2339,0,0.913,no,0.000,no,no,7043.974,220.387,51.883,-0.000,0.944,no,no,accepted,,482558f285ace003a113a6c3089592b2808ed7a99ee3dae42d1918f82268c5d9,0.356374,,keep,,yes
images/22167521529856-zejvvbdvupfu07gjsgueqgmuo1hq__p002.png,22167521529856_zejvvbdvupfu07gjsgueqgmuo1hq.pdf,2,pdf,1654,2339,0,0.933,no,0.000,no,no,6943.125,220.613,51.608,-0.000,0.959,no,no,accepted,,4530eb751bd3aa570021e5305aa288bb7d3f1298c2a8d2dbdecef315f9406618,0.355953,,keep,,yes
images/22167521529856-zejvvbdvupfu07gjsgueqgmuo1hq__p003.png,22167521529856_zejvvbdvupfu07gjsgueqgmuo1hq.pdf,3,pdf,1654,2339,0,0.921,no,0.000,no,no,6831.242,220.741,51.583,-0.000,0.959,no,no,accepted,,378e61b3ae1be8cd3afe5216ede81be34918d12e3ea16f6fb2b7286dd9ba29d6,0.354773,,keep,,yes
images/22167521529856-zejvvbdvupfu07gjsgueqgmuo1hq__p004.png,22167521529856_zejvvbdvupfu07gjsgueqgmuo1hq.pdf,4,pdf,1654,2339,0,0.933,no,0.000,no,no,6904.413,220.600,51.655,-0.000,0.970,no,no,accepted,,260ec0cd884d5db5d01e9de2bb07ddc9f6ca21878cfe822e2e8b9424a5df5d67,0.355604,,keep,,yes
images/22167521529856-zejvvbdvupfu07gjsgueqgmuo1hq__p005.png,22167521529856_zejvvbdvupfu07gjsgueqgmuo1hq.pdf,5,pdf,1654,2339,0,0.931,no,0.000,no,no,6980.972,220.525,51.701,-0.000,0.962,no,no,accepted,,45ce53f066c11c3b074c8f2dbb64745e0adf7b39e6d30c64cb625cea0c6eb4f0,0.356059,,keep,,yes
images/22167521529856-zejvvbdvupfu07gjsgueqgmuo1hq__p006.png,22167521529856_zejvvbdvupfu07gjsgueqgmuo1hq.pdf,6,pdf,1654,2339,0,0.932,no,0.000,no,no,5203.224,223.489,48.943,-0.000,0.925,no,no,accepted,,4b9cbf8115fde9e94d9dac69b454dcd270dc5ff0ec162b5614193b2da5aceea9,0.345280,,keep,,yes
images/22167521529856-zejvvbdvupfu07gjsgueqgmuo1hq__p007.png,22167521529856_zejvvbdvupfu07gjsgueqgmuo1hq.pdf,7,pdf,1654,2339,90,0.639,no,0.637,no,no,1684.785,229.128,43.638,-0.250,0.554,no,no,review,orientation_uncertain;document_contour_uncertain,fabbfabb08ea2ce071c118d6871633fc45d696d3fcdee769fdf54c9d3c6249a7,0.319110,,review,,yes
images/22167521529856-zejvvbdvupfu07gjsgueqgmuo1hq__p008.png,22167521529856_zejvvbdvupfu07gjsgueqgmuo1hq.pdf,8,pdf,1654,2339,0,0.901,no,0.000,no,no,3531.406,231.677,45.005,-0.000,0.839,no,no,accepted,,e2743a840dc1649689fe019ec40a2f076a2b906ed6ee41ebc3c4bfbc66c1b87d,0.247973,,keep,,yes
images/22167521529856-zejvvbdvupfu07gjsgueqgmuo1hq__p009.png,22167521529856_zejvvbdvupfu07gjsgueqgmuo1hq.pdf,9,pdf,1654,2339,0,0.926,no,0.000,no,no,2895.640,248.157,23.886,-0.000,1.000,no,no,accepted,,8ab8e8dee3525533c9fe41b48217e835e9a7f401ca188eeaab5c30ef7b1bdaa3,0.061714,dup_009,review,exact_duplicate,yes
images/22167521533952-55x4ybumyfc2e2dh6iz01athw652__p001.png,22167521533952_55x4ybumyfc2e2dh6iz01athw652.pdf,1,pdf,1654,2339,0,0.926,no,0.000,no,no,7021.243,220.382,51.861,-0.000,0.948,no,no,accepted,,48447d10c9d6e53bc93e748eabcfc60eb1ec757f53e6f467e93a69d56cecd3be,0.356404,,keep,,yes
images/22167521533952-55x4ybumyfc2e2dh6iz01athw652__p002.png,22167521533952_55x4ybumyfc2e2dh6iz01athw652.pdf,2,pdf,1654,2339,0,0.930,no,0.000,no,no,6965.788,220.617,51.631,-0.000,0.962,no,no,accepted,,8a519de25ee66f20c7a3d2fcfade54e51e5514078fe9e99a1f78ed7ad5130a4b,0.355752,,keep,,yes
images/22167521533952-55x4ybumyfc2e2dh6iz01athw652__p003.png,22167521533952_55x4ybumyfc2e2dh6iz01athw652.pdf,3,pdf,1654,2339,0,0.924,no,0.000,no,no,6902.396,220.649,51.580,-0.000,0.962,no,no,accepted,,d88bd3b4db54f97e5a65540cbf5fc26063eb3aae92bcb2f6ff9faa48a0b3ebd8,0.355766,,keep,,yes
images/22167521533952-55x4ybumyfc2e2dh6iz01athw652__p004.png,22167521533952_55x4ybumyfc2e2dh6iz01athw652.pdf,4,pdf,1654,2339,0,0.933,no,0.000,no,no,6992.430,220.527,51.719,-0.000,0.970,no,no,accepted,,05331cd53b92a311b6a3779ecc59d6d4aa740733b7d0db4bbc81bc551f066fc3,0.355976,,keep,,yes
images/22167521533952-55x4ybumyfc2e2dh6iz01athw652__p005.png,22167521533952_55x4ybumyfc2e2dh6iz01athw652.pdf,5,pdf,1654,2339,0,0.917,no,0.000,no,no,6965.558,220.586,51.631,-0.000,0.966,no,no,accepted,,7ceaa7a57b53e06f4c6ffb94621eed4bb2a0ad8a266d66f2694f3501ce6d6a0c,0.355972,,keep,,yes
images/22167521533952-55x4ybumyfc2e2dh6iz01athw652__p006.png,22167521533952_55x4ybumyfc2e2dh6iz01athw652.pdf,6,pdf,1654,2339,0,0.931,no,0.000,no,no,5296.001,223.306,49.195,-0.000,0.932,no,no,accepted,,bb607fabad6cb8dbea81c534c2d865d7b98647d8ef44b1fb4759af4d20aa090a,0.345539,,keep,,yes
images/22167521533952-55x4ybumyfc2e2dh6iz01athw652__p007.png,22167521533952_55x4ybumyfc2e2dh6iz01athw652.pdf,7,pdf,1654,2339,90,0.565,no,0.637,no,no,1683.973,229.128,43.637,-0.250,0.554,no,no,review,orientation_uncertain;document_contour_uncertain,e3854d72d1be1533c8ef77db7de619bbb706e0ba16f6baffec60112d62769412,0.319111,,review,,yes
images/22167521533952-55x4ybumyfc2e2dh6iz01athw652__p008.png,22167521533952_55x4ybumyfc2e2dh6iz01athw652.pdf,8,pdf,1654,2339,0,0.919,no,0.000,no,no,3532.566,231.676,45.003,-0.000,0.843,no,no,accepted,,344a83194d1c6e8893ef448cfebc787e13a1b964010ea3758c5cd14dd0ee7953,0.248027,,keep,,yes
images/22167521533952-55x4ybumyfc2e2dh6iz01athw652__p009.png,22167521533952_55x4ybumyfc2e2dh6iz01athw652.pdf,9,pdf,1654,2339,0,0.926,no,0.000,no,no,2895.640,248.157,23.886,-0.000,1.000,no,no,accepted,,8ab8e8dee3525533c9fe41b48217e835e9a7f401ca188eeaab5c30ef7b1bdaa3,0.061714,dup_009,review,exact_duplicate,yes
images/22167521538048-dkro3c9u90glxa0slla8vgbvba3x__p001.png,22167521538048_dkro3c9u90glxa0slla8vgbvba3x.pdf,1,pdf,1654,2339,0,0.927,no,0.000,no,no,7159.510,220.218,51.963,-0.000,0.951,no,no,accepted,,7ec97089cc256812b6ea130a6e5428fc15d9b4b83530cb3f7b63b6bb55710f6d,0.357448,,keep,,yes
images/22167521538048-dkro3c9u90glxa0slla8vgbvba3x__p002.png,22167521538048_dkro3c9u90glxa0slla8vgbvba3x.pdf,2,pdf,1654,2339,0,0.903,no,0.627,no,no,2183.602,228.333,44.422,-0.000,0.730,no,no,review,document_contour_uncertain,af32fae3261b124ee5f32d9b6aab4bfba364ccccbce3857d298748be73b2c718,0.323003,,review,,yes
images/22167521538048-dkro3c9u90glxa0slla8vgbvba3x__p003.png,22167521538048_dkro3c9u90glxa0slla8vgbvba3x.pdf,3,pdf,1654,2339,0,0.909,no,0.000,no,no,3488.421,231.751,44.899,-0.000,0.846,no,no,accepted,,9f1f8003d30b656211c0f83b44e9685b3ab6f4394c4c50158ea1f72466b1780b,0.247818,,keep,,yes
images/22167521538048-dkro3c9u90glxa0slla8vgbvba3x__p004.png,22167521538048_dkro3c9u90glxa0slla8vgbvba3x.pdf,4,pdf,1654,2339,0,0.926,no,0.000,no,no,2895.640,248.157,23.886,-0.000,1.000,no,no,accepted,,8ab8e8dee3525533c9fe41b48217e835e9a7f401ca188eeaab5c30ef7b1bdaa3,0.061714,dup_009,review,exact_duplicate,yes
images/22167521542144-prhujtuzm5ld7u05w7scs4y3oflr__p001.png,22167521542144_prhujtuzm5ld7u05w7scs4y3oflr.pdf,1,pdf,1654,2339,0,0.928,no,0.000,no,no,7074.657,220.284,51.908,-0.000,0.951,no,no,accepted,,a067f05695f1e3927c08a4fb3859dbc904ac40a1f246c9edb60e86475a4d6865,0.357116,,keep,,yes
images/22167521542144-prhujtuzm5ld7u05w7scs4y3oflr__p002.png,22167521542144_prhujtuzm5ld7u05w7scs4y3oflr.pdf,2,pdf,1654,2339,0,0.912,no,0.000,no,no,6953.517,220.630,51.621,-0.000,0.966,no,no,accepted,,91ff39e5e869848b0d5371a5c188636f7eb6155a383e6ef283f55ec1a553a1c6,0.355822,,keep,,yes
images/22167521542144-prhujtuzm5ld7u05w7scs4y3oflr__p003.png,22167521542144_prhujtuzm5ld7u05w7scs4y3oflr.pdf,3,pdf,1654,2339,0,0.833,no,0.000,no,no,6993.734,220.475,51.747,-0.000,0.970,no,no,accepted,,8c372fd2b5e39ec579ce2e6be97cb2aecc0d397228833e032eb148e2652ce462,0.356318,,keep,,yes
images/22167521542144-prhujtuzm5ld7u05w7scs4y3oflr__p004.png,22167521542144_prhujtuzm5ld7u05w7scs4y3oflr.pdf,4,pdf,1654,2339,0,0.924,no,0.000,no,no,7035.915,220.460,51.724,-0.000,0.962,no,no,accepted,,f053e568ffde151453cb53d5300fbdd4574313b92e7794ac68a307396dd271ec,0.356572,,keep,,yes
images/22167521542144-prhujtuzm5ld7u05w7scs4y3oflr__p005.png,22167521542144_prhujtuzm5ld7u05w7scs4y3oflr.pdf,5,pdf,1654,2339,0,0.928,no,0.000,no,no,4118.335,225.224,47.560,-0.000,0.910,no,no,accepted,,dc9c1dca297dcde1b325f75ec9e95cce431183f48d0567af49f8468e2b2bb920,0.336527,,keep,,yes
images/22167521542144-prhujtuzm5ld7u05w7scs4y3oflr__p006.png,22167521542144_prhujtuzm5ld7u05w7scs4y3oflr.pdf,6,pdf,1654,2339,0,0.931,no,0.000,no,no,3506.273,231.709,44.947,-0.000,0.839,no,no,accepted,,88a019ee60c7310470e8fd4ef95d5bf0635d57daad32737337c5882487aea8c3,0.247991,,keep,,yes
images/22167521542144-prhujtuzm5ld7u05w7scs4y3oflr__p007.png,22167521542144_prhujtuzm5ld7u05w7scs4y3oflr.pdf,7,pdf,1654,2339,0,0.926,no,0.000,no,no,2895.640,248.157,23.886,-0.000,1.000,no,no,accepted,,8ab8e8dee3525533c9fe41b48217e835e9a7f401ca188eeaab5c30ef7b1bdaa3,0.061714,dup_009,review,exact_duplicate,yes
images/22167521546240-wm0a2ksjgfsynqmz4jzef7njzo8m__p001.png,22167521546240_wm0a2ksjgfsynqmz4jzef7njzo8m.pdf,1,pdf,1654,2339,0,0.910,no,0.000,no,no,7126.006,220.226,51.939,-0.000,0.948,no,no,accepted,,96207a62f2d380bb3ca8e7ef853db1d425f717497ac7bef8580645a09a954c0c,0.357430,,keep,,yes
images/22167521546240-wm0a2ksjgfsynqmz4jzef7njzo8m__p002.png,22167521546240_wm0a2ksjgfsynqmz4jzef7njzo8m.pdf,2,pdf,1654,2339,0,0.937,no,0.000,no,no,2956.268,227.080,45.759,-0.000,0.876,no,no,accepted,,99b137f5e42208b3bc4493396c9450e0a7e2f0b9f6659cace47d73d9945e5389,0.328294,,keep,,yes
images/22167521546240-wm0a2ksjgfsynqmz4jzef7njzo8m__p003.png,22167521546240_wm0a2ksjgfsynqmz4jzef7njzo8m.pdf,3,pdf,1654,2339,0,0.908,no,0.000,no,no,3494.761,231.742,44.913,-0.000,0.846,no,no,accepted,,ad4a740ffa573a794e206397238a6d40c1ccb9852d7f9e176dc4179e6ad86154,0.247869,,keep,,yes
images/22167521546240-wm0a2ksjgfsynqmz4jzef7njzo8m__p004.png,22167521546240_wm0a2ksjgfsynqmz4jzef7njzo8m.pdf,4,pdf,1654,2339,0,0.926,no,0.000,no,no,2895.640,248.157,23.886,-0.000,1.000,no,no,accepted,,8ab8e8dee3525533c9fe41b48217e835e9a7f401ca188eeaab5c30ef7b1bdaa3,0.061714,dup_009,review,exact_duplicate,yes
images/22167521550336-5gw4l3ue7c3ad3wh0possj3wl1if__p001.png,22167521550336_5gw4l3ue7c3ad3wh0possj3wl1if.pdf,1,pdf,1654,2339,0,0.911,no,0.000,no,no,7180.248,220.167,51.967,-0.000,0.951,no,no,accepted,,9d867ccbc5b983cb0c4af467a22b7caf099145f4f5fea660e5473ac452d72ebb,0.357940,,keep,,yes
images/22167521550336-5gw4l3ue7c3ad3wh0possj3wl1if__p002.png,22167521550336_5gw4l3ue7c3ad3wh0possj3wl1if.pdf,2,pdf,1654,2339,0,0.895,no,0.627,no,no,2169.307,228.359,44.480,-0.000,0.771,no,no,review,document_contour_uncertain,8a6e40ce7e6b939f815bec738e3140e311ed9a7e1892eb523c07b2d64bbaffc1,0.322473,,review,,yes
images/22167521550336-5gw4l3ue7c3ad3wh0possj3wl1if__p003.png,22167521550336_5gw4l3ue7c3ad3wh0possj3wl1if.pdf,3,pdf,1654,2339,0,0.928,no,0.000,no,no,3488.600,231.754,44.896,-0.000,0.846,no,no,accepted,,08cf38d352d817457986c984bb579437d20f2fb622ee904c5924f727ea907d98,0.247815,,keep,,yes
images/22167521550336-5gw4l3ue7c3ad3wh0possj3wl1if__p004.png,22167521550336_5gw4l3ue7c3ad3wh0possj3wl1if.pdf,4,pdf,1654,2339,0,0.926,no,0.000,no,no,2895.640,248.157,23.886,-0.000,1.000,no,no,accepted,,8ab8e8dee3525533c9fe41b48217e835e9a7f401ca188eeaab5c30ef7b1bdaa3,0.061714,dup_009,review,exact_duplicate,yes
images/22167521554432-ka6p5szpbhpai0ifpkcyi79cwt13__p001.png,22167521554432_ka6p5szpbhpai0ifpkcyi79cwt13.pdf,1,pdf,1654,2339,0,0.932,no,0.000,no,no,7087.184,220.297,51.957,-0.000,0.955,no,no,accepted,,17eb38e568c36da768c0ae8972d100202418c8c98eab98022aa55ba603f20e7a,0.356805,,keep,,yes
images/22167521554432-ka6p5szpbhpai0ifpkcyi79cwt13__p002.png,22167521554432_ka6p5szpbhpai0ifpkcyi79cwt13.pdf,2,pdf,1654,2339,0,0.868,no,0.000,no,no,6928.154,220.643,51.634,-0.000,0.962,no,no,accepted,,411605adcc6e714b14ae17d9a667686a18da95fa2859ee576b0039f327655655,0.355462,,keep,,yes
images/22167521554432-ka6p5szpbhpai0ifpkcyi79cwt13__p003.png,22167521554432_ka6p5szpbhpai0ifpkcyi79cwt13.pdf,3,pdf,1654,2339,0,0.895,no,0.000,no,no,6936.696,220.620,51.605,-0.000,0.959,no,no,accepted,,4d0154c0742182c2f7eb444ff0bd3ce57ee1569b0cee9effc217ae4ef7beed44,0.355928,,keep,,yes
images/22167521554432-ka6p5szpbhpai0ifpkcyi79cwt13__p004.png,22167521554432_ka6p5szpbhpai0ifpkcyi79cwt13.pdf,4,pdf,1654,2339,0,0.932,no,0.000,no,no,6865.155,220.713,51.615,-0.000,0.962,no,no,accepted,,8cd36653c948cfda01627ad3e7b00c2712c8f401d0ddfe7c8bf3f8099aba3dc5,0.354837,,keep,,yes
images/22167521554432-ka6p5szpbhpai0ifpkcyi79cwt13__p005.png,22167521554432_ka6p5szpbhpai0ifpkcyi79cwt13.pdf,5,pdf,1654,2339,0,0.837,no,0.000,no,no,6977.158,220.520,51.696,-0.000,0.966,no,no,accepted,,7a8e66b3bb671ffcd79a9d6e7056d378cb3da21de8078be29a60550fb5d83a48,0.356192,,keep,,yes
images/22167521554432-ka6p5szpbhpai0ifpkcyi79cwt13__p006.png,22167521554432_ka6p5szpbhpai0ifpkcyi79cwt13.pdf,6,pdf,1654,2339,0,0.926,no,0.000,no,no,2553.453,227.741,45.027,-0.000,0.760,no,no,accepted,,6153e28c39765f36cc26e8ebbeaf173c2c18e419236e9b7c51f81a29bc890908,0.325720,,keep,,yes
images/22167521554432-ka6p5szpbhpai0ifpkcyi79cwt13__p007.png,22167521554432_ka6p5szpbhpai0ifpkcyi79cwt13.pdf,7,pdf,1654,2339,0,0.908,no,0.000,no,no,3530.701,231.684,44.995,-0.000,0.843,no,no,accepted,,7795d342e04d40aa20d301a91046439f75099c8892552c0fb5740e6dc714dfe5,0.247958,,keep,,yes
images/22167521554432-ka6p5szpbhpai0ifpkcyi79cwt13__p008.png,22167521554432_ka6p5szpbhpai0ifpkcyi79cwt13.pdf,8,pdf,1654,2339,0,0.926,no,0.000,no,no,2895.640,248.157,23.886,-0.000,1.000,no,no,accepted,,8ab8e8dee3525533c9fe41b48217e835e9a7f401ca188eeaab5c30ef7b1bdaa3,0.061714,dup_009,review,exact_duplicate,yes
images/22167521558528-fjrq0co5wp7a7bsxl1km2q5c7ca3__p001.png,22167521558528_fjrq0co5wp7a7bsxl1km2q5c7ca3.pdf,1,pdf,1654,2339,0,0.872,no,0.000,no,no,7183.409,220.181,51.958,-0.000,0.955,no,no,accepted,,8f47ccf3df23b8d543d969a7ec4b13c2d5bc35de020a144f64aa298bb006098a,0.357814,,keep,,yes
images/22167521558528-fjrq0co5wp7a7bsxl1km2q5c7ca3__p002.png,22167521558528_fjrq0co5wp7a7bsxl1km2q5c7ca3.pdf,2,pdf,1654,2339,0,0.939,no,0.000,no,no,2936.329,227.089,45.732,-0.000,0.876,no,no,accepted,,9ee53967fa086b7ff51187ecea7fbd9fd40d3139624b764cd30c6a72afa05d85,0.328310,,keep,,yes
images/22167521558528-fjrq0co5wp7a7bsxl1km2q5c7ca3__p003.png,22167521558528_fjrq0co5wp7a7bsxl1km2q5c7ca3.pdf,3,pdf,1654,2339,0,0.887,no,0.000,no,no,3497.540,231.731,44.927,-0.000,0.846,no,no,accepted,,41b83ec13ffe8e9c5b242adca1ee733360b03e0c199191f323fde35e848b0278,0.247905,,keep,,yes
images/22167521558528-fjrq0co5wp7a7bsxl1km2q5c7ca3__p004.png,22167521558528_fjrq0co5wp7a7bsxl1km2q5c7ca3.pdf,4,pdf,1654,2339,0,0.926,no,0.000,no,no,2895.640,248.157,23.886,-0.000,1.000,no,no,accepted,,8ab8e8dee3525533c9fe41b48217e835e9a7f401ca188eeaab5c30ef7b1bdaa3,0.061714,dup_009,review,exact_duplicate,yes
images/22167521562624-5b43ocbilsi7d7x1io3hhidhv2rf__p001.png,22167521562624_5b43ocbilsi7d7x1io3hhidhv2rf.pdf,1,pdf,1654,2339,0,0.928,no,0.000,no,no,7108.954,220.262,51.962,-0.000,0.944,no,no,accepted,,e0ee8eeb2731afc947644371a7f5cf569b1ce6cb473f8b424a421bb9761cbb3a,0.357141,,keep,,yes
images/22167521562624-5b43ocbilsi7d7x1io3hhidhv2rf__p002.png,22167521562624_5b43ocbilsi7d7x1io3hhidhv2rf.pdf,2,pdf,1654,2339,0,0.682,no,0.000,no,no,6947.391,220.587,51.621,-0.000,0.962,no,no,accepted,,6b0387e07c88f88d462532c3c442f7ae130ae6d908ddac6c43806849d0087356,0.356126,,keep,,yes
images/22167521562624-5b43ocbilsi7d7x1io3hhidhv2rf__p003.png,22167521562624_5b43ocbilsi7d7x1io3hhidhv2rf.pdf,3,pdf,1654,2339,0,0.936,no,0.000,no,no,6930.438,220.591,51.662,-0.000,0.966,no,no,accepted,,2518f45d40e188601e34455d2b798ec9972046f978ed686ca250533f0f8ec6ef,0.355627,,keep,,yes
images/22167521562624-5b43ocbilsi7d7x1io3hhidhv2rf__p004.png,22167521562624_5b43ocbilsi7d7x1io3hhidhv2rf.pdf,4,pdf,1654,2339,0,0.937,no,0.000,no,no,6957.565,220.592,51.679,-0.000,0.962,no,no,accepted,,91df88ec2a290d6c2706001f527bf72c1a5923d6c8dfe8af00a1204d8f8ccd14,0.355617,,keep,,yes
images/22167521562624-5b43ocbilsi7d7x1io3hhidhv2rf__p005.png,22167521562624_5b43ocbilsi7d7x1io3hhidhv2rf.pdf,5,pdf,1654,2339,0,0.923,no,0.000,no,no,6476.384,221.396,50.899,-0.000,0.948,no,no,accepted,,04bb69aed23386015f4dbf9d5e56ab98c40ee57a97636ecc76767040bbb2ae17,0.353023,,keep,,yes
images/22167521562624-5b43ocbilsi7d7x1io3hhidhv2rf__p006.png,22167521562624_5b43ocbilsi7d7x1io3hhidhv2rf.pdf,6,pdf,1654,2339,90,0.635,no,0.637,no,no,1679.635,229.130,43.637,-0.250,0.550,no,no,review,orientation_uncertain;document_contour_uncertain,01b9a99981b70dbecea8e8b5189814723e03d13c3a8fb7ba86d5ed0f4136fc9f,0.319081,,review,,yes
images/22167521562624-5b43ocbilsi7d7x1io3hhidhv2rf__p007.png,22167521562624_5b43ocbilsi7d7x1io3hhidhv2rf.pdf,7,pdf,1654,2339,0,0.915,no,0.000,no,no,3518.134,231.694,44.973,-0.000,0.843,no,no,accepted,,280841e2c1fb4349b97ce878cbd2862c95d41ea3dbeb5383dd6e9812c7572799,0.248023,,keep,,yes
images/22167521562624-5b43ocbilsi7d7x1io3hhidhv2rf__p008.png,22167521562624_5b43ocbilsi7d7x1io3hhidhv2rf.pdf,8,pdf,1654,2339,0,0.926,no,0.000,no,no,2895.640,248.157,23.886,-0.000,1.000,no,no,accepted,,8ab8e8dee3525533c9fe41b48217e835e9a7f401ca188eeaab5c30ef7b1bdaa3,0.061714,dup_009,review,exact_duplicate,yes
images/22167521566720-a8zzxhofmg1g8lvi3vn0a9r8v7jz__p001.png,22167521566720_a8zzxhofmg1g8lvi3vn0a9r8v7jz.pdf,1,pdf,1654,2339,0,0.928,no,0.000,no,no,7128.327,220.197,51.976,-0.000,0.955,no,no,accepted,,cd655a9c6e5ddfb143c6a1044b2187c5a5fa9aa57cc23b325190f7146eb8eceb,0.357510,,keep,,yes
images/22167521566720-a8zzxhofmg1g8lvi3vn0a9r8v7jz__p002.png,22167521566720_a8zzxhofmg1g8lvi3vn0a9r8v7jz.pdf,2,pdf,1654,2339,0,0.921,no,0.000,no,no,4227.908,225.051,47.802,-0.000,0.940,no,no,accepted,,e35471e6696f6c9838fa0bee1cad06a5a4523a4aefa027502d926d4ebf63b8cc,0.337025,,keep,,yes
images/22167521566720-a8zzxhofmg1g8lvi3vn0a9r8v7jz__p003.png,22167521566720_a8zzxhofmg1g8lvi3vn0a9r8v7jz.pdf,3,pdf,1654,2339,0,0.942,no,0.000,no,no,3333.862,232.159,44.457,-0.000,0.858,no,no,accepted,,63605036bd9a622bd29042412b8add8ea11f723b684f454665a0d6694e4c58be,0.246079,,keep,,yes
images/22167521566720-a8zzxhofmg1g8lvi3vn0a9r8v7jz__p004.png,22167521566720_a8zzxhofmg1g8lvi3vn0a9r8v7jz.pdf,4,pdf,1654,2339,0,0.926,no,0.000,no,no,2895.640,248.157,23.886,-0.000,1.000,no,no,accepted,,8ab8e8dee3525533c9fe41b48217e835e9a7f401ca188eeaab5c30ef7b1bdaa3,0.061714,dup_009,review,exact_duplicate,yes
images/22167521570816-6jofn47x31mpg7n5v4n402ktahfg__p001.png,22167521570816_6jofn47x31mpg7n5v4n402ktahfg.pdf,1,pdf,2339,1654,0,0.936,no,0.000,no,no,4030.964,224.726,48.057,-0.000,0.846,no,no,accepted,,27dee1e6259e3b926f05c869ad17656142b54aa5a37da0ac2ba7197edf5b7ac0,0.350560,,keep,,yes
images/22167521570816-6jofn47x31mpg7n5v4n402ktahfg__p002.png,22167521570816_6jofn47x31mpg7n5v4n402ktahfg.pdf,2,pdf,2339,1654,0,0.928,no,0.000,no,no,5158.969,222.765,49.623,-0.000,0.767,no,no,accepted,,a5915af47971f0b3d075daa1f7ee7339fdcd892bd25ef8b0924748f2bfc7752b,0.360537,,keep,,yes
images/22167521570816-6jofn47x31mpg7n5v4n402ktahfg__p003.png,22167521570816_6jofn47x31mpg7n5v4n402ktahfg.pdf,3,pdf,2339,1654,0,0.928,no,0.000,no,no,4991.127,223.085,49.368,-0.000,0.734,no,no,accepted,,43dd3f86a5439c2440153cd6647f0272e747fa0aa913b109873d22e0c32bd32f,0.358966,,keep,,yes
images/22167521570816-6jofn47x31mpg7n5v4n402ktahfg__p004.png,22167521570816_6jofn47x31mpg7n5v4n402ktahfg.pdf,4,pdf,2339,1654,0,0.921,no,0.000,no,no,5560.776,222.263,49.981,-0.000,0.756,no,no,accepted,,af5be06593ea39c4e2f5ab933f3dd2bbced2f495e451d3f1500bfe38b5a7fc66,0.363188,,keep,,yes
images/22167521570816-6jofn47x31mpg7n5v4n402ktahfg__p005.png,22167521570816_6jofn47x31mpg7n5v4n402ktahfg.pdf,5,pdf,2339,1654,0,0.926,no,0.000,no,no,5471.218,222.401,49.902,-0.000,0.753,no,no,accepted,,bed4fe1e45c07147baeb21dc08caf3331951923eaf59f73775da6806e66c0d6a,0.362538,,keep,,yes
images/22167521570816-6jofn47x31mpg7n5v4n402ktahfg__p006.png,22167521570816_6jofn47x31mpg7n5v4n402ktahfg.pdf,6,pdf,2339,1654,0,0.926,no,0.000,no,no,5482.134,222.300,49.956,-0.000,0.749,no,no,accepted,,28dc05ece6e7f12ea8bdbebbc92f9971e6621f638db57f146fef88e4fd196a6d,0.363100,,keep,,yes
images/22167521570816-6jofn47x31mpg7n5v4n402ktahfg__p007.png,22167521570816_6jofn47x31mpg7n5v4n402ktahfg.pdf,7,pdf,2339,1654,0,0.921,no,0.000,no,no,5197.492,222.782,49.647,-0.000,0.738,no,no,accepted,,6c3bf477693de9642567e2dfbf94221a750672db061cba768d1e36733bb6d18d,0.360249,,keep,,yes
images/22167521570816-6jofn47x31mpg7n5v4n402ktahfg__p008.png,22167521570816_6jofn47x31mpg7n5v4n402ktahfg.pdf,8,pdf,2339,1654,0,0.927,no,0.000,no,no,5298.324,222.635,49.705,-0.000,0.749,no,no,accepted,,9ddbffc664031bf237f99a1797122c6f9beb5bb95810d93fc8b0cd701652e334,0.361261,,keep,,yes
images/22167521570816-6jofn47x31mpg7n5v4n402ktahfg__p009.png,22167521570816_6jofn47x31mpg7n5v4n402ktahfg.pdf,9,pdf,2339,1654,0,0.925,no,0.000,no,no,5497.303,222.363,49.920,-0.000,0.753,no,no,accepted,,fd36875d8d106e59c3c3e954789c77d4fa39adfa20b34c602dbaa176e622f57c,0.362702,,keep,,yes
images/22167521570816-6jofn47x31mpg7n5v4n402ktahfg__p010.png,22167521570816_6jofn47x31mpg7n5v4n402ktahfg.pdf,10,pdf,2339,1654,0,0.927,no,0.000,no,no,5460.117,222.378,49.914,-0.000,0.741,no,no,accepted,,9ef79f306733f8131b80a45b6f6c6839d051443b4a66554f6ca7de5209a104e9,0.362679,,keep,,yes
images/22167521570816-6jofn47x31mpg7n5v4n402ktahfg__p011.png,22167521570816_6jofn47x31mpg7n5v4n402ktahfg.pdf,11,pdf,2339,1654,0,0.926,no,0.000,no,no,5307.408,222.565,49.731,-0.000,0.745,no,no,accepted,,f16de5757e91544226e7c123f9ecc4f9d6cb3a39c252fd9520d82e7289edd657,0.361732,,keep,,yes
images/22167521570816-6jofn47x31mpg7n5v4n402ktahfg__p012.png,22167521570816_6jofn47x31mpg7n5v4n402ktahfg.pdf,12,pdf,2339,1654,0,0.923,no,0.000,no,no,5486.976,222.352,49.927,-0.000,0.745,no,no,accepted,,43de5d0b6b38defe69706048b3f7b16387017467cddad32a9791465dfbc49655,0.362801,,keep,,yes
images/22167521570816-6jofn47x31mpg7n5v4n402ktahfg__p013.png,22167521570816_6jofn47x31mpg7n5v4n402ktahfg.pdf,13,pdf,2339,1654,0,0.925,no,0.000,no,no,5470.741,222.349,49.940,-0.000,0.741,no,no,accepted,,259c04b6ccedd6919af560f96fd423da9cc8e21149fa4d2b62c5742c57454aa9,0.362624,,keep,,yes
images/22167521570816-6jofn47x31mpg7n5v4n402ktahfg__p014.png,22167521570816_6jofn47x31mpg7n5v4n402ktahfg.pdf,14,pdf,2339,1654,0,0.921,no,0.000,no,no,5284.396,222.664,49.650,-0.000,0.730,no,no,accepted,,2cbd0f54cbee6ba0f6133880845d5bc59ca46d1761b3216c94c8ee3b877ca60a,0.361295,,keep,,yes
images/22167521570816-6jofn47x31mpg7n5v4n402ktahfg__p015.png,22167521570816_6jofn47x31mpg7n5v4n402ktahfg.pdf,15,pdf,2339,1654,0,0.927,no,0.000,no,no,5398.238,222.434,49.819,-0.000,0.738,no,no,accepted,,bc49f1509b4c4e9573f1d64e321ddc3e53924bb9c0c9640915c4decb3d23d332,0.362508,,keep,,yes
images/22167521570816-6jofn47x31mpg7n5v4n402ktahfg__p016.png,22167521570816_6jofn47x31mpg7n5v4n402ktahfg.pdf,16,pdf,2339,1654,0,0.922,no,0.000,no,no,3973.536,224.758,47.728,-0.000,0.700,no,no,accepted,,7c39374f1a1483bc9fc0d5ca8f7a864fa315990f2af1a434ca5fcde2cc08d660,0.352722,,keep,,yes
images/22167521570816-6jofn47x31mpg7n5v4n402ktahfg__p017.png,22167521570816_6jofn47x31mpg7n5v4n402ktahfg.pdf,17,pdf,2339,1654,0,0.927,no,0.000,no,no,2879.049,226.314,46.699,0.250,0.704,no,no,accepted,,d7e09f3d472f524fbe10540043506d60fedc9a401f40a94614bf9bdf94418a8f,0.343291,,keep,,yes
images/22167521570816-6jofn47x31mpg7n5v4n402ktahfg__p018.png,22167521570816_6jofn47x31mpg7n5v4n402ktahfg.pdf,18,pdf,2339,1654,0,0.823,no,0.000,no,no,2815.749,226.502,46.667,0.250,0.708,no,no,accepted,,cc12556775911b9bda1ed0ba1c52f35c9a361440bdedb094ffabf550eba2f04e,0.341707,,keep,,yes
images/22167521570816-6jofn47x31mpg7n5v4n402ktahfg__p019.png,22167521570816_6jofn47x31mpg7n5v4n402ktahfg.pdf,19,pdf,2339,1654,0,0.916,no,0.000,no,no,3381.389,227.803,48.223,0.250,0.745,no,no,accepted,,0cddeb124912553dad793067f510b8fe68fee2b5667ebaff78ec4725eb789445,0.300154,,keep,,yes
images/22167521570816-6jofn47x31mpg7n5v4n402ktahfg__p020.png,22167521570816_6jofn47x31mpg7n5v4n402ktahfg.pdf,20,pdf,2339,1654,0,0.928,no,0.000,no,no,2903.296,248.147,23.925,-0.000,0.756,no,no,accepted,,307022d6f3da872aa3cffac2a58686d3293121370371044e0c7c9fd5f2b399a7,0.061756,dup_010,review,exact_duplicate,yes
images/22167521574912-a5t1ag2iaq6hdm55v516pcvjstri__p001.png,22167521574912_a5t1ag2iaq6hdm55v516pcvjstri.pdf,1,pdf,2339,1654,0,0.929,no,0.000,no,no,3220.747,225.962,46.871,-0.000,0.809,no,no,accepted,,73a2a5084913c5e49a0d72b9ced1bf77f64100b55df4bb8eabce4f6938be2f44,0.345195,,keep,,yes
images/22167521574912-a5t1ag2iaq6hdm55v516pcvjstri__p002.png,22167521574912_a5t1ag2iaq6hdm55v516pcvjstri.pdf,2,pdf,2339,1654,0,0.927,no,0.000,no,no,4985.259,223.076,49.396,-0.000,0.756,no,no,accepted,,b9c0daf178c85029c5a591be269a5d2a6badac21c7ecbe5d25fc0a63ae236c7d,0.359030,,keep,,yes
images/22167521574912-a5t1ag2iaq6hdm55v516pcvjstri__p003.png,22167521574912_a5t1ag2iaq6hdm55v516pcvjstri.pdf,3,pdf,2339,1654,0,0.922,no,0.000,no,no,5288.460,222.653,49.701,-0.000,0.753,no,no,accepted,,85f3ebde76ba13a4134ae4732a060d8e7b2106071c3c5f7fd06b41006cbf0b80,0.361060,,keep,,yes
images/22167521574912-a5t1ag2iaq6hdm55v516pcvjstri__p004.png,22167521574912_a5t1ag2iaq6hdm55v516pcvjstri.pdf,4,pdf,2339,1654,0,0.925,no,0.000,no,no,5515.194,222.278,49.975,-0.000,0.760,no,no,accepted,,fdc2fad03a2c7825a5ea6872b26cc7faa55283e18281489a55bd2df68da86b9e,0.363110,,keep,,yes
images/22167521574912-a5t1ag2iaq6hdm55v516pcvjstri__p005.png,22167521574912_a5t1ag2iaq6hdm55v516pcvjstri.pdf,5,pdf,2339,1654,0,0.923,no,0.000,no,no,5522.076,222.281,49.969,-0.000,0.749,no,no,accepted,,97082e6a13b43afe9a15bba172946497d6d04646e80c78e62e4b9c54b125840d,0.363172,,keep,,yes
images/22167521574912-a5t1ag2iaq6hdm55v516pcvjstri__p006.png,22167521574912_a5t1ag2iaq6hdm55v516pcvjstri.pdf,6,pdf,2339,1654,0,0.924,no,0.000,no,no,5265.989,222.673,49.665,-0.000,0.730,no,no,accepted,,9387d8ea0c9c067dfd99c7289e1d5c2a850f59d58a36e2731641884ad8983ef6,0.361165,,keep,,yes
images/22167521574912-a5t1ag2iaq6hdm55v516pcvjstri__p007.png,22167521574912_a5t1ag2iaq6hdm55v516pcvjstri.pdf,7,pdf,2339,1654,0,0.927,no,0.000,no,no,5466.691,222.386,49.921,-0.000,0.741,no,no,accepted,,ffd44651e2e470d1a1d95a34ba10475350192c0697ff41bb934954a786be626c,0.362552,,keep,,yes
images/22167521574912-a5t1ag2iaq6hdm55v516pcvjstri__p008.png,22167521574912_a5t1ag2iaq6hdm55v516pcvjstri.pdf,8,pdf,2339,1654,0,0.924,no,0.000,no,no,5431.609,222.410,49.897,-0.000,0.738,no,no,accepted,,5f4fc290051cb1b6fe05168d3462c4c405d598b549ae0cdd119cd1cbab022499,0.362485,,keep,,yes
images/22167521574912-a5t1ag2iaq6hdm55v516pcvjstri__p009.png,22167521574912_a5t1ag2iaq6hdm55v516pcvjstri.pdf,9,pdf,2339,1654,0,0.926,no,0.000,no,no,5306.440,222.574,49.752,-0.000,0.719,no,no,accepted,,f7451f4be8223c09c07e477e9ba09537860e476397651b64c7f54c80ae40d2c5,0.361525,,keep,,yes
images/22167521574912-a5t1ag2iaq6hdm55v516pcvjstri__p010.png,22167521574912_a5t1ag2iaq6hdm55v516pcvjstri.pdf,10,pdf,2339,1654,0,0.926,no,0.000,no,no,5420.856,222.430,49.897,-0.000,0.760,no,no,accepted,,e8ce152b1631af19a336e778427b0036dacb9b2a250575b2e23cfefe5333cd18,0.362139,,keep,,yes
images/22167521574912-a5t1ag2iaq6hdm55v516pcvjstri__p011.png,22167521574912_a5t1ag2iaq6hdm55v516pcvjstri.pdf,11,pdf,2339,1654,0,0.923,no,0.000,no,no,5350.005,222.501,49.799,-0.000,0.734,no,no,accepted,,e06b7edeee98a48975639c100d1deefecd92c019fc147c1944c553a57855b750,0.361962,,keep,,yes
images/22167521574912-a5t1ag2iaq6hdm55v516pcvjstri__p012.png,22167521574912_a5t1ag2iaq6hdm55v516pcvjstri.pdf,12,pdf,2339,1654,0,0.926,no,0.000,no,no,5401.534,222.513,49.824,-0.000,0.801,no,no,accepted,,4da7d8b20827a5c5232d41cc706f928d75d9ecc299a4e9226a54d6384109397f,0.362024,,keep,,yes
images/22167521574912-a5t1ag2iaq6hdm55v516pcvjstri__p013.png,22167521574912_a5t1ag2iaq6hdm55v516pcvjstri.pdf,13,pdf,2339,1654,0,0.925,no,0.000,no,no,5262.869,222.690,49.652,-0.000,0.723,no,no,accepted,,3484a506a5493affe4406f86f437f168304da2b915c10e3a5d121e6d1e0a3021,0.361150,,keep,,yes
images/22167521574912-a5t1ag2iaq6hdm55v516pcvjstri__p014.png,22167521574912_a5t1ag2iaq6hdm55v516pcvjstri.pdf,14,pdf,2339,1654,0,0.934,no,0.000,no,no,3419.597,225.634,47.067,-0.000,0.711,no,no,accepted,,33385dd464b385ef812c0a035cdc30701b47edb5b18a2554b4a688837d95bd3f,0.347854,,keep,,yes
images/22167521574912-a5t1ag2iaq6hdm55v516pcvjstri__p015.png,22167521574912_a5t1ag2iaq6hdm55v516pcvjstri.pdf,15,pdf,2339,1654,0,0.932,no,0.000,no,no,3465.869,225.262,47.891,0.250,0.760,no,no,accepted,,1c6b51fde979b4ae7ff87fa379c4d850194c379b5b1cb0deb759febe4c247008,0.347088,,keep,,yes
images/22167521574912-a5t1ag2iaq6hdm55v516pcvjstri__p016.png,22167521574912_a5t1ag2iaq6hdm55v516pcvjstri.pdf,16,pdf,2339,1654,0,0.909,no,0.000,no,no,3374.343,227.826,48.187,0.250,0.734,no,no,accepted,,e534d75c036ce00e4406af7928cf7261f97646d77375fcfe2459847d07a5b10a,0.300102,,keep,,yes
images/22167521574912-a5t1ag2iaq6hdm55v516pcvjstri__p017.png,22167521574912_a5t1ag2iaq6hdm55v516pcvjstri.pdf,17,pdf,2339,1654,0,0.928,no,0.000,no,no,2903.296,248.147,23.925,-0.000,0.756,no,no,accepted,,307022d6f3da872aa3cffac2a58686d3293121370371044e0c7c9fd5f2b399a7,0.061756,dup_010,review,exact_duplicate,yes
images/22167521579008-b6vvm2s5o3frpix3nyvd9vclwuhw__p001.png,22167521579008_b6vvm2s5o3frpix3nyvd9vclwuhw.pdf,1,pdf,2339,1654,0,0.930,no,0.000,no,no,2852.843,226.540,46.321,0.250,0.771,no,no,accepted,,903c931bbd1a70d326943127d84c2c81837aa30441174340071ee075a135bbeb,0.342626,,keep,,yes
images/22167521579008-b6vvm2s5o3frpix3nyvd9vclwuhw__p002.png,22167521579008_b6vvm2s5o3frpix3nyvd9vclwuhw.pdf,2,pdf,2339,1654,0,0.929,no,0.000,no,no,5186.179,222.739,49.657,-0.000,0.775,no,no,accepted,,377a047c84ce37c276302ebcce328a61e826cb23c7bafb9671ec63521d4f81b7,0.360647,,keep,,yes
images/22167521579008-b6vvm2s5o3frpix3nyvd9vclwuhw__p003.png,22167521579008_b6vvm2s5o3frpix3nyvd9vclwuhw.pdf,3,pdf,2339,1654,0,0.911,no,0.000,no,no,5080.586,222.980,49.474,-0.000,0.760,no,no,accepted,,431571290ce4f554b4467b15ffa12b6281b9f8f2516f67d89675173f26b1a4a7,0.359553,,keep,,yes
images/22167521579008-b6vvm2s5o3frpix3nyvd9vclwuhw__p004.png,22167521579008_b6vvm2s5o3frpix3nyvd9vclwuhw.pdf,4,pdf,2339,1654,0,0.926,no,0.000,no,no,5593.339,222.177,50.053,-0.000,0.753,no,no,accepted,,a0f4a889eb9d1dab60e00972842449b046bad5ee31444b49fb2cd64cc1cf201e,0.363491,,keep,,yes
images/22167521579008-b6vvm2s5o3frpix3nyvd9vclwuhw__p005.png,22167521579008_b6vvm2s5o3frpix3nyvd9vclwuhw.pdf,5,pdf,2339,1654,0,0.926,no,0.000,no,no,5552.198,222.265,49.971,-0.000,0.738,no,no,accepted,,f71860149da35542cd2302819f5f005bce5406fde6d961efdd6f78d4f415f260,0.363407,,keep,,yes
images/22167521579008-b6vvm2s5o3frpix3nyvd9vclwuhw__p006.png,22167521579008_b6vvm2s5o3frpix3nyvd9vclwuhw.pdf,6,pdf,2339,1654,0,0.927,no,0.000,no,no,5167.111,222.823,49.615,-0.000,0.741,no,no,accepted,,5bcec500db051e58436912b021c52b80f855108030f4bce8758f84fa35ff3e7d,0.360092,,keep,,yes
images/22167521579008-b6vvm2s5o3frpix3nyvd9vclwuhw__p007.png,22167521579008_b6vvm2s5o3frpix3nyvd9vclwuhw.pdf,7,pdf,2339,1654,0,0.926,no,0.000,no,no,5492.614,222.344,49.963,-0.000,0.738,no,no,accepted,,549238255014299d51f76a7567ab3c86051cc10724a0c488fa69ba6a98aefcaa,0.362559,,keep,,yes
images/22167521579008-b6vvm2s5o3frpix3nyvd9vclwuhw__p008.png,22167521579008_b6vvm2s5o3frpix3nyvd9vclwuhw.pdf,8,pdf,2339,1654,0,0.925,no,0.000,no,no,5451.984,222.371,49.888,-0.000,0.734,no,no,accepted,,b6db442788f48c4ec75fc267121d705eb27dfa75e5620079f05851df4c5ae549,0.362716,,keep,,yes
images/22167521579008-b6vvm2s5o3frpix3nyvd9vclwuhw__p009.png,22167521579008_b6vvm2s5o3frpix3nyvd9vclwuhw.pdf,9,pdf,2339,1654,0,0.925,no,0.000,no,no,5448.010,222.376,49.907,-0.000,0.730,no,no,accepted,,a980ca1f4b74a8b7908d89778c8c66c4abd2d1567b677ffd988d2f5fad1d21a1,0.362580,,keep,,yes
images/22167521579008-b6vvm2s5o3frpix3nyvd9vclwuhw__p010.png,22167521579008_b6vvm2s5o3frpix3nyvd9vclwuhw.pdf,10,pdf,2339,1654,0,0.922,no,0.000,no,no,5418.684,222.461,49.850,-0.000,0.764,no,no,accepted,,49d0b26548953a8e719ed58c73e031c0c67507dc5a1539c70359eaf4be21a1de,0.362210,,keep,,yes
images/22167521579008-b6vvm2s5o3frpix3nyvd9vclwuhw__p011.png,22167521579008_b6vvm2s5o3frpix3nyvd9vclwuhw.pdf,11,pdf,2339,1654,0,0.925,no,0.000,no,no,5392.405,222.505,49.836,-0.000,0.723,no,no,accepted,,9f8a5201132ba593f800cc0d366a71bc59a15254ed950748eeab92f1f5196be7,0.361811,,keep,,yes
images/22167521579008-b6vvm2s5o3frpix3nyvd9vclwuhw__p012.png,22167521579008_b6vvm2s5o3frpix3nyvd9vclwuhw.pdf,12,pdf,2339,1654,0,0.926,no,0.000,no,no,5339.495,222.603,49.741,-0.000,0.749,no,no,accepted,,66647c42e8a5700bf0a0d6ec6cfe238468901a4eea13dd11d185cb6aee107393,0.361455,,keep,,yes
images/22167521579008-b6vvm2s5o3frpix3nyvd9vclwuhw__p013.png,22167521579008_b6vvm2s5o3frpix3nyvd9vclwuhw.pdf,13,pdf,2339,1654,0,0.925,no,0.000,no,no,5450.197,222.364,49.954,-0.000,0.741,no,no,accepted,,7c8f7b49a3cefd169647aa861fb53d6b7a5135931f825070233a68fbbf4563d0,0.362461,,keep,,yes
images/22167521579008-b6vvm2s5o3frpix3nyvd9vclwuhw__p014.png,22167521579008_b6vvm2s5o3frpix3nyvd9vclwuhw.pdf,14,pdf,2339,1654,0,0.928,no,0.000,no,no,4536.652,223.874,48.531,-0.000,0.753,no,no,accepted,,c1b9e433cc1150244e79c1ee272db4d7083cdce4ee01134332f6e69c4b254bba,0.356434,,keep,,yes
images/22167521579008-b6vvm2s5o3frpix3nyvd9vclwuhw__p015.png,22167521579008_b6vvm2s5o3frpix3nyvd9vclwuhw.pdf,15,pdf,2339,1654,0,0.900,no,0.000,no,no,2773.214,226.511,46.568,0.250,0.726,no,no,accepted,,24a9cfbb48300c4b45e2e360e761719a1bb05740a07a5a40339427f2dc9095e9,0.342101,,keep,,yes
images/22167521579008-b6vvm2s5o3frpix3nyvd9vclwuhw__p016.png,22167521579008_b6vvm2s5o3frpix3nyvd9vclwuhw.pdf,16,pdf,2339,1654,0,0.929,no,0.000,no,no,4259.878,226.175,49.925,0.250,0.786,no,no,accepted,,1c04a5169770f13d613f76cde0d2c42d85d0e82b2c24e6a32ee328dec4b195f5,0.306711,,keep,,yes
images/22167521579008-b6vvm2s5o3frpix3nyvd9vclwuhw__p017.png,22167521579008_b6vvm2s5o3frpix3nyvd9vclwuhw.pdf,17,pdf,2339,1654,0,0.928,no,0.000,no,no,2903.296,248.147,23.925,-0.000,0.756,no,no,accepted,,307022d6f3da872aa3cffac2a58686d3293121370371044e0c7c9fd5f2b399a7,0.061756,dup_010,review,exact_duplicate,yes
images/22167521583104-y9j4f7wk3hgt6p2t0sn6slrjbwi6__p001.png,22167521583104_y9j4f7wk3hgt6p2t0sn6slrjbwi6.pdf,1,pdf,2339,1654,0,0.872,no,0.000,no,no,3371.163,225.724,47.115,-0.000,0.809,no,no,accepted,,9bde8e68226bc2efcdfd673531d310960e28dad47f9d3cace2bd58f2ef80af3f,0.346189,,keep,,yes
images/22167521583104-y9j4f7wk3hgt6p2t0sn6slrjbwi6__p002.png,22167521583104_y9j4f7wk3hgt6p2t0sn6slrjbwi6.pdf,2,pdf,2339,1654,0,0.928,no,0.000,no,no,5128.942,222.803,49.625,-0.000,0.764,no,no,accepted,,3be59c454dc33ffc84fcad5b131c94d02166ed4367030025cdf4ef02d044d3d8,0.360253,,keep,,yes
images/22167521583104-y9j4f7wk3hgt6p2t0sn6slrjbwi6__p003.png,22167521583104_y9j4f7wk3hgt6p2t0sn6slrjbwi6.pdf,3,pdf,2339,1654,0,0.916,no,0.000,no,no,5138.805,222.839,49.581,-0.000,0.782,no,no,accepted,,d2e85d00855a0bff48a952526f897b7942a8437d5cde596b726f1e836cabc6ee,0.360032,,keep,,yes
images/22167521583104-y9j4f7wk3hgt6p2t0sn6slrjbwi6__p004.png,22167521583104_y9j4f7wk3hgt6p2t0sn6slrjbwi6.pdf,4,pdf,2339,1654,0,0.927,no,0.000,no,no,5218.265,222.726,49.674,-0.000,0.734,no,no,accepted,,b79135dc8dd72381a6cfc2742e910e736495d8b01f75b3f05808364be852c0cb,0.360600,,keep,,yes
images/22167521583104-y9j4f7wk3hgt6p2t0sn6slrjbwi6__p005.png,22167521583104_y9j4f7wk3hgt6p2t0sn6slrjbwi6.pdf,5,pdf,2339,1654,0,0.927,no,0.000,no,no,5406.210,222.444,49.889,-0.000,0.726,no,no,accepted,,60ef1ab9b20730fd7fc5c355b67fba365768605171851366479dea58c4976ed6,0.362017,,keep,,yes
images/22167521583104-y9j4f7wk3hgt6p2t0sn6slrjbwi6__p006.png,22167521583104_y9j4f7wk3hgt6p2t0sn6slrjbwi6.pdf,6,pdf,2339,1654,0,0.926,no,0.000,no,no,5329.499,222.548,49.743,-0.000,0.741,no,no,accepted,,a4cb74a385487ebd0ffb9f235dd67454cc6dd64f4bf75e8ccb60cd1258c5a5ce,0.361764,,keep,,yes
images/22167521583104-y9j4f7wk3hgt6p2t0sn6slrjbwi6__p007.png,22167521583104_y9j4f7wk3hgt6p2t0sn6slrjbwi6.pdf,7,pdf,2339,1654,0,0.927,no,0.000,no,no,5469.608,222.416,49.923,-0.000,0.738,no,no,accepted,,8c1588f237923ec337bc5549d52b51262265094479efcdab855eec76570e9761,0.362269,,keep,,yes
images/22167521583104-y9j4f7wk3hgt6p2t0sn6slrjbwi6__p008.png,22167521583104_y9j4f7wk3hgt6p2t0sn6slrjbwi6.pdf,8,pdf,2339,1654,0,0.925,no,0.000,no,no,5446.102,222.385,49.926,-0.000,0.719,no,no,accepted,,fbedbd9c48cd597e90f4d6f128d018cac5e8df1738654fd035dff1748c5d9a76,0.362509,,keep,,yes
images/22167521583104-y9j4f7wk3hgt6p2t0sn6slrjbwi6__p009.png,22167521583104_y9j4f7wk3hgt6p2t0sn6slrjbwi6.pdf,9,pdf,2339,1654,0,0.927,no,0.000,no,no,5393.370,222.476,49.851,-0.000,0.723,no,no,accepted,,1ff9af6d3942ca507725de8d7767d69500df9a41ef27d3eff9e4e960997e4c0b,0.362031,,keep,,yes
images/22167521583104-y9j4f7wk3hgt6p2t0sn6slrjbwi6__p010.png,22167521583104_y9j4f7wk3hgt6p2t0sn6slrjbwi6.pdf,10,pdf,2339,1654,0,0.925,no,0.000,no,no,5388.659,222.506,49.804,-0.000,0.764,no,no,accepted,,a062cd0c63b0aa087b2da73e8508aff7106055e5deee367d92cd6d6e74d2d254,0.361993,,keep,,yes
images/22167521583104-y9j4f7wk3hgt6p2t0sn6slrjbwi6__p011.png,22167521583104_y9j4f7wk3hgt6p2t0sn6slrjbwi6.pdf,11,pdf,2339,1654,0,0.927,no,0.000,no,no,5536.723,222.289,49.986,-0.000,0.745,no,no,accepted,,6b499c248b24a3d36de53053d051c1a30fb0f346c303fd95af80e4dffff40a35,0.362981,,keep,,yes
images/22167521583104-y9j4f7wk3hgt6p2t0sn6slrjbwi6__p012.png,22167521583104_y9j4f7wk3hgt6p2t0sn6slrjbwi6.pdf,12,pdf,2339,1654,0,0.924,no,0.000,no,no,5424.790,222.426,49.882,-0.000,0.745,no,no,accepted,,6d569885d0ba5bfae8b91003b22f6a173676d46918113e4301d2b36c6810916b,0.362457,,keep,,yes
images/22167521583104-y9j4f7wk3hgt6p2t0sn6slrjbwi6__p013.png,22167521583104_y9j4f7wk3hgt6p2t0sn6slrjbwi6.pdf,13,pdf,2339,1654,0,0.923,no,0.000,no,no,5228.291,222.771,49.575,-0.000,0.797,no,no,accepted,,b0c5729855111be8f6203f4db51e601ad71806e1ad2189677d184d32bc436119,0.360793,,keep,,yes
images/22167521583104-y9j4f7wk3hgt6p2t0sn6slrjbwi6__p014.png,22167521583104_y9j4f7wk3hgt6p2t0sn6slrjbwi6.pdf,14,pdf,2339,1654,0,0.934,no,0.000,no,no,3860.028,224.940,47.616,-0.000,0.693,no,no,accepted,,50711d812e78d9a51612d756554a639169388d077a85742ce727ce0832d0c394,0.351492,,keep,,yes
images/22167521583104-y9j4f7wk3hgt6p2t0sn6slrjbwi6__p015.png,22167521583104_y9j4f7wk3hgt6p2t0sn6slrjbwi6.pdf,15,pdf,2339,1654,0,0.889,no,0.000,no,no,3529.767,225.177,47.997,-0.000,0.764,no,no,accepted,,293ff23660a5d5079d12e5257a620112474f2a06a7791eea6374fb3d6a9d9753,0.347361,,keep,,yes
images/22167521583104-y9j4f7wk3hgt6p2t0sn6slrjbwi6__p016.png,22167521583104_y9j4f7wk3hgt6p2t0sn6slrjbwi6.pdf,16,pdf,2339,1654,0,0.904,no,0.000,no,no,3367.438,227.830,48.176,0.250,0.738,no,no,accepted,,31b2375ba4e143955adf85c772dd20d42409a679149437215143597f8a5d5c1e,0.300107,,keep,,yes
images/22167521583104-y9j4f7wk3hgt6p2t0sn6slrjbwi6__p017.png,22167521583104_y9j4f7wk3hgt6p2t0sn6slrjbwi6.pdf,17,pdf,2339,1654,0,0.928,no,0.000,no,no,2903.296,248.147,23.925,-0.000,0.756,no,no,accepted,,307022d6f3da872aa3cffac2a58686d3293121370371044e0c7c9fd5f2b399a7,0.061756,dup_010,review,exact_duplicate,yes
images/22167521587200-b4k6ejaxc14sb4l6mbdfhy6gd2ob__p001.png,22167521587200_b4k6ejaxc14sb4l6mbdfhy6gd2ob.pdf,1,pdf,2339,1654,0,0.930,no,0.000,no,no,3617.274,225.320,47.453,-0.000,0.831,no,no,accepted,,e7444a2d21eeb6586af291924b038f254340a959dd236b2a126c16dc43a3a888,0.348166,,keep,,yes
images/22167521587200-b4k6ejaxc14sb4l6mbdfhy6gd2ob__p002.png,22167521587200_b4k6ejaxc14sb4l6mbdfhy6gd2ob.pdf,2,pdf,2339,1654,0,0.930,no,0.000,no,no,5153.482,222.771,49.641,-0.000,0.771,no,no,accepted,,285ef18b756eed0364260293a2d78bcee2b65ca3c22033057f3b626c374af0c2,0.360403,,keep,,yes
images/22167521587200-b4k6ejaxc14sb4l6mbdfhy6gd2ob__p003.png,22167521587200_b4k6ejaxc14sb4l6mbdfhy6gd2ob.pdf,3,pdf,2339,1654,0,0.922,no,0.000,no,no,5259.021,222.671,49.715,-0.000,0.779,no,no,accepted,,7d5ce9922e48de727687fb6f7c911c0a00ba2c3d1ab3d438fa5eb4a2b1fd8039,0.360891,,keep,,yes
images/22167521587200-b4k6ejaxc14sb4l6mbdfhy6gd2ob__p004.png,22167521587200_b4k6ejaxc14sb4l6mbdfhy6gd2ob.pdf,4,pdf,2339,1654,0,0.926,no,0.000,no,no,5506.658,222.303,49.950,-0.000,0.726,no,no,accepted,,de6a4d2284a99e3e933a062f76a70c33e34038e97a24494cf043565807bde17c,0.363103,,keep,,yes
images/22167521587200-b4k6ejaxc14sb4l6mbdfhy6gd2ob__p005.png,22167521587200_b4k6ejaxc14sb4l6mbdfhy6gd2ob.pdf,5,pdf,2339,1654,0,0.926,no,0.000,no,no,5427.447,222.379,49.911,-0.000,0.723,no,no,accepted,,94f1c1fcb01cb6155d180d7c3db9851cc1bf1ce665851982f7893af2460ebbc3,0.362577,,keep,,yes
images/22167521587200-b4k6ejaxc14sb4l6mbdfhy6gd2ob__p006.png,22167521587200_b4k6ejaxc14sb4l6mbdfhy6gd2ob.pdf,6,pdf,2339,1654,0,0.925,no,0.000,no,no,5299.867,222.637,49.693,-0.000,0.738,no,no,accepted,,10500f6d1fe0e90235d051aeda0a09b90bb90b888f41c523af717b7a775f41a7,0.361343,,keep,,yes
images/22167521587200-b4k6ejaxc14sb4l6mbdfhy6gd2ob__p007.png,22167521587200_b4k6ejaxc14sb4l6mbdfhy6gd2ob.pdf,7,pdf,2339,1654,0,0.926,no,0.000,no,no,5576.745,222.246,50.006,-0.000,0.767,no,no,accepted,,49039a2e986a3da24ba5d2fec8bde05babd097016197aedba5fc3f1720d3bcb2,0.363250,,keep,,yes
images/22167521587200-b4k6ejaxc14sb4l6mbdfhy6gd2ob__p008.png,22167521587200_b4k6ejaxc14sb4l6mbdfhy6gd2ob.pdf,8,pdf,2339,1654,0,0.926,no,0.000,no,no,5458.847,222.364,49.946,-0.000,0.741,no,no,accepted,,54e04b182f2081461c851adfae4e720c9376132501a1aeb3f80d1eda4002b080,0.362492,,keep,,yes
images/22167521587200-b4k6ejaxc14sb4l6mbdfhy6gd2ob__p009.png,22167521587200_b4k6ejaxc14sb4l6mbdfhy6gd2ob.pdf,9,pdf,2339,1654,0,0.925,no,0.000,no,no,5501.393,222.334,49.911,-0.000,0.753,no,no,accepted,,801ab1da323bf771c5b7ba08a5cf2e0c78089d0abd5429e066ab14f8266a3ad3,0.362998,,keep,,yes
images/22167521587200-b4k6ejaxc14sb4l6mbdfhy6gd2ob__p010.png,22167521587200_b4k6ejaxc14sb4l6mbdfhy6gd2ob.pdf,10,pdf,2339,1654,0,0.926,no,0.000,no,no,5371.849,222.549,49.834,-0.000,0.723,no,no,accepted,,6a055606263b7fa34d9f16bb9e79dfc528a80b33d58ec7312e30996e2f1b7aeb,0.361483,,keep,,yes
images/22167521587200-b4k6ejaxc14sb4l6mbdfhy6gd2ob__p011.png,22167521587200_b4k6ejaxc14sb4l6mbdfhy6gd2ob.pdf,11,pdf,2339,1654,0,0.925,no,0.000,no,no,5319.998,222.588,49.752,-0.000,0.726,no,no,accepted,,4dcecd83ced6ef9e9232ef6d4dfece3b9ba2d22b4bf491db3986abda0e1b26dc,0.361536,,keep,,yes
images/22167521587200-b4k6ejaxc14sb4l6mbdfhy6gd2ob__p012.png,22167521587200_b4k6ejaxc14sb4l6mbdfhy6gd2ob.pdf,12,pdf,2339,1654,0,0.925,no,0.000,no,no,5300.809,222.635,49.705,-0.000,0.745,no,no,accepted,,cfb25df72e022554d6f3e8877f48b45c15572363a6f26e05d4ee6e95bdbc79ab,0.361490,,keep,,yes
images/22167521587200-b4k6ejaxc14sb4l6mbdfhy6gd2ob__p013.png,22167521587200_b4k6ejaxc14sb4l6mbdfhy6gd2ob.pdf,13,pdf,2339,1654,0,0.925,no,0.000,no,no,4704.399,223.653,48.569,-0.000,0.730,no,no,accepted,,5c5c0245e24d9875f24dd27296de06fdf30d9e0cb53c4bd226155da7cef344c8,0.358425,,keep,,yes
images/22167521587200-b4k6ejaxc14sb4l6mbdfhy6gd2ob__p014.png,22167521587200_b4k6ejaxc14sb4l6mbdfhy6gd2ob.pdf,14,pdf,2339,1654,0,0.931,no,0.000,no,no,2706.160,226.515,46.539,0.250,0.726,no,no,accepted,,a575bf3da1d9e49697368a45fc0cf9600714c1cd76a4b7134ca94904e96ba5eb,0.342096,,keep,,yes
images/22167521587200-b4k6ejaxc14sb4l6mbdfhy6gd2ob__p015.png,22167521587200_b4k6ejaxc14sb4l6mbdfhy6gd2ob.pdf,15,pdf,2339,1654,0,0.931,no,0.000,no,no,4230.033,226.177,49.885,-0.000,0.782,no,no,accepted,,edce95516a74537c3d0d8abb2276f2c9e6b71b720a48e858a2b13b8feda68cfd,0.306702,,keep,,yes
images/22167521587200-b4k6ejaxc14sb4l6mbdfhy6gd2ob__p016.png,22167521587200_b4k6ejaxc14sb4l6mbdfhy6gd2ob.pdf,16,pdf,2339,1654,0,0.928,no,0.000,no,no,2903.296,248.147,23.925,-0.000,0.756,no,no,accepted,,307022d6f3da872aa3cffac2a58686d3293121370371044e0c7c9fd5f2b399a7,0.061756,dup_010,review,exact_duplicate,yes
images/22167521591296-i6vjvf8etyx408cp6erwe5dsn7ug__p001.png,22167521591296_i6vjvf8etyx408cp6erwe5dsn7ug.pdf,1,pdf,2339,1654,0,0.936,no,0.000,no,no,2879.162,226.527,46.344,0.250,0.764,no,no,accepted,,d9746056331bef7c533f3f7fc609d6412c99da8aafef481da8fa6e7d9fca9337,0.342671,,keep,,yes
images/22167521591296-i6vjvf8etyx408cp6erwe5dsn7ug__p002.png,22167521591296_i6vjvf8etyx408cp6erwe5dsn7ug.pdf,2,pdf,2339,1654,0,0.929,no,0.000,no,no,4938.270,223.123,49.354,-0.000,0.745,no,no,accepted,,10b5f5cb6ee63fca02da38551b72cc35e39433a1896700f27fbb7efdeb02722b,0.358749,,keep,,yes
images/22167521591296-i6vjvf8etyx408cp6erwe5dsn7ug__p003.png,22167521591296_i6vjvf8etyx408cp6erwe5dsn7ug.pdf,3,pdf,2339,1654,0,0.928,no,0.000,no,no,5318.517,222.620,49.719,-0.000,0.767,no,no,accepted,,7cb27b7a40c1e540ec6c7a33d3289bad2597c8ed0a554c6c3eab1c654b87a351,0.361223,,keep,,yes
images/22167521591296-i6vjvf8etyx408cp6erwe5dsn7ug__p004.png,22167521591296_i6vjvf8etyx408cp6erwe5dsn7ug.pdf,4,pdf,2339,1654,0,0.925,no,0.000,no,no,5462.071,222.398,49.915,-0.000,0.730,no,no,accepted,,d75905d7662ddd7f3a9c7acf1bc0e3fa4ea8935deaaf23698a56679aead11e09,0.362390,,keep,,yes
images/22167521591296-i6vjvf8etyx408cp6erwe5dsn7ug__p005.png,22167521591296_i6vjvf8etyx408cp6erwe5dsn7ug.pdf,5,pdf,2339,1654,0,0.925,no,0.000,no,no,5538.221,222.257,49.999,-0.000,0.756,no,no,accepted,,9b8556e83a07c68c44e34c39acd02c2b7768fbb788a660036a8fb55a2e5d2ff5,0.363291,,keep,,yes
images/22167521591296-i6vjvf8etyx408cp6erwe5dsn7ug__p006.png,22167521591296_i6vjvf8etyx408cp6erwe5dsn7ug.pdf,6,pdf,2339,1654,0,0.924,no,0.000,no,no,5294.114,222.605,49.748,-0.000,0.753,no,no,accepted,,4dd97111eff63eb847591293343316562a92c1ee2edef9152cca05e409f4ad74,0.361263,,keep,,yes
images/22167521591296-i6vjvf8etyx408cp6erwe5dsn7ug__p007.png,22167521591296_i6vjvf8etyx408cp6erwe5dsn7ug.pdf,7,pdf,2339,1654,0,0.923,no,0.000,no,no,5424.353,222.430,49.878,-0.000,0.730,no,no,accepted,,aef25c58c9484bd80f8efcdfb86ed8784eb4a90189bc9dd8a8480905d5599b2c,0.362313,,keep,,yes
images/22167521591296-i6vjvf8etyx408cp6erwe5dsn7ug__p008.png,22167521591296_i6vjvf8etyx408cp6erwe5dsn7ug.pdf,8,pdf,2339,1654,0,0.922,no,0.000,no,no,5397.866,222.475,49.832,-0.000,0.726,no,no,accepted,,2a28ed64f9a29cda110efbdb6ed50f71c3680641e0858e80e9a216c406c0e81b,0.362188,,keep,,yes
images/22167521591296-i6vjvf8etyx408cp6erwe5dsn7ug__p009.png,22167521591296_i6vjvf8etyx408cp6erwe5dsn7ug.pdf,9,pdf,2339,1654,0,0.926,no,0.000,no,no,5431.014,222.441,49.843,-0.000,0.805,no,no,accepted,,7d9ef0b94faf404a70399cd711dd8c3846fa2f9a6a926b9d9402afe37c4d3f0c,0.362336,,keep,,yes
images/22167521591296-i6vjvf8etyx408cp6erwe5dsn7ug__p010.png,22167521591296_i6vjvf8etyx408cp6erwe5dsn7ug.pdf,10,pdf,2339,1654,0,0.925,no,0.000,no,no,5313.417,222.570,49.816,-0.000,0.738,no,no,accepted,,992b3b655f4a187513454ee1f4f9d11402de044d57a4485ebd2592af2dd177c8,0.361334,,keep,,yes
images/22167521591296-i6vjvf8etyx408cp6erwe5dsn7ug__p011.png,22167521591296_i6vjvf8etyx408cp6erwe5dsn7ug.pdf,11,pdf,2339,1654,0,0.926,no,0.000,no,no,5310.731,222.644,49.688,-0.000,0.738,no,no,accepted,,fa92659daf25149b8be553f65fbbffc6c4235a90d2ae7344737c2539cf377ddc,0.361350,,keep,,yes
images/22167521591296-i6vjvf8etyx408cp6erwe5dsn7ug__p012.png,22167521591296_i6vjvf8etyx408cp6erwe5dsn7ug.pdf,12,pdf,2339,1654,0,0.932,no,0.000,no,no,4368.529,224.251,48.088,-0.000,0.715,no,no,accepted,,8ed000e441d49aa9f6531b7c755124dc04ab31e007d0096b96030fb74e101596,0.355599,,keep,,yes
images/22167521591296-i6vjvf8etyx408cp6erwe5dsn7ug__p013.png,22167521591296_i6vjvf8etyx408cp6erwe5dsn7ug.pdf,13,pdf,2339,1654,0,0.893,no,0.000,no,no,2759.804,226.573,46.520,0.250,0.715,no,no,accepted,,3da0ebe7bac47d11c1a99b596771a3c1bbfef602d9936e1cd88a519f2eb0025f,0.341825,,keep,,yes
images/22167521591296-i6vjvf8etyx408cp6erwe5dsn7ug__p014.png,22167521591296_i6vjvf8etyx408cp6erwe5dsn7ug.pdf,14,pdf,2339,1654,0,0.932,no,0.000,no,no,4271.500,226.197,49.919,0.250,0.775,no,no,accepted,,c1bccfc7728fddede8d224f143e0a67250a4808857f34b9f1006ebd1368f6ca6,0.306550,,keep,,yes
images/22167521591296-i6vjvf8etyx408cp6erwe5dsn7ug__p015.png,22167521591296_i6vjvf8etyx408cp6erwe5dsn7ug.pdf,15,pdf,2339,1654,0,0.928,no,0.000,no,no,2903.296,248.147,23.925,-0.000,0.756,no,no,accepted,,307022d6f3da872aa3cffac2a58686d3293121370371044e0c7c9fd5f2b399a7,0.061756,dup_010,review,exact_duplicate,yes
images/22167521595392-0fhrs5bzkoa6bdmfpbz1rkmkwj9x__p001.png,22167521595392_0fhrs5bzkoa6bdmfpbz1rkmkwj9x.pdf,1,pdf,2339,1654,0,0.935,no,0.000,no,no,3234.133,225.934,46.907,-0.000,0.816,no,no,accepted,,326ceed57555e2802468669e9d6bd89f105e42577e4458fd8b9c1f4d418e3017,0.345282,,keep,,yes
images/22167521595392-0fhrs5bzkoa6bdmfpbz1rkmkwj9x__p002.png,22167521595392_0fhrs5bzkoa6bdmfpbz1rkmkwj9x.pdf,2,pdf,2339,1654,0,0.929,no,0.000,no,no,4953.183,223.097,49.393,-0.000,0.771,no,no,accepted,,1293844bb4bd7103d6abfc91ce54e7ea3f5864cbef7998be727f23a137bf2dab,0.358794,,keep,,yes
images/22167521595392-0fhrs5bzkoa6bdmfpbz1rkmkwj9x__p003.png,22167521595392_0fhrs5bzkoa6bdmfpbz1rkmkwj9x.pdf,3,pdf,2339,1654,0,0.926,no,0.000,no,no,5277.225,222.634,49.686,-0.000,0.756,no,no,accepted,,e67191b34d0033ad3937815a4111b1eb3e90cfa15da1e0143d130c02ed525051,0.361367,,keep,,yes
images/22167521595392-0fhrs5bzkoa6bdmfpbz1rkmkwj9x__p004.png,22167521595392_0fhrs5bzkoa6bdmfpbz1rkmkwj9x.pdf,4,pdf,2339,1654,0,0.923,no,0.000,no,no,5505.902,222.284,49.962,-0.000,0.756,no,no,accepted,,61cb7bdf2a688b335c07735eadde29c61f845ebb79afa73f17906d8d2f8c3a6e,0.363064,,keep,,yes
images/22167521595392-0fhrs5bzkoa6bdmfpbz1rkmkwj9x__p005.png,22167521595392_0fhrs5bzkoa6bdmfpbz1rkmkwj9x.pdf,5,pdf,2339,1654,0,0.925,no,0.000,no,no,5399.840,222.458,49.866,-0.000,0.734,no,no,accepted,,143bd8338d9df85c356e835c58a6e65485fc7aae30c7b8d2953d344238d6de84,0.362134,,keep,,yes
images/22167521595392-0fhrs5bzkoa6bdmfpbz1rkmkwj9x__p006.png,22167521595392_0fhrs5bzkoa6bdmfpbz1rkmkwj9x.pdf,6,pdf,2339,1654,0,0.925,no,0.000,no,no,5310.235,222.619,49.704,-0.000,0.764,no,no,accepted,,cec3463686201ee65c17d9b5d540122eb22d96c102df8a4f052da71eec0c9ad1,0.361424,,keep,,yes
images/22167521595392-0fhrs5bzkoa6bdmfpbz1rkmkwj9x__p007.png,22167521595392_0fhrs5bzkoa6bdmfpbz1rkmkwj9x.pdf,7,pdf,2339,1654,0,0.922,no,0.000,no,no,5461.902,222.361,49.924,-0.000,0.749,no,no,accepted,,d924390114aad01ededa280aee03fdf7aaa4b2ef17117d04b4f207c9e93c91a3,0.362678,,keep,,yes
images/22167521595392-0fhrs5bzkoa6bdmfpbz1rkmkwj9x__p008.png,22167521595392_0fhrs5bzkoa6bdmfpbz1rkmkwj9x.pdf,8,pdf,2339,1654,0,0.921,no,0.000,no,no,5312.372,222.575,49.754,-0.000,0.753,no,no,accepted,,4798c2acdace253c860e52c89d26231780d442f2dcd2b009bd6c89557cb2e410,0.361624,,keep,,yes
images/22167521595392-0fhrs5bzkoa6bdmfpbz1rkmkwj9x__p009.png,22167521595392_0fhrs5bzkoa6bdmfpbz1rkmkwj9x.pdf,9,pdf,2339,1654,0,0.927,no,0.000,no,no,5458.136,222.364,49.921,-0.000,0.753,no,no,accepted,,63a63781261bf5d4d6e4f45bd7b42f4dcdfe66f4e7a78dc5a454615e6b5c88fb,0.362752,,keep,,yes
images/22167521595392-0fhrs5bzkoa6bdmfpbz1rkmkwj9x__p010.png,22167521595392_0fhrs5bzkoa6bdmfpbz1rkmkwj9x.pdf,10,pdf,2339,1654,0,0.925,no,0.000,no,no,5538.541,222.305,49.979,-0.000,0.764,no,no,accepted,,3a61a1afce8f2cab794ab9cfc4d018527b454325f806aea182989e31a816b3dd,0.363014,,keep,,yes
images/22167521595392-0fhrs5bzkoa6bdmfpbz1rkmkwj9x__p011.png,22167521595392_0fhrs5bzkoa6bdmfpbz1rkmkwj9x.pdf,11,pdf,2339,1654,0,0.918,no,0.000,no,no,5175.895,222.798,49.592,-0.000,0.719,no,no,accepted,,7a69419c1503811138cd4ba922988708785694b6f29dc218ab3f22cf227559f0,0.360468,,keep,,yes
images/22167521595392-0fhrs5bzkoa6bdmfpbz1rkmkwj9x__p012.png,22167521595392_0fhrs5bzkoa6bdmfpbz1rkmkwj9x.pdf,12,pdf,2339,1654,0,0.929,no,0.000,no,no,4440.938,224.098,48.274,-0.000,0.730,no,no,accepted,,3e4fd3efbd370f2b1dc57f91e944825124f7821b72006a07c50e971ad19797a6,0.355810,,keep,,yes
images/22167521595392-0fhrs5bzkoa6bdmfpbz1rkmkwj9x__p013.png,22167521595392_0fhrs5bzkoa6bdmfpbz1rkmkwj9x.pdf,13,pdf,2339,1654,0,0.927,no,0.000,no,no,2705.340,226.520,46.533,0.250,0.723,no,no,accepted,,0b70cd5df13bca7928e80a3b653c4c33c9a83f78e62da2376303e08eb851ba11,0.342049,,keep,,yes
images/22167521595392-0fhrs5bzkoa6bdmfpbz1rkmkwj9x__p014.png,22167521595392_0fhrs5bzkoa6bdmfpbz1rkmkwj9x.pdf,14,pdf,2339,1654,0,0.928,no,0.000,no,no,4241.628,226.159,49.918,0.125,0.794,no,no,accepted,,168599b2bca70ba2a44e4b7af6495f5316bcdb629c0d1244a74903a5b24aad3d,0.306687,,keep,,yes
images/22167521595392-0fhrs5bzkoa6bdmfpbz1rkmkwj9x__p015.png,22167521595392_0fhrs5bzkoa6bdmfpbz1rkmkwj9x.pdf,15,pdf,2339,1654,0,0.928,no,0.000,no,no,2903.296,248.147,23.925,-0.000,0.756,no,no,accepted,,307022d6f3da872aa3cffac2a58686d3293121370371044e0c7c9fd5f2b399a7,0.061756,dup_010,review,exact_duplicate,yes
images/22167521599488-xwbi170bzy6yc2rxg1qjyy5pwbca__p001.png,22167521599488_xwbi170bzy6yc2rxg1qjyy5pwbca.pdf,1,pdf,2339,1654,0,0.878,no,0.000,no,no,3997.733,224.744,48.010,-0.000,0.850,no,no,accepted,,ad857d19599bed4f1d131cb3a6dba401694af1c569cbc029651ed40b756b7dec,0.350616,,keep,,yes
images/22167521599488-xwbi170bzy6yc2rxg1qjyy5pwbca__p002.png,22167521599488_xwbi170bzy6yc2rxg1qjyy5pwbca.pdf,2,pdf,2339,1654,0,0.927,no,0.000,no,no,5084.057,222.866,49.544,-0.000,0.756,no,no,accepted,,0f647c0babca1cc50d56787336b2ac52563b732960e82c7da96d5c97b5775d79,0.360018,,keep,,yes
images/22167521599488-xwbi170bzy6yc2rxg1qjyy5pwbca__p003.png,22167521599488_xwbi170bzy6yc2rxg1qjyy5pwbca.pdf,3,pdf,2339,1654,0,0.923,no,0.000,no,no,5016.623,223.048,49.408,-0.000,0.756,no,no,accepted,,b87f95af41cd08c1e4d0fcd6f1064e86bf4c579593dbd1c440c5fb276cd018f5,0.359088,,keep,,yes
images/22167521599488-xwbi170bzy6yc2rxg1qjyy5pwbca__p004.png,22167521599488_xwbi170bzy6yc2rxg1qjyy5pwbca.pdf,4,pdf,2339,1654,0,0.926,no,0.000,no,no,5458.619,222.414,49.915,-0.000,0.756,no,no,accepted,,0e38a74cba839510dc4e57df30104d3259eb4dea7d3b5703131a01f2d8f1f88a,0.362392,,keep,,yes
images/22167521599488-xwbi170bzy6yc2rxg1qjyy5pwbca__p005.png,22167521599488_xwbi170bzy6yc2rxg1qjyy5pwbca.pdf,5,pdf,2339,1654,0,0.925,no,0.000,no,no,5392.893,222.475,49.864,-0.000,0.738,no,no,accepted,,33c694d9aec3e8fac3123965463436e052c4023b0fc03f22aac363ed3d5e64c8,0.362018,,keep,,yes
images/22167521599488-xwbi170bzy6yc2rxg1qjyy5pwbca__p006.png,22167521599488_xwbi170bzy6yc2rxg1qjyy5pwbca.pdf,6,pdf,2339,1654,0,0.908,no,0.000,no,no,5375.702,222.477,49.829,-0.000,0.741,no,no,accepted,,b6b197f6a800d22a27ae8783473ded7a929299cf918148e44a958fff5a41df00,0.362146,,keep,,yes
images/22167521599488-xwbi170bzy6yc2rxg1qjyy5pwbca__p007.png,22167521599488_xwbi170bzy6yc2rxg1qjyy5pwbca.pdf,7,pdf,2339,1654,0,0.924,no,0.000,no,no,5447.973,222.412,49.913,-0.000,0.745,no,no,accepted,,dd6164fe3d21f6a809ffe514faca3c76f3dd7da306200b6728deb277a828dffb,0.362313,,keep,,yes
images/22167521599488-xwbi170bzy6yc2rxg1qjyy5pwbca__p008.png,22167521599488_xwbi170bzy6yc2rxg1qjyy5pwbca.pdf,8,pdf,2339,1654,0,0.925,no,0.000,no,no,5323.928,222.535,49.828,-0.000,0.741,no,no,accepted,,d2910f402b65af10217f45daa804cad89a18074d137eb0f8e2900108c886966a,0.361618,,keep,,yes
images/22167521599488-xwbi170bzy6yc2rxg1qjyy5pwbca__p009.png,22167521599488_xwbi170bzy6yc2rxg1qjyy5pwbca.pdf,9,pdf,2339,1654,0,0.925,no,0.000,no,no,5621.873,222.172,50.058,-0.000,0.741,no,no,accepted,,51d2e4c98f7534729eabe7d31a63f5c7d906f581a587b7965e18701964484926,0.363689,,keep,,yes
images/22167521599488-xwbi170bzy6yc2rxg1qjyy5pwbca__p010.png,22167521599488_xwbi170bzy6yc2rxg1qjyy5pwbca.pdf,10,pdf,2339,1654,0,0.925,no,0.000,no,no,5394.658,222.500,49.884,-0.000,0.726,no,no,accepted,,ff8af298376fc78bfd078c788e95c332262e123cd55935aeb3f93e332079e8fb,0.361645,,keep,,yes
images/22167521599488-xwbi170bzy6yc2rxg1qjyy5pwbca__p011.png,22167521599488_xwbi170bzy6yc2rxg1qjyy5pwbca.pdf,11,pdf,2339,1654,0,0.921,no,0.000,no,no,5287.453,222.625,49.703,-0.000,0.790,no,no,accepted,,27364e41f60668d38536f693c433645fd7483cedc9d5a61126f7f6b860389a07,0.361396,,keep,,yes
images/22167521599488-xwbi170bzy6yc2rxg1qjyy5pwbca__p012.png,22167521599488_xwbi170bzy6yc2rxg1qjyy5pwbca.pdf,12,pdf,2339,1654,0,0.925,no,0.000,no,no,5426.209,222.453,49.839,-0.000,0.723,no,no,accepted,,f96aa813f340839bddd01a3471376efb085930105b8f096d5ccbb315cbb630ac,0.362346,,keep,,yes
images/22167521599488-xwbi170bzy6yc2rxg1qjyy5pwbca__p013.png,22167521599488_xwbi170bzy6yc2rxg1qjyy5pwbca.pdf,13,pdf,2339,1654,0,0.914,no,0.000,no,no,4748.015,223.510,48.983,-0.000,0.738,no,no,accepted,,2b0eae2dd4c3c0c2759c1e2b1a6f4141ad0afd5b8aca1f74f0958440eec2eb96,0.357172,,keep,,yes
images/22167521599488-xwbi170bzy6yc2rxg1qjyy5pwbca__p014.png,22167521599488_xwbi170bzy6yc2rxg1qjyy5pwbca.pdf,14,pdf,2339,1654,0,0.926,no,0.000,no,no,5052.392,223.122,48.972,-0.000,0.715,no,no,accepted,,8817f348154325dd0804637be445cce2bc72b3ed41bec53da12e436b38c46662,0.361245,,keep,,yes
images/22167521599488-xwbi170bzy6yc2rxg1qjyy5pwbca__p015.png,22167521599488_xwbi170bzy6yc2rxg1qjyy5pwbca.pdf,15,pdf,2339,1654,0,0.935,no,0.000,no,no,2757.629,226.519,46.551,0.250,0.700,no,no,accepted,,ddd9f9cb92a5c30481f8a7d725fc7ea785c904b12325475dd51e6de0f980d40b,0.342183,,keep,,yes
images/22167521599488-xwbi170bzy6yc2rxg1qjyy5pwbca__p016.png,22167521599488_xwbi170bzy6yc2rxg1qjyy5pwbca.pdf,16,pdf,2339,1654,0,0.890,no,0.000,no,no,2798.796,226.521,46.615,0.250,0.685,no,no,accepted,,1ca14bbb196e1ec85659b267db5c8597b2a3500a3a4c701d4e15534da6d12e11,0.341624,,keep,,yes
images/22167521599488-xwbi170bzy6yc2rxg1qjyy5pwbca__p017.png,22167521599488_xwbi170bzy6yc2rxg1qjyy5pwbca.pdf,17,pdf,2339,1654,0,0.921,no,0.000,no,no,3365.480,227.832,48.178,0.250,0.741,no,no,accepted,,f7afa28b24b4c21e53ddfaae2d478d70b01214f2c90b11e05ea994e1fea4af4b,0.300062,,keep,,yes
images/22167521599488-xwbi170bzy6yc2rxg1qjyy5pwbca__p018.png,22167521599488_xwbi170bzy6yc2rxg1qjyy5pwbca.pdf,18,pdf,2339,1654,0,0.928,no,0.000,no,no,2903.296,248.147,23.925,-0.000,0.756,no,no,accepted,,307022d6f3da872aa3cffac2a58686d3293121370371044e0c7c9fd5f2b399a7,0.061756,dup_010,review,exact_duplicate,yes
images/22209403236352-uom1ps1ciizliewvk6j8e065smh4__p001.png,22209403236352_uom1ps1ciizliewvk6j8e065smh4.pdf,1,pdf,1653,2339,0,0.924,no,0.000,no,no,2303.191,251.727,20.649,-0.000,0.621,no,yes,review,contrast_enhanced;overexposed,61b437b0179539e4a91edc828a3c6e62a26af14e6590e0f8a9ee377c8acbde45,0.019444,,review,,yes
images/22223338348544-umfg9ijex35czespvdgap9k9edin__p001.png,22223338348544_umfg9ijex35czespvdgap9k9edin.pdf,1,pdf,1652,2340,0,0.922,no,0.000,no,no,2095.785,247.421,28.777,-0.000,0.801,no,no,accepted,,49254aa4d1c4dd386de342d03b91097f9255c00a241a059d87d11ec279c31a21,0.084210,,keep,,yes
images/22223338348544-umfg9ijex35czespvdgap9k9edin__p002.png,22223338348544_umfg9ijex35czespvdgap9k9edin.pdf,2,pdf,1654,2339,270,0.256,no,0.000,no,no,677.302,253.345,15.190,-0.000,0.614,no,yes,review,contrast_enhanced;orientation_uncertain;overexposed,005666fc73206f6e46cad7ecd6c304ddf1fe2b62baa9e9d25c5f88bcb0059eab,0.018295,,review,,yes
images/22223338352640-4me7t0izfzbff2id6iwnemn0cnhn__p001.png,22223338352640_4me7t0izfzbff2id6iwnemn0cnhn.pdf,1,pdf,1661,2345,0,0.918,no,0.000,no,no,2314.414,247.192,28.436,0.750,0.610,no,no,review,skew_uncertain,0208e7e090c9992289d3c97c10162efecae97c21cf885a21e5067790de073698,0.097310,,review,,yes
images/22223338352640-4me7t0izfzbff2id6iwnemn0cnhn__p002.png,22223338352640_4me7t0izfzbff2id6iwnemn0cnhn.pdf,2,pdf,1661,2345,0,0.772,no,0.000,no,no,968.352,252.648,17.599,-0.000,0.640,no,yes,review,contrast_enhanced;overexposed,2bc71446b02a91ebbf6dff08809adea45244fc81ad2a279d5b63e18286a8a03b,0.026748,,review,,yes
images/22223338356736-o5wlwqqrlotrgen74stksiuy5i9e__p001.png,22223338356736_o5wlwqqrlotrgen74stksiuy5i9e.pdf,1,pdf,1655,2345,0,0.924,no,0.000,no,no,2058.504,247.722,28.100,0.500,0.689,no,no,accepted,,1da3bffbbbad048e840d5baaac5fde7a5c76aea094830f7fb55b0a939992bab0,0.083084,,keep,,yes
images/22223338356736-o5wlwqqrlotrgen74stksiuy5i9e__p002.png,22223338356736_o5wlwqqrlotrgen74stksiuy5i9e.pdf,2,pdf,1657,2345,0,0.756,no,0.000,no,no,794.365,253.074,16.259,-0.125,0.573,no,yes,review,contrast_enhanced;overexposed,0486ad76db891ed790a05c820556315b39325800b854299e2e7a55aa421cb111,0.021462,,review,,yes
images/22223338360832-0rlg4gv07jlbyc3sos7p0s81dby6__p001.png,22223338360832_0rlg4gv07jlbyc3sos7p0s81dby6.pdf,1,pdf,1652,2343,0,0.922,no,0.000,no,no,2155.797,246.810,29.161,-0.000,0.753,no,no,accepted,,408b18d1b371c613c350326f2790894b8cb59051bbe1bf640acc6897cc154f9b,0.095505,,keep,,yes
images/22223338360832-0rlg4gv07jlbyc3sos7p0s81dby6__p002.png,22223338360832_0rlg4gv07jlbyc3sos7p0s81dby6.pdf,2,pdf,1654,2343,0,0.923,no,0.000,no,no,1811.422,250.810,23.713,-0.000,0.700,no,no,review,overexposed,3845b97ce65fdfb50e812c1e85f7b8b91ce0d3afcb0ffd093cafa1e648405d75,0.035254,,review,,yes
images/22223338364928-2b0j28e5y2fvmms68lobm0zqzm97__p001.png,22223338364928_2b0j28e5y2fvmms68lobm0zqzm97.pdf,1,pdf,1648,2342,0,0.922,no,0.000,no,no,2273.419,246.136,30.787,-0.000,0.730,no,no,accepted,,74147a264e84baecc420531487b32d3e17649417981fcb02cf57d7b4d43ef30b,0.097133,,keep,,yes
images/22223338364928-2b0j28e5y2fvmms68lobm0zqzm97__p002.png,22223338364928_2b0j28e5y2fvmms68lobm0zqzm97.pdf,2,pdf,1648,2343,0,0.870,no,0.000,no,no,1933.304,250.603,24.437,-0.000,0.723,no,no,review,overexposed,b8066a6f9101ee4dee3904f2f6050fa733616438886e7c681a9db8d3c5cd9bfa,0.037723,,review,,yes
images/22223338369024-d4tnjpisp8rq90fn5f62r4twa3p0__p001.png,22223338369024_d4tnjpisp8rq90fn5f62r4twa3p0.pdf,1,pdf,1658,2337,0,0.920,no,0.000,no,no,2123.205,247.345,29.081,-0.000,0.767,no,no,accepted,,ba49d011eb8579a81f7c94a89c955504b4b3bb7469a9cde609a7807db73c3bde,0.084020,,keep,,yes
images/22223338369024-d4tnjpisp8rq90fn5f62r4twa3p0__p002.png,22223338369024_d4tnjpisp8rq90fn5f62r4twa3p0.pdf,2,pdf,1660,2336,0,0.917,no,0.000,no,no,1300.258,251.882,20.487,-0.000,0.767,no,yes,review,contrast_enhanced;overexposed,2bb5905d32c037204597c48ca28197a17b633f0ef3473aa7c70d8c3432397cab,0.036767,,review,,yes
images/22223338373120-sc1ta99c6a9jbd35bdwgez6o0jf9__p001.png,22223338373120_sc1ta99c6a9jbd35bdwgez6o0jf9.pdf,1,pdf,1652,2342,0,0.921,no,0.000,no,no,2113.336,247.110,29.462,-0.000,0.820,no,no,accepted,,1aebf0d9e4b06d6e599914a82f972525f43d1a4227440256c36c4c67c4dfccc2,0.086406,,keep,,yes
images/22223338373120-sc1ta99c6a9jbd35bdwgez6o0jf9__p002.png,22223338373120_sc1ta99c6a9jbd35bdwgez6o0jf9.pdf,2,pdf,1652,2343,0,0.246,no,0.000,no,no,626.288,253.365,14.912,0.125,0.606,no,yes,review,contrast_enhanced;overexposed,7f1f9784e55a054bcea40d430ff5f020a96cbbfd77ab013d3cea78bc948cd7ff,0.018521,,review,,yes
images/22223338377216-z8t6g18kjrhm361xnwwppor9am1u__p001.png,22223338377216_z8t6g18kjrhm361xnwwppor9am1u.pdf,1,pdf,1650,2343,0,0.904,no,0.000,no,no,2605.786,246.731,30.890,-0.000,0.794,no,no,accepted,,16c936646ee1ce08cc3b3addf1bdbf44f506801cba286fcd0830103a1b58bfed,0.081185,,keep,,yes
images/22223338377216-z8t6g18kjrhm361xnwwppor9am1u__p002.png,22223338377216_z8t6g18kjrhm361xnwwppor9am1u.pdf,2,pdf,1650,2343,0,0.256,no,0.000,no,no,783.964,253.221,15.812,-0.000,0.606,no,yes,review,contrast_enhanced;overexposed,141ac78c2f6968e588687d08e5dbcfa1014f378a7e4013fc4df2fda154248209,0.019344,,review,,yes
images/22223338381312-yi17ngio3sjgnx8wssl99gccdxu9__p001.png,22223338381312_yi17ngio3sjgnx8wssl99gccdxu9.pdf,1,pdf,1650,2343,0,0.910,no,0.000,no,no,2134.053,247.529,28.616,-0.000,0.805,no,no,accepted,,96ccd8c920305ad49616d02cd6bedf7ab3663bcce145da9d74230a1f2576b760,0.083974,,keep,,yes
images/22223338381312-yi17ngio3sjgnx8wssl99gccdxu9__p002.png,22223338381312_yi17ngio3sjgnx8wssl99gccdxu9.pdf,2,pdf,1652,2342,0,0.256,no,0.000,no,no,608.802,253.415,14.631,0.250,0.584,no,yes,review,contrast_enhanced;overexposed,fec0bbfb8d3ae89f7225a9f4b4353696486c05bf38195bf74170777d5fe78000,0.017951,,review,,yes
images/22223338389504-xfi6x6yhs4nyeg60pzvel13wtdyt__p001.png,22223338389504_xfi6x6yhs4nyeg60pzvel13wtdyt.pdf,1,pdf,1657,2339,0,0.920,no,0.000,no,no,2216.291,247.078,29.662,-0.250,0.711,no,no,accepted,,d31031392b55a9c4a7ff31b9021427656f80c69892158319621a32c5563bdc5a,0.087018,,keep,,yes
images/22223338389504-xfi6x6yhs4nyeg60pzvel13wtdyt__p002.png,22223338389504_xfi6x6yhs4nyeg60pzvel13wtdyt.pdf,2,pdf,1655,2337,270,0.256,no,0.000,no,no,681.676,253.293,15.418,-0.000,0.595,no,yes,review,contrast_enhanced;orientation_uncertain;overexposed,9805b43207cae9c7cad10f19ebeadd2d731da0d875208c29b7161f9e624453bb,0.019193,,review,,yes
images/22223338393600-u1y0az2u07hfuz3il0j3ho6xyh08__p001.png,22223338393600_u1y0az2u07hfuz3il0j3ho6xyh08.pdf,1,pdf,1652,2337,0,0.915,no,0.000,no,no,2120.222,247.992,27.588,-0.000,0.760,no,no,accepted,,44c282aea9c8c9485ad51425ac3960d725c714cb996be2376dac2fa7700e1827,0.083043,,keep,,yes
images/22223338393600-u1y0az2u07hfuz3il0j3ho6xyh08__p002.png,22223338393600_u1y0az2u07hfuz3il0j3ho6xyh08.pdf,2,pdf,1650,2337,270,0.256,no,0.000,no,no,599.035,253.434,14.479,0.250,0.595,no,yes,review,contrast_enhanced;orientation_uncertain;overexposed,a3cf5c9db97a60434b448da8ee02c088a7459c48754079cf08fc520e5bafcbff,0.017677,,review,,yes
images/22234695016448-1lb6d75v7qeq7x7m4ztunkvlu2nw__p001.png,22234695016448_1lb6d75v7qeq7x7m4ztunkvlu2nw.pdf,1,pdf,1654,2339,0,0.932,no,0.000,no,no,5433.939,237.340,37.527,-0.000,0.741,no,no,accepted,,eefd7f1860a3214e00948b382bb12589c3ca8078d7844de0ff39ab8b63306df0,0.305027,,keep,,yes
images/22234695213056-sp8of67lfpqirj6jqcykacm5bmdd__p001.png,22234695213056_sp8of67lfpqirj6jqcykacm5bmdd.pdf,1,pdf,1654,2339,0,0.926,no,0.000,no,no,5797.439,236.771,38.393,-0.000,0.753,no,no,accepted,,855b18f65359801369d7eb772e8a33ff1e132d5117096e27cc1c7f48361ade5b,0.307426,,keep,,yes
images/22234695335936-jnbhrotuw1423phg1tp300rjubig__p001.png,22234695335936_jnbhrotuw1423phg1tp300rjubig.pdf,1,pdf,1654,2339,0,0.929,no,0.000,no,no,5365.283,237.425,37.409,-0.000,0.753,no,no,accepted,,f84a72b42d4fe078cd514057a4c2878f3ad40de5d12b4f180b6403fa6aee69d0,0.304295,,keep,,yes
images/22234695983104-q9v7o7px3r2btci8us83c7tfbup2__p001.png,22234695983104_q9v7o7px3r2btci8us83c7tfbup2.pdf,1,pdf,1654,2339,0,0.930,no,0.000,no,no,5445.857,237.284,37.633,-0.000,0.749,no,no,accepted,,f2225b08438b41599d371e1eb6e0258dd07b85f15f58f054f2c1bb6e50f56470,0.304905,,keep,,yes
images/22234696052736-a6zb0yb6qqwz612kd8lowdvc7d7z__p001.png,22234696052736_a6zb0yb6qqwz612kd8lowdvc7d7z.pdf,1,pdf,1654,2339,0,0.922,no,0.000,no,no,6673.146,235.454,40.092,-0.000,0.843,no,no,accepted,,ee804d5d7928f012ef2d3108124c7fe064e1d66f187ceca1884ed12fa119ac3d,0.315527,,keep,,yes
images/22234696052736-a6zb0yb6qqwz612kd8lowdvc7d7z__p002.png,22234696052736_a6zb0yb6qqwz612kd8lowdvc7d7z.pdf,2,pdf,1654,2339,0,0.931,no,0.000,no,no,5728.048,236.885,38.267,-0.000,0.723,no,no,accepted,,d9bda844f7cef221e2ffb6b5b0f6d412bb7b65a2340900daf3dc119fa12daec2,0.306957,,keep,,yes
images/22234696138752-coc75jwkd9cvwnpsj7sck9lwqteo__p001.png,22234696138752_coc75jwkd9cvwnpsj7sck9lwqteo.pdf,1,pdf,1654,2339,0,0.925,no,0.000,no,no,3400.636,240.427,32.186,-0.000,0.723,no,no,accepted,,9b0ee9ecfd0f46dc5873116e4f3472a62dc91af07c79c4395ff81c7cd81be32f,0.290232,,keep,,yes
images/22234696175616-lvvn9hdig3bws2civdmi4clzvb4e__p001.png,22234696175616_lvvn9hdig3bws2civdmi4clzvb4e.pdf,1,pdf,1654,2339,0,0.930,no,0.000,no,no,4531.329,238.635,35.380,-0.000,0.738,no,no,accepted,,4598210dd97cb9ed6882b00700bcc3493b38ed5bd4b22645bded227bcc2eee3f,0.298745,,keep,,yes
images/22234696232960-4qz3zdupfpdp95hwnbu1f97mawav__p001.png,22234696232960_4qz3zdupfpdp95hwnbu1f97mawav.pdf,1,pdf,1654,2339,0,0.928,no,0.000,no,no,5736.612,236.995,38.118,-0.000,0.745,no,no,accepted,,f3a65561b681775c94efb963122f1c8e9e9098246f2cccf2aa6c2396467e6761,0.307156,,keep,,yes
images/22234696245248-dmgtkyz5yfm6pquajudecyqg7qcy__p001.png,22234696245248_dmgtkyz5yfm6pquajudecyqg7qcy.pdf,1,pdf,1654,2339,0,0.928,no,0.000,no,no,5984.854,236.476,38.897,-0.000,0.749,no,no,accepted,,33af6a32ff341d77049c6f73ec76ebb54e79a65813b0d93292f0496c4d569316,0.308871,,keep,,yes
images/22234696269824-pja4b3m6oq4gf7k2hzvyl3rnjpla__p001.png,22234696269824_pja4b3m6oq4gf7k2hzvyl3rnjpla.pdf,1,pdf,1654,2339,0,0.927,no,0.000,no,no,6456.591,235.847,39.792,-0.000,0.760,no,no,accepted,,2cf4a183934369f074d1d20b1b2c59aeba3286572794f3596c77364aa1953615,0.312507,,keep,,yes
images/22234696380416-ozzqxstoi96t7fhlgshqpku984gv__p001.png,22234696380416_ozzqxstoi96t7fhlgshqpku984gv.pdf,1,pdf,1654,2339,0,0.922,no,0.000,no,no,6459.196,235.730,39.731,-0.000,0.828,no,no,accepted,,b386813ec03bb378769ad03b731a144c47eee27db2dffabaeb293c6e63487794,0.314496,,keep,,yes
images/22234696380416-ozzqxstoi96t7fhlgshqpku984gv__p002.png,22234696380416_ozzqxstoi96t7fhlgshqpku984gv.pdf,2,pdf,1654,2339,0,0.931,no,0.000,no,no,5046.153,237.881,36.698,-0.000,0.711,no,no,accepted,,7feb6025b5a2860025b230aea2668c08e21b6897c53742fc7b8c4db730434ca6,0.302456,,keep,,yes
images/22234696450048-fhz1v514tt74p2yi7z5szzd7k2ql__p001.png,22234696450048_fhz1v514tt74p2yi7z5szzd7k2ql.pdf,1,pdf,1654,2339,0,0.933,no,0.000,no,no,4351.717,238.906,34.911,-0.000,0.741,no,no,accepted,,f376b1ab02a948dbae40b5c3e511cadc105d4b76e1fc0263e3c9e0e91c8a2af0,0.297604,,keep,,yes
images/22234696482816-eoqcpdptr9xobjkevolfdvcg0xud__p001.png,22234696482816_eoqcpdptr9xobjkevolfdvcg0xud.pdf,1,pdf,1654,2339,0,0.929,no,0.000,no,no,5363.220,237.369,37.469,-0.000,0.738,no,no,accepted,,dc4c40e5fd645eb16acfb39aaa901ece3c6ff2e9f99ae9bef90b5f914b8f7929,0.304826,,keep,,yes
images/22234696519680-vg9v59uh1f8ut2lb8sd2r2yg4e03__p001.png,22234696519680_vg9v59uh1f8ut2lb8sd2r2yg4e03.pdf,1,pdf,1654,2339,0,0.922,no,0.000,no,no,5909.432,236.675,38.550,-0.000,0.764,no,no,accepted,,16a8a847c749d9f20bdf6aaa3ebb554f99859edf29c39ebc9381236c2beaff6d,0.308182,,keep,,yes
images/22234697150464-6ywi55q89q62twek2cmhkbzqk11z__p001.png,22234697150464_6ywi55q89q62twek2cmhkbzqk11z.pdf,1,pdf,1654,2339,0,0.939,no,0.000,no,no,5101.654,237.877,36.677,-0.000,0.753,no,no,accepted,,d007559a99b4caf86388a735d975b7ba25a951e3031f45e5353446442ac43b74,0.302407,,keep,,yes
images/22234697842688-0dkiu6f0n83yr3zmwse6azc4geko__p001.png,22234697842688_0dkiu6f0n83yr3zmwse6azc4geko.pdf,1,pdf,1654,2339,0,0.936,no,0.000,no,no,5305.511,237.530,37.248,-0.000,0.738,no,no,accepted,,b7ca99bd2de63f747fa02763156727f64850dd0f6e7059aa1ac49cf7b56dd8c7,0.303901,,keep,,yes
images/22234697920512-yc80nuj7790nadj3s2afk54gmafx__p001.png,22234697920512_yc80nuj7790nadj3s2afk54gmafx.pdf,1,pdf,1654,2339,0,0.934,no,0.000,no,no,4947.012,238.043,36.352,-0.000,0.734,no,no,accepted,,023cf9db95628523bc5af9621100e4297bf6ee2c814bcc2deadbe58878a2fde9,0.301605,,keep,,yes
images/22234697998336-hmu0wbrzkdo3yy165n3yspc802x7__p001.png,22234697998336_hmu0wbrzkdo3yy165n3yspc802x7.pdf,1,pdf,1654,2339,0,0.924,no,0.000,no,no,6570.256,235.666,40.014,-0.000,0.760,no,no,accepted,,19f091507f7d050e947221a272247bb24043f72847b489b4af01888d837fc27f,0.313423,,keep,,yes
images/22234698158080-wio5179nsq5jczsra3z97r5gwyjf__p001.png,22234698158080_wio5179nsq5jczsra3z97r5gwyjf.pdf,1,pdf,1654,2339,0,0.929,no,0.000,no,no,5127.456,237.708,36.954,-0.000,0.760,no,no,accepted,,3a9ef8db464c63cb3664fb89d7fa94ccd44ed850d31c85e8614fd70b9465ff17,0.302673,,keep,,yes
images/22234699546624-ud8939o1ckdccmxghi4nj1doyscg__p001.png,22234699546624_ud8939o1ckdccmxghi4nj1doyscg.pdf,1,pdf,1654,2339,0,0.927,no,0.000,no,no,6408.041,235.891,39.484,-0.000,0.820,no,no,accepted,,bca658fc6ecb870be56c59445c1d6ffcba604349d126de9ffd54ee4e6583d2f9,0.313345,,keep,,yes
images/22234699546624-ud8939o1ckdccmxghi4nj1doyscg__p002.png,22234699546624_ud8939o1ckdccmxghi4nj1doyscg.pdf,2,pdf,1654,2339,0,0.929,no,0.000,no,no,4185.667,239.129,34.437,-0.000,0.749,no,no,accepted,,0c642d155bbde21173677731e7ca4d7393dfd19013a3ce49c8e5bcbd88a333f8,0.297621,,keep,,yes
images/22234699730944-y4w6fcxmjm7of2ebz3422pxp82rf__p001.png,22234699730944_y4w6fcxmjm7of2ebz3422pxp82rf.pdf,1,pdf,1654,2339,0,0.923,no,0.000,no,no,6354.822,235.939,39.374,-0.000,0.824,no,no,accepted,,c7355c7261d0a160e80327911ac8c17c8f9e9e40b98671e9f8b9d202a86a79a0,0.313349,,keep,,yes
images/22234699730944-y4w6fcxmjm7of2ebz3422pxp82rf__p002.png,22234699730944_y4w6fcxmjm7of2ebz3422pxp82rf.pdf,2,pdf,1654,2339,0,0.929,no,0.000,no,no,4232.887,239.012,34.577,-0.000,0.738,no,no,accepted,,13549e76a9fff5fd8a5615ca5b2d0f815a574ed784d705a05752f486d6e977b2,0.298650,,keep,,yes
images/22234700251136-br2d9mbtcurpj4pr6gavsd9vobq1__p001.png,22234700251136_br2d9mbtcurpj4pr6gavsd9vobq1.pdf,1,pdf,1654,2339,0,0.925,no,0.000,no,no,6243.969,236.021,39.271,-0.000,0.816,no,no,accepted,,94a7e09c9349597669c0089ee31c52d1b2e00c3c0197f1a11059f32c18489318,0.313571,,keep,,yes
images/22234700251136-br2d9mbtcurpj4pr6gavsd9vobq1__p002.png,22234700251136_br2d9mbtcurpj4pr6gavsd9vobq1.pdf,2,pdf,1654,2339,0,0.926,no,0.000,no,no,2412.069,241.756,29.377,-0.000,0.715,no,no,accepted,,e6eb5d9cf8b29a279f5c17359e866155cdac777f9870525adeb2cf0e00cd6cd8,0.284505,,keep,,yes
images/22234700275712-uzcrfd0a1mwplr2t0itqoc5a6mie__p001.png,22234700275712_uzcrfd0a1mwplr2t0itqoc5a6mie.pdf,1,pdf,1654,2339,0,0.930,no,0.000,no,no,4912.764,238.073,36.240,-0.000,0.779,no,no,accepted,,c5b9d2d1810d981b3f023519bb4cbbda842edd5020cd03fc703d6313af23aa90,0.302742,,keep,,yes
images/22234700341248-ckscrlxa4p1ovrxp4ue0wkeippwj__p001.png,22234700341248_ckscrlxa4p1ovrxp4ue0wkeippwj.pdf,1,pdf,1654,2339,0,0.922,no,0.000,no,no,6465.529,235.728,39.727,-0.000,0.843,no,no,accepted,,e651025e9beae3e87b6c6574336438f5f7017a9c7e7226362fb17a26d2902758,0.314434,,keep,,yes
images/22234700341248-ckscrlxa4p1ovrxp4ue0wkeippwj__p002.png,22234700341248_ckscrlxa4p1ovrxp4ue0wkeippwj.pdf,2,pdf,1654,2339,0,0.926,no,0.000,no,no,4335.763,238.902,34.818,-0.000,0.745,no,no,accepted,,a57fc4cf1ab79e6774a3a37a534c898361e7064afc555d43114d2f5f451d6836,0.299288,,keep,,yes
images/22234700382208-0f9e713vq2d0et3pxjhffsrszgos__p001.png,22234700382208_0f9e713vq2d0et3pxjhffsrszgos.pdf,1,pdf,1654,2339,0,0.931,no,0.000,no,no,5180.634,237.665,36.868,-0.000,0.771,no,no,accepted,,21f22e303ea2af3147c49dc68dbb853e48fd74eec0adb35df5d238e5dcea05d3,0.304576,,keep,,yes
images/22234700509184-j90hsljcv3a3vkl7to04lkyq1r4u__p001.png,22234700509184_j90hsljcv3a3vkl7to04lkyq1r4u.pdf,1,pdf,1654,2339,0,0.929,no,0.000,no,no,5640.710,237.004,37.969,-0.000,0.797,no,no,accepted,,dd7df4554f718309ceb4a68bd66af76738bbf8aec10556249f1ba9b64d40b1fd,0.307645,,keep,,yes
images/22234700734464-ha1soi1lixncw6wn4juazzw3d49b__p001.png,22234700734464_ha1soi1lixncw6wn4juazzw3d49b.pdf,1,pdf,1654,2339,0,0.929,no,0.000,no,no,6422.000,235.908,39.478,-0.000,0.812,no,no,accepted,,840f96f334d999502a379c0c9d5411eaa6ab37dd1385fc27a06b9fcd278676b3,0.313634,,keep,,yes
images/22234700836864-8owj8wsuk2oebn4ugvryzsn6nyqp__p001.png,22234700836864_8owj8wsuk2oebn4ugvryzsn6nyqp.pdf,1,pdf,1654,2339,0,0.930,no,0.000,no,no,5267.908,237.492,37.168,-0.000,0.786,no,no,accepted,,ca8d83023c46fc821395b80d89aec67bd737ff856f9825e30ab934a73afecde0,0.305079,,keep,,yes
images/22234701168640-c68q8163l0mltq1xpu252e5a8z20__p001.png,22234701168640_c68q8163l0mltq1xpu252e5a8z20.pdf,1,pdf,1654,2339,0,0.927,no,0.000,no,no,6330.770,235.913,39.383,-0.000,0.831,no,no,accepted,,1f0ea1248143e3e4a3dc4278e67276c0b0ff1c18b3649480091b3fa289f5f5b7,0.313765,,keep,,yes
images/22234701168640-c68q8163l0mltq1xpu252e5a8z20__p002.png,22234701168640_c68q8163l0mltq1xpu252e5a8z20.pdf,2,pdf,1654,2339,0,0.928,no,0.000,no,no,3698.515,239.828,33.137,-0.000,0.730,no,no,accepted,,ab2008d9acd9a505e6d6dbddfda2b979ecc247b6b6766713522a57f546bd1a48,0.294719,,keep,,yes
images/22234701262848-pfx3pugvadhzex0y1wwhl3ojmmov__p001.png,22234701262848_pfx3pugvadhzex0y1wwhl3ojmmov.pdf,1,pdf,1654,2339,0,0.930,no,0.000,no,no,5192.867,237.656,36.925,-0.000,0.771,no,no,accepted,,220694198d510752679203006b6a7f57e4a60210cba314f68235ea7f88f761c9,0.304703,,keep,,yes
images/22234701422592-hin5sssd2v7pk2vmxpifzebm7w5z__p001.png,22234701422592_hin5sssd2v7pk2vmxpifzebm7w5z.pdf,1,pdf,1654,2339,0,0.930,no,0.000,no,no,5327.113,237.526,37.162,-0.000,0.790,no,no,accepted,,d58b836cfc44ad550f6fdeb38c77b516273e049a6e156e9a145f74c0e14ceaaf,0.305193,,keep,,yes
images/22234701500416-ovtphuioie8kz8kbb1nohw3lesry__p001.png,22234701500416_ovtphuioie8kz8kbb1nohw3lesry.pdf,1,pdf,1654,2339,0,0.927,no,0.000,no,no,5519.384,237.174,37.694,-0.000,0.786,no,no,accepted,,dbb5a71d9badff00c3a8be4b27f3b59ff9c79e45391a7438a446dfdffd7a48fc,0.306599,,keep,,yes
images/22234701533184-0n625w9y6klf4dn7lq1qkm5mn34x__p001.png,22234701533184_0n625w9y6klf4dn7lq1qkm5mn34x.pdf,1,pdf,1654,2339,0,0.931,no,0.000,no,no,4814.940,238.259,35.972,-0.000,0.775,no,no,accepted,,30e136c7a1af9772b62bec9f89eca87d93fd3ed3be6cabbabe29eed188962743,0.301520,,keep,,yes
images/22234701557760-kf945xz9dmuyi2m5yu3lyho0pg8n__p001.png,22234701557760_kf945xz9dmuyi2m5yu3lyho0pg8n.pdf,1,pdf,1654,2339,0,0.927,no,0.000,no,no,6351.957,236.023,39.339,-0.000,0.824,no,no,accepted,,f7287ecbeae8df8d4e7d301c1f2e04850ad7dd71e3466674929f015c30e185e4,0.313141,,keep,,yes
images/22234701557760-kf945xz9dmuyi2m5yu3lyho0pg8n__p002.png,22234701557760_kf945xz9dmuyi2m5yu3lyho0pg8n.pdf,2,pdf,1654,2339,0,0.930,no,0.000,no,no,5049.980,237.844,36.629,-0.000,0.749,no,no,accepted,,b825827660437908bd49bce9d15f68fa14a83522e534948c7479dea3711a8e8b,0.303724,,keep,,yes
images/22234701811712-07xr55tbt5l1hmeozz9zesra9xpf__p001.png,22234701811712_07xr55tbt5l1hmeozz9zesra9xpf.pdf,1,pdf,1654,2339,0,0.929,no,0.000,no,no,5291.263,237.521,37.142,-0.000,0.767,no,no,accepted,,9d18e95c69cb176797da79cdb21742412c2e76e3cefc8b0585d743ec98a9e4e5,0.305333,,keep,,yes
images/22234702000128-gtlojfwc1c3abr3gvs27ipdom981__p001.png,22234702000128_gtlojfwc1c3abr3gvs27ipdom981.pdf,1,pdf,1654,2339,0,0.928,no,0.000,no,no,5830.099,236.669,38.441,-0.000,0.782,no,no,accepted,,ffe817ad9ae2c9cc45de2aa7d4c75178aea5aeffb91e54616255d63200721a57,0.309192,,keep,,yes
images/22234702077952-pdfp7l45rdh8y3kvrzc1z7xxnkik__p001.png,22234702077952_pdfp7l45rdh8y3kvrzc1z7xxnkik.pdf,1,pdf,1654,2339,0,0.928,no,0.000,no,no,6143.294,236.337,39.034,-0.000,0.809,no,no,accepted,,1106ba713bd3c324e1432a871006ec88cce807d9d2ea609c3ed97066212f6abf,0.310849,,keep,,yes
images/22234702147584-21e9nwf51zze8h9x1qs8j93oo6jp__p001.png,22234702147584_21e9nwf51zze8h9x1qs8j93oo6jp.pdf,1,pdf,1654,2339,0,0.930,no,0.000,no,no,4442.186,238.774,35.038,-0.000,0.767,no,no,accepted,,32e2b8626c8ee1de7b110f3b8643af3d53374a2addb343f06ba3c6de1a9d3ba5,0.299659,,keep,,yes
images/22234702295040-4vwtvnh75qha3aj2xlkwf9a7v017__p001.png,22234702295040_4vwtvnh75qha3aj2xlkwf9a7v017.pdf,1,pdf,1654,2339,0,0.920,no,0.000,no,no,6443.597,235.818,39.623,-0.000,0.828,no,no,accepted,,386c9e55fe532584035b93955ef8bdd13fa2046bb5ce6ed2fa39861d3078a034,0.314080,,keep,,yes
images/22234702295040-4vwtvnh75qha3aj2xlkwf9a7v017__p002.png,22234702295040_4vwtvnh75qha3aj2xlkwf9a7v017.pdf,2,pdf,1654,2339,0,0.926,no,0.000,no,no,3422.364,240.239,32.380,-0.000,0.730,no,no,accepted,,eae00136e7628edc357e19d5219feea07f4063c14892a4b25f2b3143f3f26a2a,0.292462,,keep,,yes
images/22234702798848-1e5bhj969jpkgokklnngb4swtrhr__p001.png,22234702798848_1e5bhj969jpkgokklnngb4swtrhr.pdf,1,pdf,1654,2339,0,0.931,no,0.000,no,no,4948.429,238.076,36.247,-0.000,0.775,no,no,accepted,,52e648c7273486a19ce997500c0f781120083e79b97076ac082d0c161b436f76,0.302706,,keep,,yes
images/22234703638528-5ogdi30sbep8nlv9zgced2d0zz3c__p001.png,22234703638528_5ogdi30sbep8nlv9zgced2d0zz3c.pdf,1,pdf,1654,2339,0,0.924,no,0.000,no,no,6401.048,235.824,39.557,-0.000,0.820,no,no,accepted,,6c5a73ec9b784c4df7c1dd2d04c91b3a1000ee86f7014557a901557e7a492d7a,0.314328,,keep,,yes
images/22234703638528-5ogdi30sbep8nlv9zgced2d0zz3c__p002.png,22234703638528_5ogdi30sbep8nlv9zgced2d0zz3c.pdf,2,pdf,1654,2339,0,0.926,no,0.000,no,no,2095.446,242.207,28.379,-0.000,0.711,no,no,accepted,,8384402dad57d5523764d5a2403c5aa86eab1eb8472bc9df2f014af511a4eab9,0.281938,,keep,,yes
images/22234704207872-o9fjdk13weq887kc06kwlnpb3whs__p001.png,22234704207872_o9fjdk13weq887kc06kwlnpb3whs.pdf,1,pdf,1654,2339,0,0.932,no,0.000,no,no,5531.504,237.214,37.632,-0.000,0.786,no,no,accepted,,8d1f575411283af8e0238190642733cb44154564d3a1c6034be5afebcc0ae495,0.306651,,keep,,yes
images/22237102219264-5i6akspfn8htnu2k3jxi6ov5ik3y__p001.png,22237102219264_5i6akspfn8htnu2k3jxi6ov5ik3y.pdf,1,pdf,1650,2338,0,0.915,no,0.000,no,no,2049.837,247.413,28.765,0.250,0.809,no,no,accepted,,b8213bea032dd1af3cfa27996d24f019d6de7db367345ea76a5dd0fa191233b6,0.083757,,keep,,yes
images/22237102219264-5i6akspfn8htnu2k3jxi6ov5ik3y__p002.png,22237102219264_5i6akspfn8htnu2k3jxi6ov5ik3y.pdf,2,pdf,1652,2339,0,0.256,no,0.000,no,no,636.089,253.312,15.173,-0.125,0.599,no,yes,review,contrast_enhanced;overexposed,5f3a303ca66e244b5edc64a19f1ec75cd5ffa0c1b7babaaafae94430ac77728b,0.019372,,review,,yes
images/22513734762496-qco1c7r682aqp3snk6qp5l4i1p5f__p001.png,22513734762496_qco1c7r682aqp3snk6qp5l4i1p5f.pdf,1,pdf,1653,2339,0,0.920,no,0.416,no,no,4590.844,230.200,54.070,1.750,0.599,no,no,review,document_contour_uncertain;skew_uncertain,f89363defaaa452bf2daa5acbcdf5eacbeb4a4c53caa2b361c8a8726b5161cc3,0.221295,,review,,yes
images/22513734766592-ahi978bjxjkf348betid1g53ybvs__p001.png,22513734766592_ahi978bjxjkf348betid1g53ybvs.pdf,1,pdf,1653,2339,0,0.929,no,0.509,no,no,4475.227,231.287,53.099,1.000,0.603,no,no,review,document_contour_uncertain;skew_uncertain,8953804db5720f2c043d70b2735d76d004054dea4cd206f5f64bec2dfa86c61c,0.219405,,review,,yes
images/22513734774784-3mo79s08xrzgejx3pp38qj3ir4aq__p001.png,22513734774784_3mo79s08xrzgejx3pp38qj3ir4aq.pdf,1,pdf,1653,2339,0,0.920,no,0.000,no,no,3554.931,233.111,52.003,0.500,0.588,no,no,accepted,,1d7562039d1004a0733b8fd5f9cb5e205e55087c555e12bba75a93edaac06b6d,0.198266,,keep,,yes
images/22513734778880-df5drnmdwlm8akpzspzb4c6pffd2__p001.png,22513734778880_df5drnmdwlm8akpzspzb4c6pffd2.pdf,1,pdf,1653,2339,0,0.924,no,0.399,no,no,3751.038,232.768,51.616,0.500,0.636,no,no,review,document_contour_uncertain,a46e040482cb78040a8316532fac81253473bcc1dbc18e76291f10f15c825377,0.205843,,review,,yes
images/22513734782976-5qt9d7vldvkreuucompq4r5yv3j3__p001.png,22513734782976_5qt9d7vldvkreuucompq4r5yv3j3.pdf,1,pdf,1653,2339,0,0.934,no,0.397,no,no,3972.145,232.072,52.412,0.250,0.741,no,no,review,document_contour_uncertain,95f1a1f56541bc651e3e3609a4e60a8b3559f2b38ec7e6aa9f92fb9fcee0f186,0.208500,,review,,yes
images/22513734787072-w17wzh49zzyc0xg2if7iq4qzf8dv__p001.png,22513734787072_w17wzh49zzyc0xg2if7iq4qzf8dv.pdf,1,pdf,1653,2339,0,0.939,no,0.538,no,no,4092.615,231.128,53.583,0.750,0.606,no,no,review,document_contour_uncertain;skew_uncertain,4adb63347902d0c4c96b632f93996951edb8ae73511458c2323c4d167257e8d2,0.212585,,review,,yes
images/22513734791168-rths1dxwo9avtke4ssed4i70l81a__p001.png,22513734791168_rths1dxwo9avtke4ssed4i70l81a.pdf,1,pdf,1653,2339,0,0.926,no,0.000,no,no,4532.086,229.337,55.643,0.250,0.711,no,no,accepted,,9dc810635abb5bf255cda5d852d5ae96694a2b913995f3e1b9ef86d867142acf,0.217540,,keep,,yes
images/22513734795264-cl3aoy6n37dhv4kvcsge70kcwcth__p001.png,22513734795264_cl3aoy6n37dhv4kvcsge70kcwcth.pdf,1,pdf,1653,2339,0,0.860,no,0.450,no,no,3716.539,235.977,48.819,1.000,0.625,no,no,review,document_contour_uncertain;skew_uncertain,3689fc2e56ede07fc27fe5fdc75b0d8b0a446005681f6f3f2acc1097b62b5a07,0.200154,,review,,yes
images/22513734799360-9ng9bcsvm3srbjk5eu6cyzi402r1__p001.png,22513734799360_9ng9bcsvm3srbjk5eu6cyzi402r1.pdf,1,pdf,1653,2339,0,0.927,no,0.439,no,no,4649.543,231.945,52.721,0.250,0.708,no,no,review,document_contour_uncertain,5c8ff7c3813d5ee526e441965afd51eacb2aa16836fe425eeb450a201a0beeba,0.219510,,review,,yes
images/22513734807552-0977nkrd8ngoxdr4xz7f9slimw6r__p001.png,22513734807552_0977nkrd8ngoxdr4xz7f9slimw6r.pdf,1,pdf,1653,2339,0,0.934,no,0.590,no,no,3551.741,223.578,68.104,0.750,0.603,no,no,review,document_contour_uncertain;skew_uncertain,efd7d6e754997993bc8198f3328a184e23bdb2e43f40e030254d44e4b848fa83,0.209675,,review,,yes
images/22513734811648-u4b3q5qxvkd21ns0t545j9baidnu__p001.png,22513734811648_u4b3q5qxvkd21ns0t545j9baidnu.pdf,1,pdf,1653,2339,0,0.929,no,0.503,no,no,4405.745,234.860,50.429,0.250,0.719,no,no,review,document_contour_uncertain,8a3d1934ef27f94565f6392665158b1d4203bab6ebaa16ac371a98340b76cb67,0.210870,,review,,yes
images/22513734815744-i6te1k7feq0y0c2cnnz7bfa1xzr2__p001.png,22513734815744_i6te1k7feq0y0c2cnnz7bfa1xzr2.pdf,1,pdf,1653,2339,0,0.928,no,0.407,no,no,4731.742,233.434,51.309,-0.000,0.708,no,no,review,document_contour_uncertain,14ed227ac53d1595a7d1b97cb0b919deaeee51988ea7fe1aee4bcb99f9d2ee90,0.219252,,review,,yes
images/22513734819840-xkdoo6qpzb0q8js10e0gyr56t4ee__p001.png,22513734819840_xkdoo6qpzb0q8js10e0gyr56t4ee.pdf,1,pdf,1653,2339,0,0.930,no,0.000,no,no,4374.894,233.156,51.885,-0.000,0.801,no,no,accepted,,5e699ced87cc08e6e6eda61ddf956fa4a1a49b2fbbd6539f6d7499b94959a37f,0.211640,,keep,,yes
images/22513734823936-47bxdvgfrjz3h5g4z6a8171jytsz__p001.png,22513734823936_47bxdvgfrjz3h5g4z6a8171jytsz.pdf,1,pdf,1653,2339,0,0.919,no,0.527,no,no,3958.102,234.074,50.846,-0.000,0.693,no,no,review,document_contour_uncertain,19e1301ae0baa2dcbf6a64b46035b8df846bf651413ec13c0276e287e527f066,0.208744,,review,,yes
images/22513734828032-un1sk3jdufr8pwjczcwznpxts4pg__p001.png,22513734828032_un1sk3jdufr8pwjczcwznpxts4pg.pdf,1,pdf,1653,2339,0,0.879,no,0.439,no,no,3769.708,236.112,48.745,0.250,0.745,no,no,review,document_contour_uncertain,fb88e26120bb89b64a65693346d870fa749ddfc5532195e74c00c1d72ee1846b,0.200289,,review,,yes
images/22513734832128-sh5z8wlud82pedxxjx2mvztp87cn__p001.png,22513734832128_sh5z8wlud82pedxxjx2mvztp87cn.pdf,1,pdf,1653,2339,0,0.928,no,0.000,no,no,5144.135,232.417,52.303,0.250,0.738,no,no,accepted,,99e5f78d9b6ee05fcfa59c1d8a52d212f40feb985f37c6cc539aab3db3320ff4,0.225940,,keep,,yes
images/22513734836224-opkvv957x5dw7lg4vogscojj8ry6__p001.png,22513734836224_opkvv957x5dw7lg4vogscojj8ry6.pdf,1,pdf,1653,2339,0,0.930,no,0.000,no,no,4645.647,233.028,52.178,0.250,0.711,no,no,accepted,,adcfb5aad937bbeaa9ff96312af1194db26136905b1e98ed0fc5c27286426902,0.216760,,keep,,yes
images/22513734840320-1yz0tq7ekam1gll8gw55yb82f4jq__p001.png,22513734840320_1yz0tq7ekam1gll8gw55yb82f4jq.pdf,1,pdf,1653,2339,0,0.927,no,0.432,no,no,4066.950,235.345,49.753,0.250,0.730,no,no,review,document_contour_uncertain,621b58c0cfce164d91d4ee83e3208af0ba27f135347d5b0cc918e7c0173ca780,0.206385,,review,,yes
images/22513734844416-3nmzszvp4ga80mchh15rz4gj03wh__p001.png,22513734844416_3nmzszvp4ga80mchh15rz4gj03wh.pdf,1,pdf,1653,2339,0,0.660,no,0.386,no,no,3692.207,235.630,49.289,-0.000,0.760,no,no,review,document_contour_uncertain,6eb6d7f268b474d1a70a9046a781f538aea6dac3094a35681daee13d14a4b900,0.199866,,review,,yes
images/22513734848512-4sauqtgi0tntg6psdlczpakhogty__p001.png,22513734848512_4sauqtgi0tntg6psdlczpakhogty.pdf,1,pdf,1653,2339,0,0.926,no,0.000,no,no,3895.139,234.990,50.403,0.500,0.629,no,no,accepted,,01dd00a7736c4b7c28f8549cab782d5b8a2839074eef8185f71b9bbf653ef78f,0.202584,,keep,,yes
images/22513734852608-t1y2810hmqbsgnbsr1imoqllmm8l__p001.png,22513734852608_t1y2810hmqbsgnbsr1imoqllmm8l.pdf,1,pdf,1653,2339,0,0.931,no,0.437,no,no,3684.921,236.200,48.698,0.250,0.738,no,no,review,document_contour_uncertain,8d0c36020b732559bf440b05f9f0a05c5d36c15812fb8ee18594a9f288025b38,0.196458,,review,,yes
images/22513734856704-bm2dq75gype3yp2z43yrv3wk9i6r__p001.png,22513734856704_bm2dq75gype3yp2z43yrv3wk9i6r.pdf,1,pdf,1653,2339,0,0.925,no,0.000,no,no,3525.230,236.296,49.043,0.250,0.711,no,no,accepted,,03e3c38fc852ba5f42bd798b04f757b6addb4827d2bec19dadcc1f2e75938fbf,0.194484,,keep,,yes
images/22513734860800-kry8g0fc2t171e3w51q1b9llzpvi__p001.png,22513734860800_kry8g0fc2t171e3w51q1b9llzpvi.pdf,1,pdf,1653,2339,0,0.913,no,0.369,no,no,4492.767,233.564,51.102,-0.000,0.685,no,no,review,document_contour_uncertain,d44cbba429ce4e8326302e00b3fb48acc2c55cee6e96cdbab43eb073bd0cebdb,0.215102,,review,,yes
images/22513734864896-ppjqbk3at2op2lydzveyh37bautk__p001.png,22513734864896_ppjqbk3at2op2lydzveyh37bautk.pdf,1,pdf,1653,2339,0,0.934,no,0.536,no,no,3741.621,234.911,49.935,0.250,0.708,no,no,review,document_contour_uncertain,150e484d36bd6ba4458808edea19b89a998dd0cd7da045870bba968e8c6332fa,0.205217,,review,,yes
images/22513734873088-7nz3a8ai365p0pt6zi2kns1liogw__p001.png,22513734873088_7nz3a8ai365p0pt6zi2kns1liogw.pdf,1,pdf,1653,2339,0,0.927,no,0.383,no,no,3804.269,235.398,49.238,-0.000,0.738,no,no,review,document_contour_uncertain,3a09cce8f1b018526cbeeeb5a87eb1ed5773b65949543395c05801d333c61ce5,0.202336,,review,,yes
images/22513734877184-nys64bpny7lme2eu1zyagcinebdc__p001.png,22513734877184_nys64bpny7lme2eu1zyagcinebdc.pdf,1,pdf,1653,2339,0,0.933,no,0.407,no,no,4819.584,232.962,51.820,-0.000,0.674,no,no,review,document_contour_uncertain,a3a4afd254f12e15d294cd2b1c349f8c28d28fcf7b075b481db50f11bb15008e,0.220544,,review,,yes
images/22513734881280-5e6azqhjgcrlyamqxdtiwr61n969__p001.png,22513734881280_5e6azqhjgcrlyamqxdtiwr61n969.pdf,1,pdf,1653,2339,0,0.684,no,0.521,no,no,3702.383,234.491,50.316,0.500,0.621,no,no,review,document_contour_uncertain,248db53f842b32b43d879ec3f1f59ccb07601b733047370718554012701b383f,0.204453,,review,,yes
images/22513734885376-ifxplk15oi3kqlg9rfcjlvssdkth__p001.png,22513734885376_ifxplk15oi3kqlg9rfcjlvssdkth.pdf,1,pdf,1653,2339,0,0.926,no,0.000,no,no,4131.544,233.288,51.923,0.250,0.674,no,no,accepted,,bea2980355a9a0afaa1eee0d7362d8259b7beba26c6119fd5ec5d1143fa51f7a,0.208907,,keep,,yes
images/22513734889472-2b0m566hc8gl11c1v9c2sy36gal3__p001.png,22513734889472_2b0m566hc8gl11c1v9c2sy36gal3.pdf,1,pdf,1653,2339,0,0.849,no,0.554,no,no,3560.655,234.376,50.494,-0.000,0.771,no,no,review,document_contour_uncertain,d36fe5995fbb3a0965c5c9d1ed4a4609332f0fd3438146bed9af2c8bcb9d4b7b,0.202036,,review,,yes
images/22513734893568-sg6pv1jyrmcukpuv2tioljqksz5f__p001.png,22513734893568_sg6pv1jyrmcukpuv2tioljqksz5f.pdf,1,pdf,1653,2339,0,0.929,no,0.439,no,no,3893.265,234.006,50.798,0.250,0.700,no,no,review,document_contour_uncertain,7a8fcea8a25a0d60efc50dd4a07dd852cfe44d50dd7862e5c8c209557684a2f2,0.205042,,review,,yes
images/22513734897664-yqhw2j3jwb5ap5wbe6046sx0xrlp__p001.png,22513734897664_yqhw2j3jwb5ap5wbe6046sx0xrlp.pdf,1,pdf,1653,2339,0,0.927,no,0.000,no,no,4958.024,231.258,53.941,-0.000,0.715,no,no,accepted,,ec4c0d1df226c38d96d52a68a49bce80056490e0c09dc752e3c70260bc557368,0.223248,,keep,,yes
images/22513734901760-507tegf0k22kkugrbavu1955nt8t__p001.png,22513734901760_507tegf0k22kkugrbavu1955nt8t.pdf,1,pdf,1653,2339,0,0.917,no,0.436,no,no,4076.205,233.084,51.798,-0.000,0.753,no,no,review,document_contour_uncertain,8a588691843c06b683212bc38fcff1091183fb3aece06d05cd9ad4121b722602,0.208976,,review,,yes
images/22513734905856-7ord478tb85zrg5tkhissxvcku4f__p001.png,22513734905856_7ord478tb85zrg5tkhissxvcku4f.pdf,1,pdf,1653,2339,0,0.824,no,0.508,no,no,4057.172,234.610,50.468,0.500,0.561,no,no,review,document_contour_uncertain,69041311c7eabee22a016a72e7293a8f6ec868cc5559399c87c959c60eba35c5,0.207713,,review,,yes
images/22513734909952-j5hxj17yb07qgpjzxr4tp0gq4zi2__p001.png,22513734909952_j5hxj17yb07qgpjzxr4tp0gq4zi2.pdf,1,pdf,1653,2339,0,0.944,no,0.543,no,no,3933.003,234.561,50.599,0.250,0.734,no,no,review,document_contour_uncertain,33b7d7ce7877803fbf4edd8cad49bfbab478ed16d6d05fa24b50de92fe7d5499,0.207118,,review,,yes
images/22513734914048-1s6p80nxvo9yfo6a8fri399oh7rf__p001.png,22513734914048_1s6p80nxvo9yfo6a8fri399oh7rf.pdf,1,pdf,1653,2339,0,0.939,no,0.541,no,no,3903.510,234.758,50.308,0.500,0.614,no,no,review,document_contour_uncertain,ba10539842cb7cb6851d3bdfa849c084c810f7f84e12c0f17da89a135c347e68,0.205387,,review,,yes
images/22513734918144-mh9u58pef1k486hgbv5c6xe6ng8b__p001.png,22513734918144_mh9u58pef1k486hgbv5c6xe6ng8b.pdf,1,pdf,1653,2339,0,0.894,no,0.538,no,no,3633.250,234.703,50.081,0.250,0.700,no,no,review,document_contour_uncertain,4f54a4d870fae091a71fdf50d09c04f220479aafdd8ac30d88a66e9d135cfa94,0.202831,,review,,yes
images/22513734922240-jratfdizcwluh530v14hgbpvz0uv__p001.png,22513734922240_jratfdizcwluh530v14hgbpvz0uv.pdf,1,pdf,1653,2339,0,0.936,no,0.529,no,no,4182.774,233.063,51.834,0.250,0.685,no,no,review,document_contour_uncertain,f47345dd76f68e1d3fa4d232cc5c17558bab6f869119f9531f04189ecfe7889b,0.212246,,review,,yes
images/22513734926336-uy9hjbjvpiks3lxbux7nn96n65um__p001.png,22513734926336_uy9hjbjvpiks3lxbux7nn96n65um.pdf,1,pdf,1653,2339,0,0.925,no,0.000,no,no,4112.894,234.209,50.867,-0.250,0.719,no,no,accepted,,0bf728d812be0c7dc28ef1045adc1728cc1109dc22ab9bd2167be87cff91c3cc,0.208262,,keep,,yes
images/22513734930432-jq9xqtk3q4wiqh3r79ydku736vyr__p001.png,22513734930432_jq9xqtk3q4wiqh3r79ydku736vyr.pdf,1,pdf,1653,2339,0,0.925,no,0.000,no,no,3769.243,234.571,50.715,-0.000,0.764,no,no,accepted,,e8eb70e4cb036f3bfa672e75b33dd48c2d1ebabf0e813eb3871127c30f24d3b5,0.200396,,keep,,yes
images/22513734934528-vyts9f0umkbnfcfypm3szksodgps__p001.png,22513734934528_vyts9f0umkbnfcfypm3szksodgps.pdf,1,pdf,1653,2339,0,0.927,no,0.000,no,no,3632.598,234.751,50.424,0.250,0.685,no,no,accepted,,571619fc1df964412c14dc78146c68581cb9bd2f5524cf5bdf51a815f202f0a6,0.199062,,keep,,yes
images/22513734938624-xdyqsvcyklm8weqfl3q0zxk559vx__p001.png,22513734938624_xdyqsvcyklm8weqfl3q0zxk559vx.pdf,1,pdf,1653,2339,0,0.924,no,0.000,no,no,4324.009,233.039,52.117,1.500,0.633,no,no,review,skew_uncertain,4ab2757755dd9d558a445739cb831caee135e71720538c7efb56f9434227e24d,0.212194,,review,,yes
images/22513734942720-shv4q8dwotxshs7qlcyw6dxgtnks__p001.png,22513734942720_shv4q8dwotxshs7qlcyw6dxgtnks.pdf,1,pdf,1653,2339,0,0.912,no,0.000,no,no,4303.594,232.296,52.564,0.250,0.659,no,no,accepted,,3888bd067e010cbe39c388b0cc5b78b0a68bcef68d775d49afbe458ea22f308b,0.215253,,keep,,yes
images/22513734946816-b1ksq0av0qbiue4yh7ec7e675wvk__p001.png,22513734946816_b1ksq0av0qbiue4yh7ec7e675wvk.pdf,1,pdf,1653,2339,0,0.926,no,0.000,no,no,3878.171,234.750,50.558,0.500,0.603,no,no,accepted,,892c7f3570c027447190380959d55d7a8e76fa2c5f15d133b2b028643e76528e,0.202309,,keep,,yes
images/22513734950912-7cwjbj3na3lkuam1sbint62qpjtn__p001.png,22513734950912_7cwjbj3na3lkuam1sbint62qpjtn.pdf,1,pdf,1653,2339,0,0.922,no,0.000,no,no,5251.634,219.151,69.073,0.250,0.647,no,no,accepted,,27047c359198e3b5fc6a08eafed0384215ac34019a4d80eb44feadc55ca4ae02,0.239672,,keep,,yes
images/22513734950912-7cwjbj3na3lkuam1sbint62qpjtn__p002.png,22513734950912_7cwjbj3na3lkuam1sbint62qpjtn.pdf,2,pdf,1653,2339,0,0.928,no,0.590,no,no,3355.815,225.704,68.477,-0.000,0.704,no,no,review,document_contour_uncertain,57bd4fdc676661003b27ee6405eee8e8bc2897846534fc8480248924ed939028,0.165540,,review,,yes
images/22513734955008-7mot8161eq8b0dhtek5fodofyvbp__p001.png,22513734955008_7mot8161eq8b0dhtek5fodofyvbp.pdf,1,pdf,1653,2339,0,0.938,no,0.531,no,no,4378.176,231.372,53.381,-0.000,0.779,no,no,review,document_contour_uncertain,941eea990ab52995c982bbef0e015e1f0a152cedf7055f190296d1f6881389c8,0.217877,,review,,yes
images/22513734959104-q1s4q13rjif0xtyb6k3j48y016od__p001.png,22513734959104_q1s4q13rjif0xtyb6k3j48y016od.pdf,1,pdf,1653,2339,0,0.930,no,0.000,no,no,3774.825,232.530,52.856,0.500,0.610,no,no,accepted,,6fe87b237567953cadf5e26efd30ff0b2e67105607db8376be85601f19443f9f,0.202932,,keep,,yes
images/22513734963200-m675vxvamv729k0l7prbfq9idcsx__p001.png,22513734963200_m675vxvamv729k0l7prbfq9idcsx.pdf,1,pdf,1653,2339,0,0.935,no,0.547,no,no,3770.449,232.259,52.710,0.250,0.704,no,no,review,document_contour_uncertain,f28f69682574d8f58aa493adc1901fe7e2290da5b9b6bf53bcab30aa5eeb6ba4,0.206361,,review,,yes
images/22513734967296-23ta5snj1ly3soidv1wyj9bqjey1__p001.png,22513734967296_23ta5snj1ly3soidv1wyj9bqjey1.pdf,1,pdf,1653,2339,0,0.938,no,0.543,no,no,4032.203,232.263,52.631,0.250,0.696,no,no,review,document_contour_uncertain,f1a9930bb2430abda55542312fa27e799253a9185454d33f87c059689f59f5e4,0.210740,,review,,yes
images/22513734971392-yfwwa7wqisrs8x5q05gspkl7b07c__p001.png,22513734971392_yfwwa7wqisrs8x5q05gspkl7b07c.pdf,1,pdf,1653,2339,0,0.927,no,0.000,no,no,3760.749,232.180,53.190,-0.250,0.666,no,no,accepted,,483aa5bb6c0f9d4cfbcdcffd53ab08f63c2c68a05cb3a97a9bcf00c5935c6541,0.204108,,keep,,yes
images/22513734975488-7xl8qe4zuhq5kpo4ae4ez98qfha2__p001.png,22513734975488_7xl8qe4zuhq5kpo4ae4ez98qfha2.pdf,1,pdf,1653,2339,0,0.925,no,0.000,no,no,3923.300,232.468,52.805,-0.000,0.756,no,no,accepted,,ce0003013419e8cf39455edd8278235653b7895b9dbc2027cb5d4e643740f19f,0.204939,,keep,,yes
images/22513734979584-nywer0fl2qktkcehlh47eoc5ekt0__p001.png,22513734979584_nywer0fl2qktkcehlh47eoc5ekt0.pdf,1,pdf,1653,2339,0,0.888,no,0.448,no,no,3769.110,232.583,52.235,0.250,0.670,no,no,review,document_contour_uncertain,278a4f92b72b88ba27e1a82ed6c4f303d1a1e07bb7277087ebc4f9da311d47ef,0.204893,,review,,yes
images/22513734983680-78f79oi7lmaurd6lk4fmidhbsc5f__p001.png,22513734983680_78f79oi7lmaurd6lk4fmidhbsc5f.pdf,1,pdf,1653,2339,0,0.927,no,0.000,no,no,4748.280,229.872,55.014,-0.000,0.685,no,no,accepted,,3d415e58f761e0ed49cc2efb770e0e7b7c7382a5f2427f8255ed18fd176703a1,0.223484,,keep,,yes
images/22513734987776-8w2l9tbwx4ecrzc60v32oob81lq9__p001.png,22513734987776_8w2l9tbwx4ecrzc60v32oob81lq9.pdf,1,pdf,1653,2339,0,0.912,no,0.000,no,no,3431.533,232.110,53.576,0.500,0.610,no,no,accepted,,1fe0597276cd8282c6af54e3469c667f2bf75eeb2da233fe5b4dc72bbcf67370,0.198605,,keep,,yes
images/22513734991872-vhyjpy4w04o1cf1fgg5xx5brflat__p001.png,22513734991872_vhyjpy4w04o1cf1fgg5xx5brflat.pdf,1,pdf,1653,2339,0,0.931,no,0.000,no,no,3556.656,232.083,53.555,-0.000,0.700,no,no,accepted,,1a18c9a3aa2afab5e95bc3036125d73a1ca79fb94f29c77cd4a6a61046134fbb,0.199209,,keep,,yes
images/22513734995968-7ubzo4fle6ou41pw6gh48evy5hio__p001.png,22513734995968_7ubzo4fle6ou41pw6gh48evy5hio.pdf,1,pdf,1653,2339,0,0.933,no,0.547,no,no,4013.904,230.039,55.235,-0.000,0.704,no,no,review,document_contour_uncertain,7f5cdb30fcf036def71273d053339b5d98a3bb411e940fb9af1e873c13aa8c86,0.211180,,review,,yes
images/22513735000064-1u029gpy1u6af8l32vdvqdlmepcj__p001.png,22513735000064_1u029gpy1u6af8l32vdvqdlmepcj.pdf,1,pdf,1653,2339,0,0.928,no,0.000,no,no,3532.069,233.659,51.700,0.250,0.700,no,no,accepted,,d83d89b3e399a14d9392d6e6f01a3bbd836c9c9250cdebfe092a8a9d27f56972,0.198681,,keep,,yes
images/22513735004160-6iryxy5gjo3eo6anbgeiurw3lz4h__p001.png,22513735004160_6iryxy5gjo3eo6anbgeiurw3lz4h.pdf,1,pdf,1653,2339,0,0.943,no,0.546,no,no,4111.840,231.111,53.951,-0.000,0.734,no,no,review,document_contour_uncertain,a0e7c4c7415118e452fe4acd7190b081677025487394a2c09c089e2793002b1a,0.213027,,review,,yes
images/22513735008256-84few7zhgas5mdxty5fn1xbhrl8o__p001.png,22513735008256_84few7zhgas5mdxty5fn1xbhrl8o.pdf,1,pdf,1653,2339,0,0.931,no,0.531,no,no,4252.002,231.295,53.679,0.250,0.689,no,no,review,document_contour_uncertain,7d53f8b270591e7ce47463e2b42ae2791fc87a537d5f680b17ebfb0fc87001c0,0.214265,,review,,yes
images/22513735012352-rnfefc0zpg0trwvjwjnhdde8qjnv__p001.png,22513735012352_rnfefc0zpg0trwvjwjnhdde8qjnv.pdf,1,pdf,1653,2339,0,0.941,no,0.530,no,no,4348.009,230.486,54.582,-0.000,0.715,no,no,review,document_contour_uncertain,7c831733fbd3fda14231c209e8a903fc94cf0608e3d4bf9e3dd2e20a21e4418e,0.216366,,review,,yes
images/22513735016448-w792r5lmynt19ce7037ki9trpjvu__p001.png,22513735016448_w792r5lmynt19ce7037ki9trpjvu.pdf,1,pdf,1653,2339,0,0.921,no,0.000,no,no,3583.197,232.077,53.317,1.250,0.603,no,no,review,skew_uncertain,239081b585e9f9833578769ee4c08af5f6dbebf3231daf7daddfb7791c9774e9,0.201565,,review,,yes
images/22513735020544-9q61jusb6sh08keswfteen4gqocp__p001.png,22513735020544_9q61jusb6sh08keswfteen4gqocp.pdf,1,pdf,1653,2339,0,0.933,no,0.000,no,no,4807.444,231.045,53.410,-0.000,0.723,no,no,accepted,,6d83b339c5933bf4fb2c05f1368d3be9c0beaa9af6b7b103254cc0823de9d84e,0.225218,,keep,,yes
images/22513735024640-p8h5f4smboxqthtg8japdbnb0syc__p001.png,22513735024640_p8h5f4smboxqthtg8japdbnb0syc.pdf,1,pdf,1653,2339,0,0.927,no,0.000,no,no,3612.395,234.102,51.203,-0.000,0.700,no,no,accepted,,e7ab6d6d0b04076e22e256750de44d55bffe845de811628a587bd270f78b0184,0.198835,,keep,,yes
images/22513735028736-wk45cy824oq3xm9p29xv2ue0oeex__p001.png,22513735028736_wk45cy824oq3xm9p29xv2ue0oeex.pdf,1,pdf,1653,2339,0,0.923,no,0.000,no,no,3508.810,229.994,55.735,-0.000,0.693,no,no,accepted,,699e0776fad0d8596c995f1c8d13ae544624c242aa3afc0b9122b221c2465df3,0.206699,,keep,,yes
images/22513735032832-36gbw11zxx4zg34gftnx5esf5v05__p001.png,22513735032832_36gbw11zxx4zg34gftnx5esf5v05.pdf,1,pdf,1653,2339,0,0.928,no,0.000,no,no,3565.729,230.351,55.232,-0.500,0.617,no,no,review,skew_uncertain,116590d2ad5f02a3e811efe557ee281c24d3bee3a1b3839800cd5328963307fe,0.206967,,review,,yes
images/22513735032832-36gbw11zxx4zg34gftnx5esf5v05__p002.png,22513735032832_36gbw11zxx4zg34gftnx5esf5v05.pdf,2,pdf,2339,1653,270,0.903,yes,0.000,no,no,1465.187,249.105,29.894,4.250,0.490,no,no,review,rotated_270;skew_uncertain,bf95a569c1b08f44fa2de8a9b4e26f0c7e85bb23d35ff5b4fa4f91d277649bd4,0.047894,,review,,yes
images/22513735036928-cdk9i3khlpi93uhrtlyxto9i6m4b__p001.png,22513735036928_cdk9i3khlpi93uhrtlyxto9i6m4b.pdf,1,pdf,1653,2339,0,0.937,no,0.000,no,no,4585.044,230.230,54.373,-0.000,0.715,no,no,accepted,,f950acae83d9a7d7e51bba80b921408a765ae6e894a7a6e84523d9a57643df1d,0.221855,,keep,,yes
images/22513735041024-fqhso25wrjdd4tn1xwo1ituwqrt9__p001.png,22513735041024_fqhso25wrjdd4tn1xwo1ituwqrt9.pdf,1,pdf,1653,2339,0,0.934,no,0.549,no,no,3966.568,231.517,53.438,0.750,0.636,no,no,review,document_contour_uncertain;skew_uncertain,4e3a97ed1a5a0212799f4b5a8fe8708e573bcad9fadb9974c794209fc83d1af8,0.209471,,review,,yes
images/22513735045120-901zvyxd25wdv2x9c9cef4dot7k6__p001.png,22513735045120_901zvyxd25wdv2x9c9cef4dot7k6.pdf,1,pdf,1653,2339,0,0.929,no,0.362,no,no,5024.501,229.976,54.480,0.750,0.595,no,no,review,document_contour_uncertain;skew_uncertain,279d430aee02a9b9bc719ed968ef3da9e3eeb2e51484a044300f7bd64b8db3c1,0.227503,,review,,yes
images/22513735049216-fuycj75i23xv5lixl1u2lj9vaf5e__p001.png,22513735049216_fuycj75i23xv5lixl1u2lj9vaf5e.pdf,1,pdf,1653,2339,0,0.930,no,0.526,no,no,4188.944,232.161,52.737,0.500,0.633,no,no,review,document_contour_uncertain,e9f3cb563b4d2ff42b7a3df6ab8c7175ca2dcb8c9218dda411064967e86cf3f3,0.213252,,review,,yes
images/22513735053312-yf9jeug9flvdffdev2koxvzqco3q__p001.png,22513735053312_yf9jeug9flvdffdev2koxvzqco3q.pdf,1,pdf,1653,2339,0,0.925,no,0.515,no,no,4503.216,231.154,53.585,0.250,0.719,no,no,review,document_contour_uncertain,95fab9271ac6dff6d2f0a932116bf97fb49e172468d18808fa65b5b6be07328d,0.219134,,review,,yes
images/22513735057408-tnhe9rrztnj5xmrnjkwrqtc1rbf1__p001.png,22513735057408_tnhe9rrztnj5xmrnjkwrqtc1rbf1.pdf,1,pdf,1653,2339,0,0.928,no,0.443,no,no,4370.574,231.199,53.505,-0.000,0.700,no,no,review,document_contour_uncertain,b8c7a8e97ab5aa6d6c58ca6855581eae49564badb5ce970e8f3401c7f95035b9,0.216855,,review,,yes
images/22513735061504-4nbfjm19vc3lys7fvhvdoabg6ixo__p001.png,22513735061504_4nbfjm19vc3lys7fvhvdoabg6ixo.pdf,1,pdf,1653,2339,0,0.930,no,0.000,no,no,3525.712,232.568,52.701,0.250,0.670,no,no,accepted,,b6a3602cff6c5cdf652772ee394164120f8bc351d55ad642f8f1c8d4fb92f5d3,0.199655,,keep,,yes
images/22513735065600-fx9iah9m0lsafth7turcsi9jkbgi__p001.png,22513735065600_fx9iah9m0lsafth7turcsi9jkbgi.pdf,1,pdf,1653,2339,0,0.928,no,0.000,no,no,3595.487,234.072,51.357,-0.000,0.734,no,no,accepted,,745dcc284fa66fc16ee7d0a443d3256b079ed7cbbded2ecc6b404e368182d7a1,0.199462,,keep,,yes
images/22513735069696-80p5t5fwzl6p9z3ibng1c161lt9p__p001.png,22513735069696_80p5t5fwzl6p9z3ibng1c161lt9p.pdf,1,pdf,1653,2339,0,0.911,no,0.000,no,no,3514.542,232.141,53.052,2.000,0.606,no,no,review,skew_uncertain,d42570acfe66836b50d1e20ef98b7542d632692f15b717357c590e1bfb207b7d,0.200940,,review,,yes
images/22584368095232-f6pkdtmxvypcngu13thavdjrcs7a__p001.png,22584368095232_f6pkdtmxvypcngu13thavdjrcs7a.pdf,1,pdf,1653,2339,0,0.908,no,0.000,no,no,6638.939,242.281,43.640,-0.000,0.719,no,no,accepted,,1135fc7af960717be52f813294e43cc0ffa11f5ee03de7065f9af1802feb6737,0.085878,,keep,,yes
images/22584368095232-f6pkdtmxvypcngu13thavdjrcs7a__p002.png,22584368095232_f6pkdtmxvypcngu13thavdjrcs7a.pdf,2,pdf,1653,2339,180,0.892,yes,0.000,no,no,2767.248,247.994,32.062,-0.000,0.636,no,no,corrected,rotated_180,34eba80dd495d3d04119dcec92c4559302d82a613ebef9d663492f09bdfe26a4,0.064268,,keep,,yes
images/22584368099328-bsnqo3ga00k6x9oao9rl0zmiyigo__p001.png,22584368099328_bsnqo3ga00k6x9oao9rl0zmiyigo.pdf,1,pdf,1653,2339,0,0.919,no,0.000,no,no,6728.217,242.078,43.983,-0.000,0.782,no,no,accepted,,0465a2441c8356715e1ed23fea0354cc86ccdeddb52e75897f3d0f5746f694b3,0.087270,,keep,,yes
images/22584368099328-bsnqo3ga00k6x9oao9rl0zmiyigo__p002.png,22584368099328_bsnqo3ga00k6x9oao9rl0zmiyigo.pdf,2,pdf,1653,2339,180,0.886,yes,0.000,no,no,2759.952,248.018,31.975,-0.125,0.629,no,no,corrected,rotated_180,ed37b644e16081fadff62fbba9dc003efe56664a24e3ae7ee3bac933a5a5a8df,0.064182,,keep,,yes
images/22584368107520-nzofzqfi2pcr5lcjiwyon3majdit__p001.png,22584368107520_nzofzqfi2pcr5lcjiwyon3majdit.pdf,1,pdf,1653,2339,0,0.917,no,0.000,no,no,6364.105,242.626,43.041,-0.000,0.775,no,no,accepted,,cfe6e9e1af465267534f1e459a1dc872a28ec91e253fbf1a22e79597c6216fb0,0.083930,,keep,,yes
images/22584368107520-nzofzqfi2pcr5lcjiwyon3majdit__p002.png,22584368107520_nzofzqfi2pcr5lcjiwyon3majdit.pdf,2,pdf,1653,2339,180,0.799,no,0.000,no,no,2742.838,248.044,31.912,-0.000,0.644,no,no,review,orientation_uncertain,32274bea794ae5ceceda4f19d8a1b1a4c7f545d516e190a3423ba8af60a1e092,0.063984,,review,,yes
images/22584368111616-56qhtcxlv6fqkrt5nx60b3fmqays__p001.png,22584368111616_56qhtcxlv6fqkrt5nx60b3fmqays.pdf,1,pdf,1653,2339,0,0.925,no,0.000,no,no,6749.910,240.557,46.269,-0.000,0.764,no,no,accepted,,1582ad57895ede170659e3e3939f530817566dd9c1116a38b33a4575256b71c4,0.099592,,keep,,yes
images/22584368115712-n0k8ufgkkffjjneg7necio53s1jl__p001.png,22584368115712_n0k8ufgkkffjjneg7necio53s1jl.pdf,1,pdf,1653,2339,0,0.921,no,0.000,no,no,5931.540,243.245,42.317,-0.000,0.786,no,no,accepted,,8ad815761b9c44e132c39eab6ee96afa4e320eab8e2f2741e7e56a4b8cb69768,0.075190,,keep,,yes
images/22584368115712-n0k8ufgkkffjjneg7necio53s1jl__p002.png,22584368115712_n0k8ufgkkffjjneg7necio53s1jl.pdf,2,pdf,1653,2339,180,0.753,no,0.000,no,no,2818.260,247.762,32.956,-0.250,0.640,no,no,review,orientation_uncertain,755d0976d0145b190a853862ec31203c45f7473babb51f7032a69b71d0d70f6a,0.059799,,review,,yes
images/22584368123904-edbw0j88u65ogcr98lywyt4wqeg3__p001.png,22584368123904_edbw0j88u65ogcr98lywyt4wqeg3.pdf,1,pdf,1653,2339,0,0.923,no,0.000,no,no,5260.671,244.285,40.469,-0.000,0.760,no,no,accepted,,e797054ef3e17f907742dab7068566e8f091f6fa90bab3d2d51487f31eb3f0b9,0.069253,,keep,,yes
images/22584368123904-edbw0j88u65ogcr98lywyt4wqeg3__p002.png,22584368123904_edbw0j88u65ogcr98lywyt4wqeg3.pdf,2,pdf,1653,2339,180,0.828,no,0.000,no,no,2766.876,247.906,32.581,-0.000,0.670,no,no,review,orientation_uncertain,43fd41ef83795615214692556f942825ad9ae93327dbff0d3f22662806e5faf3,0.059025,,review,,yes
images/22584368128000-e0sjxff3hjh12p8r86q31nw4e5bo__p001.png,22584368128000_e0sjxff3hjh12p8r86q31nw4e5bo.pdf,1,pdf,1653,2339,0,0.923,no,0.000,no,no,7599.034,240.724,46.187,-0.000,0.824,no,no,accepted,,c534e2ec3df98de15d468b2014fe9d35abc823230b18b19a376c1f065a4d9286,0.094195,,keep,,yes
images/22584368128000-e0sjxff3hjh12p8r86q31nw4e5bo__p002.png,22584368128000_e0sjxff3hjh12p8r86q31nw4e5bo.pdf,2,pdf,1653,2339,0,0.832,no,0.000,no,no,2798.167,247.934,32.115,-0.000,0.663,no,no,accepted,,cfa80629f89a729b0378e40ba9428abe7950ba183d1395ff1267efe55e48c697,0.064863,,keep,,yes
images/22584368132096-gplhbrv42nbezaq1lzw8174npzs3__p001.png,22584368132096_gplhbrv42nbezaq1lzw8174npzs3.pdf,1,pdf,1653,2339,0,0.922,no,0.000,no,no,5143.906,243.067,42.102,-0.000,0.771,no,no,accepted,,e2cb98b87ed20f57a2271e12ba985ba2cb5b64ded0e4ee7984b491b2b8ff4c23,0.085892,,keep,,yes
images/22584368136192-t4qaxoiwpg0gn87krn170jdzy5vb__p001.png,22584368136192_t4qaxoiwpg0gn87krn170jdzy5vb.pdf,1,pdf,1653,2339,0,0.923,no,0.000,no,no,5140.475,243.074,42.095,-0.000,0.764,no,no,accepted,,3109b72131793ef9e9c61806bc7792b4e1126981f3d90342a94ab204dc5b6a8c,0.085872,,keep,,yes
images/22584368140288-z4pgg23u6kz7mlas4f551iagrdec__p001.png,22584368140288_z4pgg23u6kz7mlas4f551iagrdec.pdf,1,pdf,1653,2339,0,0.925,no,0.000,no,no,7484.798,239.575,47.561,-0.000,0.760,no,no,accepted,,dd989e538eb1fecfa3197d20fb40ac749b20950e3948ac601db84b03696f62a0,0.110238,,keep,,yes
images/22584368148480-gmhho2e4zx5941kr6l8lo1bjjjdt__p001.png,22584368148480_gmhho2e4zx5941kr6l8lo1bjjjdt.pdf,1,pdf,1654,2339,0,0.910,no,0.000,no,no,5457.158,241.959,40.178,0.125,0.753,no,no,accepted,,7a82a88a94220a2e1ea98e2dda8512c578d8870c97e0b40ae5b91d5de179cfb8,0.147979,,keep,,yes
images/22584368148480-gmhho2e4zx5941kr6l8lo1bjjjdt__p002.png,22584368148480_gmhho2e4zx5941kr6l8lo1bjjjdt.pdf,2,pdf,1654,2339,0,0.918,no,0.000,no,no,5027.126,245.517,34.109,-0.000,0.835,no,no,accepted,,0558051a5abafa835b4d9001d1b9b5fe2e1e3441657d0c0b9fa3b6f3d12f7c7d,0.104210,,keep,,yes
images/22584368148480-gmhho2e4zx5941kr6l8lo1bjjjdt__p003.png,22584368148480_gmhho2e4zx5941kr6l8lo1bjjjdt.pdf,3,pdf,1654,2339,0,0.921,no,0.000,no,no,5667.158,243.537,36.445,-0.000,0.978,no,no,accepted,,1dc3d464d4820aa8f11e8d146075bbf8dd976b82accc09a95988bf5ff8c1a38e,0.132875,,keep,,yes
images/22584368148480-gmhho2e4zx5941kr6l8lo1bjjjdt__p004.png,22584368148480_gmhho2e4zx5941kr6l8lo1bjjjdt.pdf,4,pdf,1654,2339,0,0.921,no,0.000,no,no,5754.270,242.433,37.484,-0.000,0.985,no,no,accepted,,708e67d7d05bcbcb69c7faa0461061433465ae5dcb3d6a5a220c9ea654e84ef7,0.171398,,keep,,yes
images/22584368148480-gmhho2e4zx5941kr6l8lo1bjjjdt__p005.png,22584368148480_gmhho2e4zx5941kr6l8lo1bjjjdt.pdf,5,pdf,1654,2339,0,0.924,no,0.000,no,no,5371.344,244.399,34.951,-0.000,0.948,no,no,accepted,,c6fc5e7b558567ed5d6a0d866f4397bdb21a760e4d323df2e80e390670919437,0.130614,,keep,,yes
images/22584368148480-gmhho2e4zx5941kr6l8lo1bjjjdt__p006.png,22584368148480_gmhho2e4zx5941kr6l8lo1bjjjdt.pdf,6,pdf,1654,2339,0,0.921,no,0.000,no,no,5657.150,243.978,35.613,-0.000,0.959,no,no,accepted,,62521a17d1a3175924e4908844b1927155c70e76b740936d23efd53d800c5f62,0.132012,,keep,,yes
images/22584368156672-k1q46k3093tybqewnynjw0qblsvs__p001.png,22584368156672_k1q46k3093tybqewnynjw0qblsvs.pdf,1,pdf,6089,9212,0,0.920,no,0.000,no,no,4835.334,240.697,41.259,-0.000,0.925,no,no,accepted,,ef8930236ca394ec563a2fc575e2025f4853bf48ea7995cdb65d79f344467774,0.127078,,keep,,yes
images/22589955518464-fgz26fzk6dxa2kir99d9d4xk2gvc__p001.png,22589955518464_fgz26fzk6dxa2kir99d9d4xk2gvc.pdf,1,pdf,1654,2339,0,0.882,no,0.000,no,no,2687.702,251.003,23.334,-0.500,0.561,no,no,review,overexposed;skew_uncertain,b87d7686eb772c7b8a7ce08ccb09dbf413271148e61f89950ce5e2cdf1378bf9,0.024907,,review,,yes
images/22590040588288-t832bx3rse25job0tyg3nxenk5th__p001.png,22590040588288_t832bx3rse25job0tyg3nxenk5th.pdf,1,pdf,1700,2200,0,0.923,no,0.000,no,no,2596.929,234.834,57.570,-0.000,0.831,no,no,accepted,,14a8e98cb229d7d36abbe81450e52aa3098ecc743a0d8acea66391ba36747d14,0.112501,,keep,,yes
images/22957638189056-rsw0ysrwkjuen1i1o1xdd0v989sh__p001.png,22957638189056_rsw0ysrwkjuen1i1o1xdd0v989sh.pdf,1,pdf,1654,2339,0,0.922,no,0.000,no,no,2036.331,244.479,27.428,0.250,0.944,no,no,accepted,,8b0864335d4de1583e50654d4d516a15f5326601dc0f6458179617969918fe77,0.140206,,keep,,yes
images/22957638189056-rsw0ysrwkjuen1i1o1xdd0v989sh__p002.png,22957638189056_rsw0ysrwkjuen1i1o1xdd0v989sh.pdf,2,pdf,1654,2339,0,0.781,no,0.000,no,no,869.778,247.827,22.440,0.250,0.843,no,no,accepted,,1ab7f65b132a82868caeba584952211f3fe940997b273f40a241abd0c7667774,0.103452,,keep,,yes
images/23-1-dipro-pneu__p001.png,23-1 DIPRO PNEU.pdf,1,pdf,1654,2339,0,0.881,no,0.636,no,no,3782.008,242.085,43.916,-0.000,0.782,no,no,review,document_contour_uncertain,435abad7d6af82f0f58a2a7e63d256dea31d3139369b204592489dc7e9154c68,0.077748,,review,,yes
images/23-10-orange__p001.png,23-10 ORANGE.pdf,1,pdf,1654,2339,0,0.925,no,0.000,no,no,1403.506,241.972,42.814,0.250,0.640,no,no,accepted,,508f0fa3f0b19b4b8e96b62bd9080d53c168930de06a9cd0f4d304f2ec52b297,0.098982,,keep,,yes
images/23384685322240-ndxme64inb1qhjwjo36yuait1s1i__p001.png,23384685322240_ndxme64inb1qhjwjo36yuait1s1i.pdf,1,pdf,1653,2339,0,0.921,no,0.000,no,no,8130.138,242.894,38.736,-0.000,0.809,no,no,accepted,,7ca181a6baf384101cdb23279e351e345bc6d322b048d5735e7500a015b861b5,0.082887,,keep,,yes
images/23384685322240-ndxme64inb1qhjwjo36yuait1s1i__p002.png,23384685322240_ndxme64inb1qhjwjo36yuait1s1i.pdf,2,pdf,1653,2339,0,0.925,no,0.000,no,no,7017.068,244.132,36.369,-0.000,0.861,no,no,accepted,,a097a204cbbcb140a0325e538dfe42cc8f47e197da6d8f48215035a0928362e8,0.077039,,keep,,yes
images/23384685322240-ndxme64inb1qhjwjo36yuait1s1i__p003.png,23384685322240_ndxme64inb1qhjwjo36yuait1s1i.pdf,3,pdf,1653,2339,0,0.926,no,0.000,no,no,4142.184,248.263,28.408,-0.000,0.704,no,no,accepted,,ddbaca04a52903fc31e030168d9f8494dfc3842c12d3c4af666eab3080538c86,0.052275,,keep,,yes
images/23422762954752-qqbsjnk1znf5x8wcwht0avv77wnj__p001.png,23422762954752_qqbsjnk1znf5x8wcwht0avv77wnj.pdf,1,pdf,1660,2346,0,0.925,no,0.000,no,no,3389.181,238.588,41.476,0.250,0.715,no,no,accepted,,8334b0d52b878c20affc2e5dbfc4058d32fa189410ca4ec090fb29182cc5c7d0,0.187139,,keep,,yes
images/23422762958848-y6jrfykkpyeye0chgefzjckps0z5__p001.png,23422762958848_y6jrfykkpyeye0chgefzjckps0z5.pdf,1,pdf,1658,2349,0,0.923,no,0.000,no,no,3502.095,238.266,41.930,0.250,0.711,no,no,accepted,,4ca78d40e8bcfc12658cdc65297e01d9f76b96e218e21e34f952a4f56058111f,0.189201,,keep,,yes
images/23422762962944-5v4e0iifx5592sng8tgh4ks69ewc__p001.png,23422762962944_5v4e0iifx5592sng8tgh4ks69ewc.pdf,1,pdf,1660,2348,0,0.916,no,0.000,no,no,3403.342,238.370,41.767,0.750,0.610,no,no,review,skew_uncertain,a9bbda024d9b7f12c900dce317acadd7ebed9f07aec32f2b770597c81e352bc4,0.187168,,review,,yes
images/23422762967040-tohxkj8d44ntvl0quyhnnxqnpn3c__p001.png,23422762967040_tohxkj8d44ntvl0quyhnnxqnpn3c.pdf,1,pdf,1656,2343,0,0.925,no,0.000,no,no,2845.489,238.839,40.516,0.500,0.614,no,no,accepted,,d23068aca5012d2c8ccf324e3cfcf31d4acde08f673a6ed49de564f8497a8b7f,0.189561,,keep,,yes
images/23422762971136-saveekpcsitarzcdd59q0nsdz7hf__p001.png,23422762971136_saveekpcsitarzcdd59q0nsdz7hf.pdf,1,pdf,1656,2345,0,0.925,no,0.000,no,no,2829.504,239.227,40.042,0.500,0.647,no,no,accepted,,f9532bc6a1c625d4b0e4b79ae82f6fd368fe01f3164a9c769a1509ea6daccab6,0.188646,,keep,,yes
images/23422762975232-czjx5yqxxmzxuwppqpzqy31kye5u__p001.png,23422762975232_czjx5yqxxmzxuwppqpzqy31kye5u.pdf,1,pdf,1660,2345,0,0.917,no,0.000,no,no,2872.545,239.010,40.367,0.750,0.606,no,no,review,skew_uncertain,34583ee49b0dbfaa7d146973383a02e32880b49a45d67eaa250ed7d68b6163ea,0.188898,,review,,yes
images/23422762979328-dtqysho7k4ngq5tdly69s2jnmcqy__p001.png,23422762979328_dtqysho7k4ngq5tdly69s2jnmcqy.pdf,1,pdf,1662,2340,0,0.920,no,0.000,no,no,2816.370,238.924,40.447,0.500,0.651,no,no,accepted,,19fa25db3559dcf1ff1f7e282a8ba2e988c2da25cf11a01b913fb16b6b6e33d9,0.188167,,keep,,yes
images/23422762983424-cktnme44ujxkp9115cwwbhkaq8ry__p001.png,23422762983424_cktnme44ujxkp9115cwwbhkaq8ry.pdf,1,pdf,1656,2346,0,0.922,no,0.000,no,no,2848.236,239.044,40.275,0.250,0.711,no,no,accepted,,85cd14037479a7d20f5fac8922db0bcf5c464f60cfd3375c4efe04be11c1bb1c,0.188507,,keep,,yes
images/23422762987520-rx38hyw4yg2bel9nputu6q4yj4f3__p001.png,23422762987520_rx38hyw4yg2bel9nputu6q4yj4f3.pdf,1,pdf,1662,2342,0,0.914,no,0.000,no,no,3327.327,238.651,41.362,0.250,0.651,no,no,accepted,,b5fc23deaf6c5193cb3ef13796d8ff07d84cfa1e10d0ffd4c1f8d63f41250cd3,0.186783,,keep,,yes
images/23422762991616-a5ecro8s81baaq1x4384jkejiy2y__p001.png,23422762991616_a5ecro8s81baaq1x4384jkejiy2y.pdf,1,pdf,1656,2347,0,0.922,no,0.000,no,no,2843.413,239.029,40.253,0.250,0.670,no,no,accepted,,ab07ef0abccf88b2db25651c5d910e133b47a8eee2110013388024df22cbfdfc,0.187642,,keep,,yes
images/23422762995712-pe7op3s4w7ws7l2xfyy1hj9cikdj__p001.png,23422762995712_pe7op3s4w7ws7l2xfyy1hj9cikdj.pdf,1,pdf,1666,2344,0,0.921,no,0.000,no,no,2791.661,238.894,40.348,-0.000,0.677,no,no,accepted,,df5820ba9ba4870a015b98ee9a48f0c045a131e0e9cb78e278dea11c9219ad6d,0.190027,,keep,,yes
images/23422762999808-emqdi4h1xh2mt1rl9b9jk8zjnqkd__p001.png,23422762999808_emqdi4h1xh2mt1rl9b9jk8zjnqkd.pdf,1,pdf,1674,2349,0,0.916,no,0.000,no,no,2783.786,239.362,39.730,1.000,0.640,no,no,review,skew_uncertain,19b23d8f6143f4410fff9d03532e1cb8b269081c539a09434489866b997d913b,0.188502,,review,,yes
images/23422763003904-eym2w9ys2l8edd8bxarcsx95zpg2__p001.png,23422763003904_eym2w9ys2l8edd8bxarcsx95zpg2.pdf,1,pdf,1658,2347,0,0.917,no,0.000,no,no,3318.174,238.819,41.101,0.250,0.666,no,no,accepted,,0c1ee28456d6960a9c6a031a04d5ec444c8c080520f677dc42f2a9b7c1fae9b2,0.186253,,keep,,yes
images/23422763008000-q0wmkum05dvzchtc38o9ebwpj9h1__p001.png,23422763008000_q0wmkum05dvzchtc38o9ebwpj9h1.pdf,1,pdf,1660,2342,0,0.917,no,0.000,no,no,2836.901,238.832,40.419,0.500,0.685,no,no,accepted,,0677dfd2b2e35994ed003560bbf53d51621dbb4b1a0e6f33d39da9375d45edf6,0.189915,,keep,,yes
images/23422763012096-vnx4c64w82lrwc6ckwemxqo94osa__p001.png,23422763012096_vnx4c64w82lrwc6ckwemxqo94osa.pdf,1,pdf,1656,2346,0,0.915,no,0.000,no,no,2901.521,238.987,40.323,0.500,0.659,no,no,accepted,,84a6eca4a19bc9b8522a3b59d1dd9e942c629f14489f1e15a53c53a846bb6026,0.188577,,keep,,yes
images/23422763016192-xaf6da1e1n0wtiof4aglljbftktn__p001.png,23422763016192_xaf6da1e1n0wtiof4aglljbftktn.pdf,1,pdf,1662,2346,0,0.913,no,0.000,no,no,2806.794,239.079,40.112,0.375,0.685,no,no,accepted,,8f383320df8be74bec16f8ee693018f53b532bbad1cb08e0fbdf55742f5e382a,0.188554,,keep,,yes
images/23422763024384-ogaqv0o292vuwi5l8h9mzrl7pitf__p001.png,23422763024384_ogaqv0o292vuwi5l8h9mzrl7pitf.pdf,1,pdf,1660,2348,0,0.916,no,0.000,no,no,2849.127,239.338,39.766,0.500,0.655,no,no,accepted,,e6035af416c94348a5f1ebfc0a7463c255a0b7e2e3e8a380952121b30e83d0bb,0.189163,,keep,,yes
images/23422763028480-o8fraov9rzb6mg7pvyie6eialsjb__p001.png,23422763028480_o8fraov9rzb6mg7pvyie6eialsjb.pdf,1,pdf,1662,2344,0,0.894,no,0.000,no,no,2873.628,239.183,40.003,0.250,0.685,no,no,accepted,,1e787bf940c7d58961431f7906f7f48c309e510fd8b9fdc0f380621fa885db9d,0.189734,,keep,,yes
images/23422763032576-onbcsp5urb6zq6v3uslu6fd31p05__p001.png,23422763032576_onbcsp5urb6zq6v3uslu6fd31p05.pdf,1,pdf,1660,2348,0,0.928,no,0.000,no,no,3639.273,244.815,37.481,0.250,0.625,no,no,accepted,,86d2ff896ca578f4d36c499cb6dc3b16486ed24bcfa4025b1ad070c3131defa4,0.080115,,keep,,yes
images/23422763036672-7lbwkmnzdjf5d2d7cmwb3ucenncs__p001.png,23422763036672_7lbwkmnzdjf5d2d7cmwb3ucenncs.pdf,1,pdf,1656,2346,0,0.896,no,0.000,no,no,2876.471,239.007,40.241,0.250,0.708,no,no,accepted,,599fd596476431d8b2f024f75c165eaea374c7aee3b3066a667374c04d9719a3,0.190903,,keep,,yes
images/23422763040768-pjaebu8fh167xk37j4go7ap124xx__p001.png,23422763040768_pjaebu8fh167xk37j4go7ap124xx.pdf,1,pdf,1654,2343,0,0.915,no,0.000,no,no,2816.784,239.064,40.108,0.500,0.610,no,no,accepted,,1ba629dfa73bc51f240308c299b02200adb77bcbe1fc3bbe0b3ed9443c19bf85,0.189116,,keep,,yes
images/23422763044864-ywq7132oonu4o9yilwec3n8yraxa__p001.png,23422763044864_ywq7132oonu4o9yilwec3n8yraxa.pdf,1,pdf,1660,2345,0,0.911,no,0.000,no,no,2734.376,239.071,40.050,0.250,0.655,no,no,accepted,,c14f7d587d0cb652fc1cad522a8b2ea80044efaef049b741b3e994cca30c7087,0.190361,,keep,,yes
images/23422763053056-ctsqw0cdx4076brot2u32tu9qr6f__p001.png,23422763053056_ctsqw0cdx4076brot2u32tu9qr6f.pdf,1,pdf,1656,2343,0,0.921,no,0.000,no,no,2807.453,238.822,40.430,0.250,0.681,no,no,accepted,,764fba54d32fec4eb7838fdf5f2ffca8410fcaef9e48de97e9f8d68d7940dad2,0.189416,,keep,,yes
images/23422763061248-pdpck0y8y5jnh31zbcy6jm34oq0a__p001.png,23422763061248_pdpck0y8y5jnh31zbcy6jm34oq0a.pdf,1,pdf,1703,2371,0,0.911,no,0.000,no,no,2763.565,239.446,39.588,0.750,0.666,yes,no,corrected,deskewed,e1c15529cdcd7bf428dbc82aaaa8a175532897f77a10c2e0bdafa82a289d21da,0.181234,,keep,,yes
images/23422763065344-vhvu3dqbidj3q1gdho1afg7v4bsp__p001.png,23422763065344_vhvu3dqbidj3q1gdho1afg7v4bsp.pdf,1,pdf,1656,2342,0,0.926,no,0.000,no,no,2862.202,238.954,40.405,0.500,0.677,no,no,accepted,,791303ce0b0e5a545e5886b71b9ccb39e04d972a273c78a1cf3e48e96e161197,0.188635,,keep,,yes
images/23422763069440-iwmbais06cpl8ady20pnp5mmqjj2__p001.png,23422763069440_iwmbais06cpl8ady20pnp5mmqjj2.pdf,1,pdf,1660,2346,0,0.898,no,0.000,no,no,3430.864,238.730,41.377,0.250,0.711,no,no,accepted,,3287b668a124eab0223550a0a0ddd2d86e355bd8e8ee5d5cea6a0ad97f7204cb,0.187443,,keep,,yes
images/23422763073536-08rui7as5fpvtn1saltjqxhktmsf__p001.png,23422763073536_08rui7as5fpvtn1saltjqxhktmsf.pdf,1,pdf,1656,2345,0,0.922,no,0.000,no,no,2865.406,238.954,40.394,0.500,0.655,no,no,accepted,,cfd2a0404e31e1581ee4eb02ce293a818a81ef97b9fefe8eb6d057e8a7e5b729,0.189526,,keep,,yes
images/23422763081728-lnqy2ke00l5b707wpx5yohdt0nek__p001.png,23422763081728_lnqy2ke00l5b707wpx5yohdt0nek.pdf,1,pdf,1654,2346,0,0.922,no,0.000,no,no,2865.220,238.817,40.496,0.250,0.711,no,no,accepted,,90cf08724fd51c09d29a0c1272829b6171c9f36c175af5dce316a5f18a1750f6,0.190302,,keep,,yes
images/23422763085824-4e5huvgafmzetpczghof7f3b12w2__p001.png,23422763085824_4e5huvgafmzetpczghof7f3b12w2.pdf,1,pdf,1662,2348,0,0.917,no,0.000,no,no,2832.686,238.826,40.563,0.500,0.674,no,no,accepted,,f3a9af0dcce5536e683303e365db6cb536ce66edbd7e76faff53acac90636d81,0.188563,,keep,,yes
images/23422763089920-9blpte3bd54wet8ql779zg3ltovb__p001.png,23422763089920_9blpte3bd54wet8ql779zg3ltovb.pdf,1,pdf,1652,2343,0,0.912,no,0.000,no,no,2838.297,238.694,40.711,0.500,0.659,no,no,accepted,,b5e96fa4abcb7c75a297e487b39afaa5e1b478d96b86284aa660fe4542932b52,0.189968,,keep,,yes
images/23422763094016-8rrycbojqaq7ca133cueaibnkyp0__p001.png,23422763094016_8rrycbojqaq7ca133cueaibnkyp0.pdf,1,pdf,1650,2344,0,0.922,no,0.000,no,no,2858.926,238.956,40.357,0.375,0.715,no,no,accepted,,25b09851940d11e5fec481a6336ae4a8a4ca19cf9c5137320d24b54062aa8c0d,0.190515,,keep,,yes
images/23422763098112-p00gebalabam8c4vq4njqzvsnqtp__p001.png,23422763098112_p00gebalabam8c4vq4njqzvsnqtp.pdf,1,pdf,1662,2342,0,0.916,no,0.000,no,no,2846.773,238.815,40.513,0.750,0.636,no,no,review,skew_uncertain,3d0c28181be491cb116f0293b91903299c83c0be340a01f77495314f22f13e15,0.190246,,review,,yes
images/23422763102208-iemic6qwwxpccm6n6pjc5weqeynz__p001.png,23422763102208_iemic6qwwxpccm6n6pjc5weqeynz.pdf,1,pdf,1660,2345,0,0.921,no,0.000,no,no,2840.165,238.904,40.472,0.500,0.659,no,no,accepted,,0663d148b427828f7f8433bb45964f262c55dec5b2064a30a5a546d4d4ea2dc8,0.188720,,keep,,yes
images/23422763106304-jnbifqk9i3n9jfszb17ko2g88fwe__p001.png,23422763106304_jnbifqk9i3n9jfszb17ko2g88fwe.pdf,1,pdf,1656,2340,0,0.905,no,0.000,no,no,2805.707,238.855,40.476,0.500,0.659,no,no,accepted,,9292b9a3b4146c366670d79d509aabb027e969fd865ecc927019c8247f77035e,0.189184,,keep,,yes
images/23422763110400-m1kmkmq06swdfgjokblngj6npr65__p001.png,23422763110400_m1kmkmq06swdfgjokblngj6npr65.pdf,1,pdf,1658,2344,0,0.883,no,0.000,no,no,2784.894,238.964,40.172,0.500,0.636,no,no,accepted,,e3881a109532db20a17144948babaa7d7fde4ba71125030706af011fba74ca58,0.189315,,keep,,yes
images/23422763114496-6ljeuo5o86ak6mvpl83yqucx01gh__p001.png,23422763114496_6ljeuo5o86ak6mvpl83yqucx01gh.pdf,1,pdf,1671,2347,0,0.903,no,0.000,no,no,2824.266,238.897,40.491,0.750,0.614,no,no,review,skew_uncertain,08eb575d454e1bf7d8b2450150149b955e5ebeebf4e48b4e54a7b72aa267937b,0.187408,,review,,yes
images/23422763118592-c6cbsc0t2ayaiomzzmwf1f9v4ti1__p001.png,23422763118592_c6cbsc0t2ayaiomzzmwf1f9v4ti1.pdf,1,pdf,1652,2337,0,0.914,no,0.000,no,no,2773.306,239.161,39.906,0.500,0.647,no,no,accepted,,c6428c2ef6e4bd4bd70da94d804efa54de0e4ec93869834fb84557b79a37d8c6,0.188964,,keep,,yes
images/23422763315200-1b3pqkup3850mil1680tmwo74bj2__p001.png,23422763315200_1b3pqkup3850mil1680tmwo74bj2.pdf,1,pdf,1654,2342,0,0.873,no,0.000,no,no,2629.049,242.806,38.079,0.500,0.689,no,no,accepted,,12b401375702b0a9e64bb4e1b25c5be90c37a261c2777e1ba9ee769db1cbcecd,0.106713,,keep,,yes
images/23422763319296-cfz7zflponrq56oks7wgxxdpbxjt__p001.png,23422763319296_cfz7zflponrq56oks7wgxxdpbxjt.pdf,1,pdf,1668,2347,0,0.913,no,0.000,no,no,2208.907,245.805,30.419,-0.250,0.730,no,no,accepted,,2510457d2c162a9cfce60103a74a94eafda402ff2a7bdf971aa6a6f4b83d3d12,0.102875,,keep,,yes
images/23422763323392-a2p2gp0nyxzalof5ep7gwodfnk5p__p001.png,23422763323392_a2p2gp0nyxzalof5ep7gwodfnk5p.pdf,1,pdf,1656,2342,0,0.910,no,0.000,no,no,2746.732,242.163,39.263,0.125,0.741,no,no,accepted,,c21453193146a6f0e1c6bb60eab7dfb0fefe5f783cfee50b41c3f1a3d0d55ae6,0.111449,,keep,,yes
images/23422763327488-3sx7yv85kqllau8rvxqfo07n6l43__p001.png,23422763327488_3sx7yv85kqllau8rvxqfo07n6l43.pdf,1,pdf,1658,2345,0,0.922,no,0.000,no,no,3654.687,237.387,49.816,-0.000,0.782,no,no,accepted,,e065141d68b0691b094b33971c166f1e9b3698e72636e87bccaf2b8a64488801,0.132791,,keep,,yes
images/23422763393024-f6w59llcxlqriq0xgxc3ys7lqopv__p001.png,23422763393024_f6w59llcxlqriq0xgxc3ys7lqopv.pdf,1,pdf,1666,2341,0,0.900,no,0.000,no,no,3214.860,237.523,34.696,-0.000,0.738,no,no,accepted,,f56ff08da6531cc8f728bf48992ffce23dd2f7fcafb027ce5a8cc10006f39273,0.325722,,keep,,yes
images/23422763401216-47y099r1shs36nfrlowih5uez2nz__p001.png,23422763401216_47y099r1shs36nfrlowih5uez2nz.pdf,1,pdf,1664,2344,0,0.928,no,0.000,no,no,3269.116,237.027,35.465,0.125,0.771,no,no,accepted,,b498f3a882549e5b9b78c7c636c24f049d65f54e2bdf82b7d52fbba30762d193,0.326331,,keep,,yes
images/23422763454464-4cfyo9bya08oiw2eh6458at6oumx__p001.png,23422763454464_4cfyo9bya08oiw2eh6458at6oumx.pdf,1,pdf,1660,2346,0,0.923,no,0.000,no,no,1963.319,246.243,31.081,-0.000,0.659,no,no,accepted,,4cfa13caf08f5e71b627d8117f02e1bf12fdb7533bbc8aed09a88bda1224677d,0.093450,,keep,,yes
images/23422763458560-4qc8ykulud07lqs5rg3seojzmhzk__p001.png,23422763458560_4qc8ykulud07lqs5rg3seojzmhzk.pdf,1,pdf,1662,2345,0,0.908,no,0.000,no,no,1735.996,247.513,29.309,0.250,0.775,no,no,accepted,,e9a642f681c0918ab71eb06ac7730baeff329e7c12d0551c30b1e29eb43b260d,0.078678,,keep,,yes
images/23422763462656-60bpxrrxqh14tpgxiwjdnasijof5__p001.png,23422763462656_60bpxrrxqh14tpgxiwjdnasijof5.pdf,1,pdf,1666,2345,0,0.918,no,0.000,no,no,1656.413,247.772,28.938,0.250,0.753,no,no,accepted,,1c884dc4765431f02a5e3629238f364dd5f5bbca43b27602565d4fb3e9ee442c,0.075172,,keep,,yes
images/23422763466752-8lxhdewd6nrj60byrtsx953hr8z4__p001.png,23422763466752_8lxhdewd6nrj60byrtsx953hr8z4.pdf,1,pdf,1666,2345,0,0.892,no,0.000,no,no,2031.418,246.331,30.655,-0.000,0.767,no,no,accepted,,94f7b709d0846aec58e32ed33881dbe6d4b0db43707501d4b014bcc0392319d3,0.092512,,keep,,yes
images/23422763466752-8lxhdewd6nrj60byrtsx953hr8z4__p002.png,23422763466752_8lxhdewd6nrj60byrtsx953hr8z4.pdf,2,pdf,1662,2342,0,0.571,no,0.000,no,no,690.627,252.931,16.645,-0.000,0.633,no,yes,review,contrast_enhanced;overexposed,3b2873c5fac4feae3b659d9da4c92a26385bb59024b3424d91bc995181c06a1e,0.023630,,review,,yes
images/23422763679744-9iqe7zxk2ks0xov5z7kowl8ji27k__p001.png,23422763679744_9iqe7zxk2ks0xov5z7kowl8ji27k.pdf,1,pdf,1654,2342,0,0.926,no,0.000,no,no,3558.786,243.236,39.395,-0.000,0.809,no,no,accepted,,5a5aa4e4ed45872610cad8a054dc960c838c68cbd600ca6d24576bdb59b85b57,0.094599,,keep,,yes
images/23422763724800-isj0laax4pryyoj4rk8zm1kjsf8q__p001.png,23422763724800_isj0laax4pryyoj4rk8zm1kjsf8q.pdf,1,pdf,1658,2344,180,0.300,no,0.000,no,no,1592.338,247.779,28.608,-0.000,0.711,no,no,review,orientation_uncertain,e1a7236dbefa9f096562f7bda05fe70f520a2abbfc1576cc6d8bf0be5f62436e,0.076687,,review,,yes
images/23544048222208-yaclxtxb8mbgmhjw2l63m85zhe1f__p001.png,23544048222208_yaclxtxb8mbgmhjw2l63m85zhe1f.pdf,1,pdf,1653,2339,0,0.925,no,0.000,no,no,5142.030,238.207,42.408,-0.000,0.951,no,no,accepted,,0c6891cab57160d232ddab046b58b8e3e7363eb4131d56886281ca2e98237603,0.173113,,keep,,yes
images/23544048594944-jgn2g7rpcqu4iq2s0fai2uwvpzdq__p001.png,23544048594944_jgn2g7rpcqu4iq2s0fai2uwvpzdq.pdf,1,pdf,1653,2339,0,0.930,no,0.000,no,no,2229.970,244.040,32.845,-0.000,0.782,no,no,accepted,,e6e243e774528272829b3d42345443ec7f0ed65bec36ba6aa31b75eedb0b93fb,0.130381,,keep,,yes
images/23544048594944-jgn2g7rpcqu4iq2s0fai2uwvpzdq__p002.png,23544048594944_jgn2g7rpcqu4iq2s0fai2uwvpzdq.pdf,2,pdf,1653,2339,0,0.927,no,0.000,no,no,2787.638,244.145,30.777,-0.125,0.872,no,no,accepted,,2cca6b99ae136b1d4cb37a04c90248279edbbd238f0b8bcb56d0ab0a61626e23,0.128223,,keep,,yes
images/23544048611328-cdvfef80gr9vtbsu3x8cr0ci8pr0__p001.png,23544048611328_cdvfef80gr9vtbsu3x8cr0ci8pr0.pdf,1,pdf,1653,2339,0,0.925,no,0.000,no,no,5775.374,238.859,41.617,0.250,1.000,no,no,accepted,,6edf967ec49825494add35a41015d7a7f7c471462268aee4ff1e6309943b4ede,0.158143,,keep,,yes
images/23544048611328-cdvfef80gr9vtbsu3x8cr0ci8pr0__p002.png,23544048611328_cdvfef80gr9vtbsu3x8cr0ci8pr0.pdf,2,pdf,1653,2339,0,0.892,no,0.000,no,no,4516.803,243.054,39.306,-0.000,0.771,no,no,accepted,,c4fdc31a2ee621315f1cec6c0d3d7dd548ad1b3730e824435bd1c7ccaf172ba9,0.091984,,keep,,yes
images/23544048615424-vcv5jt6brthivg6pk6x41ix97s2j__p001.png,23544048615424_vcv5jt6brthivg6pk6x41ix97s2j.pdf,1,pdf,1653,2339,0,0.919,no,0.000,no,no,5790.463,237.929,46.470,-0.000,0.843,no,no,accepted,,1f7f5d28974740e08290961da868bb623266876a4a0d3e4e9531f33f59bcb94d,0.142378,,keep,,yes
images/23544048615424-vcv5jt6brthivg6pk6x41ix97s2j__p002.png,23544048615424_vcv5jt6brthivg6pk6x41ix97s2j.pdf,2,pdf,1653,2339,270,0.650,no,0.000,no,no,2548.058,246.978,32.260,1.125,0.603,no,no,review,orientation_uncertain;skew_uncertain,4cb9854fcb7ec0ac14e7409009b5327f7584b96261983afe976112f8a5d0a990,0.079932,,review,,yes
images/23544048619520-xg15wtjnpo664g64d5r77s23v6zs__p001.png,23544048619520_xg15wtjnpo664g64d5r77s23v6zs.pdf,1,pdf,1653,2339,0,0.789,no,0.000,no,no,2704.979,247.247,31.468,-0.750,0.617,no,no,review,skew_uncertain,e3b8c36a6bcb8ba606d13a934870f2b3e65bafa779e9761ae19bb613176e370c,0.063484,,review,,yes
images/23544048652288-yx3ejlyrh5c27xbo3ep4lp3jc6xu__p001.png,23544048652288_yx3ejlyrh5c27xbo3ep4lp3jc6xu.pdf,1,pdf,1653,2339,0,0.897,no,0.000,no,no,8056.765,230.712,56.473,-0.000,0.876,no,no,accepted,,d25013f69dc57baa98f94ddad751fc688dcea328baad8b1424d1e2c9193c1747,0.174193,,keep,,yes
images/23544048652288-yx3ejlyrh5c27xbo3ep4lp3jc6xu__p002.png,23544048652288_yx3ejlyrh5c27xbo3ep4lp3jc6xu.pdf,2,pdf,1653,2339,0,0.876,no,0.000,no,no,7455.624,235.659,49.340,0.250,0.861,no,no,accepted,,5d2ea81e3642d43ecf4b5d05119dbb539f4ee6e6c1fb3438daf02da72acb81c4,0.144657,,keep,,yes
images/23544048656384-4aag7k8y9vdsyosmng2msyk7abec__p001.png,23544048656384_4aag7k8y9vdsyosmng2msyk7abec.pdf,1,pdf,1653,2339,0,0.924,no,0.000,no,no,6363.282,238.408,44.436,-0.250,0.820,no,no,accepted,,441da1abe32e1b69b399803e7b1891ce07ca5125151f0cf14a6f6c97ef6faef5,0.133235,,keep,,yes
images/23544048656384-4aag7k8y9vdsyosmng2msyk7abec__p002.png,23544048656384_4aag7k8y9vdsyosmng2msyk7abec.pdf,2,pdf,1653,2339,0,0.903,no,0.000,no,no,5969.964,239.599,43.149,-0.000,0.835,no,no,accepted,,8927d350f6af64a2fe8b449ab3ef2eae057105b0f1f7c2115af5816398be1847,0.123137,,keep,,yes
images/23544048656384-4aag7k8y9vdsyosmng2msyk7abec__p003.png,23544048656384_4aag7k8y9vdsyosmng2msyk7abec.pdf,3,pdf,1653,2339,0,0.920,no,0.000,no,no,6887.860,237.390,45.380,-0.000,0.794,no,no,accepted,,eb09ed97f8049bb61e8d7df0987ae57ab860ef32a8a38497d240cc860e2b3a81,0.142305,,keep,,yes
images/23544048656384-4aag7k8y9vdsyosmng2msyk7abec__p004.png,23544048656384_4aag7k8y9vdsyosmng2msyk7abec.pdf,4,pdf,1653,2339,0,0.926,no,0.000,no,no,4573.562,241.429,40.068,-0.000,0.858,no,no,accepted,,6f3d1da0430c4f7de4a406a2a7e130a14032adaab0874ba3e8155d0fd35e1e63,0.112079,,keep,,yes
images/23544048705536-z0s0zbum8jcv94cri9msq6jl8ncu__p001.png,23544048705536_z0s0zbum8jcv94cri9msq6jl8ncu.pdf,1,pdf,1653,2339,0,0.922,no,0.000,no,no,3980.205,232.617,50.749,-0.000,0.902,no,no,accepted,,4980377e041b2f1162721e8740a517e9572b5b8579e010011179d7839d463ce2,0.209073,,keep,,yes
images/23544048717824-zv6j70m62kfcajnrtpgdalfl4mh3__p001.png,23544048717824_zv6j70m62kfcajnrtpgdalfl4mh3.pdf,1,pdf,1653,2339,0,0.925,no,0.000,no,no,2313.648,243.741,33.695,-0.250,0.775,no,no,accepted,,ed91e577f68cd49d0b1fac35a0d16a33b745f3fbc3cb48bf56f9df9137154f63,0.134223,,keep,,yes
images/23544048717824-zv6j70m62kfcajnrtpgdalfl4mh3__p002.png,23544048717824_zv6j70m62kfcajnrtpgdalfl4mh3.pdf,2,pdf,1653,2339,0,0.927,no,0.000,no,no,2540.360,245.297,29.241,0.250,0.887,no,no,accepted,,329230bf8babacff8ec7f34a6c2b45af8521c7e000eac62963ee7a966503b79f,0.114060,,keep,,yes
images/23544048779264-5ax92bw8bbp5j3wmxxrg0qqdf3kp__p001.png,23544048779264_5ax92bw8bbp5j3wmxxrg0qqdf3kp.pdf,1,pdf,1653,2339,0,0.921,no,0.000,no,no,3744.607,243.361,36.980,-0.250,0.794,no,no,accepted,,77c4113d30a729cd2eac780ebc16f4a3bcb7b57d79fafefcd8f607e8bae11322,0.123649,,keep,,yes
images/23544048881664-f5xyc20w2mix2cx0clkiy0l9jo40__p001.png,23544048881664_f5xyc20w2mix2cx0clkiy0l9jo40.pdf,1,pdf,1653,2339,0,0.920,no,0.000,no,no,5429.765,240.449,40.653,-0.250,0.824,no,no,accepted,,a38962fc999e0cc99fc0c2aa57a6994326392dc2b7c64e32267be6ab12c772b3,0.122530,,keep,,yes
images/23544048881664-f5xyc20w2mix2cx0clkiy0l9jo40__p002.png,23544048881664_f5xyc20w2mix2cx0clkiy0l9jo40.pdf,2,pdf,1674,2354,0,0.923,no,0.000,no,no,6360.986,238.168,43.169,-0.500,0.775,yes,no,corrected,deskewed,e654565789f44c138a0d56058f74667d09f79dfdf120b193f00d03409b912c1b,0.140077,,keep,,yes
images/23544048881664-f5xyc20w2mix2cx0clkiy0l9jo40__p003.png,23544048881664_f5xyc20w2mix2cx0clkiy0l9jo40.pdf,3,pdf,1653,2339,0,0.927,no,0.000,no,no,6096.004,237.645,43.485,-0.000,0.955,no,no,accepted,,79edfcb5c9ca8171843b1854f03127c6be16d8de73c78fdc6616792d398cdfb2,0.148319,,keep,,yes
images/23754639437824-djzpxhf9oa6h82qh3hibaibdu4ex__p001.png,23754639437824_djzpxhf9oa6h82qh3hibaibdu4ex.pdf,1,pdf,1701,2380,0,0.923,no,0.000,no,no,4852.081,241.354,37.088,-0.750,0.895,yes,no,corrected,deskewed,4ef4403e5859e6d3b6106b3cc26f9d92eaf472aa766730fb85511a491111effd,0.145495,,keep,,yes
images/23754639437824-djzpxhf9oa6h82qh3hibaibdu4ex__p002.png,23754639437824_djzpxhf9oa6h82qh3hibaibdu4ex.pdf,2,pdf,1670,2358,0,0.893,no,0.000,no,no,2961.943,246.835,30.452,0.250,0.839,no,no,accepted,,2d92aa651696985c23f87364b61852fcc88c09146006171bfab27ee650e97cfd,0.090027,,keep,,yes
images/23754639446016-vntewf1rzy4r9i8cq0l1b3h81k01__p001.png,23754639446016_vntewf1rzy4r9i8cq0l1b3h81k01.pdf,1,pdf,1707,2382,0,0.923,no,0.000,no,no,5511.519,240.155,39.420,-0.750,0.929,yes,no,corrected,deskewed,d3ccb0496ebe60b4d13d9a597a53fc135be47ae02702d2655949e589c80ce96c,0.150220,,keep,,yes
images/23754639446016-vntewf1rzy4r9i8cq0l1b3h81k01__p002.png,23754639446016_vntewf1rzy4r9i8cq0l1b3h81k01.pdf,2,pdf,1672,2361,0,0.877,no,0.000,no,no,3242.311,246.406,32.663,0.250,0.809,no,no,accepted,,3db7ed7379942967e522716ac50c5219788fe589a687f39d9028ea5790efa6af,0.087626,,keep,,yes
images/23754639450112-smq7mgagnh8emu5uqc8ayxx9kkqp__p001.png,23754639450112_smq7mgagnh8emu5uqc8ayxx9kkqp.pdf,1,pdf,1721,2388,0,0.919,no,0.000,no,no,3985.801,242.867,35.943,-1.000,0.865,yes,no,corrected,deskewed,e7e12ceffee1f9afa54a4982d95266dbf762fa5df0309ba58afb8665bad27e60,0.127078,,keep,,yes
images/23754639450112-smq7mgagnh8emu5uqc8ayxx9kkqp__p002.png,23754639450112_smq7mgagnh8emu5uqc8ayxx9kkqp.pdf,2,pdf,1678,2359,0,0.851,no,0.000,no,no,3271.876,246.526,32.246,0.500,0.745,no,no,accepted,,50a59500b08be89c3f1d900a0d649a84ba3f774f385ba5f450b5c953880398c7,0.087048,,keep,,yes
images/23754639458304-zkmvqhdiubjlq7ly8r5pi0oyk0hl__p001.png,23754639458304_zkmvqhdiubjlq7ly8r5pi0oyk0hl.pdf,1,pdf,1728,2401,0,0.924,no,0.000,no,no,4459.482,241.489,37.504,-1.250,0.899,yes,no,corrected,deskewed,eafadce314c1af4f07c8276d8858ec56c022aa020b4a4f2a09350a635c2951c6,0.141302,,keep,,yes
images/23754639458304-zkmvqhdiubjlq7ly8r5pi0oyk0hl__p002.png,23754639458304_zkmvqhdiubjlq7ly8r5pi0oyk0hl.pdf,2,pdf,1674,2365,180,0.921,yes,0.000,no,no,6947.101,224.136,66.618,0.250,0.666,no,no,corrected,rotated_180,a40552efa90931b5bc1dae5c55b7acf484475e7ec3bbcc6c33a0e4a7e785a198,0.212821,,keep,,yes
images/23754639462400-n5hhsuuknu48v5lzi3h5y4alu9ek__p001.png,23754639462400_n5hhsuuknu48v5lzi3h5y4alu9ek.pdf,1,pdf,1674,2356,0,0.923,no,0.000,no,no,5286.953,239.793,42.283,-0.250,0.790,no,no,accepted,,6a88c8e9272371e3d4feecce2c021248d273fa32debe777cefc003f2efa233c5,0.134517,,keep,,yes
images/23754639462400-n5hhsuuknu48v5lzi3h5y4alu9ek__p002.png,23754639462400_n5hhsuuknu48v5lzi3h5y4alu9ek.pdf,2,pdf,1676,2360,270,0.288,no,0.000,no,no,2364.919,247.765,29.426,-0.000,0.640,no,no,review,orientation_uncertain,7a450abceb2f093813cdb889e530bade66b2cbccacd63072d9b90ce117739e1c,0.069369,,review,,yes
images/23754639466496-r4j3gt20or744av6cb22df0lqt2v__p001.png,23754639466496_r4j3gt20or744av6cb22df0lqt2v.pdf,1,pdf,1709,2386,0,0.912,no,0.000,no,no,5126.940,242.874,34.325,-0.750,0.948,yes,no,corrected,deskewed,f66ddf5d73a4598f00d720b3ee3f33c7d6a438efc924892fc45b13e3ee7333a4,0.124329,,keep,,yes
images/23754639466496-r4j3gt20or744av6cb22df0lqt2v__p002.png,23754639466496_r4j3gt20or744av6cb22df0lqt2v.pdf,2,pdf,1716,2393,0,0.884,no,0.000,no,no,5293.790,243.356,35.692,1.000,0.925,yes,no,corrected,deskewed,098bf4106faa991b3aa005ca9dbee925b226c971ba6a279671fa8605963a73e5,0.099725,,keep,,yes
images/23754639474688-59lr9ze71lgiliqw54acqwo0n2ij__p001.png,23754639474688_59lr9ze71lgiliqw54acqwo0n2ij.pdf,1,pdf,1689,2370,0,0.921,no,0.000,no,no,4430.023,242.276,36.816,-0.500,0.872,yes,no,corrected,deskewed,28a03b15ea47dbaac20b219e2e1a3634ea1f1c1903ece6abbe53c382bd03aa15,0.133445,,keep,,yes
images/23754639474688-59lr9ze71lgiliqw54acqwo0n2ij__p002.png,23754639474688_59lr9ze71lgiliqw54acqwo0n2ij.pdf,2,pdf,1666,2355,0,0.828,no,0.000,no,no,3164.998,246.277,32.440,-0.000,0.843,no,no,accepted,,afb8a404980e9b79a5d6a9fe1f3ba42eae4ae660440969978f2c6e8b74e48dba,0.091534,,keep,,yes
images/24-1-dipro-pneu__p001.png,24-1 DIPRO PNEU.pdf,1,pdf,1654,2339,0,0.906,no,0.604,no,no,4140.408,241.364,44.716,-0.000,0.812,no,no,review,document_contour_uncertain,1cff803e7b876911e81da8da51dac730cdbbeb8b6d45c7315acf7c2d87ff86d6,0.083064,,review,,yes
images/24-10-free__p001.png,24-10 FREE.pdf,1,pdf,1654,2339,0,0.928,no,0.000,no,no,1496.521,247.691,25.630,0.250,0.655,no,no,accepted,,a4a912d8c355ae93ce150d593b33386c416a827ccc8f8924141873b4d146d245,0.127131,,keep,,yes
images/24141885382656-ka3pehlj5uohpqw07k5oicsoee5u__p001.png,24141885382656_ka3pehlj5uohpqw07k5oicsoee5u.pdf,1,pdf,1653,2339,0,0.928,no,0.000,no,no,2295.693,251.736,20.614,-0.000,0.625,no,yes,review,contrast_enhanced;overexposed,48ee8caf00a0457b3be9ed1cb389fd77667a289956d5fb600a9be8a5738e1f2f,0.019382,,review,,yes
images/24729546219520-e99htg5f6aerigtvbjngc0mh1sd0__p001.png,24729546219520_e99htg5f6aerigtvbjngc0mh1sd0.pdf,1,pdf,1654,2339,180,0.855,yes,0.000,no,no,319.502,156.723,89.932,-0.500,0.482,no,no,review,rotated_180;skew_uncertain,5cc23f055920160c5fd176e9c2cacaf63bf768c527f6f4b9675f5c05aa547a4a,0.656250,,review,,yes
images/24729546219520-e99htg5f6aerigtvbjngc0mh1sd0__p002.png,24729546219520_e99htg5f6aerigtvbjngc0mh1sd0.pdf,2,pdf,1654,2339,0,0.904,no,0.000,no,no,753.398,160.277,91.111,-1.750,0.479,no,no,review,skew_uncertain,1e3881e0ef8ae5572fac4ca7a29a47dd3333924a6c779aa669218b1f07c471c6,0.656218,,review,,yes
images/24729564712960-i58zhk7h025ank6kfu47hipdmpup.png,24729564712960_i58zhk7h025ank6kfu47hipdmpup.jpeg,1,image,1472,1943,0,0.927,no,0.992,yes,yes,804.586,160.205,25.156,-1.000,0.674,yes,no,corrected,perspective_corrected;cropped;deskewed,318c470413e51a76a37301d98d800b8cc35cf7967204aed33350df6019e8acf4,0.965226,,keep,,yes
images/24729564717056-zh9cu8zrgwqxm4gtyxwl6zt18cbk.png,24729564717056_zh9cu8zrgwqxm4gtyxwl6zt18cbk.jpeg,1,image,1480,1947,0,0.927,no,0.994,yes,yes,604.029,159.041,24.506,-1.250,0.670,yes,no,corrected,perspective_corrected;cropped;deskewed,7cc61267349b1ffc9d0e653cd775c0ec3722c9475b309fafd25527e345b8437d,0.957034,,keep,,yes
images/24729578008576-4biuop40g39rikxes7i7v533a9tf.png,24729578008576_4biuop40g39rikxes7i7v533a9tf.jpeg,1,image,1407,2127,0,0.924,no,0.993,yes,yes,990.267,159.185,28.686,0.250,0.651,no,no,corrected,perspective_corrected;cropped,49e74d6f49b685b75c42436dd63f7b025c840a62e0134ecc6246e581fd6f05f4,0.999755,,keep,,yes
images/24729578012672-1e6c13zt4wzcnaus76dfx5bjc5i9.png,24729578012672_1e6c13zt4wzcnaus76dfx5bjc5i9.jpeg,1,image,1441,2231,0,0.922,no,0.994,yes,yes,933.367,155.511,34.109,4.750,0.453,no,no,review,perspective_corrected;cropped;skew_uncertain,fe021f2a6b914f80da028080ee527d9189161479f3cb325a0da6315f7f4f5075,0.999703,,review,,yes
images/24729634770944-78qyvkjplvqy8sw99bz1nqscw4pe.png,24729634770944_78qyvkjplvqy8sw99bz1nqscw4pe.jpeg,1,image,1481,2365,0,0.929,no,0.995,yes,yes,702.888,146.104,31.805,1.000,0.666,yes,no,corrected,perspective_corrected;cropped;deskewed,d3142a7c8c7e64d48232fab805077af1629eaf10853d765ba946961880358b89,0.962834,,keep,,yes
images/24729634848768-433yvanbs1loeg82a364lnsv3w0h.png,24729634848768_433yvanbs1loeg82a364lnsv3w0h.jpeg,1,image,1439,2247,0,0.926,no,0.988,yes,yes,847.232,154.136,28.598,-0.000,0.681,no,no,corrected,perspective_corrected;cropped,03b0d2788379ac9661b74f8b8157cca12ea41864f4d937fc110a11e1656a5ed4,0.999855,,keep,,yes
images/24729634852864-ugxjgp37xnv4kmxldzo4upr1igt3.png,24729634852864_ugxjgp37xnv4kmxldzo4upr1igt3.jpeg,1,image,1439,2260,0,0.926,no,0.991,yes,yes,701.823,154.983,27.330,-0.000,0.753,no,no,corrected,perspective_corrected;cropped,3f20c4ee3e47e0f55a4224b26148981ad6de04b495bfac114d169e1278246b6a,0.999789,,keep,,yes
images/25-1-dipro-pneu__p001.png,25-1 DIPRO PNEU.pdf,1,pdf,1654,2339,0,0.887,no,0.637,no,no,3768.233,242.069,43.973,-0.000,0.771,no,no,review,document_contour_uncertain,bf78425ae558ef3e515fdb03d3076052bfab047a8524e737a9c0e4b443181338,0.077780,,review,,yes
images/25283783716864-6j8q6k6e4otcd7vshvfqaikbxde3__p001.png,25283783716864_6j8q6k6e4otcd7vshvfqaikbxde3.pdf,1,pdf,1653,2339,0,0.866,no,0.751,no,no,1446.696,241.786,39.524,-0.000,0.621,no,no,review,document_contour_uncertain,1d865e46bd0f299969babeac99beab68512b45f52e5ee0e6f081fac7e81c8dfe,0.099465,,review,,yes
images/25786874843136-7hbfjq5pj1pzzdg58rlybxjzi9me__p001.png,25786874843136_7hbfjq5pj1pzzdg58rlybxjzi9me.pdf,1,pdf,1654,2339,0,0.920,no,0.000,no,no,6014.821,238.900,44.199,-0.000,0.745,no,no,accepted,,969e87e74fbed1aced53efae833a67d4b6710f0649a0006ee0d434bf14c1d591,0.189668,,keep,,yes
images/25786874867712-q29qnrzeqfx4slrap9eirbnz9g7k__p001.png,25786874867712_q29qnrzeqfx4slrap9eirbnz9g7k.pdf,1,pdf,5500,8434,0,0.924,no,0.000,no,no,3993.133,242.447,38.383,-0.000,0.696,no,no,accepted,,c9ca510385f75bb2685171ae062f295d06e1176dde2d4276ac70d86433913b27,0.110608,,keep,,yes
images/25786874867712-q29qnrzeqfx4slrap9eirbnz9g7k__p002.png,25786874867712_q29qnrzeqfx4slrap9eirbnz9g7k.pdf,2,pdf,5156,7934,0,0.927,no,0.000,no,no,2332.369,247.202,28.552,-0.000,0.715,no,no,accepted,,8a1e5b51fe9c2b7472095785a545575ea7c0240425c3292ca573cad03f8e890a,0.077163,,keep,,yes
images/25786874888192-916yds2aiz3ef02qr030tcers1nc__p001.png,25786874888192_916yds2aiz3ef02qr030tcers1nc.pdf,1,pdf,1654,2339,0,0.926,no,0.000,no,no,5867.569,239.032,44.000,-0.000,0.850,no,no,accepted,,63a313f36ccb878509efd6843d344698f8c73ab37f1722dbf80ff3ecd43dab74,0.202524,,keep,,yes
images/25786874888192-916yds2aiz3ef02qr030tcers1nc__p002.png,25786874888192_916yds2aiz3ef02qr030tcers1nc.pdf,2,pdf,1654,2339,0,0.924,no,0.000,no,no,6656.657,243.127,37.805,-0.000,0.831,no,no,accepted,,204972dc22f69e63284db49d020e0c550e5deeb5f1e60868bcf9e7cc795484c5,0.170080,,keep,,yes
images/25786874888192-916yds2aiz3ef02qr030tcers1nc__p003.png,25786874888192_916yds2aiz3ef02qr030tcers1nc.pdf,3,pdf,1654,2339,0,0.895,no,0.000,no,no,2859.243,249.932,26.004,0.250,0.689,no,no,accepted,,c9d725a4d818dd912a1ce14d111042366e817938a20d565d3e74efe96bb3d97e,0.044376,,keep,,yes
images/25879640502272-bumtjjfsesxah20o54sp1jumbofq__p001.png,25879640502272_bumtjjfsesxah20o54sp1jumbofq.pdf,1,pdf,1660,2362,0,0.925,no,0.000,no,no,1563.394,247.084,27.209,-0.000,0.636,no,no,accepted,,59219a45f9ebc9002145e2c88f8926d524ed715f9f867609415c8b18177adb96,0.092890,,keep,,yes
images/26-1-dipro-pneu__p001.png,26-1 DIPRO PNEU.pdf,1,pdf,1654,2339,0,0.891,no,0.598,no,no,4163.504,241.219,44.840,-0.000,0.775,no,no,review,document_contour_uncertain,1c9d77fb3a99756b290fbc8dd0f92af302429587fbb7d521a0260e62421fc0b1,0.083145,,review,,yes
images/26-10-viasat__p001.png,26-10 VIASAT.pdf,1,pdf,1654,2339,0,0.923,no,0.000,no,no,1514.911,243.745,31.196,-0.000,0.719,no,no,accepted,,27dd33bf72e69895c502432ea2bb789bf61d768a775022d4a8715d5c21fb16fd,0.150677,,keep,,yes
images/26099563433984-z45msvtaoebou3t7m7ljy5bc7iof__p001.png,26099563433984_z45msvtaoebou3t7m7ljy5bc7iof.pdf,1,pdf,1673,2373,0,0.892,no,0.000,no,no,4438.486,244.186,34.951,-0.500,0.914,yes,no,corrected,deskewed,b9fe6498c15c7cbab36462a525010846d149c19b55350455527401469ba9471b,0.107722,,keep,,yes
images/26099563433984-z45msvtaoebou3t7m7ljy5bc7iof__p002.png,26099563433984_z45msvtaoebou3t7m7ljy5bc7iof.pdf,2,pdf,1652,2358,0,0.866,no,0.000,no,no,3206.233,247.591,31.201,-0.000,0.786,no,no,accepted,,606cf98dc2061d242dc5b901c13484216fe9f3cd08f606b2a66ffe672a989d8a,0.064481,,keep,,yes
images/26099563679744-0sp3juxgxwnrgw19l5aj378qrtvy__p001.png,26099563679744_0sp3juxgxwnrgw19l5aj378qrtvy.pdf,1,pdf,1705,2389,0,0.920,no,0.000,no,no,3777.468,243.765,34.144,0.750,0.685,yes,no,corrected,deskewed,ad0f8693ab536d6364f689fce350acdacc93fb0d7fa2c949924e83e3f6aefa7a,0.103835,,keep,,yes
images/26099563679744-0sp3juxgxwnrgw19l5aj378qrtvy__p002.png,26099563679744_0sp3juxgxwnrgw19l5aj378qrtvy.pdf,2,pdf,1672,2369,0,0.916,no,0.000,no,no,3344.277,244.533,33.133,0.500,0.633,no,no,accepted,,67d01ab24a1a4586c1e4b4a2b0eb0dad1ab7c5fa45bc7415b09de19eab30755e,0.098729,,keep,,yes
images/26099563683840-6ejzmgvy29sl67lh4c211tqcl7oo__p001.png,26099563683840_6ejzmgvy29sl67lh4c211tqcl7oo.pdf,1,pdf,1658,2363,0,0.924,no,0.000,no,no,3235.886,244.635,32.960,0.250,0.786,no,no,accepted,,d30f73d8af0332fbf944b7f9bc6b26b4cf3f39a09c800d3cf0728ffcd0bd9c75,0.097830,,keep,,yes
images/26099563692032-yl9msmn2liia09jrp97z4b76crgc__p001.png,26099563692032_yl9msmn2liia09jrp97z4b76crgc.pdf,1,pdf,1660,2357,0,0.921,no,0.000,no,no,3809.529,243.449,34.611,0.500,0.711,no,no,accepted,,14113468f17cbce5227ad7eb9e6e8421cc62bfeb9d4547982597657ec1b74627,0.108594,,keep,,yes
images/26099563692032-yl9msmn2liia09jrp97z4b76crgc__p002.png,26099563692032_yl9msmn2liia09jrp97z4b76crgc.pdf,2,pdf,1664,2363,0,0.920,no,0.000,no,no,2321.343,246.775,29.397,0.250,0.715,no,no,accepted,,e6c701685544e9cc50bacdcbf3791ba4cc24ab3f8288b8291149a9b8ed79ec0c,0.079087,,keep,,yes
images/26099563700224-vu3u4dvucedj0nh8cpb4nx92az8g__p001.png,26099563700224_vu3u4dvucedj0nh8cpb4nx92az8g.pdf,1,pdf,1646,2360,0,0.923,no,0.000,no,no,3891.740,243.381,34.751,-0.000,0.764,no,no,accepted,,8678dbafa81db5c119c0566a0d7a8c2f4693cee7b3824225d614580e3720e117,0.108906,,keep,,yes
images/26099563708416-mz3w2cl8962uwnmmj7v4513hga2d__p001.png,26099563708416_mz3w2cl8962uwnmmj7v4513hga2d.pdf,1,pdf,1644,2361,0,0.921,no,0.000,no,no,3776.846,243.464,34.593,-0.000,0.828,no,no,accepted,,55801716c6d4290cfce2bec7857a4ddb1c9f5b4efc58b8631ad14863e473f34d,0.108078,,keep,,yes
images/26099563745280-4kgp9jamg7wfj0zehjeo50sulaqd__p001.png,26099563745280_4kgp9jamg7wfj0zehjeo50sulaqd.pdf,1,pdf,1642,2362,0,0.909,no,0.000,no,no,3823.814,243.463,34.640,-0.000,0.809,no,no,accepted,,20876655a69906109750df8b7bf2b98efbf418919a20f8fab39bba70cda0eed1,0.108281,,keep,,yes
images/26099563745280-4kgp9jamg7wfj0zehjeo50sulaqd__p002.png,26099563745280_4kgp9jamg7wfj0zehjeo50sulaqd.pdf,2,pdf,1644,2365,0,0.916,no,0.000,no,no,2772.170,245.701,31.317,-0.000,0.730,no,no,accepted,,d8a7287a3ffa8d8ee9ea5660c41a11b87837ffc8923812786b727f80edcb9a83,0.088172,,keep,,yes
images/26099563749376-3dkqjk1zeayefqzq0khsgt9rfjtj__p001.png,26099563749376_3dkqjk1zeayefqzq0khsgt9rfjtj.pdf,1,pdf,1652,2358,0,0.924,no,0.000,no,no,3333.941,244.495,33.165,0.250,0.779,no,no,accepted,,1cbb5f57d48a8868ac277e4ccc537384ef2408d223997ff8f7f9d838ad01b465,0.099070,,keep,,yes
images/26099563757568-l0dggr8zsbx8kyscv6iqxki8ymvl__p001.png,26099563757568_l0dggr8zsbx8kyscv6iqxki8ymvl.pdf,1,pdf,1654,2359,0,0.916,no,0.000,no,no,3302.211,244.534,33.094,0.250,0.797,no,no,accepted,,1e1c0d720922e2b64dabaddc80b97265166b42c54d2d80ebcfa17421c104275f,0.098893,,keep,,yes
images/26099563761664-sbjzqpj9ec0jmq7ut3humrvxeb5n__p001.png,26099563761664_sbjzqpj9ec0jmq7ut3humrvxeb5n.pdf,1,pdf,1646,2360,0,0.913,no,0.000,no,no,3782.477,243.627,34.457,0.250,0.756,no,no,accepted,,d57f6744224572d98e6f29c845a865693bb4c7e7a7ea0aa7992f435cb2acde91,0.106495,,keep,,yes
images/26099563765760-ssqqjtixef05ulicnpcqqvmxztmr__p001.png,26099563765760_ssqqjtixef05ulicnpcqqvmxztmr.pdf,1,pdf,1648,2363,0,0.925,no,0.000,no,no,3350.066,244.502,33.268,-0.000,0.764,no,no,accepted,,63f031d11ff06fb6d6ca439d8ff42f16e512ff7c75439353bfb6206009458d38,0.099003,,keep,,yes
images/26099563769856-wvybamcx4lqr3jr44ix975xcpjd1__p001.png,26099563769856_wvybamcx4lqr3jr44ix975xcpjd1.pdf,1,pdf,1652,2361,0,0.926,no,0.000,no,no,2441.507,246.393,29.975,0.125,0.767,no,no,accepted,,1cdef9b75bcc67e3c1a63a6c339bc4b5cd5e64690f6a3ac60e54873965fbe9c0,0.082628,,keep,,yes
images/26099563773952-mw4k0y7ovfbtcl079mpla2fqf9q5__p001.png,26099563773952_mw4k0y7ovfbtcl079mpla2fqf9q5.pdf,1,pdf,1648,2358,0,0.923,no,0.000,no,no,3818.276,243.441,34.527,0.250,0.831,no,no,accepted,,17805b65f8c10493a34d68fc12f4075b7f1179f9fe948f068c45eb175f86a4e8,0.108910,,keep,,yes
images/26099563773952-mw4k0y7ovfbtcl079mpla2fqf9q5__p002.png,26099563773952_mw4k0y7ovfbtcl079mpla2fqf9q5.pdf,2,pdf,1642,2361,0,0.920,no,0.000,no,no,2907.654,245.291,32.031,-0.000,0.726,no,no,accepted,,7df5eba385af5a33c815249c5c61cb95bfcf9b785ad61fbe1b576a0cfee990fe,0.091631,,keep,,yes
images/26099563778048-lcsjpz71dmidur8magrhiqqirszw__p001.png,26099563778048_lcsjpz71dmidur8magrhiqqirszw.pdf,1,pdf,1646,2359,0,0.910,no,0.000,no,no,3425.550,244.129,33.785,-0.000,0.767,no,no,accepted,,af4a3b3b0b6272e111203617e83fd18514fb58cd06920a8146ee0642ce6b1921,0.102020,,keep,,yes
images/26099563782144-mmi8k2i0lthl0j563pfj4p8npqc4__p001.png,26099563782144_mmi8k2i0lthl0j563pfj4p8npqc4.pdf,1,pdf,1650,2365,0,0.919,no,0.000,no,no,4012.959,243.094,35.016,-0.250,0.775,no,no,accepted,,7322564200baec7ba0bbe94f08bf0538b7ef4616ace271224984f6091db8e283,0.112374,,keep,,yes
images/26099563786240-escp49b4e3jeyzh5ii6e2qy80ki5__p001.png,26099563786240_escp49b4e3jeyzh5ii6e2qy80ki5.pdf,1,pdf,1662,2363,0,0.922,no,0.000,no,no,3733.851,243.670,34.457,0.250,0.779,no,no,accepted,,2b668e047ef697f63b1340ced421f73ee4611973bd59af720c93406f84f9dbf5,0.105956,,keep,,yes
images/26099563790336-i0l07f5wcnq10lwy6rka0lcufvkl__p001.png,26099563790336_i0l07f5wcnq10lwy6rka0lcufvkl.pdf,1,pdf,1666,2366,0,0.925,no,0.000,no,no,3911.429,243.383,34.723,0.500,0.745,no,no,accepted,,40d7b4a302bf99e78ca71e9e5a60b8ac929d8c215525441cda6e6e9a11889d35,0.108920,,keep,,yes
images/26099563790336-i0l07f5wcnq10lwy6rka0lcufvkl__p002.png,26099563790336_i0l07f5wcnq10lwy6rka0lcufvkl.pdf,2,pdf,1666,2365,0,0.917,no,0.000,no,no,2167.031,247.103,28.698,0.500,0.696,no,no,accepted,,488ae3ccf03067625aa1a7b049e46c5ec2e299c7dd234787666650e6b488d2e1,0.076544,,keep,,yes
images/26099563798528-2u2li5bpm8t2b6strs2iy7557tnj__p001.png,26099563798528_2u2li5bpm8t2b6strs2iy7557tnj.pdf,1,pdf,1660,2360,0,0.923,no,0.000,no,no,3795.029,243.494,34.545,0.500,0.730,no,no,accepted,,596b8161c74736c628a56360a5532eaec41a6fd4f8306e22d16189399a19bf07,0.108391,,keep,,yes
images/26099563798528-2u2li5bpm8t2b6strs2iy7557tnj__p002.png,26099563798528_2u2li5bpm8t2b6strs2iy7557tnj.pdf,2,pdf,1654,2360,0,0.926,no,0.000,no,no,2905.604,245.506,31.552,0.250,0.771,no,no,accepted,,34d185735abeaa570951fa83e4262f39cc4a4455f12d854e6245ecf3ac7cb442,0.090445,,keep,,yes
images/26099563802624-hp5flil25v8mh8w8cig0hn495eh0__p001.png,26099563802624_hp5flil25v8mh8w8cig0hn495eh0.pdf,1,pdf,1705,2392,0,0.922,no,0.000,no,no,3683.378,243.768,34.229,0.750,0.723,yes,no,corrected,deskewed,acfba8be1aa1b52f5df05c1aa83703c904d862e33a9e75c1af38230f205e43e5,0.103466,,keep,,yes
images/26099563802624-hp5flil25v8mh8w8cig0hn495eh0__p002.png,26099563802624_hp5flil25v8mh8w8cig0hn495eh0.pdf,2,pdf,1668,2368,0,0.925,no,0.000,no,no,2076.231,247.271,28.583,0.375,0.670,no,no,accepted,,d8536eadefb0daa514fadfb57d3b3806a88bfe1475a366929d6123dfbd2d810f,0.074620,,keep,,yes
images/26099563806720-ce1qxpn0a5fx7b0qzvjmr8rwepd9__p001.png,26099563806720_ce1qxpn0a5fx7b0qzvjmr8rwepd9.pdf,1,pdf,1654,2358,0,0.924,no,0.000,no,no,3802.484,243.546,34.515,0.250,0.824,no,no,accepted,,86c543906f0f3be72e9a07bcd794985f4bab0a7ee71a86dc2f33daea800f3222,0.107676,,keep,,yes
images/26099563806720-ce1qxpn0a5fx7b0qzvjmr8rwepd9__p002.png,26099563806720_ce1qxpn0a5fx7b0qzvjmr8rwepd9.pdf,2,pdf,1672,2365,0,0.928,no,0.000,no,no,2631.378,246.178,30.550,0.500,0.681,no,no,accepted,,47a114ae0e010a6ecdd9c25fcb987de22c2c1c205ee45c6aa9c3cad50b72efb9,0.083940,,keep,,yes
images/26146424918016-epops6dib8tw0hw2kqrdxjeo16bd__p001.png,26146424918016_epops6dib8tw0hw2kqrdxjeo16bd.pdf,1,pdf,1653,2339,0,0.929,no,0.000,no,no,5629.458,243.804,38.939,-0.000,0.756,no,no,accepted,,453508aeda4a56e25d094e5c4ba1998831da5b966feb6096133435a649ac3e16,0.080370,,keep,,yes
images/26146424918016-epops6dib8tw0hw2kqrdxjeo16bd__p002.png,26146424918016_epops6dib8tw0hw2kqrdxjeo16bd.pdf,2,pdf,1653,2339,0,0.921,no,0.000,no,no,3271.748,247.021,30.184,-0.000,0.749,no,no,accepted,,d7ba3802003deef0332dd674346305c533f52c83fbb37759d6740156ed75ad1f,0.071252,,keep,,yes
images/26146424918016-epops6dib8tw0hw2kqrdxjeo16bd__p003.png,26146424918016_epops6dib8tw0hw2kqrdxjeo16bd.pdf,3,pdf,1653,2339,0,0.905,no,0.000,no,no,4561.189,247.778,31.863,0.250,0.655,no,no,accepted,,ad62551a26e5305c825f940478c59eaab3c2949f2f0d8c6d394d5f8b30d88246,0.043409,,keep,,yes
images/26146616492032-e1znhjik9mou1qp9dke2u1st1og0__p001.png,26146616492032_e1znhjik9mou1qp9dke2u1st1og0.pdf,1,pdf,1660,2340,0,0.924,no,0.000,no,no,2861.415,246.894,31.663,-0.000,0.906,no,no,accepted,,58938e5c9a55e1b99a89827db7002394fd05dc8beb3bf9d74d6b938e79a866cb,0.096519,,keep,,yes
images/26146616492032-e1znhjik9mou1qp9dke2u1st1og0__p002.png,26146616492032_e1znhjik9mou1qp9dke2u1st1og0.pdf,2,pdf,1660,2340,0,0.256,no,0.000,no,no,435.327,251.656,23.134,-0.000,0.486,no,no,review,overexposed,367bc1c4d11dba0602988d0f0a4721917743a3debc22de38e165b87ca3deabd3,0.021191,,review,,yes
images/26146616496128-m2f3uykq2daaz9xjcwerlsa75dsd__p001.png,26146616496128_m2f3uykq2daaz9xjcwerlsa75dsd.pdf,1,pdf,1660,2340,0,0.902,no,0.000,no,no,2697.516,247.190,31.141,-0.000,0.872,no,no,accepted,,c712b06958aea8887a5071f2585bb11196c446a6cfedcc352b7309c708e5f2c6,0.095001,,keep,,yes
images/26146616496128-m2f3uykq2daaz9xjcwerlsa75dsd__p002.png,26146616496128_m2f3uykq2daaz9xjcwerlsa75dsd.pdf,2,pdf,1660,2340,0,0.256,no,0.000,no,no,447.990,251.649,23.169,-0.000,0.490,no,no,review,overexposed,1a1845df0bde28721be183f50dab8a0ebda502a4b4736e56d628dc1f37f9fd97,0.021223,,review,,yes
images/26146616500224-coai55umbqne12lsmr6gurgb1w2j__p001.png,26146616500224_coai55umbqne12lsmr6gurgb1w2j.pdf,1,pdf,1654,2339,0,0.904,no,0.000,no,no,2688.733,246.966,32.199,-0.000,0.824,no,no,accepted,,8292493bcfc2d925732cbb23819c7cb6c81ef165da44afee9671f6290a2abeff,0.102832,,keep,,yes
images/26146639089664-7g2pugued83cwmpzh3ouxxho55rl__p001.png,26146639089664_7g2pugued83cwmpzh3ouxxho55rl.pdf,1,pdf,1654,2339,0,0.923,no,0.000,no,no,3241.423,245.601,35.318,-0.000,0.850,no,no,accepted,,ef0e2cac9211f96e850ecc12bc10580264dcef94c4c921d73ad96a57835d725b,0.112131,,keep,,yes
images/26226345005056-53b3uke1ethlh89af2hoskebatoc__p001.png,26226345005056_53b3uke1ethlh89af2hoskebatoc.pdf,1,pdf,1654,2339,0,0.868,no,0.000,no,no,1925.108,250.337,22.270,-0.000,0.700,no,no,review,overexposed,66ce07d5b634ea23c8cf00c8c2339afe8e282ee03710fbc5ddbcfa366dac2078,0.065571,,review,,yes
images/26226345005056-53b3uke1ethlh89af2hoskebatoc__p002.png,26226345005056_53b3uke1ethlh89af2hoskebatoc.pdf,2,pdf,1654,2339,0,0.765,no,0.000,no,no,797.719,253.167,14.954,-0.000,0.621,no,yes,review,contrast_enhanced;overexposed,90648e1531a22b174c08e9781330fc4185938b6797d44a1eac049d1aa09764ae,0.016602,,review,,yes
images/26226345021440-37fro2dfahrt7ysgtr7rthjgt7vq__p001.png,26226345021440_37fro2dfahrt7ysgtr7rthjgt7vq.pdf,1,pdf,1654,2339,0,0.795,no,0.000,no,no,1829.163,250.458,21.904,-0.000,0.726,no,yes,review,contrast_enhanced;overexposed,862a474bb4347207fbaa6f8b308b2dd46d177b7ab3377a4eb0d672d37c89ead0,0.065347,,review,,yes
images/26226345021440-37fro2dfahrt7ysgtr7rthjgt7vq__p002.png,26226345021440_37fro2dfahrt7ysgtr7rthjgt7vq.pdf,2,pdf,1654,2339,0,0.927,no,0.000,no,no,1039.001,252.677,16.857,-0.000,0.670,no,yes,review,contrast_enhanced;overexposed,ab14e76fde5a9ac9342118010e4bbfa6345af9c475a0b7684c01c724801d2b05,0.020903,,review,,yes
images/26226346430464-g7gzkpet61883xh9tnnxnapr9suw__p001.png,26226346430464_g7gzkpet61883xh9tnnxnapr9suw.pdf,1,pdf,1654,2339,0,0.823,no,0.000,no,no,1772.048,250.592,21.528,-0.000,0.670,no,yes,review,contrast_enhanced;overexposed,96dd02be9fbc1e738b0121b679c7e2cd137f88e9a13ef59469e1ee8609ee5ffc,0.064436,,review,,yes
images/26226346430464-g7gzkpet61883xh9tnnxnapr9suw__p002.png,26226346430464_g7gzkpet61883xh9tnnxnapr9suw.pdf,2,pdf,1654,2339,0,0.256,no,0.000,no,no,499.892,253.789,12.174,-0.000,0.565,no,yes,review,contrast_enhanced;overexposed,6ebd8c4753b24a59ae44328bd9d187e603b27fe85a593b8ae81018230eddaea3,0.011444,,review,,yes
images/26268099325952-b1ebqx8szfutyh6vijhzmxaj1tpf__p001.png,26268099325952_b1ebqx8szfutyh6vijhzmxaj1tpf.pdf,1,pdf,1653,2339,0,0.927,no,0.000,no,no,3912.401,234.509,50.649,0.250,0.704,no,no,accepted,,a3bbc55ff8dc4fd9a7e2f665ddcff9e900026d9d127076ff58cbeebcfc2a563f,0.203039,,keep,,yes
images/26291594973184-un1g0stouja14w492h2pec0tbrte__p001.png,26291594973184_un1g0stouja14w492h2pec0tbrte.pdf,1,pdf,1653,2339,0,0.922,no,0.000,no,no,4658.885,245.022,34.246,-0.000,0.674,no,no,accepted,,7e4b5dd8d7e2a0088c0f8e31a771e95c83ebc0e1a2700c242eafaac62d2aef60,0.166329,,keep,,yes
images/26439830863872-pbl18fqmj722cwq5iu4mut6f2qjh__p001.png,26439830863872_pbl18fqmj722cwq5iu4mut6f2qjh.pdf,1,pdf,1653,2339,0,0.927,no,0.000,no,no,2292.814,251.738,20.602,-0.000,0.636,no,yes,review,contrast_enhanced;overexposed,f1dfcc497403dc4d881870d48d647191f62f9b946116d3ba1cee2ea970c92616,0.019356,,review,,yes
images/26774831198208-jjs7bxa4c76rt7y4amnqihxwwyxc__p001.png,26774831198208_jjs7bxa4c76rt7y4amnqihxwwyxc.pdf,1,pdf,1655,2340,0,0.926,no,0.000,no,no,5172.757,244.302,38.315,-0.000,0.711,no,no,accepted,,6bbe44d33034010a631ecbddf8a25b827327e5146c0a13212cf9da52a333dd00,0.077986,,keep,,yes
images/27-1-dipro-pneu__p001.png,27-1 DIPRO PNEU.pdf,1,pdf,1654,2339,0,0.886,no,0.635,no,no,3799.746,242.036,43.994,-0.000,0.782,no,no,review,document_contour_uncertain,6f5f78c296365867aaf65f3013a589a07ea1d7b4668aab0918c8ae1ac7a35340,0.078011,,review,,yes
images/27-10-darty__p001.png,27-10 DARTY.pdf,1,pdf,1654,2339,0,0.925,no,0.000,no,no,2057.770,247.392,30.908,-0.000,0.677,no,no,accepted,,1f61939728282ca35ac98492980437dac9f30bb1d36a2a1cf3801ce3ef932578,0.048107,,keep,,yes
images/2780947993-3gbmi474ux8ws2ux9etthskwd5tx__p001.png,2780947993_3gbmi474ux8ws2ux9etthskwd5tx.pdf,1,pdf,1653,2339,0,0.928,no,0.000,no,no,2780.371,240.229,34.631,-0.000,0.970,no,no,accepted,,2c3639cdbede41770b6ede09125c93237d55319310e1ee2ec0aab6b2a3d8d948,0.169192,,keep,,yes
images/28-1-dipro-pneu__p001.png,28-1 DIPRO PNEU.pdf,1,pdf,1654,2339,0,0.881,no,0.636,no,no,3790.986,242.053,43.977,-0.000,0.786,no,no,review,document_contour_uncertain,f84bcd529107845227ea3b3984129184c5e6341cc725620bbf18c8738a2a3a59,0.077915,,review,,yes
images/29-1-dipro-pneu__p001.png,29-1 DIPRO PNEU.pdf,1,pdf,1654,2339,0,0.847,no,0.633,no,no,3836.943,241.997,44.058,-0.000,0.782,no,no,review,document_contour_uncertain,b975e9019345372c1f67fee7911f035f3089234afd3ed15a74f2b6aed5744f96,0.078235,,review,,yes
images/3-1-invoice-37__p001.png,3-1  invoice (37).pdf,1,pdf,1654,2339,0,0.905,no,0.000,no,no,2936.444,246.818,32.138,-0.000,0.835,no,no,accepted,,116c6978c938f5e5822bdfb851496d2fb9ff260c19e8097bd51da59c0cb3c133,0.096707,dup_001,review,exact_duplicate,yes
images/3-1-invoice-37__p002.png,3-1  invoice (37).pdf,2,pdf,1654,2339,0,0.256,no,0.000,no,no,392.477,251.649,23.453,-0.000,0.460,no,no,review,overexposed,35d5a2247cd51dc4f16fbf0452732e688b57eb41a32f80e1d09980daa22f414a,0.021191,dup_002,review,exact_duplicate,yes
images/3-10-leroy-merlin__p001.png,3-10 LEROY MERLIN.pdf,1,pdf,1654,2339,0,0.922,no,0.000,no,no,3421.378,230.758,49.123,-0.000,0.831,no,no,accepted,,997b2357670c8215686f8e7966a9f98ff8be97c05fd3dd5a1d062b9721f460fa,0.239575,,keep,,yes
images/3-6-f2026008832-1784029172__p001.png,3-6 F2026008832-1784029172.pdf,1,pdf,1654,2339,0,0.922,no,0.000,no,no,2141.273,249.719,29.399,-0.250,0.617,no,no,accepted,,e72fafecae2938fadb48e7a024baee8b858c64157dbfae7290376b0f894d3f78,0.035504,,keep,,yes
images/3-6-f2026008832-1784029172__p002.png,3-6 F2026008832-1784029172.pdf,2,pdf,1654,2339,0,0.918,no,0.000,no,no,3625.819,247.723,34.577,-0.000,0.621,no,no,accepted,,57b6b6277bbc2bc2ce381836ebe8b8e21a11dd937fc7f87b2345c3d6b584c801,0.047006,,keep,,yes
images/3-6-f2026008832-1784029172__p003.png,3-6 F2026008832-1784029172.pdf,3,pdf,1654,2339,0,0.926,no,0.000,no,no,3561.642,247.718,33.798,-0.000,0.633,no,no,accepted,,97479d13f98e5d0d720f753f4590d58f7d7d6bc01de85934043dec5badc6aa4e,0.049358,,keep,,yes
images/3-6-f2026008832-1784029172__p004.png,3-6 F2026008832-1784029172.pdf,4,pdf,1654,2339,0,0.792,no,0.000,no,no,1262.965,251.510,23.961,-0.000,0.610,no,no,review,overexposed,4e4725f7661254b4a54375dce35a36470a673160c53e4f010ecd8946bfd6edc3,0.024432,,review,,yes
images/3-6-invoice-0126010795972__p001.png,3-6 invoice__0126010795972.pdf,1,pdf,1653,2339,0,0.889,no,0.591,no,no,3877.888,232.475,52.783,-0.000,0.723,no,no,review,document_contour_uncertain,a4f1f9ebdb8d9459fa943ffbe1068fc4ddbbbdac2c455f91e470c8a12fcd7a19,0.151413,,review,,yes
images/3-6-invoice-0126010795972__p002.png,3-6 invoice__0126010795972.pdf,2,pdf,1653,2339,0,0.923,no,0.000,no,no,5755.403,242.118,39.326,-0.000,0.884,no,no,accepted,,70584088bfcf36988312fdcb1f17c4a0a0a0068a6fcd633c83a7311acbffecda,0.085727,,keep,,yes
images/30-1-dipro-pneu__p001.png,30-1 DIPRO PNEU.pdf,1,pdf,1654,2339,0,0.898,no,0.623,no,no,3765.057,241.950,43.946,-0.000,0.809,no,no,review,document_contour_uncertain,eb316f44914e973c86117e89e8b1fd575d4501cf4644f4911321a04458ec9278,0.079551,,review,,yes
images/3017073688981754-payment__p001.png,3017073688981754_payment.pdf,1,pdf,2250,3050,0,0.926,no,0.000,no,no,2239.060,250.998,23.113,-0.000,0.730,no,no,review,overexposed,3c3ace48d26a649bd4a3fb5364ba187bcf7a20adc7bf60e0e5fd849c42c22b6b,0.023483,,review,,yes
images/3017117264071754-payment__p001.png,3017117264071754_payment.pdf,1,pdf,2250,3050,0,0.925,no,0.000,no,no,2099.837,251.125,22.663,-0.250,0.640,no,no,review,overexposed,1bc3e7688326bef15e80c7c36a227858431693c5a3582721ac599cafe0503155,0.022692,,review,,yes
images/3017165176731754-payment__p001.png,3017165176731754_payment.pdf,1,pdf,2250,3050,0,0.924,no,0.000,no,no,2113.475,251.116,22.680,-0.000,0.719,no,no,review,overexposed,2b0a331335e5827175c001f5a43ec96a354232087370c596102e114878a6315c,0.022757,,review,,yes
images/3017191982541754-payment__p001.png,3017191982541754_payment.pdf,1,pdf,2250,3050,0,0.923,no,0.000,no,no,2248.830,250.978,23.138,-0.000,0.741,no,no,review,overexposed,004a04477f988a9032efe1e926a3dcb36551153044bb84d47c2cce681a99ece5,0.023641,,review,,yes
images/31-1-dipro-pneu__p001.png,31-1 DIPRO PNEU.pdf,1,pdf,1654,2339,0,0.886,no,0.610,no,no,4204.639,241.470,44.741,-0.000,0.779,no,no,review,document_contour_uncertain,9f294c88d4cd9305d2581a94efcbf1f1243f78b8405753ff3d7ac44e37667ae3,0.081877,,review,,yes
images/32-1-dipro-pneu__p001.png,32-1 DIPRO PNEU.pdf,1,pdf,1654,2339,0,0.843,no,0.635,no,no,3803.765,242.043,43.994,-0.000,0.771,no,no,review,document_contour_uncertain,81785136e8b8951b5f9f1c87518a1a7e315c209ae8c8eee12e680ebe17595e28,0.077963,,review,,yes
images/33-1-5487753394-2__p001.png,33-1  5487753394 (2).pdf,1,pdf,1653,2339,0,0.916,no,0.000,no,no,4084.368,248.937,28.923,-0.000,0.719,no,no,accepted,,ef598bfd7ad1c42b46e5da604c95abf909a9d6a1759c0c6fcbeb038cfb7c0a37,0.038224,,keep,,yes
images/33-1-5487753394-2__p002.png,33-1  5487753394 (2).pdf,2,pdf,1653,2339,0,0.923,no,0.000,no,no,664.930,253.572,13.717,0.250,0.494,no,yes,review,contrast_enhanced;overexposed,dcdb4fb401adccc904f1a916bf10cd8b70ee5746e3b3516abc778f1fff47ca20,0.011188,,review,,yes
images/33-1-5487753394-2__p003.png,33-1  5487753394 (2).pdf,3,pdf,1653,2339,0,0.928,no,0.000,no,no,575.342,253.729,12.761,0.750,0.441,no,yes,review,contrast_enhanced;overexposed;skew_uncertain,064659bf2ed1afa823669c1af9cea2fbf21fc9c04a81804a23f42170b91238d0,0.010330,,review,,yes
images/34-1-2026-01-1-652-149166__p001.png,34-1  2026-01-1-652-149166.pdf,1,pdf,1654,2339,0,0.923,no,0.000,no,no,2701.717,248.065,32.073,-0.000,0.550,no,no,accepted,,c74673933820c449fa762102aa04081b4669ccf8d72b3bbc5e8b87ed349c20f7,0.048626,,keep,,yes
images/37-1-vente-remorque-dl-560-vf__p001.png,37-1 Vente Remorque DL-560-VF.pdf,1,pdf,1654,2338,0,0.923,no,0.000,no,no,3235.874,248.718,31.587,-0.000,0.749,no,no,accepted,,de8979d4047893134c9051bd18178ab65427dc452976b2453bec53bf2638f1c9,0.038213,,keep,,yes
images/3817519050-f98okput5ndp2igu1rj35vfuh6p3__p001.png,3817519050_f98okput5ndp2igu1rj35vfuh6p3.pdf,1,pdf,1091,2340,0,0.927,no,1.000,yes,yes,2317.716,223.798,59.683,-0.000,0.812,no,no,corrected,perspective_corrected;cropped,148aed870edb54388f826b54f229f19146de971adbb46a08e6b409370131afb1,0.304616,,keep,,yes
images/3817519050-f98okput5ndp2igu1rj35vfuh6p3__p002.png,3817519050_f98okput5ndp2igu1rj35vfuh6p3.pdf,2,pdf,1656,2342,0,0.920,no,0.798,no,no,2221.713,230.993,52.602,-0.000,0.869,no,no,review,document_contour_uncertain,24a9d9e81bbbf3cd5faa832d22d3b8fcfc293e673cf68c23d1c4c3d40a8f67ba,0.297850,,review,,yes
images/3817519050-f98okput5ndp2igu1rj35vfuh6p3__p003.png,3817519050_f98okput5ndp2igu1rj35vfuh6p3.pdf,3,pdf,1656,2342,0,0.923,no,0.813,no,no,2236.307,233.650,50.915,-0.000,0.831,no,no,review,document_contour_uncertain,a61eec145a6509d2424074d1a350350d1226a78f646bc9278160c913d7eb6cd3,0.280306,,review,,yes
images/3817519050-f98okput5ndp2igu1rj35vfuh6p3__p004.png,3817519050_f98okput5ndp2igu1rj35vfuh6p3.pdf,4,pdf,1656,2342,0,0.256,no,0.000,no,no,583.291,247.447,30.762,-0.000,0.663,no,no,accepted,,4b1cea8bf15b57b226cec348088019b83d7d8467b14f07661f080f8dc51d2078,0.107324,,keep,,yes
images/3817519050-f98okput5ndp2igu1rj35vfuh6p3__p005.png,3817519050_f98okput5ndp2igu1rj35vfuh6p3.pdf,5,pdf,1656,2342,0,0.925,no,0.000,no,no,4761.849,227.354,60.696,-0.000,1.000,no,no,accepted,,2991403e2ada48e5647b26214326b9a9665608c8eb72be700cf17bef368278a6,0.170605,,keep,,yes
images/3820231298-uw80v7893hdsdx48i2gw3ya63bgr__p001.png,3820231298_uw80v7893hdsdx48i2gw3ya63bgr.pdf,1,pdf,1654,2339,0,0.922,no,0.000,no,no,4250.097,246.822,32.948,-0.000,0.764,no,no,accepted,,4faf5992b61a102485043cfb654cf7c7d500aea6ea76cb7e39a941ebf2ac8561,0.051925,,keep,,yes
images/3820231298-uw80v7893hdsdx48i2gw3ya63bgr__p002.png,3820231298_uw80v7893hdsdx48i2gw3ya63bgr.pdf,2,pdf,1654,2339,0,0.915,no,0.000,no,no,1810.719,251.774,20.046,-0.250,0.539,no,yes,review,contrast_enhanced;overexposed,2f12d1521da12b426a4e9cbdc8cd6ac61016b038ca8c6fa94c25a73daed1d12e,0.022253,,review,,yes
images/3820231299-8wqd4esc88okzzrhowjwj2ynfgqm__p001.png,3820231299_8wqd4esc88okzzrhowjwj2ynfgqm.pdf,1,pdf,1654,2339,0,0.922,no,0.000,no,no,4246.750,246.832,32.939,-0.000,0.760,no,no,accepted,,9b2918d6d3b4c26fe483e310393fdc719afaf040f9b9eb58618ccee746fb99b7,0.051855,,keep,,yes
images/3820231299-8wqd4esc88okzzrhowjwj2ynfgqm__p002.png,3820231299_8wqd4esc88okzzrhowjwj2ynfgqm.pdf,2,pdf,1654,2339,0,0.921,no,0.000,no,no,1793.605,251.802,19.946,-0.250,0.546,no,yes,review,contrast_enhanced;overexposed,cfe37b4955acef9ae6afda989ebadce7480bba53f0944e3bb4535e328089952f,0.022055,,review,,yes
images/3820231300-9ierrn3jaco24lje5y81pvwlf1ft__p001.png,3820231300_9ierrn3jaco24lje5y81pvwlf1ft.pdf,1,pdf,1654,2339,0,0.922,no,0.000,no,no,4249.734,246.827,32.948,-0.000,0.760,no,no,accepted,,148a3a3dfacd6fffd08eb55daa6499eaa256adf71248eb95898986701d68bfc1,0.051895,,keep,,yes
images/3820231300-9ierrn3jaco24lje5y81pvwlf1ft__p002.png,3820231300_9ierrn3jaco24lje5y81pvwlf1ft.pdf,2,pdf,1654,2339,0,0.908,no,0.000,no,no,1792.176,251.806,19.929,-0.250,0.546,no,yes,review,contrast_enhanced;overexposed,72f3b9bb06cc5698e96b7febc9fbc538adf4513bcb9ae0048fb768dcad856acb,0.022036,,review,,yes
images/3820231301-nquocdiizlk4sek156ukttapijr2__p001.png,3820231301_nquocdiizlk4sek156ukttapijr2.pdf,1,pdf,1654,2339,0,0.921,no,0.000,no,no,4252.086,246.815,32.957,-0.000,0.767,no,no,accepted,,45521505444df4ee501f5b7fcf332d4b75ca5dba0621fc3a35641304670400cb,0.051957,,keep,,yes
images/3820231301-nquocdiizlk4sek156ukttapijr2__p002.png,3820231301_nquocdiizlk4sek156ukttapijr2.pdf,2,pdf,1654,2339,0,0.923,no,0.000,no,no,1791.318,251.806,19.934,-0.250,0.546,no,yes,review,contrast_enhanced;overexposed,18ecbf3b2b78e9639ba296f40d84f44c3f86cf53c72fd42511a7eb185f6d5c00,0.022037,,review,,yes
images/3821257805-q2bf1bcupiai266yzsbbw2itqudh.png,3821257805_q2bf1bcupiai266yzsbbw2itqudh.jpeg,1,image,1284,1765,0,0.926,no,0.000,no,no,2507.686,233.601,57.582,-0.000,0.738,no,no,accepted,,2f21d241276682a7386d79a3bcdd815c31381f533e3d071375358897d3d62f93,0.195129,,keep,,yes
images/3824057220-iiw381gfojuobm5ra9tq39nrsa41__p001.png,3824057220_iiw381gfojuobm5ra9tq39nrsa41.pdf,1,pdf,1654,2339,0,0.919,no,0.000,no,no,5353.722,230.482,58.479,-0.000,0.685,no,no,accepted,,44fc0fd32a7b4d2ff5b17f591cc743ef930b51eaac9e3f911db179fcd8c3d0c9,0.226679,,keep,,yes
images/3855579444-8dripct5ibv5xjfcdww0cewt9drb.png,3855579444_8dripct5ibv5xjfcdww0cewt9drb.jpeg,1,image,2664,3465,0,0.935,no,0.967,yes,yes,415.555,121.666,19.787,0.500,0.542,no,yes,corrected,perspective_corrected;cropped;contrast_enhanced,417ad5b80cc2d44f1629159d1da76fedcfbcf913fca4837f3468f1f76c7c5e17,1.000000,,keep,,yes
images/3855579446-e38xshoew64cdazf737mrqb4l3ye.png,3855579446_e38xshoew64cdazf737mrqb4l3ye.jpeg,1,image,2760,3569,0,0.915,no,0.974,yes,yes,599.870,121.596,21.550,-0.000,0.693,no,yes,corrected,perspective_corrected;cropped;contrast_enhanced,e4ed6d64771802b2b765af04587390f4c9ecf3f1946aa114ed7f7bb3e6f53060,1.000000,,keep,,yes
images/3856646160-ttuk6c3c6udi9f05082f5h57b05d__p001.png,3856646160_ttuk6c3c6udi9f05082f5h57b05d.pdf,1,pdf,1654,2339,0,0.926,no,0.000,no,no,6909.785,235.623,55.029,-0.000,0.779,no,no,accepted,,9848be2d8c40f329324029a9d914d9c31c207cbb8e6f9021c74e54db90d2e516,0.169777,,keep,,yes
images/3856825428-jmfhude89bq2r14kjxe1g8kvalp8__p001.png,3856825428_jmfhude89bq2r14kjxe1g8kvalp8.pdf,1,pdf,1653,2339,0,0.929,no,0.000,no,no,2063.478,246.796,36.207,0.250,0.670,no,no,accepted,,7f8201e663c8ec327fb863304c2d9bbf64a52324f1ba5033553a859582fb6602,0.049709,,keep,,yes
images/3856825428-jmfhude89bq2r14kjxe1g8kvalp8__p002.png,3856825428_jmfhude89bq2r14kjxe1g8kvalp8.pdf,2,pdf,1653,2339,0,0.896,no,0.000,no,no,2331.411,243.290,44.029,-0.000,0.629,no,no,accepted,,a96d2001bbd1c032101f3ccd67ef1d9c440704b04da271d99e64fa89dbd3c310,0.066464,,keep,,yes
images/3856825428-jmfhude89bq2r14kjxe1g8kvalp8__p003.png,3856825428_jmfhude89bq2r14kjxe1g8kvalp8.pdf,3,pdf,2339,1653,0,0.922,no,0.000,no,no,5144.324,247.157,32.728,-0.000,0.689,no,no,accepted,,5fdbf4102df925b831c74ce7033d64a7bd4e814caea7f3b7d70e5038273c315e,0.046089,,keep,,yes
images/3857752770-82c4hux92atjfbno7pxfqwhh1j39__p001.png,3857752770_82c4hux92atjfbno7pxfqwhh1j39.pdf,1,pdf,1654,2339,0,0.902,no,0.000,no,no,3538.013,249.327,28.585,-0.000,0.647,no,no,accepted,,f04d14e4d2f3da024af0f2f5453a4396a69466f90dbc6e5ba52874cbc539db22,0.033175,,keep,,yes
images/3863282034-t38us8scyek6a93ausxkw1sdajfv__p001.png,3863282034_t38us8scyek6a93ausxkw1sdajfv.pdf,1,pdf,1654,2339,0,0.926,no,0.000,no,no,4692.607,246.225,34.797,-0.000,0.809,no,no,accepted,,eacbf3219c1ffc08b4d81c0df5c884fc66bd29f18ac6a54d248896d2d9eebda7,0.053854,,keep,,yes
images/3863282048-ozb7l2xdnkuq4rj4qqm71qf6r7bl__p001.png,3863282048_ozb7l2xdnkuq4rj4qqm71qf6r7bl.pdf,1,pdf,1654,2339,0,0.924,no,0.000,no,no,4134.962,247.007,33.275,-0.000,0.775,no,no,accepted,,b37411d601e32176552614186b14caa2850bfac25d622686f2e36943feb276f0,0.048814,,keep,,yes
images/3892094516-2hlhm85qwujciut6kana62w9ddmz__p001.png,3892094516_2hlhm85qwujciut6kana62w9ddmz.pdf,1,pdf,1654,2339,0,0.918,no,0.000,no,no,4348.765,231.913,57.121,-0.000,0.693,no,no,accepted,,5733902c20ac8076bfb80744781de8aeea6a75679185f09107ed5d8b823a0310,0.219322,,keep,,yes
images/3893364868-31nsjtvm3juno6kanhrt95m9qfuq__p001.png,3893364868_31nsjtvm3juno6kanhrt95m9qfuq.pdf,1,pdf,1654,2338,0,0.922,no,0.000,no,no,3810.654,243.869,34.125,-0.250,0.651,no,no,accepted,,89448afd8d817d996c58c9c8c55c1a1e6e2e2067da013fff7222dadee8f7dcb0,0.109850,,keep,,yes
images/3893364876-x32o85kipaywvjxzpcoobe4nbgnq__p001.png,3893364876_x32o85kipaywvjxzpcoobe4nbgnq.pdf,1,pdf,1654,2338,0,0.909,no,0.000,no,no,3863.610,243.876,34.141,-0.250,0.681,no,no,accepted,,700bef55059585193e02bfcdd92861184401b5e0dac654f67179e929c35d414d,0.109448,,keep,,yes
images/3893364884-h8nw6xiv18iwaave5m653rr1cqs7__p001.png,3893364884_h8nw6xiv18iwaave5m653rr1cqs7.pdf,1,pdf,1654,2338,0,0.924,no,0.000,no,no,3672.355,244.192,33.609,-0.250,0.625,no,no,accepted,,d523861283fca88bac750889908043d89bf509a1e7df6a687c2c9d6000636fbf,0.107044,,keep,,yes
images/3893364885-z27wxwz1kavkegabf1i8z2pcox4t__p001.png,3893364885_z27wxwz1kavkegabf1i8z2pcox4t.pdf,1,pdf,1654,2338,0,0.923,no,0.000,no,no,3703.508,244.137,33.610,-0.250,0.670,no,no,accepted,,98de6d3fe83d4424026a1a597db28d903b82a7386da773353392a5757ab9c9e1,0.108235,,keep,,yes
images/3893583494-eprpqcv3wa750640t2u3ywdc9lmx__p001.png,3893583494_eprpqcv3wa750640t2u3ywdc9lmx.pdf,1,pdf,1654,2339,0,0.924,no,0.000,no,no,4260.508,246.533,33.986,-0.000,0.794,no,no,accepted,,bb069a59bd8442b394e474590441b495294daa88a9527bbd7b1cf8f2fa4d6a60,0.053974,,keep,,yes
images/3893583513-h6derf1wxcfdw2syl7zkmvfayzom__p001.png,3893583513_h6derf1wxcfdw2syl7zkmvfayzom.pdf,1,pdf,1654,2339,0,0.925,no,0.000,no,no,4759.355,245.928,35.034,-0.000,0.812,no,no,accepted,,0b44d6e5235afda226961993692bbb5a926ab8fb6ad464c66f92af8d0bbcd551,0.057871,,keep,,yes
images/3893583523-tyo0xbiso5rafxhzj5g40axcckou__p001.png,3893583523_tyo0xbiso5rafxhzj5g40axcckou.pdf,1,pdf,1654,2339,0,0.925,no,0.000,no,no,4756.795,245.934,35.018,-0.000,0.812,no,no,accepted,,670ec8750d8db51ae0e67236acfd6b1dec772f38d17af58ad14dd0b798e264b4,0.057837,,keep,,yes
images/3915905925-ope5sa0465j8zpxm60amr01v2txy__p001.png,3915905925_ope5sa0465j8zpxm60amr01v2txy.pdf,1,pdf,1654,2339,0,0.924,no,0.000,no,no,6111.788,243.875,39.399,-0.000,0.738,no,no,accepted,,9d2a0da74b592d2a59951afcea99e82012c22efea9258e006ad8ae7ea8454e42,0.076454,,keep,,yes
images/3915905925-ope5sa0465j8zpxm60amr01v2txy__p002.png,3915905925_ope5sa0465j8zpxm60amr01v2txy.pdf,2,pdf,1654,2339,0,0.790,no,0.000,no,no,4668.863,246.954,34.553,-0.000,0.625,no,no,accepted,,15261a98f8737c620d1d750490a9edaba3d8b74052ef476ea259f693893279e2,0.054033,,keep,,yes
images/3915905925-ope5sa0465j8zpxm60amr01v2txy__p003.png,3915905925_ope5sa0465j8zpxm60amr01v2txy.pdf,3,pdf,1654,2339,0,0.910,no,0.000,no,no,2645.394,249.591,28.542,-0.000,0.636,no,no,accepted,,919fe6def4dc7c7ac9e0afb955132e5a65510723ec119ae0ce474e2f92a9d3cf,0.039526,,keep,,yes
images/3915905927-h02v2n9qkj3lv2le3z08wuzsafa2__p001.png,3915905927_h02v2n9qkj3lv2le3z08wuzsafa2.pdf,1,pdf,1654,2339,0,0.921,no,0.000,no,no,6046.816,243.983,39.375,-0.000,0.708,no,no,accepted,,6766969a82382e5dca6f0dc533643fab02980ffe4a8f299b081edc1f0f4eba99,0.075570,,keep,,yes
images/3915905927-h02v2n9qkj3lv2le3z08wuzsafa2__p002.png,3915905927_h02v2n9qkj3lv2le3z08wuzsafa2.pdf,2,pdf,1654,2339,0,0.924,no,0.000,no,no,3230.940,248.797,30.553,-0.000,0.640,no,no,accepted,,5fd573e9eb82ae164daa6dc2359036b02aa7c8c0753b8f49f7aff8cc312ca98c,0.043841,,keep,,yes
images/3918436702-90l8y76kcm3co1jrane7wjgud2wc.png,3918436702_90l8y76kcm3co1jrane7wjgud2wc.jpeg,1,image,3000,4000,0,0.921,no,0.824,no,no,1603.957,143.494,41.105,-0.250,0.651,no,no,review,document_contour_uncertain,9e57f69e85613cf9db00baaf5345d3f886e0802682405fa29e9ac62d06eb4695,1.000000,,review,,yes
images/3919432137-3mirxewy1cbwodo2iypfk2jjweez.png,3919432137_3mirxewy1cbwodo2iypfk2jjweez.jpeg,1,image,3000,4000,0,0.929,no,0.737,no,no,1260.916,145.966,29.812,0.500,0.588,no,no,review,document_contour_uncertain,a6054bbbdfd27dc60de409f246ea3f76d2dc1626ed432f1bc9ab4b9bdeae2ebb,0.999991,,review,,yes
images/3920637900-5rlpomwzoztz5f8ur86ejvvwp7av__p001.png,3920637900_5rlpomwzoztz5f8ur86ejvvwp7av.pdf,1,pdf,1654,2339,0,0.923,no,0.000,no,no,4274.693,246.515,34.026,-0.000,0.782,no,no,accepted,,5aaed12bf0c8f50ddf968f626494c54ead79051204d57f79235a93bfaade06a3,0.054125,,keep,,yes
images/3926298509-z0lxoc3lm1gtfai982wfro0tx1g0__p001.png,3926298509_z0lxoc3lm1gtfai982wfro0tx1g0.pdf,1,pdf,1653,2339,0,0.925,no,0.000,no,no,2444.004,244.447,41.019,-0.000,0.711,no,no,accepted,,f442a2340ff062e5f81b5681aa296b93c13d7955b3f1f73bc544e1564a08d01a,0.062366,,keep,,yes
images/3926298509-z0lxoc3lm1gtfai982wfro0tx1g0__p002.png,3926298509_z0lxoc3lm1gtfai982wfro0tx1g0.pdf,2,pdf,1653,2339,0,0.918,no,0.000,no,no,1804.222,248.670,29.005,-0.000,0.651,no,no,accepted,,ce3f72acdf2845195b3c2fdafcdacbd53f5071e8a7ba04a6139277bfc73cd74d,0.043730,,keep,,yes
images/3926298509-z0lxoc3lm1gtfai982wfro0tx1g0__p003.png,3926298509_z0lxoc3lm1gtfai982wfro0tx1g0.pdf,3,pdf,1653,2339,0,0.927,no,0.000,no,no,1650.514,250.065,26.061,-0.250,0.561,no,no,review,overexposed,814fd2d605bf39fe02a0423e48dddfe36f2bbeedf6f008ad8b23b9bfecf29f23,0.032828,,review,,yes
images/3926298509-z0lxoc3lm1gtfai982wfro0tx1g0__p004.png,3926298509_z0lxoc3lm1gtfai982wfro0tx1g0.pdf,4,pdf,1653,2339,0,0.928,no,0.000,no,no,5323.325,240.162,44.023,-0.000,0.865,no,no,accepted,,26a95e1679506dce5a1db22f5933a9405b158f80584b12b25bf108f255f27d95,0.096428,dup_008,review,exact_duplicate,yes
images/3950837833-zh49b7i5bh6lp4fwxb5eh9bol1dw__p001.png,3950837833_zh49b7i5bh6lp4fwxb5eh9bol1dw.pdf,1,pdf,1654,2339,0,0.923,no,0.000,no,no,4091.081,241.287,43.764,-0.000,0.711,no,no,accepted,,5516e458ee4baad6aa0267626ae1f7d3d9498e4a856b51ce914b60adc7900510,0.092536,,keep,,yes
images/3950837833-zh49b7i5bh6lp4fwxb5eh9bol1dw__p002.png,3950837833_zh49b7i5bh6lp4fwxb5eh9bol1dw.pdf,2,pdf,1654,2339,0,0.923,no,0.000,no,no,4453.336,243.679,37.594,-0.000,0.843,no,no,accepted,,08c42305a8d77264e362cfb824a52e2958ca03f25fc794b6625eec156d5be6cc,0.096792,,keep,,yes
images/3950837833-zh49b7i5bh6lp4fwxb5eh9bol1dw__p003.png,3950837833_zh49b7i5bh6lp4fwxb5eh9bol1dw.pdf,3,pdf,1654,2339,0,0.915,no,0.000,no,no,7345.384,237.743,45.765,-0.000,0.978,no,no,accepted,,82e5026e69370ef7dfd3e5e0e18af505ef2099d1920a0af680b004c8a9bb6ce9,0.130063,,keep,,yes
images/3950837833-zh49b7i5bh6lp4fwxb5eh9bol1dw__p004.png,3950837833_zh49b7i5bh6lp4fwxb5eh9bol1dw.pdf,4,pdf,1654,2339,0,0.908,no,0.000,no,no,4189.051,247.787,28.623,-0.000,0.828,no,no,accepted,,9ca6c8dc92ed26373ba7d9b8ec7d2a245c2ce6d6e0cb7ec44cf7ba118cf0d3b6,0.070614,,keep,,yes
images/3950930183-ksucr5kmhmc0tohp202trzmjskcy__p001.png,3950930183_ksucr5kmhmc0tohp202trzmjskcy.pdf,1,pdf,1653,2339,0,0.687,no,0.000,no,no,5349.530,245.386,38.653,-0.000,0.677,no,no,accepted,,5b6143aa9e9dc6e57c0029cdf1c8bbb306b06ad86d2542a3395a8428c32a7b22,0.052825,,keep,,yes
images/3950930183-ksucr5kmhmc0tohp202trzmjskcy__p002.png,3950930183_ksucr5kmhmc0tohp202trzmjskcy.pdf,2,pdf,1653,2339,0,0.914,no,0.000,no,no,1319.429,252.580,19.432,-0.000,0.509,no,yes,review,contrast_enhanced;overexposed,b67476c738e96b75ef9a60f6a58cb9a92d965ff63d0c10cb01c5c819de6b46fd,0.013950,,review,,yes
images/3950930183-ksucr5kmhmc0tohp202trzmjskcy__p003.png,3950930183_ksucr5kmhmc0tohp202trzmjskcy.pdf,3,pdf,1653,2339,0,0.633,no,0.000,no,no,4585.340,246.488,35.924,-0.000,0.741,no,no,accepted,,f6b63995054cbc9f0713d23c6ace1651b8ea3b8783f34ae9e0c89de36383f434,0.047860,,keep,,yes
images/3960060574-9bg31ixcgsx7ybmkqctzmx2l16hs.png,3960060574_9bg31ixcgsx7ybmkqctzmx2l16hs.jpeg,1,image,1284,2009,0,0.918,no,0.000,no,no,1796.343,247.463,31.446,-0.000,0.719,no,no,accepted,,9bd0a87f519a814866ab01f72c2d38670762f95a8f1b38bdaab103d997581319,0.061024,,keep,,yes
images/3968057950-wnddvnip3rrwmd5z5e1gj18pyac0__p001.png,3968057950_wnddvnip3rrwmd5z5e1gj18pyac0.pdf,1,pdf,1653,2339,0,0.925,no,0.000,no,no,4150.691,247.608,32.349,-0.000,0.719,no,no,accepted,,148fad53f78211a2baf3e34343ac1bc8bb56f763440f98614f89847cb51c0cb8,0.044174,,keep,,yes
images/3968057950-wnddvnip3rrwmd5z5e1gj18pyac0__p002.png,3968057950_wnddvnip3rrwmd5z5e1gj18pyac0.pdf,2,pdf,1653,2339,0,0.256,no,0.000,no,no,2605.541,250.014,27.181,-0.000,0.689,no,no,review,overexposed,1fc45f325b58ec1697ed4330355a0225361c80fbb12eb3999329baa56de86a44,0.028653,,review,,yes
images/3968057958-ci3ionkwerc0a5f06pb7m3lnbvfa__p001.png,3968057958_ci3ionkwerc0a5f06pb7m3lnbvfa.pdf,1,pdf,1653,2339,0,0.925,no,0.000,no,no,4174.223,247.592,32.380,-0.000,0.719,no,no,accepted,,3b2c8bc4aa51dbeca47b7f70e402bdee98ea9d3a5d8d4f69d4123104d5581d94,0.044272,,keep,,yes
images/3968057958-ci3ionkwerc0a5f06pb7m3lnbvfa__p002.png,3968057958_ci3ionkwerc0a5f06pb7m3lnbvfa.pdf,2,pdf,1653,2339,0,0.256,no,0.000,no,no,2621.749,250.000,27.220,-0.000,0.689,no,no,accepted,,698fb3d6328104100e36f9006299c56f8f12d7345e234f0ef55286653e3de67b,0.028738,,keep,,yes
images/3977326714-fbvjbpxa0uqxtdv382rpri7w8eoi__p001.png,3977326714_fbvjbpxa0uqxtdv382rpri7w8eoi.pdf,1,pdf,1653,2339,0,0.922,no,0.000,no,no,2944.114,243.408,42.280,-0.000,0.715,no,no,accepted,,b855dea972b997bbb37cda73b998348b41b3d9d4a8289ba31c3c40c5f774b806,0.069709,,keep,,yes
images/3977326714-fbvjbpxa0uqxtdv382rpri7w8eoi__p002.png,3977326714_fbvjbpxa0uqxtdv382rpri7w8eoi.pdf,2,pdf,1653,2339,0,0.925,no,0.000,no,no,2458.195,244.513,36.924,-0.000,0.704,no,no,accepted,,d5c02fe20b1d16248ab11b4ba31f15430e448d14fd356e86ff1fd7242cbecceb,0.072088,,keep,,yes
images/3977326714-fbvjbpxa0uqxtdv382rpri7w8eoi__p003.png,3977326714_fbvjbpxa0uqxtdv382rpri7w8eoi.pdf,3,pdf,1653,2339,0,0.927,no,0.000,no,no,2030.632,247.923,30.876,-0.000,0.700,no,no,accepted,,8662ba970f0c5494188e9ac75de5a72b8d22873313058f33a5374c592f5b6d13,0.047350,,keep,,yes
images/3977326714-fbvjbpxa0uqxtdv382rpri7w8eoi__p004.png,3977326714_fbvjbpxa0uqxtdv382rpri7w8eoi.pdf,4,pdf,1653,2339,0,0.928,no,0.000,no,no,5323.325,240.162,44.023,-0.000,0.865,no,no,accepted,,26a95e1679506dce5a1db22f5933a9405b158f80584b12b25bf108f255f27d95,0.096428,dup_008,review,exact_duplicate,yes
images/3977326727-s5dtka9ggda6pkil97b1pa4oynkp__p001.png,3977326727_s5dtka9ggda6pkil97b1pa4oynkp.pdf,1,pdf,1654,2339,0,0.913,no,0.000,no,no,2975.559,249.950,26.729,0.750,0.509,no,no,review,skew_uncertain,53de3d380c0e81107c8059a8419642de5387579fe5a38827ca9cb90bc865024c,0.031134,,review,,yes
images/3985017097-78kone0exerzt24ddx80ryoeh2z3__p001.png,3985017097_78kone0exerzt24ddx80ryoeh2z3.pdf,1,pdf,1654,2339,0,0.927,no,0.000,no,no,4598.301,247.056,35.289,-0.000,0.700,no,no,accepted,,dcdf76e20ce846421af9897fc0641b059639a1bc16b5b0befadb63f68b81de34,0.043682,,keep,,yes
images/4-1-invoice-38__p001.png,4-1  invoice (38).pdf,1,pdf,1654,2339,0,0.896,no,0.000,no,no,2954.179,246.216,32.868,-0.000,0.775,no,no,accepted,,3bd8932277df756a933ed0d2f149f891d8992d99a0efb5c4ce90a069dadefe85,0.104875,,keep,,yes
images/4-1-invoice-38__p002.png,4-1  invoice (38).pdf,2,pdf,1654,2339,0,0.256,no,0.000,no,no,491.192,251.217,24.945,-0.250,0.490,no,no,review,overexposed,583869124e191233af671582bcdb058eecbef2385a46cd768f2f1ff1ad3ed9e4,0.024194,,review,,yes
images/4-6-2026-07-23-16-49-1__p001.png,4-6 2026-07-23 16-49_1.pdf,1,pdf,1654,2304,0,0.922,no,0.000,no,no,2768.497,237.546,49.863,-3.000,0.524,no,no,review,skew_uncertain,f23d82e202f46f4b44bf1aa14e77f46df7427c9579fdd95d3dee34c19397f273,0.117596,,review,,yes
images/4007446462-0hn52mlws9gw6697n2umt92sgbtb__p001.png,4007446462_0hn52mlws9gw6697n2umt92sgbtb.pdf,1,pdf,1654,2339,0,0.926,no,0.000,no,no,4836.291,245.786,35.254,-0.000,0.797,no,no,accepted,,424d43acb03f6ddd1c659ee9117855ac6776d663ea77b3eebf3e9168d6b37b0d,0.058791,,keep,,yes
images/4007446463-iv3nyav2niskbsrtw7j57hjqc1b5__p001.png,4007446463_iv3nyav2niskbsrtw7j57hjqc1b5.pdf,1,pdf,1654,2339,0,0.926,no,0.000,no,no,4899.881,245.699,35.397,-0.000,0.805,no,no,accepted,,eb0cb05fca5bd1358360d4f985fb8e4c7c412babc2112e586743097b0c713393,0.059381,,keep,,yes
images/4007446464-bvwhbnbx9io9slg76c8k1j77bxcl__p001.png,4007446464_bvwhbnbx9io9slg76c8k1j77bxcl.pdf,1,pdf,1654,2339,0,0.926,no,0.000,no,no,4263.271,246.601,34.359,-0.000,0.753,no,no,accepted,,43cbc412193b6ee6c172865e2ef845aa3fe30d26ad3961eda0204dedff424075,0.052664,,keep,,yes
images/4019371399-ekfnet7mjszo4yyylnp55l9j1uyg__p001.png,4019371399_ekfnet7mjszo4yyylnp55l9j1uyg.pdf,1,pdf,1654,2339,0,0.916,no,0.000,no,no,4214.874,232.106,56.954,-0.000,0.693,no,no,accepted,,8111c49f1ac7f8a45e3273cac19b0103e607cb8aa56f3304accbec2e4f03f6a9,0.218242,,keep,,yes
images/4052190329-q6pns3ruktz9d1ez02dm6gx5sts4.png,4052190329_q6pns3ruktz9d1ez02dm6gx5sts4.jpeg,1,image,1393,1694,0,0.914,no,1.000,yes,yes,605.217,247.057,25.504,-0.000,0.711,no,no,corrected,perspective_corrected;cropped,3f9f70cf74031e3f84e901b171bcd055433bf8baf5d2cc87ab42c102a9e84fa8,0.123664,,keep,,yes
images/4052190381-i88ijzp36glaulk4jx7qa16u68z2.png,4052190381_i88ijzp36glaulk4jx7qa16u68z2.jpeg,1,image,1440,2017,0,0.925,no,0.000,no,no,918.139,244.851,30.641,-0.000,0.730,no,no,accepted,,1e34d70f3f6c70ce813cf8bddf594b25352ba6e16b62923da8890fb40c3f448c,0.119164,,keep,,yes
images/4103800084-xf6ixwcqqgevm364ub8ko23so518__p001.png,4103800084_xf6ixwcqqgevm364ub8ko23so518.pdf,1,pdf,1654,2339,0,0.921,no,0.000,no,no,4237.019,246.840,32.926,-0.000,0.760,no,no,accepted,,fbdf8c22f4e7b6974cc27a97f89de5be402435073a98134ea3bc44f3e035a354,0.051836,,keep,,yes
images/4103800084-xf6ixwcqqgevm364ub8ko23so518__p002.png,4103800084_xf6ixwcqqgevm364ub8ko23so518.pdf,2,pdf,1654,2339,0,0.918,no,0.000,no,no,1793.328,251.801,19.953,-0.250,0.546,no,yes,review,contrast_enhanced;overexposed,fea26acb2f31589719a42cb68945f99f1ac099fcc7fe77cc5e8d7c9eb899ebd3,0.022068,,review,,yes
images/4103800085-iexrdfj4uv52qm380bhpjvey17af__p001.png,4103800085_iexrdfj4uv52qm380bhpjvey17af.pdf,1,pdf,1654,2338,0,0.920,no,0.000,no,no,3789.018,242.417,33.411,-0.000,0.726,no,no,accepted,,9e87170f5cc621d5f4ffb486c0dfa83d6983b8c4aef823db9cf41d85afbb9281,0.147588,,keep,,yes
images/4103800087-9lxrpr2zubmungfn3693rpub2ecf__p001.png,4103800087_9lxrpr2zubmungfn3693rpub2ecf.pdf,1,pdf,1654,2339,0,0.921,no,0.000,no,no,4241.282,246.826,32.937,-0.000,0.760,no,no,accepted,,58ab6685454e6576050efae739a734b5f79795eb9189ebfb215a0f410819ce3a,0.051916,,keep,,yes
images/4103800087-9lxrpr2zubmungfn3693rpub2ecf__p002.png,4103800087_9lxrpr2zubmungfn3693rpub2ecf.pdf,2,pdf,1654,2339,0,0.915,no,0.000,no,no,1789.360,251.809,19.922,-0.250,0.542,no,yes,review,contrast_enhanced;overexposed,a8f6f971da84e3955ecb54d4bdafe48331a9adc7ccec4a755974a86e3303666a,0.022025,,review,,yes
images/4103800088-05tjqwhkfm28efswltnxbbo7t9a7__p001.png,4103800088_05tjqwhkfm28efswltnxbbo7t9a7.pdf,1,pdf,1654,2339,0,0.922,no,0.000,no,no,4239.307,246.832,32.933,-0.000,0.767,no,no,accepted,,d5812c6936a637a69984ef19e1214931efb274e5f3dfe33e08f66b1450c432b5,0.051889,,keep,,yes
images/4103800088-05tjqwhkfm28efswltnxbbo7t9a7__p002.png,4103800088_05tjqwhkfm28efswltnxbbo7t9a7.pdf,2,pdf,1654,2339,0,0.910,no,0.000,no,no,1808.271,251.772,20.055,-0.250,0.535,no,yes,review,contrast_enhanced;overexposed,c47875b7f8e40e4a588957ef159fab7c803a307c3bd75e5818f2e2d63f9bc752,0.022266,,review,,yes
images/4103800089-x3hkri1mgz3a2b7n8t4oyc3qjwa1__p001.png,4103800089_x3hkri1mgz3a2b7n8t4oyc3qjwa1.pdf,1,pdf,1654,2339,0,0.921,no,0.000,no,no,4239.312,246.836,32.933,-0.000,0.764,no,no,accepted,,7bfe1ae4a080c396c88d7fbad085b3523635c8c5e618592faf83219372a68d35,0.051868,,keep,,yes
images/4103800089-x3hkri1mgz3a2b7n8t4oyc3qjwa1__p002.png,4103800089_x3hkri1mgz3a2b7n8t4oyc3qjwa1.pdf,2,pdf,1654,2339,0,0.911,no,0.000,no,no,1790.204,251.806,19.930,-0.250,0.539,no,yes,review,contrast_enhanced;overexposed,73b773a72089d1fa61819f937878452477343c451f37e1e8c4556a02247552ad,0.022041,,review,,yes
images/4103800092-n130l2hlaxzn594iukk8ibgokbd5__p001.png,4103800092_n130l2hlaxzn594iukk8ibgokbd5.pdf,1,pdf,1654,2338,0,0.924,no,0.000,no,no,3619.756,243.884,32.404,-0.000,0.734,no,no,accepted,,7fdc96a958814215fd22f8daaffb3d29d6ae5f8dd74777b92b718caf241be941,0.131072,,keep,,yes
images/4103800095-qdaz6b5l45mustvt1tqsufjlzgym__p001.png,4103800095_qdaz6b5l45mustvt1tqsufjlzgym.pdf,1,pdf,1654,2339,0,0.925,no,0.000,no,no,4745.875,245.945,35.003,-0.000,0.820,no,no,accepted,,ef18b77c16fa8996bf8983951ab4d50ec41449f84a4f2894236d79ff77509523,0.057778,,keep,,yes
images/4103800097-ib7n5w30k6qp0bzxhnrwuqwrbhjd__p001.png,4103800097_ib7n5w30k6qp0bzxhnrwuqwrbhjd.pdf,1,pdf,1654,2338,0,0.905,no,0.000,no,no,4542.889,245.786,36.704,-0.000,0.708,no,no,accepted,,ae9a4dc80d2ce21f6e9760244064c4a8de9dda0f75301e477b73d69fadd10f20,0.052969,,keep,,yes
images/4103800098-038ju7b7c0qr5fuf8hlpx8j0s5jk__p001.png,4103800098_038ju7b7c0qr5fuf8hlpx8j0s5jk.pdf,1,pdf,1653,2339,0,0.924,no,0.000,no,no,3748.196,241.635,37.555,-0.000,0.745,no,no,accepted,,eda898dcd84c7785cf485ddc53fa1884b25cc9ec7d67fcc147a0c0378aa0a847,0.155138,,keep,,yes
images/4103800098-038ju7b7c0qr5fuf8hlpx8j0s5jk__p002.png,4103800098_038ju7b7c0qr5fuf8hlpx8j0s5jk.pdf,2,pdf,1653,2339,0,0.923,no,0.000,no,no,5645.870,235.227,34.785,-0.000,1.000,no,no,accepted,,c89b9ed5412c5f379fd3d400e5a50d879081a37addce26c58d47621725666434,0.176869,,keep,,yes
images/4103800098-038ju7b7c0qr5fuf8hlpx8j0s5jk__p003.png,4103800098_038ju7b7c0qr5fuf8hlpx8j0s5jk.pdf,3,pdf,1653,2339,0,0.924,no,0.000,no,no,4356.477,236.504,43.650,-0.000,0.876,no,no,accepted,,2626e76d4f2c8cab8c52da2544523893564451f011c6689b6b762b1a586346cf,0.186723,,keep,,yes
images/4103800098-038ju7b7c0qr5fuf8hlpx8j0s5jk__p004.png,4103800098_038ju7b7c0qr5fuf8hlpx8j0s5jk.pdf,4,pdf,1653,2339,0,0.256,no,0.000,no,no,0.000,255.000,0.000,0.000,0.000,no,yes,review,contrast_enhanced;blurry;overexposed,f1fa61989e6572bc441ba1607d58f31e5ce60845c27af6f53aad2aa7ba1b694a,0.000000,dup_007,review,exact_duplicate;low_content,yes
images/4103800098-038ju7b7c0qr5fuf8hlpx8j0s5jk__p005.png,4103800098_038ju7b7c0qr5fuf8hlpx8j0s5jk.pdf,5,pdf,1653,2339,0,0.844,no,0.000,no,no,2812.219,244.224,35.880,-0.000,0.797,no,no,accepted,,1d4369d10df99b1d457bf7bf47fcb3bd4d98686e3f57b316b4036cc520ecbe68,0.119404,,keep,,yes
images/4103800099-cw2cnmb304xeozo4aylhe57bmt0w__p001.png,4103800099_cw2cnmb304xeozo4aylhe57bmt0w.pdf,1,pdf,1654,2338,0,0.921,no,0.000,no,no,5419.144,244.483,39.143,-0.000,0.715,no,no,accepted,,8201e3d123ddc9a1a35a7c08b342db6c485f39e58e5cb0b49f5b4ccdd638f8b1,0.060010,,keep,,yes
images/4103800099-cw2cnmb304xeozo4aylhe57bmt0w__p002.png,4103800099_cw2cnmb304xeozo4aylhe57bmt0w.pdf,2,pdf,1653,2339,0,0.517,no,0.000,no,no,1947.275,248.294,27.485,-0.250,1.000,no,no,accepted,,88da935f7898dc30c66e04903f62ef9303aa222cb51c6e30c75b8f7ee4b56f27,0.060204,,keep,,yes
images/4103800100-4hxfe2wcin27cif3vfyfvhebvgwm__p001.png,4103800100_4hxfe2wcin27cif3vfyfvhebvgwm.pdf,1,pdf,1654,2338,0,0.924,no,0.000,no,no,6204.301,236.033,42.346,0.250,0.820,no,no,accepted,,6c80984ed047f72657c84010424ecd994228e81f924ef5caaf4e28b4bf0ddea3,0.219426,,keep,,yes
images/4103800100-4hxfe2wcin27cif3vfyfvhebvgwm__p002.png,4103800100_4hxfe2wcin27cif3vfyfvhebvgwm.pdf,2,pdf,1654,2338,0,0.927,no,0.000,no,no,3717.366,240.216,36.338,0.250,0.738,no,no,accepted,,9dd0aec32f657dbe18dd2bb56ba5bb066dc699363ea9ff6baa289314364e4829,0.190631,,keep,,yes
images/4103800101-otyapb1uak4oalr76544vf6x5m1g__p001.png,4103800101_otyapb1uak4oalr76544vf6x5m1g.pdf,1,pdf,1654,2339,0,0.925,no,0.000,no,no,4774.043,245.917,35.043,-0.000,0.809,no,no,accepted,,0a392ae5e6b06179ddff3880e437af5d66258ef0efd4c84f9ed7858aae0fec39,0.057950,,keep,,yes
images/4107140591-e5lx2v06iuyi5zz1cfuowvsjn2iy__p001.png,4107140591_e5lx2v06iuyi5zz1cfuowvsjn2iy.pdf,1,pdf,1654,2338,0,0.896,no,0.000,no,no,3809.744,243.262,34.895,0.250,0.647,no,no,accepted,,7f141a8aefa7c65961bca443d156801194673a502650f0ffa56146fa28359b53,0.112271,,keep,,yes
images/4107140593-npbl33f9stn3n2nz7qtduk3d0i00__p001.png,4107140593_npbl33f9stn3n2nz7qtduk3d0i00.pdf,1,pdf,1654,2339,0,0.925,no,0.000,no,no,3180.297,244.897,35.164,-0.000,0.633,no,no,accepted,,3fea829ff3c9931aec380954b07bb8ee27d3c0bde1118c05d80108edb2d83000,0.074980,,keep,,yes
images/4107140593-npbl33f9stn3n2nz7qtduk3d0i00__p002.png,4107140593_npbl33f9stn3n2nz7qtduk3d0i00.pdf,2,pdf,1654,2339,0,0.256,no,0.000,no,no,911.543,253.233,14.948,-0.000,0.614,no,yes,review,contrast_enhanced;overexposed,a8aa1c9cce24cc2d466a95b2afccc0b9f33538f6499badb669617f1e2b4e25c3,0.013714,,review,,yes
images/4107140594-87ps3vkwjvnw5h6ly9kudy2yvy2h__p001.png,4107140594_87ps3vkwjvnw5h6ly9kudy2yvy2h.pdf,1,pdf,1654,2339,0,0.899,no,0.000,no,no,4666.357,244.814,40.295,-0.000,0.756,no,no,accepted,,ca5e36e3b78d92d7442e55c846c577218c8e0f3c7913e79393615eddd0de5613,0.056589,,keep,,yes
images/4108725488-83drtka2hutjpmybf2v17pjz2tgd__p001.png,4108725488_83drtka2hutjpmybf2v17pjz2tgd.pdf,1,pdf,1662,2342,0,0.928,no,0.000,no,no,1848.996,245.258,35.675,-0.000,0.633,no,no,accepted,,ec804894f772ffedc9e2f06d416735a542390f34712e3b38c428070455f80357,0.241598,,keep,,yes
images/4109373162-9wr5axel4v1v9hmq0vik9k3dar8e__p001.png,4109373162_9wr5axel4v1v9hmq0vik9k3dar8e.pdf,1,pdf,1654,2339,0,0.924,no,0.000,no,no,4566.951,243.717,35.416,-0.000,0.685,no,no,accepted,,6a41402dac652c9354633e511bc31905366e37cf845db502297a4c436ad105a0,0.100037,,keep,,yes
images/4109373169-y37yixdp533e6ylrgunjtuozuy71__p001.png,4109373169_y37yixdp533e6ylrgunjtuozuy71.pdf,1,pdf,1654,2339,0,0.922,no,0.000,no,no,5811.556,241.779,38.119,-0.000,0.685,no,no,accepted,,e3c6a1f6806d2210ca2677924a6cae39b871a3de45b5c7c995bad7579cfcc871,0.112260,,keep,,yes
images/4109373172-tvmun6ud6xr12w5eahzb4iutan8n__p001.png,4109373172_tvmun6ud6xr12w5eahzb4iutan8n.pdf,1,pdf,1654,2339,0,0.920,no,0.000,no,no,5444.835,242.157,38.024,-0.000,0.659,no,no,accepted,,547fae170b1adaf9a25843cb1aaf959302c27baaf9b79c535e0f5404aec1f06d,0.110217,,keep,,yes
images/4109373172-tvmun6ud6xr12w5eahzb4iutan8n__p002.png,4109373172_tvmun6ud6xr12w5eahzb4iutan8n.pdf,2,pdf,1654,2339,0,0.926,no,0.000,no,no,3656.047,245.234,32.464,-0.250,0.659,no,no,accepted,,3fe079294927ee350f9202302d27d0606af1e7f5324d9f9baf65ecb8664f5e5a,0.091513,,keep,,yes
images/4109373233-7w33uvw2cor5doc5ac5kwmtyu5lj__p001.png,4109373233_7w33uvw2cor5doc5ac5kwmtyu5lj.pdf,1,pdf,1654,2339,0,0.924,no,0.000,no,no,5578.046,241.711,38.405,-0.000,0.685,no,no,accepted,,174f1c2c8097fbd050f4f97cf545201e6ae6bfa02abe4c26328a722583ef0303,0.113611,,keep,,yes
images/4109455129-12s6tlpuy2in2dxh8saa54vtlbci__p001.png,4109455129_12s6tlpuy2in2dxh8saa54vtlbci.pdf,1,pdf,1654,2339,0,0.926,no,0.000,no,no,2848.781,248.680,31.124,-0.250,0.561,no,no,accepted,,ddbf197eb2e6c539d087c26cd370ec5a44751f4af57d2e76aa02bcae05213d50,0.041883,,keep,,yes
images/4109455141-ft1wfy1b8e3c5assbwrj1ekapsvg__p001.png,4109455141_ft1wfy1b8e3c5assbwrj1ekapsvg.pdf,1,pdf,1654,2339,0,0.926,no,0.000,no,no,2851.087,248.684,31.111,-0.250,0.565,no,no,accepted,,530c2e1b7a9ae78d3ffd7fbb5dc70b544e651fc017055879bd949a0b27aeb0d4,0.041864,,keep,,yes
images/4109455159-123f5v3sxv5ltrvi8jbyxq7tsak8__p001.png,4109455159_123f5v3sxv5ltrvi8jbyxq7tsak8.pdf,1,pdf,1654,2339,0,0.926,no,0.000,no,no,3227.629,248.243,32.034,-0.750,0.584,no,no,review,skew_uncertain,1da63193f2daf239273902c79ef27bc2a788cb1285c8e4aa27b9c32afdcf787e,0.044540,,review,,yes
images/4109455170-0xnmwgmj0ngm018hbilh6ve4pqlu__p001.png,4109455170_0xnmwgmj0ngm018hbilh6ve4pqlu.pdf,1,pdf,1654,2339,0,0.927,no,0.000,no,no,2938.780,248.553,31.439,-0.250,0.580,no,no,accepted,,a80b1952bd9bac6cc9782d47ef69ead1b20a4b73678981bf32115ad91cf9483d,0.042578,,keep,,yes
images/4109455339-s4urgjxbjpm7n7n048zikm4fil8n__p001.png,4109455339_s4urgjxbjpm7n7n048zikm4fil8n.pdf,1,pdf,1654,2339,0,0.928,no,0.000,no,no,2933.014,248.554,31.420,-0.250,0.576,no,no,accepted,,08700998c352c61e11b0d822374ec1f5402670091d72a30dd3a3dfbc498d99b3,0.042584,,keep,,yes
images/4109455342-n3l2bvj8fwvepnd65c65gpwpg9tx__p001.png,4109455342_n3l2bvj8fwvepnd65c65gpwpg9tx.pdf,1,pdf,1654,2339,0,0.927,no,0.000,no,no,2822.377,248.737,30.964,-0.250,0.554,no,no,accepted,,0d33b9bc711c6c737454c159fae7906fc4e50633d5d0ad9ab1c58e4d5d5511f5,0.041590,,keep,,yes
images/4109455345-hwlxy1w0v5d68aq7u7diaawdmjdp__p001.png,4109455345_hwlxy1w0v5d68aq7u7diaawdmjdp.pdf,1,pdf,1654,2339,0,0.927,no,0.000,no,no,2868.614,248.670,31.164,-0.250,0.565,no,no,accepted,,1f6bb8a25633e7beed10b1b27aa3c3d21d66f524d75c20b1cfa43309d98a9382,0.041937,,keep,,yes
images/4109455347-884th0jyf7k0l2gzgqeunefqufi9__p001.png,4109455347_884th0jyf7k0l2gzgqeunefqufi9.pdf,1,pdf,1654,2339,0,0.924,no,0.000,no,no,2946.810,248.543,31.426,-0.250,0.591,no,no,accepted,,2ab1c292be3a9f7a179bc2a01fe7d3d2362d5e7f7e5e59258929d98ceb7264e1,0.042659,,keep,,yes
images/4109455405-qwf8atx3k9cox597itfrh3mxen2b__p001.png,4109455405_qwf8atx3k9cox597itfrh3mxen2b.pdf,1,pdf,1654,2339,0,0.924,no,0.000,no,no,2894.536,248.624,31.270,-0.250,0.561,no,no,accepted,,b4686817057c7117f6eb3623d1371f86228261e341911445d46097357ac907a1,0.042185,,keep,,yes
images/4109455414-ni1ggp6cywoi6dqtvybpftcu026f__p001.png,4109455414_ni1ggp6cywoi6dqtvybpftcu026f.pdf,1,pdf,1654,2339,0,0.927,no,0.000,no,no,2912.943,248.598,31.322,-0.250,0.561,no,no,accepted,,dee748e6564c1e062c93fa742f02b6d73e8669e8d6087f10b0de73628af60559,0.042317,,keep,,yes
images/4109455420-bvgw6l4jozjpubhqne3bf2vq0to0__p001.png,4109455420_bvgw6l4jozjpubhqne3bf2vq0to0.pdf,1,pdf,1654,2339,0,0.928,no,0.000,no,no,2864.912,248.671,31.159,-0.250,0.565,no,no,accepted,,65a4fe54867249b38d0196caf215a308d57bd4b5736905788e65ec43e3de5d6d,0.041934,,keep,,yes
images/4109455430-aehvozf8wbt58a1dg2gkyatwcq6t__p001.png,4109455430_aehvozf8wbt58a1dg2gkyatwcq6t.pdf,1,pdf,1654,2339,0,0.924,no,0.000,no,no,2923.867,248.558,31.402,-0.250,0.569,no,no,accepted,,a425e8e0ab2b234348f17f5a0c96e45b3e6fa1d6e6d35375c7f4ad48b2dcfcde,0.042566,,keep,,yes
images/4109455463-vuuzh5u22cn4053f8ti5ng6h6k36__p001.png,4109455463_vuuzh5u22cn4053f8ti5ng6h6k36.pdf,1,pdf,1654,2339,0,0.928,no,0.000,no,no,2886.496,248.629,31.257,-0.250,0.569,no,no,accepted,,35a885653fe277f909112ca809bf31fe5ddc43a9e10e82842d9485366ee4cc80,0.042151,,keep,,yes
images/4109455494-wxp870blmrcuph2cbhvlkqcniizf__p001.png,4109455494_wxp870blmrcuph2cbhvlkqcniizf.pdf,1,pdf,1654,2339,0,0.927,no,0.000,no,no,2891.175,248.621,31.275,-0.250,0.565,no,no,accepted,,1dbfb66a142759ff5dd56cdb546a97558640cefb318574ff066b44f6b06b08b9,0.042203,,keep,,yes
images/4109455566-sp425ql9gqbozf2iiofkdf7xjk5x__p001.png,4109455566_sp425ql9gqbozf2iiofkdf7xjk5x.pdf,1,pdf,1654,2339,0,0.925,no,0.000,no,no,2946.781,248.539,31.440,-0.250,0.580,no,no,accepted,,6c89fb198d7b26b3bf82329aeb205766c88b82acf32d41d7721ef3ea38069991,0.042681,,keep,,yes
images/4109455612-f2oqeybo4id4jj2jnnlxxwxc9oge__p001.png,4109455612_f2oqeybo4id4jj2jnnlxxwxc9oge.pdf,1,pdf,1654,2339,0,0.926,no,0.000,no,no,2926.288,248.569,31.387,-0.250,0.591,no,no,accepted,,57889e9756addd002c09142172affc7802c24ccdcd1d906734bbb3684078cec7,0.042494,,keep,,yes
images/4109455613-8s5svj6cb9xsm0vk8y5yibu6mqy7__p001.png,4109455613_8s5svj6cb9xsm0vk8y5yibu6mqy7.pdf,1,pdf,1654,2339,0,0.926,no,0.000,no,no,2928.375,248.578,31.361,-0.250,0.573,no,no,accepted,,808221e85798ffeb7b0ed84f28d62b16553b623b7f840f72d0b8288ccdbe8edf,0.042455,,keep,,yes
images/4110786103-d30z43xvm2s6g62ly2s6er3z3uip__p001.png,4110786103_d30z43xvm2s6g62ly2s6er3z3uip.pdf,1,pdf,1655,2340,0,0.922,no,0.000,no,no,4597.614,241.642,38.955,-0.000,0.741,no,no,accepted,,9681a3306073cc5ba61659a38a7859cfc27b5703b1198d716e32c9fed3da3a27,0.200299,,keep,,yes
images/4111374319-i6166jgq1zeefvgtvoxa3px9jp0y__p001.png,4111374319_i6166jgq1zeefvgtvoxa3px9jp0y.pdf,1,pdf,2339,1654,0,0.864,no,0.000,no,no,4254.408,244.790,31.281,-0.250,0.644,no,no,accepted,,2b65133dec547afda070bcaffcce3c8cfdfb67979ab7fedc0a9934fa62d76dc8,0.138715,,keep,,yes
images/4111374320-5p9iabvd42fytp9z4f12i2jiogf7__p001.png,4111374320_5p9iabvd42fytp9z4f12i2jiogf7.pdf,1,pdf,2339,1654,0,0.853,no,0.000,no,no,7704.702,238.573,39.364,-0.000,0.824,no,no,accepted,,de1714ead068f130f2a428fbcc055b089aacca4946a692968ef9827d602e4aa5,0.190820,,keep,,yes
images/4111374320-5p9iabvd42fytp9z4f12i2jiogf7__p002.png,4111374320_5p9iabvd42fytp9z4f12i2jiogf7.pdf,2,pdf,2339,1654,0,0.911,no,0.000,no,no,6193.356,240.726,37.237,-0.000,0.790,no,no,accepted,,fe872188dbb8a237b094eb6d216183d9c61a16a7f73ca169191ecbfa12c4d2dd,0.177813,,keep,,yes
images/4111374323-9qolhp6mta7rsil1zq71iqho71jm__p001.png,4111374323_9qolhp6mta7rsil1zq71iqho71jm.pdf,1,pdf,1654,2339,0,0.929,no,0.000,no,no,3523.861,245.034,32.540,-0.000,0.835,no,no,accepted,,6afa18957169cf4c020c3375a13422afa2dbea36875d43a91a7fdc1c0380b129,0.082884,,keep,,yes
images/4111374325-kqn363fwjgf089wk9rfhwq7atk4z__p001.png,4111374325_kqn363fwjgf089wk9rfhwq7atk4z.pdf,1,pdf,1656,2342,0,0.928,no,0.000,no,no,1906.207,246.867,26.853,-0.000,0.831,no,no,accepted,,417d4be059b1f4a02743824ca3fc2dbb449ec34b533f8a0a6108be7c0c07822d,0.054234,,keep,,yes
images/4111374325-kqn363fwjgf089wk9rfhwq7atk4z__p002.png,4111374325_kqn363fwjgf089wk9rfhwq7atk4z.pdf,2,pdf,1656,2342,0,0.922,no,0.000,no,no,2051.960,234.828,57.796,-0.000,0.861,no,no,accepted,,9418c05e15f90e6ee34bf92784b223e3c281ad840ef03723f70b6e4e4e0126eb,0.114962,,keep,,yes
images/4111374325-kqn363fwjgf089wk9rfhwq7atk4z__p003.png,4111374325_kqn363fwjgf089wk9rfhwq7atk4z.pdf,3,pdf,1656,2342,0,0.927,no,0.598,no,no,1509.759,237.643,51.334,-0.000,0.816,no,no,review,document_contour_uncertain,4eb225abc9f6b354899899eba02c1cc40a396a25dbdba2cfd7abc99710bcfd9d,0.112297,,review,,yes
images/4111374325-kqn363fwjgf089wk9rfhwq7atk4z__p004.png,4111374325_kqn363fwjgf089wk9rfhwq7atk4z.pdf,4,pdf,1656,2342,0,0.927,no,0.000,no,no,2853.450,247.818,30.000,-0.000,0.824,no,no,accepted,,5e84ad2e6ff031e7a0b45d9f866b817ca6c88f38346d5a5f64717f055159dac0,0.056590,,keep,,yes
images/4111528053-7fv9at9466sqlt05cd648r1noly8__p001.png,4111528053_7fv9at9466sqlt05cd648r1noly8.pdf,1,pdf,1654,2339,0,0.912,no,0.000,no,no,6946.786,235.608,55.057,-0.000,0.779,no,no,accepted,,73ee45b2724cec9ebe7afe016ffea92c36203cb36f054db3e6975b9f7428c738,0.169933,,keep,,yes
images/4112869055-9hpnw2eo22vf472wv4s6u40k3n2m__p001.png,4112869055_9hpnw2eo22vf472wv4s6u40k3n2m.pdf,1,pdf,1654,2339,0,0.927,no,0.000,no,no,1817.207,251.451,22.417,-0.000,0.726,no,no,review,overexposed,63b7c8887ca424a13a954c1b84332fbed8277c60e65bdeceb2a067a0cb235014,0.020703,,review,,yes
images/4117055966-7kzce7kgw60wn8zn9dnwxqw8apt7__p001.png,4117055966_7kzce7kgw60wn8zn9dnwxqw8apt7.pdf,1,pdf,1653,2339,0,0.925,no,0.000,no,no,3307.409,244.492,39.515,-0.000,0.599,no,no,accepted,,2ceb9bcc976cb0fb1f91cba9798aea661d68f87277afd81afbaa78e43768c43e,0.152753,,keep,,yes
images/4117055991-i3fcs7mxzi3b8j68p6ddwal1fbsx__p001.png,4117055991_i3fcs7mxzi3b8j68p6ddwal1fbsx.pdf,1,pdf,1653,2339,0,0.919,no,0.000,no,no,5654.725,237.316,42.140,-0.000,0.794,no,no,accepted,,1cbd3f2a57881f1ea5dd613407da06d805b92c95af5312ebae50a76e88a43c88,0.278509,,keep,,yes
images/4117055991-i3fcs7mxzi3b8j68p6ddwal1fbsx__p002.png,4117055991_i3fcs7mxzi3b8j68p6ddwal1fbsx.pdf,2,pdf,1653,2339,0,0.921,no,0.000,no,no,5687.872,237.189,42.071,-0.000,0.790,no,no,accepted,,8a92a9991c112563d858fca1bedb22e54fd6724b0436506191e58538788803e0,0.279720,,keep,,yes
images/4117055991-i3fcs7mxzi3b8j68p6ddwal1fbsx__p003.png,4117055991_i3fcs7mxzi3b8j68p6ddwal1fbsx.pdf,3,pdf,1653,2339,0,0.918,no,0.000,no,no,5934.234,236.812,43.165,-0.000,0.809,no,no,accepted,,fd4d9a083dd8fbd53ebefdcf50dc896492e2ca2ac3b15376d92e609843968af8,0.280010,,keep,,yes
images/4117055991-i3fcs7mxzi3b8j68p6ddwal1fbsx__p004.png,4117055991_i3fcs7mxzi3b8j68p6ddwal1fbsx.pdf,4,pdf,1653,2339,0,0.915,no,0.000,no,no,5877.753,236.968,42.944,-0.000,0.797,no,no,accepted,,a580b5c07683c711efc38ab961ca6e3adb0518a3ae3baf20ba575373e02766c9,0.278795,,keep,,yes
images/4117055991-i3fcs7mxzi3b8j68p6ddwal1fbsx__p005.png,4117055991_i3fcs7mxzi3b8j68p6ddwal1fbsx.pdf,5,pdf,1653,2339,0,0.924,no,0.000,no,no,4657.515,238.830,40.305,-0.000,0.782,no,no,accepted,,6c8cedc09ed64c1ef86d50cc93dc83aecffad838b4e9e429c3c415e85fe02cf4,0.272329,,keep,,yes
images/4117055991-i3fcs7mxzi3b8j68p6ddwal1fbsx__p006.png,4117055991_i3fcs7mxzi3b8j68p6ddwal1fbsx.pdf,6,pdf,1653,2339,180,0.923,yes,0.000,no,no,580.028,248.185,27.695,-0.000,1.000,no,no,corrected,rotated_180,fbf2022f84a4a41b2ace93ca18b24b5e5a2a5aaf0e3368b27804462701c3809b,0.070287,,keep,,yes
images/4117055991-i3fcs7mxzi3b8j68p6ddwal1fbsx__p007.png,4117055991_i3fcs7mxzi3b8j68p6ddwal1fbsx.pdf,7,pdf,1653,2339,180,0.862,yes,0.000,no,no,572.746,248.251,27.814,-0.000,1.000,no,no,corrected,rotated_180,ed5c87aae1d50076201ea843d32c78b0ce2497df0a46538ae1c0eaba779499df,0.068412,,keep,,yes
images/4117055991-i3fcs7mxzi3b8j68p6ddwal1fbsx__p008.png,4117055991_i3fcs7mxzi3b8j68p6ddwal1fbsx.pdf,8,pdf,1684,2361,180,0.815,no,0.000,no,no,623.461,248.251,28.052,0.750,0.992,yes,no,review,deskewed;orientation_uncertain,976db47c5131472ea0f458c0b51d5fc45058278c6121705e3dd48375b72b32cf,0.068631,,review,,yes
images/4117055991-i3fcs7mxzi3b8j68p6ddwal1fbsx__p009.png,4117055991_i3fcs7mxzi3b8j68p6ddwal1fbsx.pdf,9,pdf,1694,2368,0,0.804,no,0.000,no,no,884.461,245.996,29.384,1.000,0.974,yes,no,corrected,deskewed,85adeee085b2cbfffe2e0710e9c25d5ab56f0c7177fe0c7563348d833967ef04,0.103493,,keep,,yes
images/4117055991-i3fcs7mxzi3b8j68p6ddwal1fbsx__p010.png,4117055991_i3fcs7mxzi3b8j68p6ddwal1fbsx.pdf,10,pdf,1653,2339,0,0.891,no,0.000,no,no,854.799,246.367,29.074,0.250,1.000,no,no,accepted,,e4fc4edc9a39ca22a86eb89b2d106f85bdf31cf0cb1e867a5df1b3b44511e4ee,0.096632,,keep,,yes
images/4117055991-i3fcs7mxzi3b8j68p6ddwal1fbsx__p011.png,4117055991_i3fcs7mxzi3b8j68p6ddwal1fbsx.pdf,11,pdf,1674,2354,0,0.891,no,0.000,no,no,858.695,246.330,29.119,-0.500,0.959,yes,no,corrected,deskewed,cc76669463f76dd8266cc75d4a9ac6f10041d548d08812db5823a76c85398dc7,0.099062,,keep,,yes
images/4117055991-i3fcs7mxzi3b8j68p6ddwal1fbsx__p012.png,4117055991_i3fcs7mxzi3b8j68p6ddwal1fbsx.pdf,12,pdf,1653,2339,180,0.478,no,0.000,no,no,619.530,247.992,27.737,-0.000,1.000,no,no,review,orientation_uncertain,68e7bbbc0d8844e1798bf4e0dc88d8f85b5cb79122e79d469efe6ccbce75313c,0.071683,,review,,yes
images/4117055991-i3fcs7mxzi3b8j68p6ddwal1fbsx__p013.png,4117055991_i3fcs7mxzi3b8j68p6ddwal1fbsx.pdf,13,pdf,1653,2339,0,0.782,no,0.000,no,no,546.863,248.515,27.657,-0.000,1.000,no,no,accepted,,80128ef14d8159840b182b4ea38eaa9de8e0bd5d316d12ba45e7dc974c9a5d3a,0.065477,,keep,,yes
images/4117055991-i3fcs7mxzi3b8j68p6ddwal1fbsx__p014.png,4117055991_i3fcs7mxzi3b8j68p6ddwal1fbsx.pdf,14,pdf,1653,2339,0,0.632,no,0.000,no,no,1776.199,244.792,32.816,-0.250,1.000,no,no,accepted,,f494c424e87501a90f05dc02a3e4a52d454c392bea82a34d3e51ba8e9cd8ca60,0.100850,,keep,,yes
images/4117055991-i3fcs7mxzi3b8j68p6ddwal1fbsx__p015.png,4117055991_i3fcs7mxzi3b8j68p6ddwal1fbsx.pdf,15,pdf,1653,2339,0,0.839,no,0.000,no,no,598.519,247.944,29.124,0.500,0.948,no,no,accepted,,446ad9cc263168a860d0bfc7fc8388f44815b071bc3fa083f5c9ba2068be63f4,0.067750,,keep,,yes
images/4117055991-i3fcs7mxzi3b8j68p6ddwal1fbsx__p016.png,4117055991_i3fcs7mxzi3b8j68p6ddwal1fbsx.pdf,16,pdf,1653,2339,180,0.850,no,0.000,no,no,1370.722,247.511,29.987,-0.125,1.000,no,no,review,orientation_uncertain,20797070ee1921276f0fcb57da8910a9f23fdec4218af6045a860cd4162d224f,0.055843,,review,,yes
images/4117055991-i3fcs7mxzi3b8j68p6ddwal1fbsx__p017.png,4117055991_i3fcs7mxzi3b8j68p6ddwal1fbsx.pdf,17,pdf,1653,2339,0,0.407,no,0.000,no,no,984.427,222.748,54.704,-0.000,1.000,no,no,accepted,,ece24f4f59a1b1b41c9df0d4afa6ea6ebc8f33e46a53c4d5024b083286e9d19c,0.515090,,keep,,yes
images/4117055991-i3fcs7mxzi3b8j68p6ddwal1fbsx__p018.png,4117055991_i3fcs7mxzi3b8j68p6ddwal1fbsx.pdf,18,pdf,1653,2339,0,0.928,no,0.000,no,no,912.263,221.164,57.094,-0.000,1.000,no,no,accepted,,717ea80a865c63562a1945e1f81745dbc5e8e63ee8cc9177ce52cf407a7125e5,0.511457,,keep,,yes
images/4117055991-i3fcs7mxzi3b8j68p6ddwal1fbsx__p019.png,4117055991_i3fcs7mxzi3b8j68p6ddwal1fbsx.pdf,19,pdf,1653,2339,0,0.834,no,0.000,no,no,986.177,223.536,56.144,0.250,1.000,no,no,accepted,,3065cc57f1ef04fe25f0653fb47e2b91a219765869a39c1a26c8014678dba25e,0.515626,,keep,,yes
images/4117055991-i3fcs7mxzi3b8j68p6ddwal1fbsx__p020.png,4117055991_i3fcs7mxzi3b8j68p6ddwal1fbsx.pdf,20,pdf,1653,2339,180,0.839,no,0.000,no,no,824.248,246.095,29.960,-0.000,1.000,no,no,review,orientation_uncertain,3b97b49d0f83db97f0a88261e2f4afb93a9a4aa5efe58c42e6171e489ddaa5d7,0.102922,,review,,yes
images/4117055991-i3fcs7mxzi3b8j68p6ddwal1fbsx__p021.png,4117055991_i3fcs7mxzi3b8j68p6ddwal1fbsx.pdf,21,pdf,1653,2339,180,0.839,no,0.000,no,no,820.605,246.091,29.977,-0.000,1.000,no,no,review,orientation_uncertain,6f5a15f03105f10ea2651aa3a1eac04dbc54f296caed37b58a048dbf9a7612dc,0.102939,,review,,yes
images/4117055991-i3fcs7mxzi3b8j68p6ddwal1fbsx__p022.png,4117055991_i3fcs7mxzi3b8j68p6ddwal1fbsx.pdf,22,pdf,2339,1654,0,0.925,no,0.000,no,no,16859.667,220.728,53.022,-0.000,0.985,no,no,accepted,,b7ff970a51b2b4c700a1e7102c6ee4c8554225a0798436edb5fa75d384a0057d,0.231318,,keep,,yes
images/4117767170-pcclpdpjr0kicqlu77dipuk4vsp5__p001.png,4117767170_pcclpdpjr0kicqlu77dipuk4vsp5.pdf,1,pdf,1653,2339,0,0.917,no,0.000,no,no,5514.992,245.048,39.271,-0.000,0.677,no,no,accepted,,b68db0f927b249563d1657477f8372550bc1dba69878bdb2d7e3daca163eb2c7,0.054619,,keep,,yes
images/4117767170-pcclpdpjr0kicqlu77dipuk4vsp5__p002.png,4117767170_pcclpdpjr0kicqlu77dipuk4vsp5.pdf,2,pdf,1653,2339,0,0.914,no,0.000,no,no,1315.548,252.598,19.353,-0.000,0.497,no,yes,review,contrast_enhanced;overexposed,bb9c63e1e6d48c08cb239d0cdee228ac392e0c84820c7162af48cfb6f4704525,0.013861,,review,,yes
images/4117767170-pcclpdpjr0kicqlu77dipuk4vsp5__p003.png,4117767170_pcclpdpjr0kicqlu77dipuk4vsp5.pdf,3,pdf,1653,2339,0,0.728,no,0.000,no,no,5166.791,245.355,37.335,-0.000,0.764,no,no,accepted,,d1e67b4946aaa6ec0760250fd2b7b79cfbe0bf714bb1821799ea56e2ec358684,0.055448,,keep,,yes
images/4117767173-ysgrab3tj1aw25ecagi0rsfjqu4d__p001.png,4117767173_ysgrab3tj1aw25ecagi0rsfjqu4d.pdf,1,pdf,1656,2339,0,0.922,no,0.000,no,no,3198.086,245.609,29.923,-0.000,0.674,no,no,accepted,,94921c906d8f6be55b4d5efb5b0d0cfc4438efa8206d3a0de861d6183d8efb05,0.236002,,keep,,yes
images/4117767173-ysgrab3tj1aw25ecagi0rsfjqu4d__p002.png,4117767173_ysgrab3tj1aw25ecagi0rsfjqu4d.pdf,2,pdf,1656,2339,0,0.921,no,0.000,no,no,2444.436,247.749,23.321,-0.000,0.861,no,no,accepted,,fed6cfaa0f368a4f7248c9333f32ca8389fde23944fd80a0e62af58f955fceba,0.061083,,keep,,yes
images/4120421761-b5xxezm3xkcmbh4j06clnx3rh0tt__p001.png,4120421761_b5xxezm3xkcmbh4j06clnx3rh0tt.pdf,1,pdf,1654,2339,0,0.922,no,0.000,no,no,6224.826,242.584,37.324,-0.000,0.861,no,no,accepted,,d505bd8dfcdc92ea1c1bbe458b057dd7785b9fa58a8c842daffd44de8ad33bea,0.112597,,keep,,yes
images/4120421929-592bn6abdo25r193bbozb15ezgmz__p001.png,4120421929_592bn6abdo25r193bbozb15ezgmz.pdf,1,pdf,1654,2339,0,0.922,no,0.000,no,no,5956.356,242.893,36.762,-0.000,0.869,no,no,accepted,,cbb53aab11003b47958637bab5ce2a2f2550b612f4ac54ded4e97f3d9af0639f,0.111073,,keep,,yes
images/4120421929-592bn6abdo25r193bbozb15ezgmz__p002.png,4120421929_592bn6abdo25r193bbozb15ezgmz.pdf,2,pdf,1654,2339,0,0.906,no,0.000,no,no,5433.783,243.995,35.696,-0.000,0.861,no,no,accepted,,bc9d9495e3464f1b9e7ca267f29c897976db3104a3d538cf2b0ce8bf800a2e0e,0.103008,,keep,,yes
images/4154270630-ocb1sl4f6w5h10nnzczxhvw7l0s1__p001.png,4154270630_ocb1sl4f6w5h10nnzczxhvw7l0s1.pdf,1,pdf,1653,2339,0,0.925,no,0.000,no,no,6237.795,243.345,37.465,-0.000,0.767,no,no,accepted,,651316c409d7ae1a26f4a71c06f0d7dafaa273a3e01d2dd02fb8642671fc880a,0.107737,,keep,,yes
images/4154270635-powrynaqfxpapeezmi3du3x47dg6__p001.png,4154270635_powrynaqfxpapeezmi3du3x47dg6.pdf,1,pdf,1653,2339,0,0.923,no,0.000,no,no,4482.049,244.577,35.800,0.250,0.723,no,no,accepted,,a36f8e457339923bcd01a016bfa5df271ec6df35875724ebfd6b82eeb2239b62,0.101624,,keep,,yes
images/4154270646-r4t90wqo2j6nmtq1qgpqzfichmnk__p001.png,4154270646_r4t90wqo2j6nmtq1qgpqzfichmnk.pdf,1,pdf,1653,2339,0,0.926,no,0.000,no,no,5983.709,242.186,39.329,-0.000,0.805,no,no,accepted,,d55f29f6a1e1a6cdaee9f6b8078c7e04f6eabf8556ff0c1af69726c4348d2281,0.116249,,keep,,yes
images/4154270703-cctfez0qqgjc5i5gbjag7f5951bx__p001.png,4154270703_cctfez0qqgjc5i5gbjag7f5951bx.pdf,1,pdf,1653,2339,0,0.926,no,0.000,no,no,6426.936,241.553,39.961,-0.000,0.753,no,no,accepted,,a54fd546de81f393c824440341007d20ee71dc0e610ca3806de72395b4671e45,0.120047,,keep,,yes
images/4154270707-znp5fmow1z67ap1pzmout8fkao8e__p001.png,4154270707_znp5fmow1z67ap1pzmout8fkao8e.pdf,1,pdf,1654,2339,0,0.913,no,0.000,no,no,4885.237,244.124,39.031,-0.000,0.843,no,no,accepted,,7477d67c7b365c95e0cfcd4c2e7a20fa4b801793dcef031b6a523af95875d750,0.066904,,keep,,yes
images/4154270707-znp5fmow1z67ap1pzmout8fkao8e__p002.png,4154270707_znp5fmow1z67ap1pzmout8fkao8e.pdf,2,pdf,2339,1654,0,0.929,no,0.000,no,no,3000.904,247.273,32.105,0.125,0.554,no,no,accepted,,8edabc08e0b1decb20424ca2f398d71b927f3296a53bca1ce6b64ac8c5d5c1a1,0.045582,,keep,,yes
images/4172349504-jqg5bwvg0rn23bdakrtlegvvt8oe__p001.png,4172349504_jqg5bwvg0rn23bdakrtlegvvt8oe.pdf,1,pdf,2339,1654,0,0.845,no,0.000,no,no,5967.360,240.605,37.235,-0.000,0.899,no,no,accepted,,3e4a0edf82b82d38a64b9384ff6183005360f9e7df71fb9ed9cc3dcc12da44f0,0.183970,,keep,,yes
images/4172349629-an4s7nb7twebqpfucxlasktyx1qh__p001.png,4172349629_an4s7nb7twebqpfucxlasktyx1qh.pdf,1,pdf,2339,1654,0,0.718,no,0.000,no,no,7859.962,238.410,39.484,-0.000,0.839,no,no,accepted,,4aa9c1ea233e14b39032d44dc37c03d8249f9d16fd4333dc3d3fe4c7030f5549,0.194029,,keep,,yes
images/4172349629-an4s7nb7twebqpfucxlasktyx1qh__p002.png,4172349629_an4s7nb7twebqpfucxlasktyx1qh.pdf,2,pdf,2339,1654,0,0.819,no,0.000,no,no,7305.642,239.817,38.024,-0.000,0.775,no,no,accepted,,4a7c96bac59342f6bc61598582ddf48295c85dea354d279cb0fd532b4f4e172f,0.169337,,keep,,yes
images/4172349629-an4s7nb7twebqpfucxlasktyx1qh__p003.png,4172349629_an4s7nb7twebqpfucxlasktyx1qh.pdf,3,pdf,2339,1654,0,0.765,no,0.000,no,no,4219.533,244.447,31.763,-0.000,0.719,no,no,accepted,,9794a76a207ebbf12302c9ff322a1cbab1aaf9d69fc083f602f9d76daaba8d73,0.144247,,keep,,yes
images/4249277645-j47klt5m5a5denroyqm8k5aoyntl__p001.png,4249277645_j47klt5m5a5denroyqm8k5aoyntl.pdf,1,pdf,1654,2339,0,0.925,no,0.000,no,no,4132.047,239.031,46.918,-0.000,0.704,no,no,accepted,,e7315c1eadea7dd6c094c306dbbba07a011fdba73f8675b400e09327440b7204,0.110339,,keep,,yes
images/4249277645-j47klt5m5a5denroyqm8k5aoyntl__p002.png,4249277645_j47klt5m5a5denroyqm8k5aoyntl.pdf,2,pdf,1654,2339,0,0.920,no,0.000,no,no,5838.170,239.777,42.409,-0.000,0.992,no,no,accepted,,40dce73199250cf730a709b74b66232ce6f63a5d7734268aa54b0ecf7ebcf805,0.126989,,keep,,yes
images/4249277645-j47klt5m5a5denroyqm8k5aoyntl__p003.png,4249277645_j47klt5m5a5denroyqm8k5aoyntl.pdf,3,pdf,1654,2339,0,0.927,no,0.000,no,no,4424.490,246.695,29.959,-0.000,0.797,no,no,accepted,,e7f2bb509e56e0079f718d1c0310cdf47a1c9e3e745a6e8e1baf9dd1587222a4,0.085794,,keep,,yes
images/4249277645-j47klt5m5a5denroyqm8k5aoyntl__p004.png,4249277645_j47klt5m5a5denroyqm8k5aoyntl.pdf,4,pdf,1654,2339,0,0.868,no,0.000,no,no,5236.953,241.049,40.621,-0.500,0.580,no,no,review,skew_uncertain,e51637df6b7b692a9f27156b032648acfb8c132a5fb110c2c7b35ad014d7af4f,0.117671,,review,,yes
images/4249277645-j47klt5m5a5denroyqm8k5aoyntl__p005.png,4249277645_j47klt5m5a5denroyqm8k5aoyntl.pdf,5,pdf,1654,2339,0,0.618,no,0.000,no,no,5476.741,244.947,31.749,-0.750,0.599,no,no,review,skew_uncertain,246801a20e5e54c389bd5f1c6425cbf58d9bfaaa5d3118416e87c720de296a9b,0.096936,,review,,yes
images/4249277645-j47klt5m5a5denroyqm8k5aoyntl__p006.png,4249277645_j47klt5m5a5denroyqm8k5aoyntl.pdf,6,pdf,1654,2339,0,0.750,no,0.000,no,no,5558.035,245.317,31.148,-1.000,0.561,no,no,review,skew_uncertain,fd1a926d4cc886c8f9a37f5723baba941b1cd4e03dcbcb96c6aaaf61b5b5d458,0.093581,,review,,yes
images/4249277645-j47klt5m5a5denroyqm8k5aoyntl__p007.png,4249277645_j47klt5m5a5denroyqm8k5aoyntl.pdf,7,pdf,1654,2339,0,0.781,no,0.000,no,no,5313.410,245.128,31.497,-0.750,0.599,no,no,review,skew_uncertain,7412228f508b83ea6061bb690251c5021660ab91e2b45a44c303bf6c5ebacb61,0.095607,,review,,yes
images/4249277645-j47klt5m5a5denroyqm8k5aoyntl__p008.png,4249277645_j47klt5m5a5denroyqm8k5aoyntl.pdf,8,pdf,1654,2339,0,0.923,no,0.000,no,no,4874.825,246.305,29.512,-1.000,0.557,no,no,review,skew_uncertain,a728a8998d6a594ea0f67d41c865bc56aa1e6a791d8a08751b3b0e4a13a40b72,0.086770,,review,,yes
images/4249277645-j47klt5m5a5denroyqm8k5aoyntl__p009.png,4249277645_j47klt5m5a5denroyqm8k5aoyntl.pdf,9,pdf,1654,2339,0,0.926,no,0.000,no,no,4861.831,245.786,30.375,-0.875,0.573,no,no,review,skew_uncertain,85220aa024d033942bbfb8ace8adf799a98913d242252b87d944c62373b874c0,0.091327,,review,,yes
images/4249277645-j47klt5m5a5denroyqm8k5aoyntl__p010.png,4249277645_j47klt5m5a5denroyqm8k5aoyntl.pdf,10,pdf,1654,2339,0,0.913,no,0.000,no,no,4783.249,246.380,29.414,-1.000,0.554,no,no,review,skew_uncertain,7060e435351252fa1c464f8cc87a0e4c851e950151ed40df77e8861b7fa608a2,0.086252,,review,,yes
images/4249277645-j47klt5m5a5denroyqm8k5aoyntl__p011.png,4249277645_j47klt5m5a5denroyqm8k5aoyntl.pdf,11,pdf,1654,2339,0,0.920,no,0.000,no,no,4728.485,246.105,29.918,-1.000,0.561,no,no,review,skew_uncertain,a5fb709c206877d922d4e5309f8023a3637af0f518d9154d7df60161e0477891,0.089033,,review,,yes
images/4249277645-j47klt5m5a5denroyqm8k5aoyntl__p012.png,4249277645_j47klt5m5a5denroyqm8k5aoyntl.pdf,12,pdf,1654,2339,0,0.871,no,0.000,no,no,4706.740,246.656,29.014,-1.250,0.426,no,no,review,skew_uncertain,8ecc9d8c915bfb030b394641d72655ce2b9e5283a2a124685ebbefbead78a34c,0.084410,,review,,yes
images/4249277645-j47klt5m5a5denroyqm8k5aoyntl__p013.png,4249277645_j47klt5m5a5denroyqm8k5aoyntl.pdf,13,pdf,1654,2339,0,0.923,no,0.000,no,no,4825.537,245.802,30.343,-0.875,0.576,no,no,review,skew_uncertain,6b0f0aa8c47653dfef01271ed43b4e2808bc6fa6ca337674e2dae257c9c3f980,0.091083,,review,,yes
images/4249277645-j47klt5m5a5denroyqm8k5aoyntl__p014.png,4249277645_j47klt5m5a5denroyqm8k5aoyntl.pdf,14,pdf,1654,2339,0,0.912,no,0.000,no,no,4659.310,246.603,29.087,-1.000,0.542,no,no,review,skew_uncertain,714560c4e80e255445914daed0aeed966ca67a7752cd87bc03bf9056b3e905ff,0.084688,,review,,yes
images/4249277645-j47klt5m5a5denroyqm8k5aoyntl__p015.png,4249277645_j47klt5m5a5denroyqm8k5aoyntl.pdf,15,pdf,1654,2339,0,0.915,no,0.000,no,no,4637.664,246.142,29.795,-1.000,0.557,no,no,review,skew_uncertain,0ec6b146ae40de3d2f61b6fe219435f4a97c45c0315d257a2a4faf9f57590f50,0.088823,,review,,yes
images/4249277645-j47klt5m5a5denroyqm8k5aoyntl__p016.png,4249277645_j47klt5m5a5denroyqm8k5aoyntl.pdf,16,pdf,1654,2339,0,0.885,no,0.000,no,no,4393.456,247.010,28.325,-1.250,0.430,no,no,review,skew_uncertain,7297eb1b772fbc1abf8210840a83c60e612dfce0e72a2fde0ed34c66980cdb0d,0.081974,,review,,yes
images/4249277645-j47klt5m5a5denroyqm8k5aoyntl__p017.png,4249277645_j47klt5m5a5denroyqm8k5aoyntl.pdf,17,pdf,1654,2339,0,0.899,no,0.000,no,no,4602.814,246.222,29.683,-1.000,0.557,no,no,review,skew_uncertain,c4b677bacce4b61fe6c5688ee4fd7daa2050c0370d70e0451ea23bbc1957f992,0.088272,,review,,yes
images/4249277645-j47klt5m5a5denroyqm8k5aoyntl__p018.png,4249277645_j47klt5m5a5denroyqm8k5aoyntl.pdf,18,pdf,1654,2339,0,0.874,no,0.000,no,no,5270.501,245.764,30.709,-1.000,0.565,no,no,review,skew_uncertain,7fbe9b94dc54e8039f27da9b91e130828760a6ad1d6a4db58a0e3fc373236b03,0.090141,,review,,yes
images/4249277645-j47klt5m5a5denroyqm8k5aoyntl__p019.png,4249277645_j47klt5m5a5denroyqm8k5aoyntl.pdf,19,pdf,1654,2339,0,0.354,no,0.000,no,no,5749.688,244.418,32.473,-0.500,0.610,no,no,review,skew_uncertain,b0825d4807fcbf6e808ef99bcc2dc854db4a580e0188d7dfa0a5a63a7c13e021,0.100270,,review,,yes
images/4249277645-j47klt5m5a5denroyqm8k5aoyntl__p020.png,4249277645_j47klt5m5a5denroyqm8k5aoyntl.pdf,20,pdf,1654,2339,180,0.665,no,0.000,no,no,5822.621,244.791,31.924,-0.500,0.569,no,no,review,orientation_uncertain;skew_uncertain,dae3affee0bbd854cf596a6147932d5194f7e6a3486a764362dfebef1e2106ef,0.096789,,review,,yes
images/4249277645-j47klt5m5a5denroyqm8k5aoyntl__p021.png,4249277645_j47klt5m5a5denroyqm8k5aoyntl.pdf,21,pdf,1654,2339,180,0.879,yes,0.000,no,no,5775.330,244.211,32.704,-0.750,0.588,no,no,review,rotated_180;skew_uncertain,ccafe37c88a884f6661e3569dde3486dd02d859853a9857cbe0d0244f9d34648,0.101685,,review,,yes
images/4249277645-j47klt5m5a5denroyqm8k5aoyntl__p022.png,4249277645_j47klt5m5a5denroyqm8k5aoyntl.pdf,22,pdf,1654,2339,0,0.838,no,0.000,no,no,4987.303,246.179,29.851,-1.000,0.550,no,no,review,skew_uncertain,4f8921ab74dc25d7828af14c327c813d23d39f208d175b01dfe463bc046d64e2,0.087437,,review,,yes
images/4249277645-j47klt5m5a5denroyqm8k5aoyntl__p023.png,4249277645_j47klt5m5a5denroyqm8k5aoyntl.pdf,23,pdf,1654,2339,0,0.926,no,0.000,no,no,5196.430,245.121,31.390,-0.875,0.557,no,no,review,skew_uncertain,a77432a686a675d2ba37fbdecb0a8f2eb97dc848cc43adc7e62f210b0c69a194,0.095863,,review,,yes
images/4249277645-j47klt5m5a5denroyqm8k5aoyntl__p024.png,4249277645_j47klt5m5a5denroyqm8k5aoyntl.pdf,24,pdf,1654,2339,0,0.920,no,0.000,no,no,4807.544,246.443,29.353,-1.000,0.542,no,no,review,skew_uncertain,fa1846ba41d49a659c3e2f4a1c8f68c60a6e95d691d7296ec3794ce4f2e68186,0.085821,,review,,yes
images/4249277645-j47klt5m5a5denroyqm8k5aoyntl__p025.png,4249277645_j47klt5m5a5denroyqm8k5aoyntl.pdf,25,pdf,1654,2339,0,0.924,no,0.000,no,no,4774.159,246.046,29.955,-1.000,0.546,no,no,review,skew_uncertain,1239af183106d90462574738202744b4dca2aeadba2f4b856e807eb635b30d00,0.089467,,review,,yes
images/4249277645-j47klt5m5a5denroyqm8k5aoyntl__p026.png,4249277645_j47klt5m5a5denroyqm8k5aoyntl.pdf,26,pdf,1654,2339,0,0.910,no,0.000,no,no,5483.308,245.389,31.776,-0.500,0.573,no,no,review,skew_uncertain,d193e311f2795aac8d05ab222288b0d24928893c509df8b9d5405cde1fa92c62,0.091960,,review,,yes
images/4249277645-j47klt5m5a5denroyqm8k5aoyntl__p027.png,4249277645_j47klt5m5a5denroyqm8k5aoyntl.pdf,27,pdf,1654,2339,180,0.625,no,0.000,no,no,6442.290,243.435,34.536,-0.250,0.677,no,no,review,orientation_uncertain,b6eb4c1b1b61cb270b1b9bf554610a14252ed4b3a1e63189f6cd28c6af21da15,0.105011,,review,,yes
images/4249277645-j47klt5m5a5denroyqm8k5aoyntl__p028.png,4249277645_j47klt5m5a5denroyqm8k5aoyntl.pdf,28,pdf,1654,2339,0,0.873,no,0.000,no,no,4349.716,247.120,29.135,-0.250,0.580,no,no,accepted,,9d00456895956a00057a553f6c47259b3a9f01f242752c7895926d3e15c67163,0.079867,,keep,,yes
images/4293644327-dv27179hcaikaoox38j125cyn0vq__p001.png,4293644327_dv27179hcaikaoox38j125cyn0vq.pdf,1,pdf,1654,2339,0,0.924,no,0.000,no,no,4150.366,246.894,32.681,-0.000,0.771,no,no,accepted,,5b84c9a55bca7d24192533a2ec5c4a813b61b508e8ac257f01f7368f96212d44,0.052780,,keep,,yes
images/4415513252-0xdo1pl7pxlwny7lo6vuw4h9k7nh__p001.png,4415513252_0xdo1pl7pxlwny7lo6vuw4h9k7nh.pdf,1,pdf,1653,2339,0,0.927,no,0.000,no,no,4626.679,247.038,34.520,-0.250,0.621,no,no,accepted,,ddbf39546026f630412d99365e4cfa29f73deb12117a2e2b138af86f884ec405,0.044711,,keep,,yes
images/4415513253-pj47m8pu1r9oab7q2x8t9gls8kew__p001.png,4415513253_pj47m8pu1r9oab7q2x8t9gls8kew.pdf,1,pdf,1653,2339,0,0.927,no,0.000,no,no,4555.297,247.123,34.356,-0.125,0.663,no,no,accepted,,3106a3773852441bcd91b5f4fe9a9d9818d576cf59eb6c8687e25aa6489842b1,0.044220,,keep,,yes
images/4415513254-jxs1aohnvtg7kjg5z5so5m3fd9wx__p001.png,4415513254_jxs1aohnvtg7kjg5z5so5m3fd9wx.pdf,1,pdf,1653,2339,0,0.928,no,0.000,no,no,4601.132,247.064,34.459,-0.250,0.617,no,no,accepted,,6e077a18fd2eb01d941066deff31556a34d85dbac30dd812cddb3d475fd34e84,0.044577,,keep,,yes
images/4415513255-29ru03r4iiqxqbfz1a6fw2jdtip2__p001.png,4415513255_29ru03r4iiqxqbfz1a6fw2jdtip2.pdf,1,pdf,1653,2339,0,0.927,no,0.000,no,no,4570.177,247.112,34.375,-0.000,0.663,no,no,accepted,,3726ba1c8fdc8d71e7aa891db1f5e9d28862160390c2a47fe8641df1f76cc83d,0.044255,,keep,,yes
images/4415592714-qncncxlsftnx0ww0fif2wpr69j0i__p001.png,4415592714_qncncxlsftnx0ww0fif2wpr69j0i.pdf,1,pdf,1653,2339,0,0.927,no,0.000,no,no,4563.788,247.108,34.393,-0.125,0.663,no,no,accepted,,4b6d344c6931de7ca0d7ec535f8a9a5b9a583c04f491057e39496ae1b751405a,0.044280,,keep,,yes
images/4426402588-e98xma4kwo72xbts8mopriqhob8i__p001.png,4426402588_e98xma4kwo72xbts8mopriqhob8i.pdf,1,pdf,1654,2339,0,0.929,no,0.000,no,no,2777.616,246.088,30.568,-0.000,0.794,no,no,accepted,,8591fc194c887bab239e91474fc6cfb14bda5b8e7958696f25d4af97827eb9e8,0.076460,,keep,,yes
images/4426798098-e6t1ka4djjz9bcr6g4oizdsqet2b__p001.png,4426798098_e6t1ka4djjz9bcr6g4oizdsqet2b.pdf,1,pdf,1654,2339,0,0.929,no,0.000,no,no,2896.994,245.925,30.891,-0.000,0.812,no,no,accepted,,1bfe15ba622d12982fc539820e43995f226d5e595df548c006d5504931dfeec9,0.077473,,keep,,yes
images/4491570850-nbryki4j7iru5kst3tgsgyb0x9ub__p001.png,4491570850_nbryki4j7iru5kst3tgsgyb0x9ub.pdf,1,pdf,1653,2339,0,0.922,no,0.000,no,no,7356.246,241.059,45.664,-0.000,0.809,no,no,accepted,,74cf155de4f81aa893565e07bbf6efaca8527d0792c95ef003aaad4799c1d1b0,0.092146,,keep,,yes
images/4491570850-nbryki4j7iru5kst3tgsgyb0x9ub__p002.png,4491570850_nbryki4j7iru5kst3tgsgyb0x9ub.pdf,2,pdf,1653,2339,180,0.810,no,0.000,no,no,2576.364,248.464,30.817,-0.250,0.647,no,no,review,orientation_uncertain,24bd741182b09b5358f8abd942a32d03a2315b039af2585924d01692038bc3e6,0.061886,,review,,yes
images/4491570853-ml5af0fhu2xa8747ipr9q5zna4du__p001.png,4491570853_ml5af0fhu2xa8747ipr9q5zna4du.pdf,1,pdf,1653,2339,0,0.923,no,0.000,no,no,5145.901,244.582,39.619,-0.000,0.693,no,no,accepted,,a3436665d30a26b3397f13ac52fbc45d2377aa511b29fa4eb8b43afc69362ab2,0.073597,,keep,,yes
images/4491570853-ml5af0fhu2xa8747ipr9q5zna4du__p002.png,4491570853_ml5af0fhu2xa8747ipr9q5zna4du.pdf,2,pdf,1653,2339,180,0.890,yes,0.000,no,no,2573.970,248.451,30.872,-0.250,0.621,no,no,corrected,rotated_180,c7988752eababcdf6140fe7b135dc7bdbd97478776e8d32962c4d66910a3ae92,0.061959,,keep,,yes
images/4526540758-i8b34h26rqirwjkb7ud822v7m843__p001.png,4526540758_i8b34h26rqirwjkb7ud822v7m843.pdf,1,pdf,1654,2339,0,0.902,no,0.000,no,no,4159.954,238.525,54.040,-0.000,0.756,no,no,accepted,,ee48940be0aeddfc1ae5720fa8964375e1f05ee24db67f3cab103685f6b426b7,0.082572,,keep,,yes
images/4526540759-rw8d4xpt2yi5360jtwcv4ijw2riw__p001.png,4526540759_rw8d4xpt2yi5360jtwcv4ijw2riw.pdf,1,pdf,1654,2339,0,0.920,no,0.000,no,no,3842.007,238.990,53.513,-0.000,0.693,no,no,accepted,,bee7d48a20c85490f870f7ade874feac86ac93e7d2f453d46dc36921a653b617,0.079848,,keep,,yes
images/4526540760-wf7sdzzo4fzxb2lmuj1g5yy3mwib__p001.png,4526540760_wf7sdzzo4fzxb2lmuj1g5yy3mwib.pdf,1,pdf,1654,2339,0,0.919,no,0.000,no,no,4990.206,237.402,54.998,-0.000,0.782,no,no,accepted,,be3279f281da0c55ec5acdbbdea9622998f9da0e0579c7f9cf9c6869dbdb2ebf,0.089490,,keep,,yes
images/4546970087-ud02wwtdz2ztic0qw5eci28f98rk__p001.png,4546970087_ud02wwtdz2ztic0qw5eci28f98rk.pdf,1,pdf,1654,2339,0,0.886,no,0.000,no,no,5298.167,245.626,36.343,-0.000,0.782,no,no,accepted,,51428665b33710a44cc6dae9627268577226329e34ecdcb08648a715f99e9a12,0.053494,,keep,,yes
images/4546970089-b4x110gafmw9y0zwdqz4cazyszho__p001.png,4546970089_b4x110gafmw9y0zwdqz4cazyszho.pdf,1,pdf,1654,2339,0,0.921,no,0.000,no,no,3675.385,238.827,38.303,-0.000,0.730,no,no,accepted,,109bbe803e052d56d9085a4f8d173bf227718be2bbfac07013205a669f5cd534,0.214386,,keep,,yes
images/4546970090-9ydx7d99ykog4gbv8t9i00klc0gy__p001.png,4546970090_9ydx7d99ykog4gbv8t9i00klc0gy.pdf,1,pdf,1654,2339,0,0.926,no,0.000,no,no,4348.738,238.152,39.323,-0.000,0.764,no,no,accepted,,f9193fc80474c6cdfe47270a95ccea4872c287d4d508e0d723c99e3b9cd95ac5,0.216646,,keep,,yes
images/4546970091-bcti5lj56fqpvze9y55pnk5w3wtg__p001.png,4546970091_bcti5lj56fqpvze9y55pnk5w3wtg.pdf,1,pdf,1653,2339,0,0.920,no,0.000,no,no,5676.991,232.279,53.929,-0.000,0.887,no,no,accepted,,0a49943a5f719e277c0911fbb7d34f9a4678444baddb9425cb3f9866479e2f06,0.177267,,keep,,yes
images/4546970094-ufer0ti9izg2f70djjlop6avyl2l__p001.png,4546970094_ufer0ti9izg2f70djjlop6avyl2l.pdf,1,pdf,1654,2339,0,0.920,no,0.000,no,no,5032.935,242.433,34.604,-0.000,0.880,no,no,accepted,,0fc0cfa9118b40f90247f5f907693eb27ecd94a8a8ccb9fe0c3e75f904feba90,0.177280,,keep,,yes
images/4546970094-ufer0ti9izg2f70djjlop6avyl2l__p002.png,4546970094_ufer0ti9izg2f70djjlop6avyl2l.pdf,2,pdf,1654,2339,0,0.922,no,0.000,no,no,6875.110,244.796,36.038,-0.000,0.899,no,no,accepted,,0df974ba2bb96af88ee79d4428bf9076a50a07811cb0d9459fcbb8c31a36a833,0.061769,,keep,,yes
images/4546970094-ufer0ti9izg2f70djjlop6avyl2l__p003.png,4546970094_ufer0ti9izg2f70djjlop6avyl2l.pdf,3,pdf,1655,2339,0,0.924,no,0.000,no,no,9739.905,235.395,40.764,-0.000,0.951,no,no,accepted,,893054793534b24e3406cf9b769e7a5ba0b5eced7d39df32dcb2bc62a57a46bf,0.145793,dup_011,review,exact_duplicate,yes
images/4546970094-ufer0ti9izg2f70djjlop6avyl2l__p004.png,4546970094_ufer0ti9izg2f70djjlop6avyl2l.pdf,4,pdf,1655,2339,0,0.925,no,0.000,no,no,10087.894,234.729,41.853,-0.000,0.962,no,no,accepted,,12f1f421b4151fde8688851ca89b3d372484cb9c4c93a3d5165259ad2032df6d,0.149402,dup_012,review,exact_duplicate,yes
images/4546970094-ufer0ti9izg2f70djjlop6avyl2l__p005.png,4546970094_ufer0ti9izg2f70djjlop6avyl2l.pdf,5,pdf,1655,2339,0,0.925,no,0.000,no,no,10167.702,234.651,41.242,-0.000,0.970,no,no,accepted,,025533ad69aff62a6bd4fb48fedabe68c602a0b215f93014eeafc689371942ab,0.151681,dup_013,review,exact_duplicate,yes
images/4546970094-ufer0ti9izg2f70djjlop6avyl2l__p006.png,4546970094_ufer0ti9izg2f70djjlop6avyl2l.pdf,6,pdf,1655,2339,0,0.923,no,0.000,no,no,7505.012,239.801,38.013,-0.000,0.865,no,no,accepted,,59cb4db04def854b32fa3c1b8d8e4c6a8a7668ae2b68e6b286976b57ba217420,0.111271,dup_014,review,exact_duplicate,yes
images/4546970094-ufer0ti9izg2f70djjlop6avyl2l__p007.png,4546970094_ufer0ti9izg2f70djjlop6avyl2l.pdf,7,pdf,1655,2339,0,0.926,no,0.000,no,no,4434.226,245.559,32.101,-0.000,0.734,no,no,accepted,,7bb880529b451c489a6f4ee008045d911d1e7ed830f5df9998bc9e91b3a84ac7,0.066601,dup_015,review,exact_duplicate,yes
images/4546970095-ynyctf6o4g7hy7bcswgnpeuhvo6v__p001.png,4546970095_ynyctf6o4g7hy7bcswgnpeuhvo6v.pdf,1,pdf,1654,2339,0,0.922,no,0.000,no,no,5485.704,241.857,35.523,-0.000,0.858,no,no,accepted,,6a418f377ec9c6e64c5e721ff74d3530de0186f5723063603b2f130287d41d27,0.180622,,keep,,yes
images/4546970095-ynyctf6o4g7hy7bcswgnpeuhvo6v__p002.png,4546970095_ynyctf6o4g7hy7bcswgnpeuhvo6v.pdf,2,pdf,1654,2339,0,0.925,no,0.000,no,no,5471.523,246.716,32.866,-0.000,0.880,no,no,accepted,,b35ef6652517b81d9e7837dafc3c9e9bf88542df7bea0d1b08f75377ad07b0c1,0.050272,,keep,,yes
images/4546970095-ynyctf6o4g7hy7bcswgnpeuhvo6v__p003.png,4546970095_ynyctf6o4g7hy7bcswgnpeuhvo6v.pdf,3,pdf,1655,2339,0,0.924,no,0.000,no,no,9739.905,235.395,40.764,-0.000,0.951,no,no,accepted,,893054793534b24e3406cf9b769e7a5ba0b5eced7d39df32dcb2bc62a57a46bf,0.145793,dup_011,review,exact_duplicate,yes
images/4546970095-ynyctf6o4g7hy7bcswgnpeuhvo6v__p004.png,4546970095_ynyctf6o4g7hy7bcswgnpeuhvo6v.pdf,4,pdf,1655,2339,0,0.925,no,0.000,no,no,10087.894,234.729,41.853,-0.000,0.962,no,no,accepted,,12f1f421b4151fde8688851ca89b3d372484cb9c4c93a3d5165259ad2032df6d,0.149402,dup_012,review,exact_duplicate,yes
images/4546970095-ynyctf6o4g7hy7bcswgnpeuhvo6v__p005.png,4546970095_ynyctf6o4g7hy7bcswgnpeuhvo6v.pdf,5,pdf,1655,2339,0,0.925,no,0.000,no,no,10167.702,234.651,41.242,-0.000,0.970,no,no,accepted,,025533ad69aff62a6bd4fb48fedabe68c602a0b215f93014eeafc689371942ab,0.151681,dup_013,review,exact_duplicate,yes
images/4546970095-ynyctf6o4g7hy7bcswgnpeuhvo6v__p006.png,4546970095_ynyctf6o4g7hy7bcswgnpeuhvo6v.pdf,6,pdf,1655,2339,0,0.923,no,0.000,no,no,7505.012,239.801,38.013,-0.000,0.865,no,no,accepted,,59cb4db04def854b32fa3c1b8d8e4c6a8a7668ae2b68e6b286976b57ba217420,0.111271,dup_014,review,exact_duplicate,yes
images/4546970095-ynyctf6o4g7hy7bcswgnpeuhvo6v__p007.png,4546970095_ynyctf6o4g7hy7bcswgnpeuhvo6v.pdf,7,pdf,1655,2339,0,0.926,no,0.000,no,no,4434.226,245.559,32.101,-0.000,0.734,no,no,accepted,,7bb880529b451c489a6f4ee008045d911d1e7ed830f5df9998bc9e91b3a84ac7,0.066601,dup_015,review,exact_duplicate,yes
images/4546970097-c6d28txiyn3at0ong6094zx2lxk1__p001.png,4546970097_c6d28txiyn3at0ong6094zx2lxk1.pdf,1,pdf,1654,2339,0,0.918,no,0.000,no,no,5043.956,242.399,34.647,-0.000,0.843,no,no,accepted,,a3f3a9d2fb8d607d184c166f3cee44ac689da1f57a8c776582055e07a40e6887,0.177365,,keep,,yes
images/4546970097-c6d28txiyn3at0ong6094zx2lxk1__p002.png,4546970097_c6d28txiyn3at0ong6094zx2lxk1.pdf,2,pdf,1654,2339,0,0.923,no,0.000,no,no,7197.328,244.453,36.627,-0.000,0.910,no,no,accepted,,ace0a5666d47ac1f6ef9500d1b06912f8d864596048ea030aa8bb000a5567945,0.063884,,keep,,yes
images/4546970097-c6d28txiyn3at0ong6094zx2lxk1__p003.png,4546970097_c6d28txiyn3at0ong6094zx2lxk1.pdf,3,pdf,1655,2339,0,0.924,no,0.000,no,no,9739.905,235.395,40.764,-0.000,0.951,no,no,accepted,,893054793534b24e3406cf9b769e7a5ba0b5eced7d39df32dcb2bc62a57a46bf,0.145793,dup_011,review,exact_duplicate,yes
images/4546970097-c6d28txiyn3at0ong6094zx2lxk1__p004.png,4546970097_c6d28txiyn3at0ong6094zx2lxk1.pdf,4,pdf,1655,2339,0,0.925,no,0.000,no,no,10087.894,234.729,41.853,-0.000,0.962,no,no,accepted,,12f1f421b4151fde8688851ca89b3d372484cb9c4c93a3d5165259ad2032df6d,0.149402,dup_012,review,exact_duplicate,yes
images/4546970097-c6d28txiyn3at0ong6094zx2lxk1__p005.png,4546970097_c6d28txiyn3at0ong6094zx2lxk1.pdf,5,pdf,1655,2339,0,0.925,no,0.000,no,no,10167.702,234.651,41.242,-0.000,0.970,no,no,accepted,,025533ad69aff62a6bd4fb48fedabe68c602a0b215f93014eeafc689371942ab,0.151681,dup_013,review,exact_duplicate,yes
images/4546970097-c6d28txiyn3at0ong6094zx2lxk1__p006.png,4546970097_c6d28txiyn3at0ong6094zx2lxk1.pdf,6,pdf,1655,2339,0,0.923,no,0.000,no,no,7505.012,239.801,38.013,-0.000,0.865,no,no,accepted,,59cb4db04def854b32fa3c1b8d8e4c6a8a7668ae2b68e6b286976b57ba217420,0.111271,dup_014,review,exact_duplicate,yes
images/4546970097-c6d28txiyn3at0ong6094zx2lxk1__p007.png,4546970097_c6d28txiyn3at0ong6094zx2lxk1.pdf,7,pdf,1655,2339,0,0.926,no,0.000,no,no,4434.226,245.559,32.101,-0.000,0.734,no,no,accepted,,7bb880529b451c489a6f4ee008045d911d1e7ed830f5df9998bc9e91b3a84ac7,0.066601,dup_015,review,exact_duplicate,yes
images/4585502622-93nq72gayn19ah5uidksomtlsvw0__p001.png,4585502622_93nq72gayn19ah5uidksomtlsvw0.pdf,1,pdf,1654,2339,0,0.927,no,0.000,no,no,3753.794,240.110,45.720,-0.000,0.625,no,no,accepted,,0690615d64575a65327b8cddf48fd02b02e039c21f68bd8753114493fec001af,0.102338,,keep,,yes
images/4585502622-93nq72gayn19ah5uidksomtlsvw0__p002.png,4585502622_93nq72gayn19ah5uidksomtlsvw0.pdf,2,pdf,1654,2339,0,0.894,no,0.000,no,no,4349.666,241.868,40.064,-0.000,0.955,no,no,accepted,,6f2470d0c67bce26eeb4265526cf24813f9d501e35e468d380224d92f35dfbae,0.113785,,keep,,yes
images/4585502622-93nq72gayn19ah5uidksomtlsvw0__p003.png,4585502622_93nq72gayn19ah5uidksomtlsvw0.pdf,3,pdf,1654,2339,0,0.922,no,0.000,no,no,3387.005,248.177,26.761,-0.250,0.670,no,no,accepted,,8d81299fd0a95aa9a74a07024667276345522038856b56a6e20d6fb847c7f0e7,0.075774,,keep,,yes
images/4602731235-7rqsk8xgbps6hcebh8wnt5o4jfwv__p001.png,4602731235_7rqsk8xgbps6hcebh8wnt5o4jfwv.pdf,1,pdf,1656,2339,0,0.921,no,0.000,no,no,6069.270,238.746,43.829,0.250,0.846,no,no,accepted,,3f8b23d4e39b92fbc6db85bad91ec6a8ca210b6dc3fc10d68085a8d8c7b8524c,0.148483,,keep,,yes
images/4602731238-wlocnev6d1dgknf6e2foxwlf7zqr__p001.png,4602731238_wlocnev6d1dgknf6e2foxwlf7zqr.pdf,1,pdf,1632,2338,0,0.917,no,0.000,no,no,3538.640,243.468,35.427,-0.000,0.951,no,no,accepted,,76eac1b9203b1a4618a14188f8b02e07473fac9eb169fa2d01660a42ccf3848a,0.114308,,keep,,yes
images/4604598281-59omtey1lfyowgb31r4kfuxq6jb3__p001.png,4604598281_59omtey1lfyowgb31r4kfuxq6jb3.pdf,1,pdf,1654,2339,0,0.923,no,0.000,no,no,4055.774,238.582,53.798,-0.000,0.734,no,no,accepted,,7402e6b31478415da4b7c9c8233fc876eafce6b5cce99847b65f0920400e2495,0.082400,,keep,,yes
images/4614507438-twoh6j6syx3qwtgymbf51byty22x__p001.png,4614507438_twoh6j6syx3qwtgymbf51byty22x.pdf,1,pdf,1653,2339,0,0.927,no,0.000,no,no,3850.793,247.893,33.291,-0.000,0.760,no,no,accepted,,8f2cce53913558c07357bbf213f205b2a1bacfdac091ea7c1d20472cfa4b57c0,0.039460,,keep,,yes
images/4614507438-twoh6j6syx3qwtgymbf51byty22x__p002.png,4614507438_twoh6j6syx3qwtgymbf51byty22x.pdf,2,pdf,1653,2339,0,0.925,no,0.000,no,no,910.392,243.106,37.674,-0.125,0.584,no,no,accepted,,77074d4b1c44c2f62e4a144bad72b9b31d1d8f029927aa52c2509d5761c3b4ac,0.107164,,keep,,yes
images/4621003317-hsf2xtol7zkifaw36c1vcmhyceel__p001.png,4621003317_hsf2xtol7zkifaw36c1vcmhyceel.pdf,1,pdf,1653,2339,0,0.926,no,0.000,no,no,2930.156,243.384,42.389,-0.000,0.753,no,no,accepted,,d66de225488cb4679101728de6efd32f167c6a76b37b5a954e1ca02cc10530c3,0.069832,,keep,,yes
images/4621003317-hsf2xtol7zkifaw36c1vcmhyceel__p002.png,4621003317_hsf2xtol7zkifaw36c1vcmhyceel.pdf,2,pdf,1653,2339,0,0.928,no,0.000,no,no,5323.325,240.162,44.023,-0.000,0.865,no,no,accepted,,26a95e1679506dce5a1db22f5933a9405b158f80584b12b25bf108f255f27d95,0.096428,dup_008,review,exact_duplicate,yes
images/4621003317-hsf2xtol7zkifaw36c1vcmhyceel__p003.png,4621003317_hsf2xtol7zkifaw36c1vcmhyceel.pdf,3,pdf,1653,2339,0,0.925,no,0.000,no,no,2872.312,247.067,32.401,-0.000,0.794,no,no,accepted,,c422f82a18177901cb607de02ab0459a2a88346445394ec63373e77222ecfef8,0.053028,,keep,,yes
images/4621003317-hsf2xtol7zkifaw36c1vcmhyceel__p004.png,4621003317_hsf2xtol7zkifaw36c1vcmhyceel.pdf,4,pdf,1653,2339,0,0.921,no,0.000,no,no,1321.372,249.454,27.370,-0.000,0.614,no,no,accepted,,34fe511bb3b780cb37381f400e3b87af260b11e65fbb1ed18a09e0e4aa9c9fa7,0.038202,,keep,,yes
images/4621003317-hsf2xtol7zkifaw36c1vcmhyceel__p005.png,4621003317_hsf2xtol7zkifaw36c1vcmhyceel.pdf,5,pdf,1653,2339,0,0.926,no,0.000,no,no,3086.712,244.053,37.873,-0.000,0.760,no,no,accepted,,f95f6bc5f5646885397b654ac4421927212d18942821f335a20693ae781257da,0.073995,,keep,,yes
images/4661533205-6t8a9dmk7tlsdrbqmvbqvtf48r12__p001.png,4661533205_6t8a9dmk7tlsdrbqmvbqvtf48r12.pdf,1,pdf,1654,2339,0,0.933,no,0.000,no,no,7034.785,220.334,51.887,-0.000,0.936,no,no,accepted,,f088dc105b7edbda7dd41ed347c411afa996b0ab4bb80aaa36935d6fc24a6cad,0.356785,,keep,,yes
images/4661533205-6t8a9dmk7tlsdrbqmvbqvtf48r12__p002.png,4661533205_6t8a9dmk7tlsdrbqmvbqvtf48r12.pdf,2,pdf,1654,2339,0,0.939,no,0.000,no,no,6932.614,220.659,51.600,-0.000,0.962,no,no,accepted,,cfc8e8de4bae5f6c7632efea62cb9fd72f48feb7879eb679f445077b228e7df7,0.355525,,keep,,yes
images/4661533205-6t8a9dmk7tlsdrbqmvbqvtf48r12__p003.png,4661533205_6t8a9dmk7tlsdrbqmvbqvtf48r12.pdf,3,pdf,1654,2339,0,0.930,no,0.000,no,no,6900.257,220.663,51.609,-0.000,0.962,no,no,accepted,,f79e1696636d7f28711fa693946c93b62a9ae874e9fe691c3ee6233a084bbd95,0.355483,,keep,,yes
images/4661533205-6t8a9dmk7tlsdrbqmvbqvtf48r12__p004.png,4661533205_6t8a9dmk7tlsdrbqmvbqvtf48r12.pdf,4,pdf,1654,2339,0,0.907,no,0.000,no,no,6959.521,220.552,51.697,-0.000,0.970,no,no,accepted,,eac0160d5b1cd98c50a8637b665e585d248d7a196604fb0d0d511487efa4c281,0.355769,,keep,,yes
images/4661533205-6t8a9dmk7tlsdrbqmvbqvtf48r12__p005.png,4661533205_6t8a9dmk7tlsdrbqmvbqvtf48r12.pdf,5,pdf,1654,2339,0,0.928,no,0.000,no,no,5244.518,223.399,49.204,-0.000,0.936,no,no,accepted,,a1badcbfc8a7a708cde1d2adae8b3ae331fee8ed09813c854507f2986b6076ca,0.344504,,keep,,yes
images/4661533205-6t8a9dmk7tlsdrbqmvbqvtf48r12__p006.png,4661533205_6t8a9dmk7tlsdrbqmvbqvtf48r12.pdf,6,pdf,1654,2339,0,0.642,no,0.636,no,no,1676.818,229.139,43.595,-0.250,0.561,no,no,review,document_contour_uncertain,0a24b7fd0febf6dbf43a62722a57620920900c2dc1fd183c85d7a7be71dae09a,0.319181,,review,,yes
images/4661533205-6t8a9dmk7tlsdrbqmvbqvtf48r12__p007.png,4661533205_6t8a9dmk7tlsdrbqmvbqvtf48r12.pdf,7,pdf,1654,2339,0,0.941,no,0.000,no,no,3718.856,231.447,45.346,-0.000,0.884,no,no,accepted,,c7d3d2371c72b0d5209584669f892f60d40408d502836a57d02f53f410e52cd4,0.249045,,keep,,yes
images/4661533205-6t8a9dmk7tlsdrbqmvbqvtf48r12__p008.png,4661533205_6t8a9dmk7tlsdrbqmvbqvtf48r12.pdf,8,pdf,1654,2339,0,0.926,no,0.000,no,no,2895.640,248.157,23.886,-0.000,1.000,no,no,accepted,,8ab8e8dee3525533c9fe41b48217e835e9a7f401ca188eeaab5c30ef7b1bdaa3,0.061714,dup_009,review,exact_duplicate,yes
images/4661533210-p0kecuy41g7yfupkk0emtmx0rzsz__p001.png,4661533210_p0kecuy41g7yfupkk0emtmx0rzsz.pdf,1,pdf,1654,2339,0,0.906,no,0.000,no,no,7111.909,220.295,51.864,-0.000,0.944,no,no,accepted,,cd31dc95970f2861448baceeceddf0404b101df655d8359c389e2d70150df329,0.357249,,keep,,yes
images/4661533210-p0kecuy41g7yfupkk0emtmx0rzsz__p002.png,4661533210_p0kecuy41g7yfupkk0emtmx0rzsz.pdf,2,pdf,1654,2339,0,0.933,no,0.000,no,no,2593.963,227.651,45.098,-0.000,0.782,no,no,accepted,,3f6e65804fdb58f2683bde53bd4a979c191c873e178042e6cebb51c13eebc820,0.326151,,keep,,yes
images/4661533210-p0kecuy41g7yfupkk0emtmx0rzsz__p003.png,4661533210_p0kecuy41g7yfupkk0emtmx0rzsz.pdf,3,pdf,1654,2339,0,0.932,no,0.000,no,no,3594.995,231.558,45.118,-0.000,0.887,no,no,accepted,,785a85680b7efe4be959c966fd02c0594dcf049be3eba21e0bcd3feb91fd3242,0.248784,,keep,,yes
images/4661533210-p0kecuy41g7yfupkk0emtmx0rzsz__p004.png,4661533210_p0kecuy41g7yfupkk0emtmx0rzsz.pdf,4,pdf,1654,2339,0,0.926,no,0.000,no,no,2895.640,248.157,23.886,-0.000,1.000,no,no,accepted,,8ab8e8dee3525533c9fe41b48217e835e9a7f401ca188eeaab5c30ef7b1bdaa3,0.061714,dup_009,review,exact_duplicate,yes
images/4661533211-0krq6xz1o3yv8czb0njao37ug5lv__p001.png,4661533211_0krq6xz1o3yv8czb0njao37ug5lv.pdf,1,pdf,1654,2339,0,0.890,no,0.000,no,no,7125.440,220.258,51.952,-0.000,0.955,no,no,accepted,,d736ac1b0b886975aa12f63716aeaf8a5bc6c220e9b48ddf0b87511b8f4c7777,0.357117,,keep,,yes
images/4661533211-0krq6xz1o3yv8czb0njao37ug5lv__p002.png,4661533211_0krq6xz1o3yv8czb0njao37ug5lv.pdf,2,pdf,1654,2339,0,0.930,no,0.000,no,no,6937.553,220.611,51.638,-0.000,0.966,no,no,accepted,,5d72fe0d2a7038b4f90326482207294fcf85fbf9caa0404de60a853a9435a160,0.355792,,keep,,yes
images/4661533211-0krq6xz1o3yv8czb0njao37ug5lv__p003.png,4661533211_0krq6xz1o3yv8czb0njao37ug5lv.pdf,3,pdf,1654,2339,0,0.933,no,0.000,no,no,6927.681,220.607,51.647,-0.000,0.966,no,no,accepted,,51eb25b0ea253209268cfa48e1699e70945e49712a07d09f9042a45b9022feba,0.355804,,keep,,yes
images/4661533211-0krq6xz1o3yv8czb0njao37ug5lv__p004.png,4661533211_0krq6xz1o3yv8czb0njao37ug5lv.pdf,4,pdf,1654,2339,0,0.920,no,0.000,no,no,6425.965,221.468,50.887,-0.000,0.959,no,no,accepted,,157b07e23d4c0a15fcf7a84eb9f4dc7df9c6de9ab70b67049df624f49eb6107d,0.352443,,keep,,yes
images/4661533211-0krq6xz1o3yv8czb0njao37ug5lv__p005.png,4661533211_0krq6xz1o3yv8czb0njao37ug5lv.pdf,5,pdf,1654,2339,90,0.621,no,0.637,no,no,1684.274,229.127,43.639,-0.250,0.554,no,no,review,orientation_uncertain;document_contour_uncertain,8108b13367ba3b6487eac6abe94c965a55d3f526c035e2392740ea56a7aa653d,0.319116,,review,,yes
images/4661533211-0krq6xz1o3yv8czb0njao37ug5lv__p006.png,4661533211_0krq6xz1o3yv8czb0njao37ug5lv.pdf,6,pdf,1654,2339,0,0.924,no,0.000,no,no,3628.505,231.486,45.207,-0.000,0.884,no,no,accepted,,dff0d7f16c1678b30e77ef4b11de7f2ed5c88aa2d4de6b1732aa4c77a4ff33a8,0.248987,,keep,,yes
images/4661533211-0krq6xz1o3yv8czb0njao37ug5lv__p007.png,4661533211_0krq6xz1o3yv8czb0njao37ug5lv.pdf,7,pdf,1654,2339,0,0.926,no,0.000,no,no,2895.640,248.157,23.886,-0.000,1.000,no,no,accepted,,8ab8e8dee3525533c9fe41b48217e835e9a7f401ca188eeaab5c30ef7b1bdaa3,0.061714,dup_009,review,exact_duplicate,yes
images/4661533212-f3yu0fxqmvejcorr1185zql8y193__p001.png,4661533212_f3yu0fxqmvejcorr1185zql8y193.pdf,1,pdf,1654,2339,0,0.901,no,0.000,no,no,7150.297,220.172,52.043,-0.000,0.944,no,no,accepted,,6c435d072aaa4714b5669e27da4e9d8b7a0bdbb23786baba3836112cd4444704,0.357328,,keep,,yes
images/4661533212-f3yu0fxqmvejcorr1185zql8y193__p002.png,4661533212_f3yu0fxqmvejcorr1185zql8y193.pdf,2,pdf,1654,2339,0,0.926,no,0.000,no,no,4562.914,224.486,48.302,-0.000,0.940,no,no,accepted,,72487eb24973782797007ed793171fc320315dc5407839efc61775d4430c9b4d,0.339357,,keep,,yes
images/4661533212-f3yu0fxqmvejcorr1185zql8y193__p003.png,4661533212_f3yu0fxqmvejcorr1185zql8y193.pdf,3,pdf,1654,2339,0,0.931,no,0.000,no,no,2635.750,233.374,42.958,-0.000,0.760,no,no,accepted,,6c11cba6753daeaffd993ec755e2927204f6730007e57e4ef58bb34bd218314b,0.240790,,keep,,yes
images/4661533212-f3yu0fxqmvejcorr1185zql8y193__p004.png,4661533212_f3yu0fxqmvejcorr1185zql8y193.pdf,4,pdf,1654,2339,0,0.926,no,0.000,no,no,2895.640,248.157,23.886,-0.000,1.000,no,no,accepted,,8ab8e8dee3525533c9fe41b48217e835e9a7f401ca188eeaab5c30ef7b1bdaa3,0.061714,dup_009,review,exact_duplicate,yes
images/4661533214-p2jhexvxy9ybhz3nu02gpme2o2fr__p001.png,4661533214_p2jhexvxy9ybhz3nu02gpme2o2fr.pdf,1,pdf,1654,2339,0,0.929,no,0.000,no,no,7086.916,220.285,51.922,-0.000,0.951,no,no,accepted,,7fcc672fdc794dd6ee951a6ee4140267678272696ee735ec0fe0521ff6b639c2,0.357152,,keep,,yes
images/4661533214-p2jhexvxy9ybhz3nu02gpme2o2fr__p002.png,4661533214_p2jhexvxy9ybhz3nu02gpme2o2fr.pdf,2,pdf,1654,2339,0,0.905,no,0.000,no,no,6980.618,220.569,51.673,-0.000,0.962,no,no,accepted,,d05891456e94e5785f3955e719e0338f01cc3632868fe62d74a48eb92111c2ac,0.355921,,keep,,yes
images/4661533214-p2jhexvxy9ybhz3nu02gpme2o2fr__p003.png,4661533214_p2jhexvxy9ybhz3nu02gpme2o2fr.pdf,3,pdf,1654,2339,0,0.925,no,0.000,no,no,6908.990,220.616,51.641,-0.000,0.966,no,no,accepted,,50ed674b2f60e6cde5f2ad485af41e36978a2ccdeeebc2765d96d55be3653d18,0.355650,,keep,,yes
images/4661533214-p2jhexvxy9ybhz3nu02gpme2o2fr__p004.png,4661533214_p2jhexvxy9ybhz3nu02gpme2o2fr.pdf,4,pdf,1654,2339,0,0.857,no,0.000,no,no,7066.335,220.415,51.750,-0.000,0.970,no,no,accepted,,debf9a51cba6a14de4e9644212292a2e8030141577c90a20c5c3b7e553b93e79,0.356858,,keep,,yes
images/4661533214-p2jhexvxy9ybhz3nu02gpme2o2fr__p005.png,4661533214_p2jhexvxy9ybhz3nu02gpme2o2fr.pdf,5,pdf,1654,2339,0,0.920,no,0.000,no,no,6546.988,221.236,51.058,-0.000,0.959,no,no,accepted,,2afa2b57dd966ccea23b02758bfe1166292dfab21426c51ae657890e796fa632,0.353776,,keep,,yes
images/4661533214-p2jhexvxy9ybhz3nu02gpme2o2fr__p006.png,4661533214_p2jhexvxy9ybhz3nu02gpme2o2fr.pdf,6,pdf,1654,2339,0,0.945,no,0.000,no,no,3469.483,232.043,44.649,-0.000,0.884,no,no,accepted,,2a6f409f4326e7dcc314ec0c3c8203bd457c781fa59c2db814e7b425bd342dce,0.246556,,keep,,yes
images/4661533214-p2jhexvxy9ybhz3nu02gpme2o2fr__p007.png,4661533214_p2jhexvxy9ybhz3nu02gpme2o2fr.pdf,7,pdf,1654,2339,0,0.926,no,0.000,no,no,2895.640,248.157,23.886,-0.000,1.000,no,no,accepted,,8ab8e8dee3525533c9fe41b48217e835e9a7f401ca188eeaab5c30ef7b1bdaa3,0.061714,dup_009,review,exact_duplicate,yes
images/4661533215-dmyaj3yoxyv64qib3561eq5kd6xf__p001.png,4661533215_dmyaj3yoxyv64qib3561eq5kd6xf.pdf,1,pdf,1654,2339,0,0.930,no,0.000,no,no,7033.871,220.366,51.905,-0.000,0.936,no,no,accepted,,b0d46628483e6be6aca6190a3a59b51f7637b6a90df34952d0e902b94469a5b4,0.356435,,keep,,yes
images/4661533215-dmyaj3yoxyv64qib3561eq5kd6xf__p002.png,4661533215_dmyaj3yoxyv64qib3561eq5kd6xf.pdf,2,pdf,1654,2339,0,0.929,no,0.000,no,no,6945.740,220.601,51.658,-0.000,0.959,no,no,accepted,,5eeff61e7cdef8c9262f525c73e72e22d818ab7696a51a730fce95aa1cffb82d,0.355813,,keep,,yes
images/4661533215-dmyaj3yoxyv64qib3561eq5kd6xf__p003.png,4661533215_dmyaj3yoxyv64qib3561eq5kd6xf.pdf,3,pdf,1654,2339,0,0.932,no,0.000,no,no,6877.686,220.687,51.590,-0.000,0.951,no,no,accepted,,a4d785d8433ee752a35488c8776ca6c08eabc8758ea4802db02464d160a060c2,0.355239,,keep,,yes
images/4661533215-dmyaj3yoxyv64qib3561eq5kd6xf__p004.png,4661533215_dmyaj3yoxyv64qib3561eq5kd6xf.pdf,4,pdf,1654,2339,0,0.919,no,0.000,no,no,6981.334,220.549,51.710,-0.000,0.966,no,no,accepted,,b38fda981de9eee5d45d7ca351623d7d16b2a6766fdc30a03186dd1497586885,0.355869,,keep,,yes
images/4661533215-dmyaj3yoxyv64qib3561eq5kd6xf__p005.png,4661533215_dmyaj3yoxyv64qib3561eq5kd6xf.pdf,5,pdf,1654,2339,0,0.872,no,0.000,no,no,6953.523,220.573,51.599,-0.000,0.962,no,no,accepted,,252393817144b73cc73ddbe65060b196fd582bf79671b93a9bbb4ccfa1beb859,0.356359,,keep,,yes
images/4661533215-dmyaj3yoxyv64qib3561eq5kd6xf__p006.png,4661533215_dmyaj3yoxyv64qib3561eq5kd6xf.pdf,6,pdf,1654,2339,0,0.927,no,0.000,no,no,4209.994,225.030,47.577,-0.000,0.887,no,no,accepted,,134ae7a294cd1b13b8145ce076c5e99889a2aaf09403be315c955a360076b839,0.338525,,keep,,yes
images/4661533215-dmyaj3yoxyv64qib3561eq5kd6xf__p007.png,4661533215_dmyaj3yoxyv64qib3561eq5kd6xf.pdf,7,pdf,1654,2339,0,0.932,no,0.000,no,no,2614.598,233.458,42.818,-0.000,0.756,no,no,accepted,,6a482bcb283c29416233b7ea86103abbf7b2bc6b0ffe1d230aec9680c31fc277,0.240383,,keep,,yes
images/4661533215-dmyaj3yoxyv64qib3561eq5kd6xf__p008.png,4661533215_dmyaj3yoxyv64qib3561eq5kd6xf.pdf,8,pdf,1654,2339,0,0.926,no,0.000,no,no,2895.640,248.157,23.886,-0.000,1.000,no,no,accepted,,8ab8e8dee3525533c9fe41b48217e835e9a7f401ca188eeaab5c30ef7b1bdaa3,0.061714,dup_009,review,exact_duplicate,yes
images/4661533217-3w4f8bw7rm1kswmejbrob4v6slyj__p001.png,4661533217_3w4f8bw7rm1kswmejbrob4v6slyj.pdf,1,pdf,1654,2339,0,0.926,no,0.000,no,no,7082.928,220.280,51.893,-0.000,0.955,no,no,accepted,,c244c8e0a9c2371a6830f5a34cc62d33de8e0fc1fe3d185f86f1fcbe58ef2a4a,0.357165,,keep,,yes
images/4661533217-3w4f8bw7rm1kswmejbrob4v6slyj__p002.png,4661533217_3w4f8bw7rm1kswmejbrob4v6slyj.pdf,2,pdf,1654,2339,0,0.911,no,0.000,no,no,6877.558,220.744,51.533,-0.000,0.959,no,no,accepted,,8c96f51d7c9975485b887c5e63f867b6eef29e93ecda76dba5def5cc3c35fe71,0.355196,,keep,,yes
images/4661533217-3w4f8bw7rm1kswmejbrob4v6slyj__p003.png,4661533217_3w4f8bw7rm1kswmejbrob4v6slyj.pdf,3,pdf,1654,2339,0,0.927,no,0.000,no,no,6930.883,220.611,51.648,-0.000,0.962,no,no,accepted,,9d1179d241806e486ec50538475c4a82462c43c98789ec473904dfb197135811,0.355611,,keep,,yes
images/4661533217-3w4f8bw7rm1kswmejbrob4v6slyj__p004.png,4661533217_3w4f8bw7rm1kswmejbrob4v6slyj.pdf,4,pdf,1654,2339,0,0.892,no,0.000,no,no,7050.151,220.438,51.765,-0.000,0.966,no,no,accepted,,9d26520a21540ea8c47e54da8e77ffbd431b11d8143cc0a28bfce9f21e2278bc,0.356550,,keep,,yes
images/4661533217-3w4f8bw7rm1kswmejbrob4v6slyj__p005.png,4661533217_3w4f8bw7rm1kswmejbrob4v6slyj.pdf,5,pdf,1654,2339,0,0.928,no,0.000,no,no,6939.026,220.572,51.639,-0.000,0.959,no,no,accepted,,20cf7a21ff8c8a80edce6e9a96224b67d1b2ebd579b09d40f66b15252bda3abf,0.356015,,keep,,yes
images/4661533217-3w4f8bw7rm1kswmejbrob4v6slyj__p006.png,4661533217_3w4f8bw7rm1kswmejbrob4v6slyj.pdf,6,pdf,1654,2339,0,0.932,no,0.000,no,no,5295.392,223.349,49.145,-0.000,0.932,no,no,accepted,,303e47ce3ba52131e8a5dae95e4bf93e830a4e4451ffaa60e9883d7983f5780e,0.345449,,keep,,yes
images/4661533217-3w4f8bw7rm1kswmejbrob4v6slyj__p007.png,4661533217_3w4f8bw7rm1kswmejbrob4v6slyj.pdf,7,pdf,1654,2339,270,0.598,no,0.637,no,no,1682.218,229.131,43.632,-0.250,0.550,no,no,review,orientation_uncertain;document_contour_uncertain,e25d2d66c4c8da4c3565287597c6b31495c63e7254744b6e56988eb722b3a57e,0.319101,,review,,yes
images/4661533217-3w4f8bw7rm1kswmejbrob4v6slyj__p008.png,4661533217_3w4f8bw7rm1kswmejbrob4v6slyj.pdf,8,pdf,1654,2339,0,0.920,no,0.000,no,no,3626.979,231.480,45.218,-0.000,0.880,no,no,accepted,,3eb698107365f7fd1116160191339d9fd504d13c578998e96987001ac2f82586,0.248985,,keep,,yes
images/4661533217-3w4f8bw7rm1kswmejbrob4v6slyj__p009.png,4661533217_3w4f8bw7rm1kswmejbrob4v6slyj.pdf,9,pdf,1654,2339,0,0.926,no,0.000,no,no,2895.640,248.157,23.886,-0.000,1.000,no,no,accepted,,8ab8e8dee3525533c9fe41b48217e835e9a7f401ca188eeaab5c30ef7b1bdaa3,0.061714,dup_009,review,exact_duplicate,yes
images/4661533218-kxa1ujq37krawz55fcj72myt3uuf__p001.png,4661533218_kxa1ujq37krawz55fcj72myt3uuf.pdf,1,pdf,1654,2339,0,0.898,no,0.000,no,no,7164.959,220.186,51.998,-0.000,0.955,no,no,accepted,,f8013311531efe993f8644bff516157feae23cf74dafb0a1c7d304d7bd3b880d,0.357587,,keep,,yes
images/4661533218-kxa1ujq37krawz55fcj72myt3uuf__p002.png,4661533218_kxa1ujq37krawz55fcj72myt3uuf.pdf,2,pdf,1654,2339,0,0.923,no,0.000,no,no,4225.706,225.026,47.862,-0.000,0.936,no,no,accepted,,284551702730ce7d26b3689a3313578c58107670ec2c8763a5ef0cc36c9c2789,0.337035,,keep,,yes
images/4661533218-kxa1ujq37krawz55fcj72myt3uuf__p003.png,4661533218_kxa1ujq37krawz55fcj72myt3uuf.pdf,3,pdf,1654,2339,0,0.931,no,0.000,no,no,2667.551,233.383,42.883,-0.000,0.741,no,no,accepted,,4b77900c74d15dcea46968075bc9d64aeba61aa0c84158ee56767e76531b7b2d,0.240903,,keep,,yes
images/4661533218-kxa1ujq37krawz55fcj72myt3uuf__p004.png,4661533218_kxa1ujq37krawz55fcj72myt3uuf.pdf,4,pdf,1654,2339,0,0.926,no,0.000,no,no,2895.640,248.157,23.886,-0.000,1.000,no,no,accepted,,8ab8e8dee3525533c9fe41b48217e835e9a7f401ca188eeaab5c30ef7b1bdaa3,0.061714,dup_009,review,exact_duplicate,yes
images/4661533219-49031zjaitiqywneuqja4q0dogth__p001.png,4661533219_49031zjaitiqywneuqja4q0dogth.pdf,1,pdf,1654,2339,0,0.925,no,0.000,no,no,7102.714,220.254,51.976,-0.000,0.951,no,no,accepted,,6ccfb1f581c20c2c3b8004b8dd72a17841bb6d23adf6c0509968f0f774142db5,0.356864,,keep,,yes
images/4661533219-49031zjaitiqywneuqja4q0dogth__p002.png,4661533219_49031zjaitiqywneuqja4q0dogth.pdf,2,pdf,1654,2339,0,0.930,no,0.000,no,no,7054.475,220.444,51.655,-0.000,0.966,no,no,accepted,,7acf8d113d4e41002cc7038f08c8017e87a6e857865df8f1dc4876e80ed17b58,0.357310,,keep,,yes
images/4661533219-49031zjaitiqywneuqja4q0dogth__p003.png,4661533219_49031zjaitiqywneuqja4q0dogth.pdf,3,pdf,1654,2339,0,0.911,no,0.000,no,no,3785.740,231.330,45.416,-0.000,0.872,no,no,accepted,,299d25a5cca4cee38885b38ec9ddf8d88e98f110db152161ad7c71eb7d937237,0.249860,,keep,,yes
images/4661533219-49031zjaitiqywneuqja4q0dogth__p004.png,4661533219_49031zjaitiqywneuqja4q0dogth.pdf,4,pdf,1654,2339,0,0.926,no,0.000,no,no,2895.640,248.157,23.886,-0.000,1.000,no,no,accepted,,8ab8e8dee3525533c9fe41b48217e835e9a7f401ca188eeaab5c30ef7b1bdaa3,0.061714,dup_009,review,exact_duplicate,yes
images/4661533220-a2js8dp06i4x2fkhguu7u0ujx5kp__p001.png,4661533220_a2js8dp06i4x2fkhguu7u0ujx5kp.pdf,1,pdf,1654,2339,0,0.926,no,0.000,no,no,7014.157,220.386,51.866,-0.000,0.951,no,no,accepted,,1cc72281660007ebdf740d9c4fd21425f327211af221692d59b1eb65b7784174,0.356310,,keep,,yes
images/4661533220-a2js8dp06i4x2fkhguu7u0ujx5kp__p002.png,4661533220_a2js8dp06i4x2fkhguu7u0ujx5kp.pdf,2,pdf,1654,2339,0,0.901,no,0.000,no,no,6987.964,220.553,51.670,-0.000,0.966,no,no,accepted,,42869981c56a4eef53abccb8592a6e856d071ecde328c7505d60427acc286668,0.356134,,keep,,yes
images/4661533220-a2js8dp06i4x2fkhguu7u0ujx5kp__p003.png,4661533220_a2js8dp06i4x2fkhguu7u0ujx5kp.pdf,3,pdf,1654,2339,0,0.921,no,0.000,no,no,6917.709,220.599,51.632,-0.000,0.962,no,no,accepted,,6e15d0bf076cca313dbbe35919fdeaa3ece604c40910b5e7c90d3ff48da39738,0.355876,,keep,,yes
images/4661533220-a2js8dp06i4x2fkhguu7u0ujx5kp__p004.png,4661533220_a2js8dp06i4x2fkhguu7u0ujx5kp.pdf,4,pdf,1654,2339,0,0.935,no,0.000,no,no,7007.573,220.519,51.686,-0.000,0.962,no,no,accepted,,f573b4eb1d1402ec6f3b708251c9b29bbaa942b2355dbaf89d9d59b4b41388a5,0.356201,,keep,,yes
images/4661533220-a2js8dp06i4x2fkhguu7u0ujx5kp__p005.png,4661533220_a2js8dp06i4x2fkhguu7u0ujx5kp.pdf,5,pdf,1654,2339,0,0.923,no,0.000,no,no,5169.218,223.496,49.085,-0.000,0.936,no,no,accepted,,ed73aec5c7ce0bedacaa9bceb2ca4b29ca213dfaa986c3ca09c9fe41108e4d80,0.344267,,keep,,yes
images/4661533220-a2js8dp06i4x2fkhguu7u0ujx5kp__p006.png,4661533220_a2js8dp06i4x2fkhguu7u0ujx5kp.pdf,6,pdf,1654,2339,90,0.577,no,0.637,no,no,1684.172,229.127,43.637,-0.250,0.550,no,no,review,orientation_uncertain;document_contour_uncertain,06228d05825a651e08b901a4ca00f8f6924cd8930a06a66e07292b1b6b22e6af,0.319112,,review,,yes
images/4661533220-a2js8dp06i4x2fkhguu7u0ujx5kp__p007.png,4661533220_a2js8dp06i4x2fkhguu7u0ujx5kp.pdf,7,pdf,1654,2339,0,0.936,no,0.000,no,no,3635.975,231.481,45.219,-0.000,0.880,no,no,accepted,,bd507e2443547bb5d8e2402e27705e749a0aa3fe17ecb59f27d2bb61594086fc,0.248995,,keep,,yes
images/4661533220-a2js8dp06i4x2fkhguu7u0ujx5kp__p008.png,4661533220_a2js8dp06i4x2fkhguu7u0ujx5kp.pdf,8,pdf,1654,2339,0,0.926,no,0.000,no,no,2895.640,248.157,23.886,-0.000,1.000,no,no,accepted,,8ab8e8dee3525533c9fe41b48217e835e9a7f401ca188eeaab5c30ef7b1bdaa3,0.061714,dup_009,review,exact_duplicate,yes
images/4661533221-8s1otqacxid1uzq0f72icuvl06co__p001.png,4661533221_8s1otqacxid1uzq0f72icuvl06co.pdf,1,pdf,1654,2339,0,0.850,no,0.000,no,no,7152.695,220.176,52.000,-0.000,0.951,no,no,accepted,,ac69995c8ff4a4dca510ff1bb83f4608ecbd3f246a8b6e0879b36d93a317b22b,0.357658,,keep,,yes
images/4661533221-8s1otqacxid1uzq0f72icuvl06co__p002.png,4661533221_8s1otqacxid1uzq0f72icuvl06co.pdf,2,pdf,1654,2339,0,0.932,no,0.000,no,no,4331.146,224.806,48.033,-0.000,0.940,no,no,accepted,,ddbd4f7001a08797f29915ac1fe4949c374738325caef572f58c2f1f64ea6215,0.338082,,keep,,yes
images/4661533221-8s1otqacxid1uzq0f72icuvl06co__p003.png,4661533221_8s1otqacxid1uzq0f72icuvl06co.pdf,3,pdf,1654,2339,0,0.926,no,0.000,no,no,2645.674,233.424,42.836,-0.000,0.756,no,no,accepted,,35b356aa045fc0b83acc989024b7cf007ed2434a37db0014ba56c8a614f58074,0.240718,,keep,,yes
images/4661533221-8s1otqacxid1uzq0f72icuvl06co__p004.png,4661533221_8s1otqacxid1uzq0f72icuvl06co.pdf,4,pdf,1654,2339,0,0.926,no,0.000,no,no,2895.640,248.157,23.886,-0.000,1.000,no,no,accepted,,8ab8e8dee3525533c9fe41b48217e835e9a7f401ca188eeaab5c30ef7b1bdaa3,0.061714,dup_009,review,exact_duplicate,yes
images/4661533222-kg34o3x0z5xulth7lsvhh1rai254__p001.png,4661533222_kg34o3x0z5xulth7lsvhh1rai254.pdf,1,pdf,1654,2339,0,0.881,no,0.000,no,no,7094.687,220.253,51.928,-0.000,0.951,no,no,accepted,,f26be00e714ee64161d9b503465e96b0dd022b28bc83a5ad7670b44bc4573f12,0.357365,,keep,,yes
images/4661533222-kg34o3x0z5xulth7lsvhh1rai254__p002.png,4661533222_kg34o3x0z5xulth7lsvhh1rai254.pdf,2,pdf,1654,2339,0,0.952,no,0.000,no,no,2837.183,227.254,45.556,-0.000,0.854,no,no,accepted,,7f992781fddb647f5e466ab64c4fc499c403e5f4cbca906d12c22444caabf494,0.327672,,keep,,yes
images/4661533222-kg34o3x0z5xulth7lsvhh1rai254__p003.png,4661533222_kg34o3x0z5xulth7lsvhh1rai254.pdf,3,pdf,1654,2339,0,0.916,no,0.000,no,no,3595.692,231.553,45.128,-0.000,0.887,no,no,accepted,,72236c6e434cbafe7c6852d9a1429f1914bf0b2f49dec6841e7ecc3e684a24bd,0.248803,,keep,,yes
images/4661533222-kg34o3x0z5xulth7lsvhh1rai254__p004.png,4661533222_kg34o3x0z5xulth7lsvhh1rai254.pdf,4,pdf,1654,2339,0,0.926,no,0.000,no,no,2895.640,248.157,23.886,-0.000,1.000,no,no,accepted,,8ab8e8dee3525533c9fe41b48217e835e9a7f401ca188eeaab5c30ef7b1bdaa3,0.061714,dup_009,review,exact_duplicate,yes
images/4661533224-mfsqdndiws68zv68lw3u8qd2pgeg__p001.png,4661533224_mfsqdndiws68zv68lw3u8qd2pgeg.pdf,1,pdf,2339,1654,0,0.938,no,0.000,no,no,3139.147,226.130,46.744,-0.000,0.805,no,no,accepted,,779476e2b39726ee01e6fe220de84ddaebd5523ac39042a29df5a295fbdd7e27,0.344445,,keep,,yes
images/4661533224-mfsqdndiws68zv68lw3u8qd2pgeg__p002.png,4661533224_mfsqdndiws68zv68lw3u8qd2pgeg.pdf,2,pdf,2339,1654,0,0.929,no,0.000,no,no,4907.612,223.154,49.375,-0.000,0.764,no,no,accepted,,0f2a61dcbd6b7eb8329e212b8e0d79a8463e276d4612c59a43ceac7f41b6075c,0.358380,,keep,,yes
images/4661533224-mfsqdndiws68zv68lw3u8qd2pgeg__p003.png,4661533224_mfsqdndiws68zv68lw3u8qd2pgeg.pdf,3,pdf,2339,1654,0,0.925,no,0.000,no,no,5317.342,222.596,49.745,-0.000,0.745,no,no,accepted,,0931dec91bf5567df413ae803c06c34a96d54bd96d0854fdc64ab0e66fab2df7,0.361341,,keep,,yes
images/4661533224-mfsqdndiws68zv68lw3u8qd2pgeg__p004.png,4661533224_mfsqdndiws68zv68lw3u8qd2pgeg.pdf,4,pdf,2339,1654,0,0.926,no,0.000,no,no,5444.364,222.404,49.895,-0.000,0.734,no,no,accepted,,779b5bdbeb552ff141cadf9e6d84965327f7eccfa068f5c0bc3afefea312cd1f,0.362495,,keep,,yes
images/4661533224-mfsqdndiws68zv68lw3u8qd2pgeg__p005.png,4661533224_mfsqdndiws68zv68lw3u8qd2pgeg.pdf,5,pdf,2339,1654,0,0.927,no,0.000,no,no,5496.006,222.342,49.950,-0.000,0.726,no,no,accepted,,4348fccf6fa368fd0cd19ec7bd1d0e279be50c7631ab41b32e8b90b1e31d642f,0.362762,,keep,,yes
images/4661533224-mfsqdndiws68zv68lw3u8qd2pgeg__p006.png,4661533224_mfsqdndiws68zv68lw3u8qd2pgeg.pdf,6,pdf,2339,1654,0,0.922,no,0.000,no,no,5331.975,222.562,49.767,-0.000,0.749,no,no,accepted,,ef115f44222868eab1ad157b1822053d7863141b24a78a0e78a941dc4c2f5190,0.361661,,keep,,yes
images/4661533224-mfsqdndiws68zv68lw3u8qd2pgeg__p007.png,4661533224_mfsqdndiws68zv68lw3u8qd2pgeg.pdf,7,pdf,2339,1654,0,0.922,no,0.000,no,no,5432.354,222.411,49.908,-0.000,0.760,no,no,accepted,,78bd1ac1f57a18c8865fff4dfdd2529925fb35e70c035a737d6f05be498c3be1,0.362295,,keep,,yes
images/4661533224-mfsqdndiws68zv68lw3u8qd2pgeg__p008.png,4661533224_mfsqdndiws68zv68lw3u8qd2pgeg.pdf,8,pdf,2339,1654,0,0.924,no,0.000,no,no,5282.559,222.659,49.689,-0.000,0.738,no,no,accepted,,1177041b7c99ddb38e894bb80ae908d780eb62c7317c4e5501f699c53b87d2f4,0.361194,,keep,,yes
images/4661533224-mfsqdndiws68zv68lw3u8qd2pgeg__p009.png,4661533224_mfsqdndiws68zv68lw3u8qd2pgeg.pdf,9,pdf,2339,1654,0,0.929,no,0.000,no,no,5477.175,222.358,49.943,-0.000,0.741,no,no,accepted,,26a4c37d5a4ad304bbf5f091b26616b3441c86254699c6d6be6ac64725f3b50a,0.362667,,keep,,yes
images/4661533224-mfsqdndiws68zv68lw3u8qd2pgeg__p010.png,4661533224_mfsqdndiws68zv68lw3u8qd2pgeg.pdf,10,pdf,2339,1654,0,0.926,no,0.000,no,no,5328.461,222.575,49.741,-0.000,0.745,no,no,accepted,,bb418c31bb068b243c2c157d1bf23427870280f05b742bb6e5d019c048800ab1,0.361714,,keep,,yes
images/4661533224-mfsqdndiws68zv68lw3u8qd2pgeg__p011.png,4661533224_mfsqdndiws68zv68lw3u8qd2pgeg.pdf,11,pdf,2339,1654,0,0.927,no,0.000,no,no,3882.963,224.961,47.554,-0.000,0.708,no,no,accepted,,2a1cd6615f0bd6d239df0775ad409629726889de26160165eae5271e58306279,0.351523,,keep,,yes
images/4661533224-mfsqdndiws68zv68lw3u8qd2pgeg__p012.png,4661533224_mfsqdndiws68zv68lw3u8qd2pgeg.pdf,12,pdf,2339,1654,0,0.848,no,0.000,no,no,3081.282,225.933,47.123,-0.000,0.790,no,no,accepted,,b618924ef03df2af50fe13645d2982a67d61d9c18f4a8c819ec9c8743376dfea,0.344880,,keep,,yes
images/4661533224-mfsqdndiws68zv68lw3u8qd2pgeg__p013.png,4661533224_mfsqdndiws68zv68lw3u8qd2pgeg.pdf,13,pdf,2339,1654,0,0.936,no,0.000,no,no,3394.992,225.404,47.790,0.250,0.734,no,no,accepted,,5b06d8e0751fcf6ecc5d29c4bab3d7bb8fe37943d91f9841d953ab2bf8085792,0.346465,,keep,,yes
images/4661533224-mfsqdndiws68zv68lw3u8qd2pgeg__p014.png,4661533224_mfsqdndiws68zv68lw3u8qd2pgeg.pdf,14,pdf,2339,1654,0,0.917,no,0.000,no,no,3369.283,227.821,48.214,0.250,0.723,no,no,accepted,,4306cc2b0aea8e579f203fa2f05bdb9afe53d297060a92a34a100484f0f351fe,0.300019,,keep,,yes
images/4661533224-mfsqdndiws68zv68lw3u8qd2pgeg__p015.png,4661533224_mfsqdndiws68zv68lw3u8qd2pgeg.pdf,15,pdf,2339,1654,0,0.928,no,0.000,no,no,2903.296,248.147,23.925,-0.000,0.756,no,no,accepted,,307022d6f3da872aa3cffac2a58686d3293121370371044e0c7c9fd5f2b399a7,0.061756,dup_010,review,exact_duplicate,yes
images/4661533225-ogvozy3vhvo22sg1rckqewf366jy__p001.png,4661533225_ogvozy3vhvo22sg1rckqewf366jy.pdf,1,pdf,1654,2339,0,0.924,no,0.000,no,no,7029.861,220.369,51.879,-0.000,0.951,no,no,accepted,,071447d092e692cbefca7c1ab337898869d565d6cecce379c25ee703a4174857,0.356448,,keep,,yes
images/4661533225-ogvozy3vhvo22sg1rckqewf366jy__p002.png,4661533225_ogvozy3vhvo22sg1rckqewf366jy.pdf,2,pdf,1654,2339,0,0.929,no,0.000,no,no,6922.552,220.631,51.637,-0.000,0.962,no,no,accepted,,aa1caf35127edcea529e2f292eb568e466a0cf09eb9cfac8b9ee8f8dd2655abd,0.355618,,keep,,yes
images/4661533225-ogvozy3vhvo22sg1rckqewf366jy__p003.png,4661533225_ogvozy3vhvo22sg1rckqewf366jy.pdf,3,pdf,1654,2339,0,0.934,no,0.000,no,no,6935.673,220.590,51.630,-0.000,0.959,no,no,accepted,,8636f1cb9ac2617e609d63b573bac28216c33e7a5d728197e3f8396fb78139ba,0.355955,,keep,,yes
images/4661533225-ogvozy3vhvo22sg1rckqewf366jy__p004.png,4661533225_ogvozy3vhvo22sg1rckqewf366jy.pdf,4,pdf,1654,2339,0,0.919,no,0.000,no,no,6991.887,220.511,51.710,-0.000,0.966,no,no,accepted,,b6dea614157fe4371d5fb865b70ebcf5a5de17aa1f11b6fc7a30f9604524e10f,0.356134,,keep,,yes
images/4661533225-ogvozy3vhvo22sg1rckqewf366jy__p005.png,4661533225_ogvozy3vhvo22sg1rckqewf366jy.pdf,5,pdf,1654,2339,0,0.921,no,0.000,no,no,6968.742,220.562,51.631,-0.000,0.959,no,no,accepted,,54f8c7c19dcff3c2a1e5f243e2fe788be721a8b6de7f46e1d3fcaf28b17075b5,0.356288,,keep,,yes
images/4661533225-ogvozy3vhvo22sg1rckqewf366jy__p006.png,4661533225_ogvozy3vhvo22sg1rckqewf366jy.pdf,6,pdf,1654,2339,0,0.928,no,0.627,no,no,2060.304,228.525,44.236,-0.125,0.651,no,no,review,document_contour_uncertain,98d4974bee690e0824dd425fa7cac8bca5a65f0201d84a4fd2ce1085c8c14c82,0.322059,,review,,yes
images/4661533225-ogvozy3vhvo22sg1rckqewf366jy__p007.png,4661533225_ogvozy3vhvo22sg1rckqewf366jy.pdf,7,pdf,1654,2339,0,0.933,no,0.000,no,no,3616.044,231.493,45.205,-0.000,0.884,no,no,accepted,,31841b3e0f0d3b5dfe508d4fc70dab0ee81eb6c63d69aa1fd4e5ed45f0c3c573,0.248904,,keep,,yes
images/4661533225-ogvozy3vhvo22sg1rckqewf366jy__p008.png,4661533225_ogvozy3vhvo22sg1rckqewf366jy.pdf,8,pdf,1654,2339,0,0.926,no,0.000,no,no,2895.640,248.157,23.886,-0.000,1.000,no,no,accepted,,8ab8e8dee3525533c9fe41b48217e835e9a7f401ca188eeaab5c30ef7b1bdaa3,0.061714,dup_009,review,exact_duplicate,yes
images/4661533226-j6pcqdw1tloceuxckspyko0g9xgb__p001.png,4661533226_j6pcqdw1tloceuxckspyko0g9xgb.pdf,1,pdf,2339,1654,0,0.906,no,0.000,no,no,3135.398,226.106,46.752,-0.000,0.805,no,no,accepted,,53bf74df8f4cfaa9f390712bc5a167eefbfcb8f798eca34a0b863c21ac3ec6e9,0.344466,,keep,,yes
images/4661533226-j6pcqdw1tloceuxckspyko0g9xgb__p002.png,4661533226_j6pcqdw1tloceuxckspyko0g9xgb.pdf,2,pdf,2339,1654,0,0.928,no,0.000,no,no,4910.905,223.130,49.374,-0.000,0.756,no,no,accepted,,1779facee95bedc20dc0831f5a392eed90133e8ece85b9ed12287b7bc136c62b,0.358514,,keep,,yes
images/4661533226-j6pcqdw1tloceuxckspyko0g9xgb__p003.png,4661533226_j6pcqdw1tloceuxckspyko0g9xgb.pdf,3,pdf,2339,1654,0,0.923,no,0.000,no,no,4988.762,223.086,49.361,-0.000,0.753,no,no,accepted,,36c7cbebf606ac3b52542ae3fcacfc5caac41af31c2b7b84efbcae8ff1cfb9fc,0.359014,,keep,,yes
images/4661533226-j6pcqdw1tloceuxckspyko0g9xgb__p004.png,4661533226_j6pcqdw1tloceuxckspyko0g9xgb.pdf,4,pdf,2339,1654,0,0.924,no,0.000,no,no,5592.677,222.221,50.021,-0.000,0.734,no,no,accepted,,6c07d3492d07caeabc8c3749959c438e46dc7b0ff18124a56385fe3a49065b12,0.363398,,keep,,yes
images/4661533226-j6pcqdw1tloceuxckspyko0g9xgb__p005.png,4661533226_j6pcqdw1tloceuxckspyko0g9xgb.pdf,5,pdf,2339,1654,0,0.926,no,0.000,no,no,5532.828,222.312,49.966,-0.000,0.738,no,no,accepted,,9c0d483f4b855cbff1c361202921f9fc927758974d3929e03b9606ed6360ea0f,0.362959,,keep,,yes
images/4661533226-j6pcqdw1tloceuxckspyko0g9xgb__p006.png,4661533226_j6pcqdw1tloceuxckspyko0g9xgb.pdf,6,pdf,2339,1654,0,0.925,no,0.000,no,no,5467.814,222.362,49.895,-0.000,0.741,no,no,accepted,,83d11b4f660d5c597a47c5a8f63724f3d53f866caaeb660a90d362a1aa78fe5d,0.362839,,keep,,yes
images/4661533226-j6pcqdw1tloceuxckspyko0g9xgb__p007.png,4661533226_j6pcqdw1tloceuxckspyko0g9xgb.pdf,7,pdf,2339,1654,0,0.925,no,0.000,no,no,5334.377,222.603,49.729,-0.000,0.749,no,no,accepted,,3c3a38d6e12a3b8486a97b8afcf1982ce161e300a97712a16bc474d366f35c86,0.361541,,keep,,yes
images/4661533226-j6pcqdw1tloceuxckspyko0g9xgb__p008.png,4661533226_j6pcqdw1tloceuxckspyko0g9xgb.pdf,8,pdf,2339,1654,0,0.918,no,0.000,no,no,5466.041,222.356,49.925,-0.000,0.741,no,no,accepted,,94aefe1de15b419ee03821029ec20af7b1bfc8742c47326b4bda6c2c935f4bb4,0.362681,,keep,,yes
images/4661533226-j6pcqdw1tloceuxckspyko0g9xgb__p009.png,4661533226_j6pcqdw1tloceuxckspyko0g9xgb.pdf,9,pdf,2339,1654,0,0.925,no,0.000,no,no,5235.303,222.710,49.669,-0.000,0.738,no,no,accepted,,2abf53c67ceab5bed3b3e7db26b194aa16609d8f2642cad06b250f560a4b1e01,0.360707,,keep,,yes
images/4661533226-j6pcqdw1tloceuxckspyko0g9xgb__p010.png,4661533226_j6pcqdw1tloceuxckspyko0g9xgb.pdf,10,pdf,2339,1654,0,0.927,no,0.000,no,no,5566.120,222.202,50.019,-0.000,0.753,no,no,accepted,,533c4c9db8d7dcb731c376d0ab63355ed191ba9a9e187d18b55253870d00c6e2,0.363534,,keep,,yes
images/4661533226-j6pcqdw1tloceuxckspyko0g9xgb__p011.png,4661533226_j6pcqdw1tloceuxckspyko0g9xgb.pdf,11,pdf,2339,1654,0,0.925,no,0.000,no,no,5435.410,222.398,49.891,-0.000,0.745,no,no,accepted,,893040c7d27bea05ebde3205bfb34fd693c64c79bcf2d001c6b684aff8457248,0.362495,,keep,,yes
images/4661533226-j6pcqdw1tloceuxckspyko0g9xgb__p012.png,4661533226_j6pcqdw1tloceuxckspyko0g9xgb.pdf,12,pdf,2339,1654,0,0.921,no,0.000,no,no,5318.473,222.641,49.727,-0.000,0.730,no,no,accepted,,45040b5090b47e1300276f7c572cc1cebeb77a3277b99108114f34ca43963e96,0.361303,,keep,,yes
images/4661533226-j6pcqdw1tloceuxckspyko0g9xgb__p013.png,4661533226_j6pcqdw1tloceuxckspyko0g9xgb.pdf,13,pdf,2339,1654,0,0.917,no,0.000,no,no,4004.012,224.626,48.024,-0.000,0.753,no,no,accepted,,858653721dd0a6fcf489b79ef568da222df7a33ea8338a805d2a772ce497f909,0.352243,,keep,,yes
images/4661533226-j6pcqdw1tloceuxckspyko0g9xgb__p014.png,4661533226_j6pcqdw1tloceuxckspyko0g9xgb.pdf,14,pdf,2339,1654,0,0.935,no,0.000,no,no,3465.255,225.110,48.075,0.125,0.730,no,no,accepted,,b2957e3ba7af9dd99878b83aaf8ca5e30a44abf9c82bc9b679ecade2dd0b04bf,0.347709,,keep,,yes
images/4661533226-j6pcqdw1tloceuxckspyko0g9xgb__p015.png,4661533226_j6pcqdw1tloceuxckspyko0g9xgb.pdf,15,pdf,2339,1654,0,0.927,no,0.000,no,no,3840.060,226.975,49.013,0.250,0.767,no,no,accepted,,28e566d83252241a57a33243f646c00828cea9e1888a36a16a197ad0a35e44fe,0.303934,,keep,,yes
images/4661533226-j6pcqdw1tloceuxckspyko0g9xgb__p016.png,4661533226_j6pcqdw1tloceuxckspyko0g9xgb.pdf,16,pdf,2339,1654,0,0.928,no,0.000,no,no,2903.296,248.147,23.925,-0.000,0.756,no,no,accepted,,307022d6f3da872aa3cffac2a58686d3293121370371044e0c7c9fd5f2b399a7,0.061756,dup_010,review,exact_duplicate,yes
images/4661533227-k8ope2qs5hsoppjyya1qd8fz8p2g__p001.png,4661533227_k8ope2qs5hsoppjyya1qd8fz8p2g.pdf,1,pdf,2339,1654,0,0.868,no,0.000,no,no,3289.250,225.562,47.423,-0.000,0.771,no,no,accepted,,6620e473112fe5b197e3880de87c7f37b79ff8cba0e66b8fbb4a85dc6712456f,0.346691,,keep,,yes
images/4661533227-k8ope2qs5hsoppjyya1qd8fz8p2g__p002.png,4661533227_k8ope2qs5hsoppjyya1qd8fz8p2g.pdf,2,pdf,2339,1654,0,0.935,no,0.000,no,no,3327.316,225.488,47.765,0.250,0.756,no,no,accepted,,c1ea50a3f8a5f966208558d1f9bd51906019d4392c0cdb71ada3912426014a2f,0.345813,,keep,,yes
images/4661533227-k8ope2qs5hsoppjyya1qd8fz8p2g__p003.png,4661533227_k8ope2qs5hsoppjyya1qd8fz8p2g.pdf,3,pdf,2339,1654,0,0.922,no,0.000,no,no,3197.426,228.079,47.908,0.250,0.715,no,no,accepted,,60d0761f30116a2674a7537ca748c4439ccddb81fce3ccfa28dd8aa239a78458,0.299042,,keep,,yes
images/4661533227-k8ope2qs5hsoppjyya1qd8fz8p2g__p004.png,4661533227_k8ope2qs5hsoppjyya1qd8fz8p2g.pdf,4,pdf,2339,1654,0,0.928,no,0.000,no,no,2903.296,248.147,23.925,-0.000,0.756,no,no,accepted,,307022d6f3da872aa3cffac2a58686d3293121370371044e0c7c9fd5f2b399a7,0.061756,dup_010,review,exact_duplicate,yes
images/4661533228-7yu4ej8y00u3nkih0q5ddcilpnko__p001.png,4661533228_7yu4ej8y00u3nkih0q5ddcilpnko.pdf,1,pdf,1654,2339,0,0.931,no,0.000,no,no,7092.383,220.348,51.910,-0.000,0.955,no,no,accepted,,691507745ffb52aa1e401e9702aa9cc8a19e63de421fff6f4c14cd5702c864c4,0.356446,,keep,,yes
images/4661533228-7yu4ej8y00u3nkih0q5ddcilpnko__p002.png,4661533228_7yu4ej8y00u3nkih0q5ddcilpnko.pdf,2,pdf,1654,2339,0,0.930,no,0.000,no,no,6995.245,220.535,51.712,-0.000,0.970,no,no,accepted,,740d1bfe7b910d9f73824b0dd035243843c7dc9032e995a9c638f8b99cf24209,0.356134,,keep,,yes
images/4661533228-7yu4ej8y00u3nkih0q5ddcilpnko__p003.png,4661533228_7yu4ej8y00u3nkih0q5ddcilpnko.pdf,3,pdf,1654,2339,0,0.920,no,0.000,no,no,6858.288,220.742,51.537,-0.000,0.959,no,no,accepted,,292b1c646f68f1f77d002feb770ce493a2fb168e05cf4e33f88ffa4a61d67796,0.355175,,keep,,yes
images/4661533228-7yu4ej8y00u3nkih0q5ddcilpnko__p004.png,4661533228_7yu4ej8y00u3nkih0q5ddcilpnko.pdf,4,pdf,1654,2339,0,0.892,no,0.000,no,no,6922.520,220.604,51.660,-0.000,0.966,no,no,accepted,,2d262163f19cdb43a3e04647340f342782942b852d38308cbea26416d57dd2d0,0.355644,,keep,,yes
images/4661533228-7yu4ej8y00u3nkih0q5ddcilpnko__p005.png,4661533228_7yu4ej8y00u3nkih0q5ddcilpnko.pdf,5,pdf,1654,2339,0,0.888,no,0.000,no,no,6981.189,220.511,51.707,-0.000,0.966,no,no,accepted,,f4742262bd5b68ba14aec798356ac81d260225f0e772d3a27cb925cb60a2798f,0.356129,,keep,,yes
images/4661533228-7yu4ej8y00u3nkih0q5ddcilpnko__p006.png,4661533228_7yu4ej8y00u3nkih0q5ddcilpnko.pdf,6,pdf,1654,2339,0,0.942,no,0.000,no,no,3417.907,226.350,46.404,-0.000,0.865,no,no,accepted,,32f914ad4552be22bceca5ddc1da8614a0a490b8778bb05ae136d3c4bb1c91f8,0.332057,,keep,,yes
images/4661533228-7yu4ej8y00u3nkih0q5ddcilpnko__p007.png,4661533228_7yu4ej8y00u3nkih0q5ddcilpnko.pdf,7,pdf,1654,2339,0,0.927,no,0.000,no,no,3621.001,231.498,45.204,-0.000,0.876,no,no,accepted,,2781888c4fdbeb7f955dc67412021fc161759b34af8f42013f08d69c2422bb04,0.248894,,keep,,yes
images/4661533228-7yu4ej8y00u3nkih0q5ddcilpnko__p008.png,4661533228_7yu4ej8y00u3nkih0q5ddcilpnko.pdf,8,pdf,1654,2339,0,0.926,no,0.000,no,no,2895.640,248.157,23.886,-0.000,1.000,no,no,accepted,,8ab8e8dee3525533c9fe41b48217e835e9a7f401ca188eeaab5c30ef7b1bdaa3,0.061714,dup_009,review,exact_duplicate,yes
images/4661533231-qdchj3060s2gxhku5jhhdufr10bn__p001.png,4661533231_qdchj3060s2gxhku5jhhdufr10bn.pdf,1,pdf,2339,1654,0,0.933,no,0.000,no,no,3858.406,224.940,47.851,-0.000,0.846,no,no,accepted,,f4055b5c4b15171646ff186358471bb760d16bd894d7547e5c962d8e181084af,0.349563,,keep,,yes
images/4661533231-qdchj3060s2gxhku5jhhdufr10bn__p002.png,4661533231_qdchj3060s2gxhku5jhhdufr10bn.pdf,2,pdf,2339,1654,0,0.927,no,0.000,no,no,5129.937,222.807,49.617,-0.000,0.756,no,no,accepted,,ec1193db76946ae5a920d97fb5e7b8ebc8cd950ec745e6e8304d4918999895a6,0.360222,,keep,,yes
images/4661533231-qdchj3060s2gxhku5jhhdufr10bn__p003.png,4661533231_qdchj3060s2gxhku5jhhdufr10bn.pdf,3,pdf,2339,1654,0,0.923,no,0.000,no,no,5263.229,222.644,49.705,-0.000,0.782,no,no,accepted,,7bf51a107aa43847ee90f9b26f0d1f523d4b91bd2247201b07c36c05da659cc5,0.361053,,keep,,yes
images/4661533231-qdchj3060s2gxhku5jhhdufr10bn__p004.png,4661533231_qdchj3060s2gxhku5jhhdufr10bn.pdf,4,pdf,2339,1654,0,0.926,no,0.000,no,no,5498.370,222.333,49.937,-0.000,0.730,no,no,accepted,,b01a72ba9b566ae4145394af326a2830a208cf2cd85cf881c0c1fd4c149de1a7,0.362874,,keep,,yes
images/4661533231-qdchj3060s2gxhku5jhhdufr10bn__p005.png,4661533231_qdchj3060s2gxhku5jhhdufr10bn.pdf,5,pdf,2339,1654,0,0.927,no,0.000,no,no,5421.839,222.398,49.906,-0.000,0.741,no,no,accepted,,7024c6a24b809ea2622ffc668f76353056a7ba21b1da79616e08ba6722599c3e,0.362391,,keep,,yes
images/4661533231-qdchj3060s2gxhku5jhhdufr10bn__p006.png,4661533231_qdchj3060s2gxhku5jhhdufr10bn.pdf,6,pdf,2339,1654,0,0.924,no,0.000,no,no,5454.525,222.332,49.957,-0.000,0.734,no,no,accepted,,776e3d2f89913e1ab8473052159784ec62c38b9a88127cb6d32d36eb39c33801,0.362783,,keep,,yes
images/4661533231-qdchj3060s2gxhku5jhhdufr10bn__p007.png,4661533231_qdchj3060s2gxhku5jhhdufr10bn.pdf,7,pdf,2339,1654,0,0.925,no,0.000,no,no,5301.849,222.625,49.722,-0.000,0.809,no,no,accepted,,ec26b832ad01094d4366ab01390f888438c553af8e770eb0a36c85662220c15f,0.361316,,keep,,yes
images/4661533231-qdchj3060s2gxhku5jhhdufr10bn__p008.png,4661533231_qdchj3060s2gxhku5jhhdufr10bn.pdf,8,pdf,2339,1654,0,0.926,no,0.000,no,no,5335.259,222.513,49.846,-0.000,0.715,no,no,accepted,,767e08f747792609350704ebad511b4e72f5d74cf67a1583a4568a46f09e09c8,0.361681,,keep,,yes
images/4661533231-qdchj3060s2gxhku5jhhdufr10bn__p009.png,4661533231_qdchj3060s2gxhku5jhhdufr10bn.pdf,9,pdf,2339,1654,0,0.919,no,0.000,no,no,5294.580,222.583,49.744,-0.000,0.756,no,no,accepted,,fb86171f8f34a4d42a96faceb007a72fd4665c7de38e65673a34dbe2aa48ce1e,0.361501,,keep,,yes
images/4661533231-qdchj3060s2gxhku5jhhdufr10bn__p010.png,4661533231_qdchj3060s2gxhku5jhhdufr10bn.pdf,10,pdf,2339,1654,0,0.926,no,0.000,no,no,5432.486,222.400,49.908,-0.000,0.749,no,no,accepted,,f538a928fdf52abd1baf36e62e9c04405e770cfb47b14b36ac8e4151d36d46c7,0.362425,,keep,,yes
images/4661533231-qdchj3060s2gxhku5jhhdufr10bn__p011.png,4661533231_qdchj3060s2gxhku5jhhdufr10bn.pdf,11,pdf,2339,1654,0,0.923,no,0.000,no,no,5416.673,222.466,49.845,-0.000,0.730,no,no,accepted,,a9227b0bb26882c42d920e8b6f87863f25d792ce29f285e088e8f95dabfb114e,0.362047,,keep,,yes
images/4661533231-qdchj3060s2gxhku5jhhdufr10bn__p012.png,4661533231_qdchj3060s2gxhku5jhhdufr10bn.pdf,12,pdf,2339,1654,0,0.927,no,0.000,no,no,4911.297,223.255,49.218,-0.000,0.767,no,no,accepted,,543ae228cd8c50abcd4f0d588b83a7a6fd6ce7e74d86bc33435f941f9b419c93,0.358296,,keep,,yes
images/4661533231-qdchj3060s2gxhku5jhhdufr10bn__p013.png,4661533231_qdchj3060s2gxhku5jhhdufr10bn.pdf,13,pdf,2339,1654,0,0.922,no,0.000,no,no,3622.172,225.275,47.389,-0.000,0.689,no,no,accepted,,a64c472fbb8ac10506b6701c9dab989815dfd4a4e2a2242cd435a59f8e80d0d3,0.349656,,keep,,yes
images/4661533231-qdchj3060s2gxhku5jhhdufr10bn__p014.png,4661533231_qdchj3060s2gxhku5jhhdufr10bn.pdf,14,pdf,2339,1654,0,0.924,no,0.000,no,no,3679.003,224.880,48.325,0.250,0.730,no,no,accepted,,cd6e7ef04408078a3e2286d6f722c96c802a708420a4b7d580db320718b70f21,0.348798,,keep,,yes
images/4661533231-qdchj3060s2gxhku5jhhdufr10bn__p015.png,4661533231_qdchj3060s2gxhku5jhhdufr10bn.pdf,15,pdf,2339,1654,0,0.927,no,0.000,no,no,3886.091,226.899,49.110,0.250,0.775,no,no,accepted,,4d69ba362fafd66ad64f46a72b510fb49bc9ae60a52f73c7024c612c9c13b78a,0.304152,,keep,,yes
images/4661533231-qdchj3060s2gxhku5jhhdufr10bn__p016.png,4661533231_qdchj3060s2gxhku5jhhdufr10bn.pdf,16,pdf,2339,1654,0,0.928,no,0.000,no,no,2903.296,248.147,23.925,-0.000,0.756,no,no,accepted,,307022d6f3da872aa3cffac2a58686d3293121370371044e0c7c9fd5f2b399a7,0.061756,dup_010,review,exact_duplicate,yes
images/4661533232-d5749ossgl6xyexl7rofu2fb9kus__p001.png,4661533232_d5749ossgl6xyexl7rofu2fb9kus.pdf,1,pdf,2339,1654,0,0.929,no,0.000,no,no,3825.629,225.004,47.792,-0.000,0.846,no,no,accepted,,3d9a3e255ef083430e0c42f2646e9141ab7a0de2252fbaf33a944b37d57987d1,0.349246,,keep,,yes
images/4661533232-d5749ossgl6xyexl7rofu2fb9kus__p002.png,4661533232_d5749ossgl6xyexl7rofu2fb9kus.pdf,2,pdf,2339,1654,0,0.930,no,0.000,no,no,5101.508,222.835,49.598,-0.000,0.760,no,no,accepted,,90b37f5519a6fe357d78045b7152cfc3774e5757f11269e88c5d0e1764b656a1,0.360096,,keep,,yes
images/4661533232-d5749ossgl6xyexl7rofu2fb9kus__p003.png,4661533232_d5749ossgl6xyexl7rofu2fb9kus.pdf,3,pdf,2339,1654,0,0.926,no,0.000,no,no,5327.549,222.578,49.753,-0.000,0.786,no,no,accepted,,7f6e872feac6460ba5f0b5d101e5023ebe8734038578f99732122bbdf65b80d6,0.361458,,keep,,yes
images/4661533232-d5749ossgl6xyexl7rofu2fb9kus__p004.png,4661533232_d5749ossgl6xyexl7rofu2fb9kus.pdf,4,pdf,2339,1654,0,0.922,no,0.000,no,no,5528.087,222.236,49.969,-0.000,0.779,no,no,accepted,,fd2dc2f79df541b00a484833b0896785cc2b05c19726b656accffa1e2267059c,0.363384,,keep,,yes
images/4661533232-d5749ossgl6xyexl7rofu2fb9kus__p005.png,4661533232_d5749ossgl6xyexl7rofu2fb9kus.pdf,5,pdf,2339,1654,0,0.924,no,0.000,no,no,5481.662,222.350,49.897,-0.000,0.756,no,no,accepted,,563d819a45ded80c6e4861fb9c5c3c5d21ac3a483a3ea475e915729df76d51dc,0.362882,,keep,,yes
images/4661533232-d5749ossgl6xyexl7rofu2fb9kus__p006.png,4661533232_d5749ossgl6xyexl7rofu2fb9kus.pdf,6,pdf,2339,1654,0,0.921,no,0.000,no,no,5303.807,222.636,49.713,-0.000,0.738,no,no,accepted,,1d6130bca2038dd376053c1ebe312285ace102cae3b4786fef791cea11388acb,0.361191,,keep,,yes
images/4661533232-d5749ossgl6xyexl7rofu2fb9kus__p007.png,4661533232_d5749ossgl6xyexl7rofu2fb9kus.pdf,7,pdf,2339,1654,0,0.927,no,0.000,no,no,5505.960,222.322,49.999,-0.000,0.726,no,no,accepted,,7d88919b90f504d57ad9075bc28a1815d5d219024cee40748320641859733d14,0.362748,,keep,,yes
images/4661533232-d5749ossgl6xyexl7rofu2fb9kus__p008.png,4661533232_d5749ossgl6xyexl7rofu2fb9kus.pdf,8,pdf,2339,1654,0,0.926,no,0.000,no,no,5394.254,222.455,49.882,-0.000,0.738,no,no,accepted,,e5dc78b93e1826ce03c610775089d1ef420d8a5f8f0e4732dd490755e840d4f5,0.362037,,keep,,yes
images/4661533232-d5749ossgl6xyexl7rofu2fb9kus__p009.png,4661533232_d5749ossgl6xyexl7rofu2fb9kus.pdf,9,pdf,2339,1654,0,0.926,no,0.000,no,no,5299.147,222.590,49.743,-0.000,0.753,no,no,accepted,,121dfd70c6c39fa162751c9a6e5b6168835ed92770de69619029696dc981f573,0.361499,,keep,,yes
images/4661533232-d5749ossgl6xyexl7rofu2fb9kus__p010.png,4661533232_d5749ossgl6xyexl7rofu2fb9kus.pdf,10,pdf,2339,1654,0,0.923,no,0.000,no,no,5500.836,222.326,49.933,-0.000,0.749,no,no,accepted,,6b9ab5c1d2a85ee214a26c02f58bb8ebba98c8abf4d35d301c6917f64cb7d75b,0.362965,,keep,,yes
images/4661533232-d5749ossgl6xyexl7rofu2fb9kus__p011.png,4661533232_d5749ossgl6xyexl7rofu2fb9kus.pdf,11,pdf,2339,1654,0,0.928,no,0.000,no,no,5246.209,222.710,49.633,-0.000,0.749,no,no,accepted,,1c9adae13e9c50a4a073a5fc3533c04da4e7917a28f0ae7c509ddbfe6b9cbd86,0.361031,,keep,,yes
images/4661533232-d5749ossgl6xyexl7rofu2fb9kus__p012.png,4661533232_d5749ossgl6xyexl7rofu2fb9kus.pdf,12,pdf,2339,1654,0,0.924,no,0.000,no,no,5481.058,222.367,49.916,-0.000,0.741,no,no,accepted,,f99b70f3cc8e2351f36074204e1e9a8619ac55e62b7477ca2b2283616df1efd7,0.362725,,keep,,yes
images/4661533232-d5749ossgl6xyexl7rofu2fb9kus__p013.png,4661533232_d5749ossgl6xyexl7rofu2fb9kus.pdf,13,pdf,2339,1654,0,0.920,no,0.000,no,no,4924.927,223.285,49.021,-0.000,0.726,no,no,accepted,,51cdebdea845fcd636fd2f5c0d1ffb8e7fe66cdd8bcb4e527933d50d471163aa,0.359249,,keep,,yes
images/4661533232-d5749ossgl6xyexl7rofu2fb9kus__p014.png,4661533232_d5749ossgl6xyexl7rofu2fb9kus.pdf,14,pdf,2339,1654,0,0.932,no,0.000,no,no,3130.497,225.945,47.061,-0.000,0.764,no,no,accepted,,e540553ab0a2e43407d323567705ac0500f2d3919b297a5ddae278696e365b9a,0.345108,,keep,,yes
images/4661533232-d5749ossgl6xyexl7rofu2fb9kus__p015.png,4661533232_d5749ossgl6xyexl7rofu2fb9kus.pdf,15,pdf,2339,1654,0,0.726,no,0.000,no,no,3535.507,225.045,48.106,0.250,0.753,no,no,accepted,,f992680ed46c3479faa81a51c0a4f1537f84a866f92874cd4697ff56bd91adbe,0.347941,,keep,,yes
images/4661533232-d5749ossgl6xyexl7rofu2fb9kus__p016.png,4661533232_d5749ossgl6xyexl7rofu2fb9kus.pdf,16,pdf,2339,1654,0,0.919,no,0.000,no,no,3367.026,227.835,48.175,0.250,0.734,no,no,accepted,,5d11327c5fce7c20c294bd71dec35f4f391e4e7ad06515b6953bde00b59dab45,0.300071,,keep,,yes
images/4661533232-d5749ossgl6xyexl7rofu2fb9kus__p017.png,4661533232_d5749ossgl6xyexl7rofu2fb9kus.pdf,17,pdf,2339,1654,0,0.928,no,0.000,no,no,2903.296,248.147,23.925,-0.000,0.756,no,no,accepted,,307022d6f3da872aa3cffac2a58686d3293121370371044e0c7c9fd5f2b399a7,0.061756,dup_010,review,exact_duplicate,yes
images/4661533234-uh8gmi955d1fmqdzmbktjwl6pf5e__p001.png,4661533234_uh8gmi955d1fmqdzmbktjwl6pf5e.pdf,1,pdf,2339,1654,0,0.929,no,0.000,no,no,3370.460,225.749,47.079,-0.000,0.812,no,no,accepted,,5a34c3881bb83e14873460d3dff0ab0e73c88108384a198dec7a97ec02a9cfda,0.346211,,keep,,yes
images/4661533234-uh8gmi955d1fmqdzmbktjwl6pf5e__p002.png,4661533234_uh8gmi955d1fmqdzmbktjwl6pf5e.pdf,2,pdf,2339,1654,0,0.928,no,0.000,no,no,5124.888,222.785,49.623,-0.000,0.760,no,no,accepted,,c1cb632908a32c753ef4bc47cc94c6d169976f18c2b746511aa9fb2830750101,0.360309,,keep,,yes
images/4661533234-uh8gmi955d1fmqdzmbktjwl6pf5e__p003.png,4661533234_uh8gmi955d1fmqdzmbktjwl6pf5e.pdf,3,pdf,2339,1654,0,0.922,no,0.000,no,no,4993.228,223.084,49.372,-0.000,0.730,no,no,accepted,,5d5739732e21a4f03ec58d9acf42ed108ffb23622a27fbb9c1b4229420f0fcb7,0.358955,,keep,,yes
images/4661533234-uh8gmi955d1fmqdzmbktjwl6pf5e__p004.png,4661533234_uh8gmi955d1fmqdzmbktjwl6pf5e.pdf,4,pdf,2339,1654,0,0.926,no,0.000,no,no,5459.794,222.376,49.951,-0.000,0.741,no,no,accepted,,66bb7959304e664b8d8a315b33738b183ce02a198e5be8765fa18e393afb0063,0.362394,,keep,,yes
images/4661533234-uh8gmi955d1fmqdzmbktjwl6pf5e__p005.png,4661533234_uh8gmi955d1fmqdzmbktjwl6pf5e.pdf,5,pdf,2339,1654,0,0.921,no,0.000,no,no,5511.825,222.347,49.934,-0.000,0.749,no,no,accepted,,c917cf2e89cb784305c329cbc666be1013856cb1c12b850e77bf7c053fb45dc5,0.362824,,keep,,yes
images/4661533234-uh8gmi955d1fmqdzmbktjwl6pf5e__p006.png,4661533234_uh8gmi955d1fmqdzmbktjwl6pf5e.pdf,6,pdf,2339,1654,0,0.927,no,0.000,no,no,5435.651,222.374,49.918,-0.000,0.730,no,no,accepted,,b0dca3e191545464a15e121debac9db76bd70e77019df1a0114842ba6d0bfbfb,0.362477,,keep,,yes
images/4661533234-uh8gmi955d1fmqdzmbktjwl6pf5e__p007.png,4661533234_uh8gmi955d1fmqdzmbktjwl6pf5e.pdf,7,pdf,2339,1654,0,0.923,no,0.000,no,no,5363.721,222.564,49.789,-0.000,0.805,no,no,accepted,,b6561707a8f8c0a50807bdf4433d6d8b2a6009731bd65b3bb3d1e4e4b3ab7079,0.361677,,keep,,yes
images/4661533234-uh8gmi955d1fmqdzmbktjwl6pf5e__p008.png,4661533234_uh8gmi955d1fmqdzmbktjwl6pf5e.pdf,8,pdf,2339,1654,0,0.925,no,0.000,no,no,5422.543,222.413,49.915,-0.000,0.745,no,no,accepted,,4f97c6d3b705fd4b8ac18358ae34c768b98575c39f00a78df1cca730c4984a37,0.362233,,keep,,yes
images/4661533234-uh8gmi955d1fmqdzmbktjwl6pf5e__p009.png,4661533234_uh8gmi955d1fmqdzmbktjwl6pf5e.pdf,9,pdf,2339,1654,0,0.926,no,0.000,no,no,5255.754,222.617,49.713,-0.000,0.734,no,no,accepted,,19bdff1c878a5397130f58c5d28b295195d883ea613eba019e1bf48ae1e57e2b,0.361303,,keep,,yes
images/4661533234-uh8gmi955d1fmqdzmbktjwl6pf5e__p010.png,4661533234_uh8gmi955d1fmqdzmbktjwl6pf5e.pdf,10,pdf,2339,1654,0,0.926,no,0.000,no,no,5492.491,222.336,49.936,-0.000,0.760,no,no,accepted,,7cf11c5086c3f3775209a699ef2597b8ed5d8429089544cb23a027b950ccacdb,0.362899,,keep,,yes
images/4661533234-uh8gmi955d1fmqdzmbktjwl6pf5e__p011.png,4661533234_uh8gmi955d1fmqdzmbktjwl6pf5e.pdf,11,pdf,2339,1654,0,0.925,no,0.000,no,no,5391.314,222.477,49.824,-0.000,0.711,no,no,accepted,,ba6a1d9e388122abfe2c4962cd31b8518848154a1e2ae1c773271258aa35ff13,0.362068,,keep,,yes
images/4661533234-uh8gmi955d1fmqdzmbktjwl6pf5e__p012.png,4661533234_uh8gmi955d1fmqdzmbktjwl6pf5e.pdf,12,pdf,2339,1654,0,0.920,no,0.000,no,no,5303.656,222.635,49.726,-0.000,0.723,no,no,accepted,,006c262f542305e7c11816cbba3e2d32e8b605e68177c9853b911cea76d399a7,0.361293,,keep,,yes
images/4661533234-uh8gmi955d1fmqdzmbktjwl6pf5e__p013.png,4661533234_uh8gmi955d1fmqdzmbktjwl6pf5e.pdf,13,pdf,2339,1654,0,0.923,no,0.000,no,no,4962.360,223.237,48.994,-0.000,0.715,no,no,accepted,,d8c650c951e0cb1037bc462ab9c49bf4ddf8ab4f6f0cf3e2fba91a87fc677534,0.359968,,keep,,yes
images/4661533234-uh8gmi955d1fmqdzmbktjwl6pf5e__p014.png,4661533234_uh8gmi955d1fmqdzmbktjwl6pf5e.pdf,14,pdf,2339,1654,0,0.922,no,0.000,no,no,2967.181,226.102,46.916,0.250,0.760,no,no,accepted,,fd0e2ed1283d1ee62f7b4d6f9dd134334fc553325c685031a4a4ca4d1d40d747,0.344163,,keep,,yes
images/4661533234-uh8gmi955d1fmqdzmbktjwl6pf5e__p015.png,4661533234_uh8gmi955d1fmqdzmbktjwl6pf5e.pdf,15,pdf,2339,1654,0,0.746,no,0.000,no,no,3524.879,225.118,48.076,-0.000,0.767,no,no,accepted,,503530e6871e022455eb34909c4c8b97cb824f9af71ac10cf02830ae8e661181,0.347651,,keep,,yes
images/4661533234-uh8gmi955d1fmqdzmbktjwl6pf5e__p016.png,4661533234_uh8gmi955d1fmqdzmbktjwl6pf5e.pdf,16,pdf,2339,1654,0,0.922,no,0.000,no,no,3367.355,227.839,48.177,0.250,0.726,no,no,accepted,,152f3b805b56d30fd9ea908d004b216981d1fe25e38afd6d178f0bee79e48fe4,0.300024,,keep,,yes
images/4661533234-uh8gmi955d1fmqdzmbktjwl6pf5e__p017.png,4661533234_uh8gmi955d1fmqdzmbktjwl6pf5e.pdf,17,pdf,2339,1654,0,0.928,no,0.000,no,no,2903.296,248.147,23.925,-0.000,0.756,no,no,accepted,,307022d6f3da872aa3cffac2a58686d3293121370371044e0c7c9fd5f2b399a7,0.061756,dup_010,review,exact_duplicate,yes
images/4661533235-coa3gv6prr5bdmrw0twvi7jpgs36__p001.png,4661533235_coa3gv6prr5bdmrw0twvi7jpgs36.pdf,1,pdf,2339,1654,0,0.940,no,0.000,no,no,2991.004,226.357,46.512,-0.000,0.786,no,no,accepted,,a066d20f2f372d8bfc8cbaad5c5473d75eab5ca2f7813c2f7a90001978c2534b,0.343423,,keep,,yes
images/4661533235-coa3gv6prr5bdmrw0twvi7jpgs36__p002.png,4661533235_coa3gv6prr5bdmrw0twvi7jpgs36.pdf,2,pdf,2339,1654,0,0.927,no,0.000,no,no,5072.859,222.882,49.572,-0.000,0.756,no,no,accepted,,648af940f622a360d03f2c72f1fbd5eee3d3aeef4546af2ff0ba9387649c1cdf,0.359732,,keep,,yes
images/4661533235-coa3gv6prr5bdmrw0twvi7jpgs36__p003.png,4661533235_coa3gv6prr5bdmrw0twvi7jpgs36.pdf,3,pdf,2339,1654,0,0.927,no,0.000,no,no,5130.876,222.886,49.482,-0.000,0.749,no,no,accepted,,3f7579f8e0a631d172a897b29676586e32f24e9159ff1d18326aa3f0b17b034c,0.360072,,keep,,yes
images/4661533235-coa3gv6prr5bdmrw0twvi7jpgs36__p004.png,4661533235_coa3gv6prr5bdmrw0twvi7jpgs36.pdf,4,pdf,2339,1654,0,0.924,no,0.000,no,no,5526.697,222.269,49.992,-0.000,0.749,no,no,accepted,,7c63ab1fcd9845460a3d732884091c4858e4a6c5e5225dc82e87bbd931c861dc,0.363224,,keep,,yes
images/4661533235-coa3gv6prr5bdmrw0twvi7jpgs36__p005.png,4661533235_coa3gv6prr5bdmrw0twvi7jpgs36.pdf,5,pdf,2339,1654,0,0.927,no,0.000,no,no,5515.778,222.283,49.950,-0.000,0.756,no,no,accepted,,14a6479f4d0304ebb121dea1050bee1dd9c8da9ea75f5c17afd0f6fd272a2f55,0.363226,,keep,,yes
images/4661533235-coa3gv6prr5bdmrw0twvi7jpgs36__p006.png,4661533235_coa3gv6prr5bdmrw0twvi7jpgs36.pdf,6,pdf,2339,1654,0,0.925,no,0.000,no,no,5483.415,222.336,49.944,-0.000,0.738,no,no,accepted,,f86d1cf80937daac59092ad4db8b868ff404d35ac05b0b306b22793bf8baa677,0.362888,,keep,,yes
images/4661533235-coa3gv6prr5bdmrw0twvi7jpgs36__p007.png,4661533235_coa3gv6prr5bdmrw0twvi7jpgs36.pdf,7,pdf,2339,1654,0,0.924,no,0.000,no,no,5382.167,222.553,49.780,-0.000,0.749,no,no,accepted,,c4827c90575540a9561a71d88d908dd38cc20071363885962d99537c15288d2f,0.361752,,keep,,yes
images/4661533235-coa3gv6prr5bdmrw0twvi7jpgs36__p008.png,4661533235_coa3gv6prr5bdmrw0twvi7jpgs36.pdf,8,pdf,2339,1654,0,0.925,no,0.000,no,no,5429.075,222.440,49.926,-0.000,0.723,no,no,accepted,,0435dca63358cbec39e221cb1c63a8656b530a7d2b1a4cf7e6bb32d6b241528e,0.362036,,keep,,yes
images/4661533235-coa3gv6prr5bdmrw0twvi7jpgs36__p009.png,4661533235_coa3gv6prr5bdmrw0twvi7jpgs36.pdf,9,pdf,2339,1654,0,0.926,no,0.000,no,no,5279.479,222.659,49.707,-0.000,0.719,no,no,accepted,,c1d1c64a8884fa7e0f714661832f07d03b094c756a0d638c5987f81acdb6e1ed,0.361196,,keep,,yes
images/4661533235-coa3gv6prr5bdmrw0twvi7jpgs36__p010.png,4661533235_coa3gv6prr5bdmrw0twvi7jpgs36.pdf,10,pdf,2339,1654,0,0.926,no,0.000,no,no,5351.091,222.561,49.853,-0.000,0.726,no,no,accepted,,8ca68a470cd3f7322a82c0ebd135e69f8144c6e50fb292a154570f632f5bb862,0.361312,,keep,,yes
images/4661533235-coa3gv6prr5bdmrw0twvi7jpgs36__p011.png,4661533235_coa3gv6prr5bdmrw0twvi7jpgs36.pdf,11,pdf,2339,1654,0,0.926,no,0.000,no,no,5399.079,222.466,49.847,-0.000,0.764,no,no,accepted,,0f5484bf5f46a501b87e4432fd84192bb00cf8af949cda92977872fa6d7c0205,0.362091,,keep,,yes
images/4661533235-coa3gv6prr5bdmrw0twvi7jpgs36__p012.png,4661533235_coa3gv6prr5bdmrw0twvi7jpgs36.pdf,12,pdf,2339,1654,0,0.926,no,0.000,no,no,5459.611,222.395,49.875,-0.000,0.782,no,no,accepted,,5721c6b56fb8d1c6959ff41b5b46aa591e96da934905fa2d990877bf77883ad2,0.362604,,keep,,yes
images/4661533235-coa3gv6prr5bdmrw0twvi7jpgs36__p013.png,4661533235_coa3gv6prr5bdmrw0twvi7jpgs36.pdf,13,pdf,2339,1654,0,0.929,no,0.000,no,no,4973.833,223.164,49.114,-0.000,0.734,no,no,accepted,,cd94fbccb2890f75c2108bbbff2306b53f1d8fbf8e3fec6b4631f754fa417219,0.359801,,keep,,yes
images/4661533235-coa3gv6prr5bdmrw0twvi7jpgs36__p014.png,4661533235_coa3gv6prr5bdmrw0twvi7jpgs36.pdf,14,pdf,2339,1654,0,0.927,no,0.000,no,no,3096.994,226.007,46.868,0.250,0.734,no,no,accepted,,61541bac4ea64ae8c7da9ab78027db43d45dc376fb6a483105265877c834b7f5,0.345285,,keep,,yes
images/4661533235-coa3gv6prr5bdmrw0twvi7jpgs36__p015.png,4661533235_coa3gv6prr5bdmrw0twvi7jpgs36.pdf,15,pdf,2339,1654,0,0.917,no,0.000,no,no,3484.265,225.149,48.076,0.125,0.723,no,no,accepted,,66fd45c2ff1220dd134b25832dacb9283248019d1e7e68926d3b6f79e1282590,0.347493,,keep,,yes
images/4661533235-coa3gv6prr5bdmrw0twvi7jpgs36__p016.png,4661533235_coa3gv6prr5bdmrw0twvi7jpgs36.pdf,16,pdf,2339,1654,0,0.925,no,0.000,no,no,3645.596,227.357,48.685,0.250,0.760,no,no,accepted,,8265c0c12b6cca2c6ed6d25b4d2e2c6d9f19e14c50be775770f3fbe7cce0edf2,0.302077,,keep,,yes
images/4661533235-coa3gv6prr5bdmrw0twvi7jpgs36__p017.png,4661533235_coa3gv6prr5bdmrw0twvi7jpgs36.pdf,17,pdf,2339,1654,0,0.928,no,0.000,no,no,2903.296,248.147,23.925,-0.000,0.756,no,no,accepted,,307022d6f3da872aa3cffac2a58686d3293121370371044e0c7c9fd5f2b399a7,0.061756,dup_010,review,exact_duplicate,yes
images/4661533236-s0e208jt56jzzu9pvpl9evikdf5a__p001.png,4661533236_s0e208jt56jzzu9pvpl9evikdf5a.pdf,1,pdf,2339,1654,0,0.929,no,0.000,no,no,3752.612,225.122,47.672,-0.000,0.854,no,no,accepted,,7352b327a582b4f7158308fcff1983edbe95cd60f819e981abf17c60f17d6630,0.348914,,keep,,yes
images/4661533236-s0e208jt56jzzu9pvpl9evikdf5a__p002.png,4661533236_s0e208jt56jzzu9pvpl9evikdf5a.pdf,2,pdf,2339,1654,0,0.928,no,0.000,no,no,4921.351,223.122,49.373,-0.000,0.753,no,no,accepted,,0154ad91e591bc6f3f063caebdda97807d10bbab3abba133b3182640474fdc16,0.358643,,keep,,yes
images/4661533236-s0e208jt56jzzu9pvpl9evikdf5a__p003.png,4661533236_s0e208jt56jzzu9pvpl9evikdf5a.pdf,3,pdf,2339,1654,0,0.926,no,0.000,no,no,5181.335,222.755,49.628,-0.000,0.767,no,no,accepted,,c61000f0a233ec2f28f19a293f01f1f2f1b395f457ce3bc459c7fe144a1647ad,0.360509,,keep,,yes
images/4661533236-s0e208jt56jzzu9pvpl9evikdf5a__p004.png,4661533236_s0e208jt56jzzu9pvpl9evikdf5a.pdf,4,pdf,2339,1654,0,0.920,no,0.000,no,no,5495.142,222.320,49.960,-0.000,0.760,no,no,accepted,,4c7da745b5afbacdc360a4d1f44332fdf9dd5bdcba58d78b5c3417c2e104adb8,0.362895,,keep,,yes
images/4661533236-s0e208jt56jzzu9pvpl9evikdf5a__p005.png,4661533236_s0e208jt56jzzu9pvpl9evikdf5a.pdf,5,pdf,2339,1654,0,0.925,no,0.000,no,no,5517.018,222.291,49.986,-0.000,0.749,no,no,accepted,,5cd295313edfeef799d52ce41c9bcb06b47a4f8c24b24cbf8f453572f03c804a,0.363069,,keep,,yes
images/4661533236-s0e208jt56jzzu9pvpl9evikdf5a__p006.png,4661533236_s0e208jt56jzzu9pvpl9evikdf5a.pdf,6,pdf,2339,1654,0,0.925,no,0.000,no,no,5375.409,222.469,49.874,-0.000,0.734,no,no,accepted,,06e7b71c1cfdb6b693dab4886aeecae9be0030c3409e2627fa041a6e8f09b010,0.361935,,keep,,yes
images/4661533236-s0e208jt56jzzu9pvpl9evikdf5a__p007.png,4661533236_s0e208jt56jzzu9pvpl9evikdf5a.pdf,7,pdf,2339,1654,0,0.927,no,0.000,no,no,5289.092,222.648,49.710,-0.000,0.734,no,no,accepted,,e1a2fe812786b4dea30793d7de9b2cdd648f226f99579b602ee7684eeb4a5888,0.361162,,keep,,yes
images/4661533236-s0e208jt56jzzu9pvpl9evikdf5a__p008.png,4661533236_s0e208jt56jzzu9pvpl9evikdf5a.pdf,8,pdf,2339,1654,0,0.925,no,0.000,no,no,5482.898,222.341,49.924,-0.000,0.730,no,no,accepted,,3c0dbf1af93a8a5ad79403fbd1ac9d951363b3c60b1a01f6204412a2a5641dd1,0.362933,,keep,,yes
images/4661533236-s0e208jt56jzzu9pvpl9evikdf5a__p009.png,4661533236_s0e208jt56jzzu9pvpl9evikdf5a.pdf,9,pdf,2339,1654,0,0.925,no,0.000,no,no,5361.752,222.486,49.834,-0.000,0.745,no,no,accepted,,9a4748a61bfadd8755bc47d3942d13660f2bc983159c7ce8bcaa4e99c6dd4c84,0.362018,,keep,,yes
images/4661533236-s0e208jt56jzzu9pvpl9evikdf5a__p010.png,4661533236_s0e208jt56jzzu9pvpl9evikdf5a.pdf,10,pdf,2339,1654,0,0.920,no,0.000,no,no,5349.300,222.595,49.735,-0.000,0.749,no,no,accepted,,414d39d5b15b346f4f0f278d13bbc99783bf32d3eb7d986eef380c9f733af62e,0.361613,,keep,,yes
images/4661533236-s0e208jt56jzzu9pvpl9evikdf5a__p011.png,4661533236_s0e208jt56jzzu9pvpl9evikdf5a.pdf,11,pdf,2339,1654,0,0.924,no,0.000,no,no,5389.539,222.482,49.862,-0.000,0.719,no,no,accepted,,7a53081e7fa58e6bdf08e9170a7ae6dec099b371b260a3264ccad1d8b3afcb59,0.361977,,keep,,yes
images/4661533236-s0e208jt56jzzu9pvpl9evikdf5a__p012.png,4661533236_s0e208jt56jzzu9pvpl9evikdf5a.pdf,12,pdf,2339,1654,0,0.923,no,0.000,no,no,5458.570,222.376,49.919,-0.000,0.730,no,no,accepted,,4a79aa12cdc16832aa131713977e0b44f4a2d6f975bdb7cdb4945234c6e8a6b6,0.362508,,keep,,yes
images/4661533236-s0e208jt56jzzu9pvpl9evikdf5a__p013.png,4661533236_s0e208jt56jzzu9pvpl9evikdf5a.pdf,13,pdf,2339,1654,0,0.933,no,0.000,no,no,3585.435,225.340,47.323,-0.000,0.685,no,no,accepted,,be5c333a22159d2ea337a36b6db9dc68416f087cd4cb3e5f18d8617cae0b2184,0.349114,,keep,,yes
images/4661533236-s0e208jt56jzzu9pvpl9evikdf5a__p014.png,4661533236_s0e208jt56jzzu9pvpl9evikdf5a.pdf,14,pdf,2339,1654,0,0.933,no,0.000,no,no,3898.226,224.486,48.655,-0.000,0.760,no,no,accepted,,4e92de165d99ecb34fa2b24e1c1d85f5d137b8f800155d1a71a3d4ca090ddbd5,0.350685,,keep,,yes
images/4661533236-s0e208jt56jzzu9pvpl9evikdf5a__p015.png,4661533236_s0e208jt56jzzu9pvpl9evikdf5a.pdf,15,pdf,2339,1654,0,0.931,no,0.000,no,no,3958.968,226.748,49.267,0.250,0.764,no,no,accepted,,eb9d1d2ac0568d55ed836626a66186f2c89e116d8c48d658d7bf73df483deb9c,0.304794,,keep,,yes
images/4661533236-s0e208jt56jzzu9pvpl9evikdf5a__p016.png,4661533236_s0e208jt56jzzu9pvpl9evikdf5a.pdf,16,pdf,2339,1654,0,0.928,no,0.000,no,no,2903.296,248.147,23.925,-0.000,0.756,no,no,accepted,,307022d6f3da872aa3cffac2a58686d3293121370371044e0c7c9fd5f2b399a7,0.061756,dup_010,review,exact_duplicate,yes
images/4661533238-xuvg6ntmgxu786uh5vae3dbw61jh__p001.png,4661533238_xuvg6ntmgxu786uh5vae3dbw61jh.pdf,1,pdf,2339,1654,0,0.907,no,0.000,no,no,3674.037,225.190,47.619,-0.000,0.843,no,no,accepted,,4c56d31ee5039a14395e45a4b109e70c3c6c38ba0a13397e15a0429ef219d1bf,0.348318,,keep,,yes
images/4661533238-xuvg6ntmgxu786uh5vae3dbw61jh__p002.png,4661533238_xuvg6ntmgxu786uh5vae3dbw61jh.pdf,2,pdf,2339,1654,0,0.928,no,0.000,no,no,5131.196,222.815,49.621,-0.000,0.771,no,no,accepted,,27e7aeb979b1dc77e8c0e3a771a75454cc630041ddf0e159d568d88224f092f4,0.360093,,keep,,yes
images/4661533238-xuvg6ntmgxu786uh5vae3dbw61jh__p003.png,4661533238_xuvg6ntmgxu786uh5vae3dbw61jh.pdf,3,pdf,2339,1654,0,0.925,no,0.000,no,no,5359.775,222.570,49.759,-0.000,0.779,no,no,accepted,,8f2c823abd2e28a7a29e257943b05d594209629f6396cdd7e57e85fbb8d39a63,0.361394,,keep,,yes
images/4661533238-xuvg6ntmgxu786uh5vae3dbw61jh__p004.png,4661533238_xuvg6ntmgxu786uh5vae3dbw61jh.pdf,4,pdf,2339,1654,0,0.926,no,0.000,no,no,5481.434,222.367,49.948,-0.000,0.734,no,no,accepted,,2affeeae4f5040ac1fea74d288790bc921b4db3aab301883af569ce1db360eec,0.362555,,keep,,yes
images/4661533238-xuvg6ntmgxu786uh5vae3dbw61jh__p005.png,4661533238_xuvg6ntmgxu786uh5vae3dbw61jh.pdf,5,pdf,2339,1654,0,0.924,no,0.000,no,no,5462.337,222.370,49.934,-0.000,0.749,no,no,accepted,,5d79693f2d258c07c7afdcd579cb1686749e81e191461a28d48eb02f67b22116,0.362438,,keep,,yes
images/4661533238-xuvg6ntmgxu786uh5vae3dbw61jh__p006.png,4661533238_xuvg6ntmgxu786uh5vae3dbw61jh.pdf,6,pdf,2339,1654,0,0.924,no,0.000,no,no,5282.690,222.685,49.681,-0.000,0.734,no,no,accepted,,42055ed197395759217b5d853e65b3085ae67f02e3a5af919d59359cc9283056,0.361003,,keep,,yes
images/4661533238-xuvg6ntmgxu786uh5vae3dbw61jh__p007.png,4661533238_xuvg6ntmgxu786uh5vae3dbw61jh.pdf,7,pdf,2339,1654,0,0.925,no,0.000,no,no,5251.803,222.690,49.683,-0.000,0.738,no,no,accepted,,0735a928a7ad8ac939af24ecb63229da84f90648bba4483a1daa6ce033b03adb,0.360959,,keep,,yes
images/4661533238-xuvg6ntmgxu786uh5vae3dbw61jh__p008.png,4661533238_xuvg6ntmgxu786uh5vae3dbw61jh.pdf,8,pdf,2339,1654,0,0.923,no,0.000,no,no,5484.608,222.355,49.934,-0.000,0.741,no,no,accepted,,d12f718ef3046409d85160d790e9c0d7a764c366a5c08a8e4ee34b390b76add2,0.362741,,keep,,yes
images/4661533238-xuvg6ntmgxu786uh5vae3dbw61jh__p009.png,4661533238_xuvg6ntmgxu786uh5vae3dbw61jh.pdf,9,pdf,2339,1654,0,0.927,no,0.000,no,no,5432.168,222.414,49.899,-0.000,0.756,no,no,accepted,,c13866c17322807e575562c8f2094b088486af4c258552a6d6fa4fd2358a28a8,0.362371,,keep,,yes
images/4661533238-xuvg6ntmgxu786uh5vae3dbw61jh__p010.png,4661533238_xuvg6ntmgxu786uh5vae3dbw61jh.pdf,10,pdf,2339,1654,0,0.926,no,0.000,no,no,5502.007,222.335,49.950,-0.000,0.741,no,no,accepted,,91ada7bf7a7ad1686ab75f19891524af8946d1f58b80d4a133a8a51dc3718908,0.362802,,keep,,yes
images/4661533238-xuvg6ntmgxu786uh5vae3dbw61jh__p011.png,4661533238_xuvg6ntmgxu786uh5vae3dbw61jh.pdf,11,pdf,2339,1654,0,0.923,no,0.000,no,no,5328.546,222.618,49.734,-0.000,0.734,no,no,accepted,,b02d9e3eda1411af61180e826191703a041c1c08a06b25b66bd32a4330cd0f1c,0.361422,,keep,,yes
images/4661533238-xuvg6ntmgxu786uh5vae3dbw61jh__p012.png,4661533238_xuvg6ntmgxu786uh5vae3dbw61jh.pdf,12,pdf,2339,1654,0,0.924,no,0.000,no,no,5467.548,222.377,49.927,-0.000,0.726,no,no,accepted,,5170ac748060aa8870ccf4ab9e045ff2e84a11b022dae6b349ef4f635ce63ccc,0.362505,,keep,,yes
images/4661533238-xuvg6ntmgxu786uh5vae3dbw61jh__p013.png,4661533238_xuvg6ntmgxu786uh5vae3dbw61jh.pdf,13,pdf,2339,1654,0,0.931,no,0.000,no,no,5053.574,223.040,49.231,-0.000,0.726,no,no,accepted,,bd95d6f3004932edd3ca3b575057e36dddd47dd2d5de8903c4c64b7cc5cd350a,0.360241,,keep,,yes
images/4661533238-xuvg6ntmgxu786uh5vae3dbw61jh__p014.png,4661533238_xuvg6ntmgxu786uh5vae3dbw61jh.pdf,14,pdf,2339,1654,0,0.927,no,0.000,no,no,2994.529,226.103,46.888,0.250,0.719,no,no,accepted,,8b0b607a529df1699b4d82243d51332820c9f08b91d696653638c9df49dc4364,0.344286,,keep,,yes
images/4661533238-xuvg6ntmgxu786uh5vae3dbw61jh__p015.png,4661533238_xuvg6ntmgxu786uh5vae3dbw61jh.pdf,15,pdf,2339,1654,0,0.706,no,0.000,no,no,3569.902,225.046,48.146,-0.000,0.764,no,no,accepted,,c0fe2f88bd5119c9ad8d67f4168391af9036115978fb984f5f7c629be6cf2d91,0.347952,,keep,,yes
images/4661533238-xuvg6ntmgxu786uh5vae3dbw61jh__p016.png,4661533238_xuvg6ntmgxu786uh5vae3dbw61jh.pdf,16,pdf,2339,1654,0,0.924,no,0.000,no,no,3364.546,227.839,48.168,0.250,0.734,no,no,accepted,,028fb0cf12ad1a615e0af2693ccd0710eabe479b977171dfef54c4edb46c783d,0.300078,,keep,,yes
images/4661533238-xuvg6ntmgxu786uh5vae3dbw61jh__p017.png,4661533238_xuvg6ntmgxu786uh5vae3dbw61jh.pdf,17,pdf,2339,1654,0,0.928,no,0.000,no,no,2903.296,248.147,23.925,-0.000,0.756,no,no,accepted,,307022d6f3da872aa3cffac2a58686d3293121370371044e0c7c9fd5f2b399a7,0.061756,dup_010,review,exact_duplicate,yes
images/4661533243-v0kzbjz19x10bxcezvanwhipezn5__p001.png,4661533243_v0kzbjz19x10bxcezvanwhipezn5.pdf,1,pdf,1654,2339,0,0.894,no,0.000,no,no,7177.499,220.165,51.982,-0.000,0.951,no,no,accepted,,a44cf04c93ca4cd6376e16c7e14d7c62703f35b7ad53b805913a5c1f4cfc49c7,0.357909,,keep,,yes
images/4661533243-v0kzbjz19x10bxcezvanwhipezn5__p002.png,4661533243_v0kzbjz19x10bxcezvanwhipezn5.pdf,2,pdf,1654,2339,0,0.944,no,0.000,no,no,3453.268,226.292,46.579,-0.000,0.906,no,no,accepted,,eafbf3aee76f4eae1e9077eac43186d49639f682b425004da8f5cf143a0e9647,0.331605,,keep,,yes
images/4661533243-v0kzbjz19x10bxcezvanwhipezn5__p003.png,4661533243_v0kzbjz19x10bxcezvanwhipezn5.pdf,3,pdf,1654,2339,0,0.930,no,0.000,no,no,3606.364,231.523,45.155,-0.000,0.884,no,no,accepted,,3d069254729cf904aea81267d9f064fc3b6403a028f24657ca7029d27b97b212,0.248978,,keep,,yes
images/4661533243-v0kzbjz19x10bxcezvanwhipezn5__p004.png,4661533243_v0kzbjz19x10bxcezvanwhipezn5.pdf,4,pdf,1654,2339,0,0.926,no,0.000,no,no,2895.640,248.157,23.886,-0.000,1.000,no,no,accepted,,8ab8e8dee3525533c9fe41b48217e835e9a7f401ca188eeaab5c30ef7b1bdaa3,0.061714,dup_009,review,exact_duplicate,yes
images/4661533244-qlk6xhr8sa0dpd60pqt3l6lg0esu__p001.png,4661533244_qlk6xhr8sa0dpd60pqt3l6lg0esu.pdf,1,pdf,1654,2339,0,0.846,no,0.000,no,no,3022.109,245.874,30.923,0.250,0.704,no,no,accepted,,40b12a137cf3bcf3160af4e5bec4d0195dc97efcb5adb82d2150ca7908a2b71c,0.101998,,keep,,yes
images/4667953526-cw9dbro5ys079vntpcu4o5hd3g6u__p001.png,4667953526_cw9dbro5ys079vntpcu4o5hd3g6u.pdf,1,pdf,1077,2340,0,0.867,no,1.000,yes,yes,3400.712,220.906,61.381,-0.000,0.816,no,no,corrected,perspective_corrected;cropped,67c49739cf8ae8f73e2867c6f57d2fceb11735e3bafc56d0453f96acc6dcd81f,0.335183,,keep,,yes
images/4667953526-cw9dbro5ys079vntpcu4o5hd3g6u__p002.png,4667953526_cw9dbro5ys079vntpcu4o5hd3g6u.pdf,2,pdf,1656,2342,0,0.923,no,0.794,no,no,2447.498,230.088,53.349,-0.000,0.902,no,no,review,document_contour_uncertain,a9360057c20f6aa29394e361de53e05bc697e7c3925894f98a0117ba898248d1,0.319695,,review,,yes
images/4667953526-cw9dbro5ys079vntpcu4o5hd3g6u__p003.png,4667953526_cw9dbro5ys079vntpcu4o5hd3g6u.pdf,3,pdf,1656,2342,0,0.921,no,0.810,no,no,2337.646,232.852,51.562,-0.000,0.843,no,no,review,document_contour_uncertain,83c1674791a3bfc846cfe53aa16125bdc6235b44a2fbaf4054fdeccc211200a5,0.301320,,review,,yes
images/4667953526-cw9dbro5ys079vntpcu4o5hd3g6u__p004.png,4667953526_cw9dbro5ys079vntpcu4o5hd3g6u.pdf,4,pdf,1656,2342,0,0.256,no,0.000,no,no,606.789,247.245,31.192,-0.250,0.636,no,no,accepted,,1dc97ae720c18a2b3d4ea0fe1f54fdda13f6e3fe96df39c2ef9802cdfc807d2a,0.109960,,keep,,yes
images/4667953526-cw9dbro5ys079vntpcu4o5hd3g6u__p005.png,4667953526_cw9dbro5ys079vntpcu4o5hd3g6u.pdf,5,pdf,1656,2342,0,0.929,no,0.000,no,no,5002.526,226.422,61.572,-0.000,1.000,no,no,accepted,,f8942a19a76a1009312044df98c0cce127503a5779b3c9df6db0981731a1e0f4,0.178024,,keep,,yes
images/4693979771-9wje3u70r9nq3dyoxk43e7vn0uo1__p001.png,4693979771_9wje3u70r9nq3dyoxk43e7vn0uo1.pdf,1,pdf,1654,2339,0,0.934,no,0.000,no,no,6932.105,220.512,51.805,-0.000,0.944,no,no,accepted,,cb6775b12b170e664555ade6b2f01576dc1593333392ed7bf1e1c96d36d0c367,0.355696,,keep,,yes
images/4693979771-9wje3u70r9nq3dyoxk43e7vn0uo1__p002.png,4693979771_9wje3u70r9nq3dyoxk43e7vn0uo1.pdf,2,pdf,1654,2339,0,0.833,no,0.000,no,no,6951.143,220.622,51.607,-0.000,0.962,no,no,accepted,,64eace3c0b7645010c24ada3000fce330a036636823c37dcb63dc043f26a41ce,0.355976,,keep,,yes
images/4693979771-9wje3u70r9nq3dyoxk43e7vn0uo1__p003.png,4693979771_9wje3u70r9nq3dyoxk43e7vn0uo1.pdf,3,pdf,1654,2339,0,0.930,no,0.000,no,no,6906.628,220.621,51.650,-0.000,0.966,no,no,accepted,,7e80d847c45b431b73b3404c7b69689e675ca0a41e60fe67b27709a2d78417ca,0.355491,,keep,,yes
images/4693979771-9wje3u70r9nq3dyoxk43e7vn0uo1__p004.png,4693979771_9wje3u70r9nq3dyoxk43e7vn0uo1.pdf,4,pdf,1654,2339,0,0.907,no,0.000,no,no,6993.065,220.540,51.692,-0.000,0.962,no,no,accepted,,4d26963708baa17b5da288e3572fd43872db3abc6d9c3a2e7997bca61f42e458,0.355966,,keep,,yes
images/4693979771-9wje3u70r9nq3dyoxk43e7vn0uo1__p005.png,4693979771_9wje3u70r9nq3dyoxk43e7vn0uo1.pdf,5,pdf,1654,2339,0,0.917,no,0.000,no,no,6209.792,221.886,50.356,-0.000,0.940,no,no,accepted,,bd07c4a05ecea4caf509b7085429823273973cb10b1dccf1b6dc4327ef8d39c8,0.351880,,keep,,yes
images/4693979771-9wje3u70r9nq3dyoxk43e7vn0uo1__p006.png,4693979771_9wje3u70r9nq3dyoxk43e7vn0uo1.pdf,6,pdf,1654,2339,90,0.570,no,0.637,no,no,1681.296,229.129,43.634,-0.250,0.554,no,no,review,orientation_uncertain;document_contour_uncertain,bda397f7bfa169f46a8c66a7efbab7da9d3098ef50bdc4a9f0811488135ab254,0.319094,,review,,yes
images/4693979771-9wje3u70r9nq3dyoxk43e7vn0uo1__p007.png,4693979771_9wje3u70r9nq3dyoxk43e7vn0uo1.pdf,7,pdf,1654,2339,0,0.940,no,0.000,no,no,3602.535,231.518,45.154,-0.000,0.880,no,no,accepted,,91301cc1fa9f9a1a4b666bd5ec15831645df27655cd0e2c1adb6c001b13bfa2a,0.248961,,keep,,yes
images/4693979771-9wje3u70r9nq3dyoxk43e7vn0uo1__p008.png,4693979771_9wje3u70r9nq3dyoxk43e7vn0uo1.pdf,8,pdf,1654,2339,0,0.926,no,0.000,no,no,2895.640,248.157,23.886,-0.000,1.000,no,no,accepted,,8ab8e8dee3525533c9fe41b48217e835e9a7f401ca188eeaab5c30ef7b1bdaa3,0.061714,dup_009,review,exact_duplicate,yes
images/4693979773-7qv2n1lvvg8xet393762rmidg9e8__p001.png,4693979773_7qv2n1lvvg8xet393762rmidg9e8.pdf,1,pdf,2339,1654,0,0.938,no,0.000,no,no,3019.626,226.303,46.526,0.250,0.794,no,no,accepted,,2894bab9a436a7d7666f68cc971394c280a3c3edfbbe20a7629f45cc78af4327,0.343860,,keep,,yes
images/4693979773-7qv2n1lvvg8xet393762rmidg9e8__p002.png,4693979773_7qv2n1lvvg8xet393762rmidg9e8.pdf,2,pdf,2339,1654,0,0.928,no,0.000,no,no,5129.207,222.810,49.609,-0.000,0.760,no,no,accepted,,7af88f94ee403c16c18109e44c5ab134dab54de76b4fa70c27c04c4ebd23889a,0.360288,,keep,,yes
images/4693979773-7qv2n1lvvg8xet393762rmidg9e8__p003.png,4693979773_7qv2n1lvvg8xet393762rmidg9e8.pdf,3,pdf,2339,1654,0,0.924,no,0.000,no,no,5067.272,223.006,49.435,-0.000,0.760,no,no,accepted,,540db61922867a49cf3fd449c22b49024b02400f3ca9a7adb769db3cd683e8df,0.359344,,keep,,yes
images/4693979773-7qv2n1lvvg8xet393762rmidg9e8__p004.png,4693979773_7qv2n1lvvg8xet393762rmidg9e8.pdf,4,pdf,2339,1654,0,0.922,no,0.000,no,no,5583.136,222.186,50.041,-0.000,0.764,no,no,accepted,,10d72d646d2da841eb2e51b3d34c2d36ee38d069cdd44dd794a42715aafc03a9,0.363627,,keep,,yes
images/4693979773-7qv2n1lvvg8xet393762rmidg9e8__p005.png,4693979773_7qv2n1lvvg8xet393762rmidg9e8.pdf,5,pdf,2339,1654,0,0.926,no,0.000,no,no,5502.958,222.359,49.911,-0.000,0.738,no,no,accepted,,5239ea88676529bd0e73c5648278b120dd318239fe40aa7ae44803ad2caa5434,0.362845,,keep,,yes
images/4693979773-7qv2n1lvvg8xet393762rmidg9e8__p006.png,4693979773_7qv2n1lvvg8xet393762rmidg9e8.pdf,6,pdf,2339,1654,0,0.923,no,0.000,no,no,5270.038,222.699,49.678,-0.000,0.730,no,no,accepted,,1f20823b4245f63f6eb59d4b097984690d2cd8a232a3d64c946c6c3986cb88a9,0.360889,,keep,,yes
images/4693979773-7qv2n1lvvg8xet393762rmidg9e8__p007.png,4693979773_7qv2n1lvvg8xet393762rmidg9e8.pdf,7,pdf,2339,1654,0,0.925,no,0.000,no,no,5528.873,222.284,50.016,-0.000,0.745,no,no,accepted,,97ce506c12ff99125e5f0fed5f0e3927db978ea3b1fd77f12e631a79d104f336,0.362985,,keep,,yes
images/4693979773-7qv2n1lvvg8xet393762rmidg9e8__p008.png,4693979773_7qv2n1lvvg8xet393762rmidg9e8.pdf,8,pdf,2339,1654,0,0.926,no,0.000,no,no,5359.679,222.488,49.855,-0.000,0.734,no,no,accepted,,7cdc8a8c9bfc993398d24f07887d7a9b1468eb62f52e8c9f9467be5740ef9d6d,0.361991,,keep,,yes
images/4693979773-7qv2n1lvvg8xet393762rmidg9e8__p009.png,4693979773_7qv2n1lvvg8xet393762rmidg9e8.pdf,9,pdf,2339,1654,0,0.925,no,0.000,no,no,5383.136,222.510,49.811,-0.000,0.753,no,no,accepted,,620788425a0c917958404f836bbe06b5b59776d62ff0973d67d32947a12e26b2,0.361914,,keep,,yes
images/4693979773-7qv2n1lvvg8xet393762rmidg9e8__p010.png,4693979773_7qv2n1lvvg8xet393762rmidg9e8.pdf,10,pdf,2339,1654,0,0.925,no,0.000,no,no,5521.763,222.305,49.960,-0.000,0.738,no,no,accepted,,5feafcbf7d8640decad6bd24702b90d8d69c33abd8c1ce2d88ecca17d22fe1ba,0.363033,,keep,,yes
images/4693979773-7qv2n1lvvg8xet393762rmidg9e8__p011.png,4693979773_7qv2n1lvvg8xet393762rmidg9e8.pdf,11,pdf,2339,1654,0,0.918,no,0.000,no,no,5344.621,222.582,49.743,-0.000,0.745,no,no,accepted,,f15a92820d6b7f12b94e9e37e714285025712ca9539e7e77ed2b5d873d044eb8,0.361661,,keep,,yes
images/4693979773-7qv2n1lvvg8xet393762rmidg9e8__p012.png,4693979773_7qv2n1lvvg8xet393762rmidg9e8.pdf,12,pdf,2339,1654,0,0.927,no,0.000,no,no,5355.250,222.575,49.553,-0.000,0.745,no,no,accepted,,da23e33f2249897590f85278a00027c177fb3242b14db23258157ac91692e76e,0.362846,,keep,,yes
images/4693979773-7qv2n1lvvg8xet393762rmidg9e8__p013.png,4693979773_7qv2n1lvvg8xet393762rmidg9e8.pdf,13,pdf,2339,1654,0,0.928,no,0.000,no,no,2983.278,226.155,46.882,-0.000,0.779,no,no,accepted,,3e829e83d6fb9538e2ab11451afb41df7734c70f5d130ad59aa97fa13c03a0ca,0.344082,,keep,,yes
images/4693979773-7qv2n1lvvg8xet393762rmidg9e8__p014.png,4693979773_7qv2n1lvvg8xet393762rmidg9e8.pdf,14,pdf,2339,1654,0,0.892,no,0.000,no,no,3569.071,225.048,48.136,-0.000,0.775,no,no,accepted,,815d8951e297ef89b63ee4c782dd4ce7bc27c473cc9017e708af09573a0aa90f,0.347954,,keep,,yes
images/4693979773-7qv2n1lvvg8xet393762rmidg9e8__p015.png,4693979773_7qv2n1lvvg8xet393762rmidg9e8.pdf,15,pdf,2339,1654,0,0.908,no,0.000,no,no,3362.941,227.838,48.172,0.250,0.730,no,no,accepted,,71898ee21a399f337a928895ceaef58e9bf0cd15b5b9e9be61b48f30f1149b4e,0.300092,,keep,,yes
images/4693979773-7qv2n1lvvg8xet393762rmidg9e8__p016.png,4693979773_7qv2n1lvvg8xet393762rmidg9e8.pdf,16,pdf,2339,1654,0,0.928,no,0.000,no,no,2903.296,248.147,23.925,-0.000,0.756,no,no,accepted,,307022d6f3da872aa3cffac2a58686d3293121370371044e0c7c9fd5f2b399a7,0.061756,dup_010,review,exact_duplicate,yes
images/4693979774-xg152sly76lisqds9euwdvj4se6s__p001.png,4693979774_xg152sly76lisqds9euwdvj4se6s.pdf,1,pdf,1654,2339,0,0.539,no,0.000,no,no,7085.586,220.255,51.922,-0.000,0.944,no,no,accepted,,18d177c869c13d15065e84d8961e910995cddc7435aa7ef576e2d3bdad978821,0.357307,,keep,,yes
images/4693979774-xg152sly76lisqds9euwdvj4se6s__p002.png,4693979774_xg152sly76lisqds9euwdvj4se6s.pdf,2,pdf,1654,2339,0,0.934,no,0.000,no,no,3451.557,226.310,46.501,-0.000,0.902,no,no,accepted,,1c63ca304d7f203aed3454e47b838c6bfc4d230a7009f9e56c738bb1c55c7a9f,0.331879,,keep,,yes
images/4693979774-xg152sly76lisqds9euwdvj4se6s__p003.png,4693979774_xg152sly76lisqds9euwdvj4se6s.pdf,3,pdf,1654,2339,0,0.913,no,0.000,no,no,3606.533,231.538,45.134,-0.000,0.884,no,no,accepted,,2724c42456431c29f66b6952d3cb43122702d8d43c21eb776eec372c26cb5402,0.248901,,keep,,yes
images/4693979774-xg152sly76lisqds9euwdvj4se6s__p004.png,4693979774_xg152sly76lisqds9euwdvj4se6s.pdf,4,pdf,1654,2339,0,0.926,no,0.000,no,no,2895.640,248.157,23.886,-0.000,1.000,no,no,accepted,,8ab8e8dee3525533c9fe41b48217e835e9a7f401ca188eeaab5c30ef7b1bdaa3,0.061714,dup_009,review,exact_duplicate,yes
images/4747777904-4u9dwq4gt49tevpjkgopnzh2tm2c__p001.png,4747777904_4u9dwq4gt49tevpjkgopnzh2tm2c.pdf,1,pdf,1654,2339,0,0.928,no,0.000,no,no,6124.824,243.507,42.489,-0.000,0.730,no,no,accepted,,0253452476a11b42116dac317e67b9ffa05608182c1ef429ac59f0ea6874187b,0.063800,,keep,,yes
images/4748021971-jvc5i3ictzjo03i00p56kvr6gu7v__p001.png,4748021971_jvc5i3ictzjo03i00p56kvr6gu7v.pdf,1,pdf,1653,2339,0,0.926,no,0.000,no,no,1807.089,250.047,27.289,-0.000,0.640,no,no,review,overexposed,5d792dca4107f9e6211f1a13f98d6adad3eaee7b26aad718c155f30814303a84,0.061277,,review,,yes
images/4748021971-jvc5i3ictzjo03i00p56kvr6gu7v__p002.png,4748021971_jvc5i3ictzjo03i00p56kvr6gu7v.pdf,2,pdf,1684,2361,0,0.923,no,0.000,no,no,5563.196,246.381,34.271,0.750,0.843,yes,no,corrected,deskewed,61f8b427eb84de2ebc9e1c6a58b95957ff0f053a5eea6a4147ab6ebc3f8e672d,0.082441,,keep,,yes
images/4748021971-jvc5i3ictzjo03i00p56kvr6gu7v__p003.png,4748021971_jvc5i3ictzjo03i00p56kvr6gu7v.pdf,3,pdf,1694,2368,0,0.895,no,0.000,no,no,6113.643,246.687,34.568,1.000,0.861,yes,no,corrected,deskewed,53a9a2b1248a5320a234e14b86de0b1350f2b6d1682fe744aa814f0840c1584b,0.051207,,keep,,yes
images/4748021971-jvc5i3ictzjo03i00p56kvr6gu7v__p004.png,4748021971_jvc5i3ictzjo03i00p56kvr6gu7v.pdf,4,pdf,1694,2368,0,0.924,no,0.000,no,no,6055.857,246.734,34.498,1.000,0.850,yes,no,corrected,deskewed,fe6f5057fad6993576af4d971231534d8c1d82c12034d1981b9a2e011fef8e33,0.050843,,keep,,yes
images/4748021971-jvc5i3ictzjo03i00p56kvr6gu7v__p005.png,4748021971_jvc5i3ictzjo03i00p56kvr6gu7v.pdf,5,pdf,1684,2361,0,0.918,no,0.000,no,no,6253.163,246.523,34.932,0.750,0.902,yes,no,corrected,deskewed,8aeeaea0caa139e8a28abe4df1dafa338018ec30f58c4867e1ca04a5388f31c5,0.052639,,keep,,yes
images/4748021971-jvc5i3ictzjo03i00p56kvr6gu7v__p006.png,4748021971_jvc5i3ictzjo03i00p56kvr6gu7v.pdf,6,pdf,1694,2368,0,0.925,no,0.000,no,no,6031.868,246.729,34.489,1.000,0.839,yes,no,corrected,deskewed,e18c217953a75205ac162615634c7b9b48f72e37e28fc5f1793d6689134cd632,0.050901,,keep,,yes
images/4748021971-jvc5i3ictzjo03i00p56kvr6gu7v__p007.png,4748021971_jvc5i3ictzjo03i00p56kvr6gu7v.pdf,7,pdf,1689,2364,0,0.898,no,0.000,no,no,6042.441,246.834,34.396,0.875,0.951,yes,no,corrected,deskewed,3bd639cf8f95851038612abd97098f4c44298bbeb85ba3f6e38b1f80a7d7f62d,0.050355,,keep,,yes
images/4748021971-jvc5i3ictzjo03i00p56kvr6gu7v__p008.png,4748021971_jvc5i3ictzjo03i00p56kvr6gu7v.pdf,8,pdf,1684,2361,0,0.927,no,0.000,no,no,6101.432,246.670,34.636,0.750,0.884,yes,no,corrected,deskewed,0dc3ccf89fcc2445d7d60d44b7bd8bb2cc667f54afa3e3a8440738f013accc18,0.051813,,keep,,yes
images/4748021971-jvc5i3ictzjo03i00p56kvr6gu7v__p009.png,4748021971_jvc5i3ictzjo03i00p56kvr6gu7v.pdf,9,pdf,1694,2368,0,0.862,no,0.000,no,no,6038.425,246.819,34.422,1.000,0.876,yes,no,corrected,deskewed,069667cc314fcc79a7f5dcf8b73d4419707ee3695a85f1b84cdadfb3e7b81ace,0.050327,,keep,,yes
images/4748021971-jvc5i3ictzjo03i00p56kvr6gu7v__p010.png,4748021971_jvc5i3ictzjo03i00p56kvr6gu7v.pdf,10,pdf,1653,2339,0,0.922,no,0.000,no,no,1292.210,253.117,17.204,-0.250,0.527,no,yes,review,contrast_enhanced;overexposed,e672a196a5044fcd79ed6042ff8a85a8b84bfd9a4b5a771ac7b176ddd72e9885,0.010547,,review,,yes
images/4748021973-1vkdqw6hcuy7f5c7xw5lvqkbgxk9__p001.png,4748021973_1vkdqw6hcuy7f5c7xw5lvqkbgxk9.pdf,1,pdf,1653,2339,0,0.927,no,0.000,no,no,2730.694,243.752,41.958,-0.000,0.700,no,no,accepted,,760733732d504c47c61673259ff88761d33397b724068f9bb0d2686928770097,0.067206,,keep,,yes
images/4748021973-1vkdqw6hcuy7f5c7xw5lvqkbgxk9__p002.png,4748021973_1vkdqw6hcuy7f5c7xw5lvqkbgxk9.pdf,2,pdf,1653,2339,0,0.926,no,0.000,no,no,1698.587,248.929,28.369,-0.000,0.700,no,no,accepted,,e4eeac1300110a1993f442e31d4478ed5265d0e0916d9e917da26fa72307ac3b,0.041946,,keep,,yes
images/4748021973-1vkdqw6hcuy7f5c7xw5lvqkbgxk9__p003.png,4748021973_1vkdqw6hcuy7f5c7xw5lvqkbgxk9.pdf,3,pdf,1653,2339,0,0.928,no,0.000,no,no,5323.325,240.162,44.023,-0.000,0.865,no,no,accepted,,26a95e1679506dce5a1db22f5933a9405b158f80584b12b25bf108f255f27d95,0.096428,dup_008,review,exact_duplicate,yes
images/4748021974-o1it32ge9al5qy75n414hkx1eoa5__p001.png,4748021974_o1it32ge9al5qy75n414hkx1eoa5.pdf,1,pdf,1653,2339,0,0.925,no,0.000,no,no,1792.195,250.054,27.294,-0.000,0.636,no,no,review,overexposed,b1f7ef189dc4d955f2bd1cd8a88a5614a37df5a7bb3d75cef5f1fa6b818d3d94,0.061188,,review,,yes
images/4748021974-o1it32ge9al5qy75n414hkx1eoa5__p002.png,4748021974_o1it32ge9al5qy75n414hkx1eoa5.pdf,2,pdf,1684,2361,0,0.878,no,0.000,no,no,5501.296,246.420,34.263,0.750,0.850,yes,no,corrected,deskewed,27af55f02ff34b6b60826250852d98e5d56ebe6b252d48fa84230098b9067463,0.082170,,keep,,yes
images/4748021974-o1it32ge9al5qy75n414hkx1eoa5__p003.png,4748021974_o1it32ge9al5qy75n414hkx1eoa5.pdf,3,pdf,1694,2368,0,0.850,no,0.000,no,no,6075.125,246.670,34.641,1.000,0.846,yes,no,corrected,deskewed,45f0b840dccdc86d6b89db91dd5670e0a2d67cb7dac24fb22cb7150b0b53e025,0.051106,,keep,,yes
images/4748021974-o1it32ge9al5qy75n414hkx1eoa5__p004.png,4748021974_o1it32ge9al5qy75n414hkx1eoa5.pdf,4,pdf,1694,2368,0,0.924,no,0.000,no,no,6009.527,246.763,34.486,1.000,0.850,yes,no,corrected,deskewed,3f2f8a8650695a82bee808f9fb42dc575e3704df532cae7a0cd34d8961438fb9,0.050560,,keep,,yes
images/4748021974-o1it32ge9al5qy75n414hkx1eoa5__p005.png,4748021974_o1it32ge9al5qy75n414hkx1eoa5.pdf,5,pdf,1684,2361,0,0.912,no,0.000,no,no,6221.316,246.496,34.947,0.750,0.910,yes,no,corrected,deskewed,fe164582bee1a2e8acbb2820670e38ad6fe173bf1e0f7f9a7d6d71b512d5c6f3,0.052688,,keep,,yes
images/4748021974-o1it32ge9al5qy75n414hkx1eoa5__p006.png,4748021974_o1it32ge9al5qy75n414hkx1eoa5.pdf,6,pdf,1694,2368,0,0.823,no,0.000,no,no,6065.826,246.757,34.454,1.000,0.843,yes,no,corrected,deskewed,899e978e932232e7a705ff0488ef1156d26c7a900ddd69a00d37fa6ebfb0aec5,0.050589,,keep,,yes
images/4748021974-o1it32ge9al5qy75n414hkx1eoa5__p007.png,4748021974_o1it32ge9al5qy75n414hkx1eoa5.pdf,7,pdf,1694,2368,0,0.907,no,0.000,no,no,6098.739,246.742,34.526,1.000,0.861,yes,no,corrected,deskewed,3d9ef148a97a5f26f8af9cddf6c1818c2de0ee736bc1d0de84a14b226139c545,0.050730,,keep,,yes
images/4748021974-o1it32ge9al5qy75n414hkx1eoa5__p008.png,4748021974_o1it32ge9al5qy75n414hkx1eoa5.pdf,8,pdf,1653,2339,0,0.925,no,0.000,no,no,1845.738,252.352,20.247,-0.000,0.614,no,yes,review,contrast_enhanced;overexposed,dd24ddaeb472d3992b46899c161dc787b3b1712d416a86c23b29a1a2b3233823,0.014827,,review,,yes
images/4748021975-d93hgv1kt55708i5tfscl0hs5rk1__p001.png,4748021975_d93hgv1kt55708i5tfscl0hs5rk1.pdf,1,pdf,1654,2339,0,0.878,no,0.000,no,no,5174.829,245.794,36.095,-0.000,0.786,no,no,accepted,,e1faa7736c66feebb540a65eb76e8f3dcd741ab01bfb7b0e6267bb7176fad33e,0.052494,,keep,,yes
images/4748021979-eo1tkgz4iexo0y6n5z72o2ed6xyr__p001.png,4748021979_eo1tkgz4iexo0y6n5z72o2ed6xyr.pdf,1,pdf,1654,2339,0,0.921,no,0.000,no,no,5060.885,242.401,34.667,-0.000,0.861,no,no,accepted,,d9746e21bd87739608b082686dc3c4dfc67f28874c197d0062873dc5282bfa86,0.177397,,keep,,yes
images/4748021979-eo1tkgz4iexo0y6n5z72o2ed6xyr__p002.png,4748021979_eo1tkgz4iexo0y6n5z72o2ed6xyr.pdf,2,pdf,1654,2339,0,0.923,no,0.000,no,no,6642.931,245.106,35.561,-0.000,0.884,no,no,accepted,,64025e219f07cff6ae73fff7da75a88b6cb45a582f4d0e6381bbf392b2b2bb3c,0.059789,,keep,,yes
images/4748021979-eo1tkgz4iexo0y6n5z72o2ed6xyr__p003.png,4748021979_eo1tkgz4iexo0y6n5z72o2ed6xyr.pdf,3,pdf,1655,2339,0,0.924,no,0.000,no,no,9739.905,235.395,40.764,-0.000,0.951,no,no,accepted,,893054793534b24e3406cf9b769e7a5ba0b5eced7d39df32dcb2bc62a57a46bf,0.145793,dup_011,review,exact_duplicate,yes
images/4748021979-eo1tkgz4iexo0y6n5z72o2ed6xyr__p004.png,4748021979_eo1tkgz4iexo0y6n5z72o2ed6xyr.pdf,4,pdf,1655,2339,0,0.925,no,0.000,no,no,10087.894,234.729,41.853,-0.000,0.962,no,no,accepted,,12f1f421b4151fde8688851ca89b3d372484cb9c4c93a3d5165259ad2032df6d,0.149402,dup_012,review,exact_duplicate,yes
images/4748021979-eo1tkgz4iexo0y6n5z72o2ed6xyr__p005.png,4748021979_eo1tkgz4iexo0y6n5z72o2ed6xyr.pdf,5,pdf,1655,2339,0,0.925,no,0.000,no,no,10167.702,234.651,41.242,-0.000,0.970,no,no,accepted,,025533ad69aff62a6bd4fb48fedabe68c602a0b215f93014eeafc689371942ab,0.151681,dup_013,review,exact_duplicate,yes
images/4748021979-eo1tkgz4iexo0y6n5z72o2ed6xyr__p006.png,4748021979_eo1tkgz4iexo0y6n5z72o2ed6xyr.pdf,6,pdf,1655,2339,0,0.923,no,0.000,no,no,7505.012,239.801,38.013,-0.000,0.865,no,no,accepted,,59cb4db04def854b32fa3c1b8d8e4c6a8a7668ae2b68e6b286976b57ba217420,0.111271,dup_014,review,exact_duplicate,yes
images/4748021979-eo1tkgz4iexo0y6n5z72o2ed6xyr__p007.png,4748021979_eo1tkgz4iexo0y6n5z72o2ed6xyr.pdf,7,pdf,1655,2339,0,0.926,no,0.000,no,no,4434.226,245.559,32.101,-0.000,0.734,no,no,accepted,,7bb880529b451c489a6f4ee008045d911d1e7ed830f5df9998bc9e91b3a84ac7,0.066601,dup_015,review,exact_duplicate,yes
images/4748021980-80sxp7n7zzfbtmrosfgnr6v7lurr__p001.png,4748021980_80sxp7n7zzfbtmrosfgnr6v7lurr.pdf,1,pdf,1653,2339,0,0.925,no,0.000,no,no,2971.479,249.208,28.156,-0.000,0.693,no,no,accepted,,d296d6195bb269649c1f64d24393234866d746537b73cfb4f9a828aba7aa96c7,0.037511,,keep,,yes
images/4748021981-gq8ukt2lt8o5y18czoxqzj0g0giv__p001.png,4748021981_gq8ukt2lt8o5y18czoxqzj0g0giv.pdf,1,pdf,1653,2339,0,0.924,no,0.000,no,no,2948.076,249.244,28.068,-0.000,0.670,no,no,accepted,,c47fef8c4707fa4623341e708a19d49bb04463f87d6f5e58c1228b285cbd3b5d,0.037311,,keep,,yes
images/4748021983-i2owpvfkhps0lzw559xmxtesy5x0__p001.png,4748021983_i2owpvfkhps0lzw559xmxtesy5x0.pdf,1,pdf,6012,9212,0,0.901,no,0.000,no,no,3361.898,245.049,36.143,0.125,0.760,no,no,accepted,,cb88bd30086c01b4c4b6f5460eb723577fb9b5a7b9e2a0174718acc137d09f92,0.076299,,keep,,yes
images/4748021984-pnr58rmme4o6r018gvzhgty22qij__p001.png,4748021984_pnr58rmme4o6r018gvzhgty22qij.pdf,1,pdf,1654,2339,0,0.921,no,0.000,no,no,5056.637,242.411,34.656,-0.000,0.872,no,no,accepted,,99e9000528e091f0444e26df2f091256c70e599e591708d7a7423d28abdbb275,0.177307,,keep,,yes
images/4748021984-pnr58rmme4o6r018gvzhgty22qij__p002.png,4748021984_pnr58rmme4o6r018gvzhgty22qij.pdf,2,pdf,1654,2339,0,0.921,no,0.000,no,no,6931.650,244.632,36.243,-0.000,0.895,no,no,accepted,,58302272a518fb47377158408ee42c1dae46c5d822bfe8d77dadc5dd5e7774da,0.062757,,keep,,yes
images/4748021984-pnr58rmme4o6r018gvzhgty22qij__p003.png,4748021984_pnr58rmme4o6r018gvzhgty22qij.pdf,3,pdf,1655,2339,0,0.924,no,0.000,no,no,9739.905,235.395,40.764,-0.000,0.951,no,no,accepted,,893054793534b24e3406cf9b769e7a5ba0b5eced7d39df32dcb2bc62a57a46bf,0.145793,dup_011,review,exact_duplicate,yes
images/4748021984-pnr58rmme4o6r018gvzhgty22qij__p004.png,4748021984_pnr58rmme4o6r018gvzhgty22qij.pdf,4,pdf,1655,2339,0,0.925,no,0.000,no,no,10087.894,234.729,41.853,-0.000,0.962,no,no,accepted,,12f1f421b4151fde8688851ca89b3d372484cb9c4c93a3d5165259ad2032df6d,0.149402,dup_012,review,exact_duplicate,yes
images/4748021984-pnr58rmme4o6r018gvzhgty22qij__p005.png,4748021984_pnr58rmme4o6r018gvzhgty22qij.pdf,5,pdf,1655,2339,0,0.925,no,0.000,no,no,10167.702,234.651,41.242,-0.000,0.970,no,no,accepted,,025533ad69aff62a6bd4fb48fedabe68c602a0b215f93014eeafc689371942ab,0.151681,dup_013,review,exact_duplicate,yes
images/4748021984-pnr58rmme4o6r018gvzhgty22qij__p006.png,4748021984_pnr58rmme4o6r018gvzhgty22qij.pdf,6,pdf,1655,2339,0,0.923,no,0.000,no,no,7505.012,239.801,38.013,-0.000,0.865,no,no,accepted,,59cb4db04def854b32fa3c1b8d8e4c6a8a7668ae2b68e6b286976b57ba217420,0.111271,dup_014,review,exact_duplicate,yes
images/4748021984-pnr58rmme4o6r018gvzhgty22qij__p007.png,4748021984_pnr58rmme4o6r018gvzhgty22qij.pdf,7,pdf,1655,2339,0,0.926,no,0.000,no,no,4434.226,245.559,32.101,-0.000,0.734,no,no,accepted,,7bb880529b451c489a6f4ee008045d911d1e7ed830f5df9998bc9e91b3a84ac7,0.066601,dup_015,review,exact_duplicate,yes
images/4748021985-y2wg4x5o5ff7vttxylo62rblggtm__p001.png,4748021985_y2wg4x5o5ff7vttxylo62rblggtm.pdf,1,pdf,1654,2339,0,0.926,no,0.000,no,no,4995.781,242.511,34.492,-0.000,0.839,no,no,accepted,,c8e6a2d2e16af2efbe0ed648ca195093854bd5318d3b6c3850c48e4b61b40733,0.176709,,keep,,yes
images/4748021985-y2wg4x5o5ff7vttxylo62rblggtm__p002.png,4748021985_y2wg4x5o5ff7vttxylo62rblggtm.pdf,2,pdf,1654,2339,0,0.924,no,0.000,no,no,6895.330,244.795,36.054,-0.000,0.887,no,no,accepted,,1a6641774b9ead4f16b350047278fe05f44734d16f8155cee712e4132221d743,0.061801,,keep,,yes
images/4748021985-y2wg4x5o5ff7vttxylo62rblggtm__p003.png,4748021985_y2wg4x5o5ff7vttxylo62rblggtm.pdf,3,pdf,1655,2339,0,0.924,no,0.000,no,no,9739.905,235.395,40.764,-0.000,0.951,no,no,accepted,,893054793534b24e3406cf9b769e7a5ba0b5eced7d39df32dcb2bc62a57a46bf,0.145793,dup_011,review,exact_duplicate,yes
images/4748021985-y2wg4x5o5ff7vttxylo62rblggtm__p004.png,4748021985_y2wg4x5o5ff7vttxylo62rblggtm.pdf,4,pdf,1655,2339,0,0.925,no,0.000,no,no,10087.894,234.729,41.853,-0.000,0.962,no,no,accepted,,12f1f421b4151fde8688851ca89b3d372484cb9c4c93a3d5165259ad2032df6d,0.149402,dup_012,review,exact_duplicate,yes
images/4748021985-y2wg4x5o5ff7vttxylo62rblggtm__p005.png,4748021985_y2wg4x5o5ff7vttxylo62rblggtm.pdf,5,pdf,1655,2339,0,0.925,no,0.000,no,no,10167.702,234.651,41.242,-0.000,0.970,no,no,accepted,,025533ad69aff62a6bd4fb48fedabe68c602a0b215f93014eeafc689371942ab,0.151681,dup_013,review,exact_duplicate,yes
images/4748021985-y2wg4x5o5ff7vttxylo62rblggtm__p006.png,4748021985_y2wg4x5o5ff7vttxylo62rblggtm.pdf,6,pdf,1655,2339,0,0.923,no,0.000,no,no,7505.012,239.801,38.013,-0.000,0.865,no,no,accepted,,59cb4db04def854b32fa3c1b8d8e4c6a8a7668ae2b68e6b286976b57ba217420,0.111271,dup_014,review,exact_duplicate,yes
images/4748021985-y2wg4x5o5ff7vttxylo62rblggtm__p007.png,4748021985_y2wg4x5o5ff7vttxylo62rblggtm.pdf,7,pdf,1655,2339,0,0.926,no,0.000,no,no,4434.226,245.559,32.101,-0.000,0.734,no,no,accepted,,7bb880529b451c489a6f4ee008045d911d1e7ed830f5df9998bc9e91b3a84ac7,0.066601,dup_015,review,exact_duplicate,yes
images/4748021986-qz734oaep68aowydiv5fd2w022tf__p001.png,4748021986_qz734oaep68aowydiv5fd2w022tf.pdf,1,pdf,1654,2339,0,0.921,no,0.000,no,no,5103.109,242.376,34.741,-0.000,0.865,no,no,accepted,,8fa6a0f27ef34728dea0f59b50b1a4af7ef8b3b118edc1e2650b03a5efdebfc2,0.177483,,keep,,yes
images/4748021986-qz734oaep68aowydiv5fd2w022tf__p002.png,4748021986_qz734oaep68aowydiv5fd2w022tf.pdf,2,pdf,1654,2339,0,0.921,no,0.000,no,no,6899.697,244.744,36.111,-0.000,0.899,no,no,accepted,,92c56e9441093e320f965bb93228d2acc83907594441bdc3f435b28e231e5eb2,0.062083,,keep,,yes
images/4748021986-qz734oaep68aowydiv5fd2w022tf__p003.png,4748021986_qz734oaep68aowydiv5fd2w022tf.pdf,3,pdf,1655,2339,0,0.924,no,0.000,no,no,9739.905,235.395,40.764,-0.000,0.951,no,no,accepted,,893054793534b24e3406cf9b769e7a5ba0b5eced7d39df32dcb2bc62a57a46bf,0.145793,dup_011,review,exact_duplicate,yes
images/4748021986-qz734oaep68aowydiv5fd2w022tf__p004.png,4748021986_qz734oaep68aowydiv5fd2w022tf.pdf,4,pdf,1655,2339,0,0.925,no,0.000,no,no,10087.894,234.729,41.853,-0.000,0.962,no,no,accepted,,12f1f421b4151fde8688851ca89b3d372484cb9c4c93a3d5165259ad2032df6d,0.149402,dup_012,review,exact_duplicate,yes
images/4748021986-qz734oaep68aowydiv5fd2w022tf__p005.png,4748021986_qz734oaep68aowydiv5fd2w022tf.pdf,5,pdf,1655,2339,0,0.925,no,0.000,no,no,10167.702,234.651,41.242,-0.000,0.970,no,no,accepted,,025533ad69aff62a6bd4fb48fedabe68c602a0b215f93014eeafc689371942ab,0.151681,dup_013,review,exact_duplicate,yes
images/4748021986-qz734oaep68aowydiv5fd2w022tf__p006.png,4748021986_qz734oaep68aowydiv5fd2w022tf.pdf,6,pdf,1655,2339,0,0.923,no,0.000,no,no,7505.012,239.801,38.013,-0.000,0.865,no,no,accepted,,59cb4db04def854b32fa3c1b8d8e4c6a8a7668ae2b68e6b286976b57ba217420,0.111271,dup_014,review,exact_duplicate,yes
images/4748021986-qz734oaep68aowydiv5fd2w022tf__p007.png,4748021986_qz734oaep68aowydiv5fd2w022tf.pdf,7,pdf,1655,2339,0,0.926,no,0.000,no,no,4434.226,245.559,32.101,-0.000,0.734,no,no,accepted,,7bb880529b451c489a6f4ee008045d911d1e7ed830f5df9998bc9e91b3a84ac7,0.066601,dup_015,review,exact_duplicate,yes
images/4748021987-zw8yj32cwpsbeu5weajsewial0o9__p001.png,4748021987_zw8yj32cwpsbeu5weajsewial0o9.pdf,1,pdf,1654,2339,0,0.924,no,0.000,no,no,5100.886,242.372,34.731,-0.000,0.835,no,no,accepted,,f7e9af12107e493667d4d2b2bdbc1786b7cc9dd038c27e2f84458f3edcbf8e39,0.177530,,keep,,yes
images/4748021987-zw8yj32cwpsbeu5weajsewial0o9__p002.png,4748021987_zw8yj32cwpsbeu5weajsewial0o9.pdf,2,pdf,1654,2339,0,0.925,no,0.000,no,no,5390.774,246.804,32.688,-0.000,0.884,no,no,accepted,,6507efe2c91ce0a2e85bc6f23f777b9365c6c5e1ca2b660174004810e89375c1,0.049742,,keep,,yes
images/4748021987-zw8yj32cwpsbeu5weajsewial0o9__p003.png,4748021987_zw8yj32cwpsbeu5weajsewial0o9.pdf,3,pdf,1655,2339,0,0.924,no,0.000,no,no,9739.905,235.395,40.764,-0.000,0.951,no,no,accepted,,893054793534b24e3406cf9b769e7a5ba0b5eced7d39df32dcb2bc62a57a46bf,0.145793,dup_011,review,exact_duplicate,yes
images/4748021987-zw8yj32cwpsbeu5weajsewial0o9__p004.png,4748021987_zw8yj32cwpsbeu5weajsewial0o9.pdf,4,pdf,1655,2339,0,0.925,no,0.000,no,no,10087.894,234.729,41.853,-0.000,0.962,no,no,accepted,,12f1f421b4151fde8688851ca89b3d372484cb9c4c93a3d5165259ad2032df6d,0.149402,dup_012,review,exact_duplicate,yes
images/4748021987-zw8yj32cwpsbeu5weajsewial0o9__p005.png,4748021987_zw8yj32cwpsbeu5weajsewial0o9.pdf,5,pdf,1655,2339,0,0.925,no,0.000,no,no,10167.702,234.651,41.242,-0.000,0.970,no,no,accepted,,025533ad69aff62a6bd4fb48fedabe68c602a0b215f93014eeafc689371942ab,0.151681,dup_013,review,exact_duplicate,yes
images/4748021987-zw8yj32cwpsbeu5weajsewial0o9__p006.png,4748021987_zw8yj32cwpsbeu5weajsewial0o9.pdf,6,pdf,1655,2339,0,0.923,no,0.000,no,no,7505.012,239.801,38.013,-0.000,0.865,no,no,accepted,,59cb4db04def854b32fa3c1b8d8e4c6a8a7668ae2b68e6b286976b57ba217420,0.111271,dup_014,review,exact_duplicate,yes
images/4748021987-zw8yj32cwpsbeu5weajsewial0o9__p007.png,4748021987_zw8yj32cwpsbeu5weajsewial0o9.pdf,7,pdf,1655,2339,0,0.926,no,0.000,no,no,4434.226,245.559,32.101,-0.000,0.734,no,no,accepted,,7bb880529b451c489a6f4ee008045d911d1e7ed830f5df9998bc9e91b3a84ac7,0.066601,dup_015,review,exact_duplicate,yes
images/4748021988-lwm2nqf830xi76hmzu61hkev1j11__p001.png,4748021988_lwm2nqf830xi76hmzu61hkev1j11.pdf,1,pdf,6023,9212,0,0.925,no,0.000,no,no,2609.815,245.380,31.269,-0.250,0.681,no,no,accepted,,2c60112a8416f39b0e8d1f8f9284df12b5510dbd491b6b448c444d238a48fff0,0.097948,,keep,,yes
images/4748021990-nqxks82chrk4leprkwde77o8a39o__p001.png,4748021990_nqxks82chrk4leprkwde77o8a39o.pdf,1,pdf,6100,9212,0,0.926,no,0.000,no,no,3436.020,243.490,36.690,-0.000,0.708,no,no,accepted,,f158f51c830989f0030db7a64c58d53e82f121cf00044708e2fd73f27a53a82a,0.100815,,keep,,yes
images/4748021991-kxolh7job8xmu3t2vvuxlshkdzg3__p001.png,4748021991_kxolh7job8xmu3t2vvuxlshkdzg3.pdf,1,pdf,1654,2339,0,0.923,no,0.000,no,no,4864.738,242.651,34.255,-0.000,0.820,no,no,accepted,,e965cbb019cb999119eac102438c1dba6b0b2c7d224bcf17a2089bc84d8bdc21,0.175859,,keep,,yes
images/4748021991-kxolh7job8xmu3t2vvuxlshkdzg3__p002.png,4748021991_kxolh7job8xmu3t2vvuxlshkdzg3.pdf,2,pdf,1654,2339,0,0.922,no,0.000,no,no,4795.814,247.772,30.829,-0.000,0.884,no,no,accepted,,e0539b6a2069552f83c391dae39f8130d8cd2d6d32fd8868035f476d21a0fa01,0.044084,,keep,,yes
images/4748021991-kxolh7job8xmu3t2vvuxlshkdzg3__p003.png,4748021991_kxolh7job8xmu3t2vvuxlshkdzg3.pdf,3,pdf,1654,2339,0,0.927,no,0.000,no,no,3680.542,249.157,28.092,-0.000,0.809,no,no,accepted,,256bc945de8ff2ee6120a39d94f35880614946e771ef16e36406e3437de535b1,0.035601,,keep,,yes
images/4748021991-kxolh7job8xmu3t2vvuxlshkdzg3__p004.png,4748021991_kxolh7job8xmu3t2vvuxlshkdzg3.pdf,4,pdf,1655,2339,0,0.924,no,0.000,no,no,9739.905,235.395,40.764,-0.000,0.951,no,no,accepted,,893054793534b24e3406cf9b769e7a5ba0b5eced7d39df32dcb2bc62a57a46bf,0.145793,dup_011,review,exact_duplicate,yes
images/4748021991-kxolh7job8xmu3t2vvuxlshkdzg3__p005.png,4748021991_kxolh7job8xmu3t2vvuxlshkdzg3.pdf,5,pdf,1655,2339,0,0.925,no,0.000,no,no,10087.894,234.729,41.853,-0.000,0.962,no,no,accepted,,12f1f421b4151fde8688851ca89b3d372484cb9c4c93a3d5165259ad2032df6d,0.149402,dup_012,review,exact_duplicate,yes
images/4748021991-kxolh7job8xmu3t2vvuxlshkdzg3__p006.png,4748021991_kxolh7job8xmu3t2vvuxlshkdzg3.pdf,6,pdf,1655,2339,0,0.925,no,0.000,no,no,10167.702,234.651,41.242,-0.000,0.970,no,no,accepted,,025533ad69aff62a6bd4fb48fedabe68c602a0b215f93014eeafc689371942ab,0.151681,dup_013,review,exact_duplicate,yes
images/4748021991-kxolh7job8xmu3t2vvuxlshkdzg3__p007.png,4748021991_kxolh7job8xmu3t2vvuxlshkdzg3.pdf,7,pdf,1655,2339,0,0.923,no,0.000,no,no,7505.012,239.801,38.013,-0.000,0.865,no,no,accepted,,59cb4db04def854b32fa3c1b8d8e4c6a8a7668ae2b68e6b286976b57ba217420,0.111271,dup_014,review,exact_duplicate,yes
images/4748021991-kxolh7job8xmu3t2vvuxlshkdzg3__p008.png,4748021991_kxolh7job8xmu3t2vvuxlshkdzg3.pdf,8,pdf,1655,2339,0,0.926,no,0.000,no,no,4434.226,245.559,32.101,-0.000,0.734,no,no,accepted,,7bb880529b451c489a6f4ee008045d911d1e7ed830f5df9998bc9e91b3a84ac7,0.066601,dup_015,review,exact_duplicate,yes
images/4748033352-8x35rvgmsqj63nb9jaqmrmumb2oq__p001.png,4748033352_8x35rvgmsqj63nb9jaqmrmumb2oq.pdf,1,pdf,1653,2339,0,0.922,no,0.000,no,no,6619.002,242.183,43.753,-0.000,0.812,no,no,accepted,,1ff9f4f10c5a6dd5d9425d4d7c8d64818cc18987bb7263803ae0d75a9b3ccae3,0.086353,,keep,,yes
images/4748033352-8x35rvgmsqj63nb9jaqmrmumb2oq__p002.png,4748033352_8x35rvgmsqj63nb9jaqmrmumb2oq.pdf,2,pdf,1653,2339,0,0.746,no,0.000,no,no,2572.746,248.452,30.861,-0.250,0.633,no,no,accepted,,34bb0cb001f311d7dd807c4064f127371731217e88be2c468f6431c52f63ab74,0.061933,,keep,,yes
images/4748033353-sy0vbv8h164k4132ixinergykh4g__p001.png,4748033353_sy0vbv8h164k4132ixinergykh4g.pdf,1,pdf,1653,2339,0,0.921,no,0.000,no,no,5851.339,243.453,41.739,-0.000,0.775,no,no,accepted,,913b4bed3e84220ec174da655def2d48c8468e8bba0d211ed478bd98493f1b25,0.079823,,keep,,yes
images/4748033353-sy0vbv8h164k4132ixinergykh4g__p002.png,4748033353_sy0vbv8h164k4132ixinergykh4g.pdf,2,pdf,1653,2339,0,0.710,no,0.000,no,no,2565.674,248.472,30.796,-0.250,0.644,no,no,accepted,,6ddff60f5df7e7d8097f584e1c7c4672b62f8b81b6e94cee0ded56df54069c53,0.061867,,keep,,yes
images/4748033355-qbbiut5402d3m2099tbbl92pqrvj__p001.png,4748033355_qbbiut5402d3m2099tbbl92pqrvj.pdf,1,pdf,1653,2339,0,0.918,no,0.000,no,no,6019.122,243.147,42.241,-0.000,0.767,no,no,accepted,,c6a14ca198997ba8dca1d819933c437b365ab7cc4f130c46b55116d4f80b97dc,0.081009,,keep,,yes
images/4748033355-qbbiut5402d3m2099tbbl92pqrvj__p002.png,4748033355_qbbiut5402d3m2099tbbl92pqrvj.pdf,2,pdf,1653,2339,180,0.754,no,0.000,no,no,2574.117,248.447,30.878,-0.250,0.636,no,no,review,orientation_uncertain,dc2cb7dceb51d2c43b3b9758533015908e658f895b3869af62892e9afc52622c,0.061926,,review,,yes
images/4748033358-yl78mqzlne1xf5miwlpnhgvqmhrq__p001.png,4748033358_yl78mqzlne1xf5miwlpnhgvqmhrq.pdf,1,pdf,1653,2339,0,0.921,no,0.000,no,no,5683.459,243.725,41.175,-0.000,0.719,no,no,accepted,,8d565b4d46356c0d7b5b3d1ed5368eef5d5dacd662c966c76514ac2052f1bb2e,0.078468,,keep,,yes
images/4748033358-yl78mqzlne1xf5miwlpnhgvqmhrq__p002.png,4748033358_yl78mqzlne1xf5miwlpnhgvqmhrq.pdf,2,pdf,1653,2339,180,0.886,yes,0.000,no,no,2572.270,248.459,30.841,-0.250,0.621,no,no,corrected,rotated_180,0847dfc681b3c9e58e07d65916ed774e3230e188491ccf6cac7c2978c06bd01b,0.061900,,keep,,yes
images/4748033359-zxqdpw59w2yn5ah1sdgffgq0yt34__p001.png,4748033359_zxqdpw59w2yn5ah1sdgffgq0yt34.pdf,1,pdf,1653,2339,0,0.926,no,0.000,no,no,6016.974,241.934,43.937,-0.000,0.745,no,no,accepted,,cd8fe691d9742cc3274569a41b26fd39d8bb75d14fdcb72bd617bf29bdcff5f2,0.097570,,keep,,yes
images/4748033360-ei543nu46brvur87hln1u3v7szqo__p001.png,4748033360_ei543nu46brvur87hln1u3v7szqo.pdf,1,pdf,1653,2339,0,0.914,no,0.000,no,no,5611.037,243.881,40.962,-0.000,0.696,no,no,accepted,,6388d3cdf01034da58c6c7f280a9b02c064bb3975946fa1b30af9ebcac37c237,0.077236,,keep,,yes
images/4748033360-ei543nu46brvur87hln1u3v7szqo__p002.png,4748033360_ei543nu46brvur87hln1u3v7szqo.pdf,2,pdf,1653,2339,180,0.830,no,0.000,no,no,2580.506,248.443,30.885,-0.250,0.644,no,no,review,orientation_uncertain,9d423088e7c13a8a52325bb920a069c38b669fc9c618b2f662415212349c3d3f,0.061995,,review,,yes
images/4786965431-3qu9cf70q4s4s2wq56u3zp6mfdrp.png,4786965431_3qu9cf70q4s4s2wq56u3zp6mfdrp.jpeg,1,image,2749,3657,0,0.923,no,0.978,yes,yes,1973.302,138.004,24.519,-0.250,0.753,no,no,corrected,perspective_corrected;cropped,4533225a810c72c4a373a9405c6d3db9fb89516124c43b21fb3e0f36a9a0c621,1.000000,,keep,,yes
images/4786972767-jgqjlhlldq8an4ylp00obvv6jino__p001.png,4786972767_jgqjlhlldq8an4ylp00obvv6jino.pdf,1,pdf,2382,1715,270,0.926,yes,0.000,no,no,1090.358,150.755,62.892,-1.500,0.655,yes,no,corrected,rotated_270;deskewed,c59c5b12e9b1fd2444c99301f01c6aad9ce97cb4c235b79996617cf0989617b6,0.778105,,keep,,yes
images/4786972767-jgqjlhlldq8an4ylp00obvv6jino__p002.png,4786972767_jgqjlhlldq8an4ylp00obvv6jino.pdf,2,pdf,2339,1654,270,0.918,yes,0.000,no,no,831.489,148.602,62.259,-2.500,0.475,no,no,review,rotated_270;skew_uncertain,0372ad833390a16fb84a2dcf21dc7f51cea1c8ffcbe3143413cbb9c4b489495c,0.820786,,review,,yes
images/5-1-invoice-39__p001.png,5-1  invoice (39).pdf,1,pdf,1654,2339,0,0.917,no,0.000,no,no,2881.938,246.814,32.042,-0.000,0.839,no,no,accepted,,6b1a5aa55490b0e203bb13368a7d89a6fc5f518a9797b2b205016d03e26e0657,0.097388,,keep,,yes
images/5-1-invoice-39__p002.png,5-1  invoice (39).pdf,2,pdf,1654,2339,0,0.256,no,0.000,no,no,394.404,251.646,23.463,-0.125,0.453,no,no,review,overexposed,4ad492a7fc2f1d1b1c941d79039aaa977144b2a7d70c24e57063fc1b77046dbc,0.021218,,review,,yes
images/5012734403-dskm5t4n4yhz43ijiu0hi0x0ksvh__p001.png,5012734403_dskm5t4n4yhz43ijiu0hi0x0ksvh.pdf,1,pdf,1674,2354,0,0.924,no,0.000,no,no,4293.401,237.815,45.836,-0.500,0.730,yes,no,corrected,deskewed,20ba24aaf43b5bcf07d577dca0bdb7477740f9b58b1e30dec85dcbb6b89a191a,0.173722,,keep,,yes
images/5012734403-dskm5t4n4yhz43ijiu0hi0x0ksvh__p002.png,5012734403_dskm5t4n4yhz43ijiu0hi0x0ksvh.pdf,2,pdf,1653,2339,0,0.903,no,0.000,no,no,1493.725,250.828,23.475,0.250,0.576,no,no,review,overexposed,8f6caaa5385c7c0c20576b8e6cfbb1e6b0d6d43e52ffdb4d04e36877a10b100a,0.034336,,review,,yes
images/5012734426-ms9z8e6f0960v2t8t6fs6sxf6qz2__p001.png,5012734426_ms9z8e6f0960v2t8t6fs6sxf6qz2.pdf,1,pdf,1653,2339,0,0.925,no,0.000,no,no,4347.953,237.708,45.871,-0.250,0.801,no,no,accepted,,bd0afbc8552c99c24d2be9b8014ec59a8e495dad0595116dfb7be23a14f0b9b9,0.184186,,keep,,yes
images/5012734426-ms9z8e6f0960v2t8t6fs6sxf6qz2__p002.png,5012734426_ms9z8e6f0960v2t8t6fs6sxf6qz2.pdf,2,pdf,1653,2339,0,0.869,no,0.000,no,no,1486.381,250.802,23.621,-0.000,0.554,no,no,review,overexposed,74a0490c17dce055fd44c5f358c5cfa9f28c54af284bc418197f81c98fa3b01f,0.034380,,review,,yes
images/5012734462-n2zr6lnc9do9z29hs1nmlfq9x0z8__p001.png,5012734462_n2zr6lnc9do9z29hs1nmlfq9x0z8.pdf,1,pdf,1674,2354,0,0.923,no,0.000,no,no,5207.720,239.602,44.467,-0.500,0.734,yes,no,corrected,deskewed,29afc26ebc7c0990e9be85de428739be965d49198dddd3bb0dc656050593fd7f,0.127630,,keep,,yes
images/5012734462-n2zr6lnc9do9z29hs1nmlfq9x0z8__p002.png,5012734462_n2zr6lnc9do9z29hs1nmlfq9x0z8.pdf,2,pdf,1653,2339,270,0.438,no,0.000,no,no,2560.341,247.098,32.057,-0.250,0.576,no,no,review,orientation_uncertain,d0a2b2922958d4c288808f702cafb4a4492e96d9622a7fec8087803493c5779c,0.078569,,review,,yes
images/5012734469-p9rwxpkg52h34nk1l4wcbrs401lw__p001.png,5012734469_p9rwxpkg52h34nk1l4wcbrs401lw.pdf,1,pdf,1653,2339,0,0.925,no,0.000,no,no,2327.559,243.903,33.351,-0.250,0.730,no,no,accepted,,663de1850b871688269a1977f5287f58871c9c2f76858a4617f8b82de1d86b59,0.134204,,keep,,yes
images/5012734469-p9rwxpkg52h34nk1l4wcbrs401lw__p002.png,5012734469_p9rwxpkg52h34nk1l4wcbrs401lw.pdf,2,pdf,1653,2339,0,0.927,no,0.000,no,no,2504.277,245.394,29.140,-0.250,0.835,no,no,accepted,,b342e42048c828bc77dcc8d652a9cb4f584c6c6d2ce24a1e500184385eeb3bec,0.114552,,keep,,yes
images/5012734471-sprn4xvvlzzjvpawudf6qgojfo9r__p001.png,5012734471_sprn4xvvlzzjvpawudf6qgojfo9r.pdf,1,pdf,1684,2361,0,0.922,no,0.000,no,no,5756.279,238.780,41.866,-0.750,0.985,yes,no,corrected,deskewed,780d99d8685c664f650b75b3e99dde0ebdd11d2fce284b65981481f8c1e68d14,0.154944,,keep,,yes
images/5012734471-sprn4xvvlzzjvpawudf6qgojfo9r__p002.png,5012734471_sprn4xvvlzzjvpawudf6qgojfo9r.pdf,2,pdf,1684,2361,0,0.778,no,0.000,no,no,4533.343,242.690,39.744,-0.750,0.753,yes,no,corrected,deskewed,2b02005c979c2dfcdbf56feba6be27dc920d3408b5e5d7884b7da5112dfed225,0.094017,,keep,,yes
images/5012734627-0vbm43iy5kyiciqtq61w1a2hov3l__p001.png,5012734627_0vbm43iy5kyiciqtq61w1a2hov3l.pdf,1,pdf,1674,2354,0,0.912,no,0.000,no,no,4130.942,242.374,39.096,-0.500,0.693,yes,no,corrected,deskewed,14fb84c848d218e3112b39685775a95efdc18d6fae304353d35460910e79f1ef,0.131572,,keep,,yes
images/5012734647-j5260scm7cctoublkzjiyw74o9se__p001.png,5012734647_j5260scm7cctoublkzjiyw74o9se.pdf,1,pdf,1653,2339,0,0.923,no,0.000,no,no,4793.246,240.279,39.226,-0.000,0.786,no,no,accepted,,23c3cd057ab37478e1523f179871ddb471139218a8bbff198fdddb24e7f7f052,0.133612,,keep,,yes
images/5012734647-j5260scm7cctoublkzjiyw74o9se__p002.png,5012734647_j5260scm7cctoublkzjiyw74o9se.pdf,2,pdf,1674,2354,0,0.920,no,0.000,no,no,5207.505,238.775,39.936,-0.500,0.779,yes,no,corrected,deskewed,d75d06887bc825043a24c6227266550768b6de876c6f787ccb985383cc949001,0.148885,,keep,,yes
images/5012734647-j5260scm7cctoublkzjiyw74o9se__p003.png,5012734647_j5260scm7cctoublkzjiyw74o9se.pdf,3,pdf,1653,2339,0,0.923,no,0.000,no,no,4286.788,241.585,37.650,-0.250,0.839,no,no,accepted,,572262a1943d5d8bd602c8720ee08e4f6c8a7b49a06f194a78ed0b6b9a8d8172,0.121740,,keep,,yes
images/5012734649-2xwbhefasyavo966nsobev99fzay__p001.png,5012734649_2xwbhefasyavo966nsobev99fzay.pdf,1,pdf,1653,2339,0,0.924,no,0.000,no,no,1041.056,243.715,30.177,-0.000,0.805,no,no,accepted,,f09d4c0c86b5af45d7a0c981b212fc73557749481fea07729f8bda11e9261114,0.128015,,keep,,yes
images/5012734749-kg6k4ikowbeap8bnuwi31gws1hr8__p001.png,5012734749_kg6k4ikowbeap8bnuwi31gws1hr8.pdf,1,pdf,1653,2339,0,0.876,no,0.000,no,no,2907.462,243.565,34.523,-0.250,0.753,no,no,accepted,,def072cebaa1a1360712625893d28b49deefe5ae2f11a08ff6be617ba95f884a,0.158323,,keep,,yes
images/5012734751-j4zz75m5w1t30ydm3qorgclxmesi__p001.png,5012734751_j4zz75m5w1t30ydm3qorgclxmesi.pdf,1,pdf,1653,2339,0,0.913,no,0.000,no,no,5958.726,239.481,43.189,-0.250,0.805,no,no,accepted,,da5618c90040faa14cead83b733932147d4ea4355ebcc72ef3441f9b6a5e5996,0.124778,,keep,,yes
images/5012734751-j4zz75m5w1t30ydm3qorgclxmesi__p002.png,5012734751_j4zz75m5w1t30ydm3qorgclxmesi.pdf,2,pdf,1674,2354,0,0.922,no,0.000,no,no,6975.514,237.040,45.631,-0.500,0.756,yes,no,corrected,deskewed,f434665c0fd636bc9f6370e188216d10a609186afe1d08e5e9ccac7e0cf595ac,0.143559,,keep,,yes
images/5012734751-j4zz75m5w1t30ydm3qorgclxmesi__p003.png,5012734751_j4zz75m5w1t30ydm3qorgclxmesi.pdf,3,pdf,1653,2339,0,0.924,no,0.000,no,no,6284.853,238.475,44.104,-0.250,0.771,no,no,accepted,,7a1375c49cec40a5bc72208257683958cac7572b69b5ead401fd542a898838aa,0.133540,,keep,,yes
images/5012734751-j4zz75m5w1t30ydm3qorgclxmesi__p004.png,5012734751_j4zz75m5w1t30ydm3qorgclxmesi.pdf,4,pdf,1653,2339,0,0.926,no,0.000,no,no,6488.653,238.072,44.581,-0.250,0.850,no,no,accepted,,0c0fc695140f2151e1699b65f1f827d6837690606aebd0a8aec022a14d6fb975,0.137457,,keep,,yes
images/5012734751-j4zz75m5w1t30ydm3qorgclxmesi__p005.png,5012734751_j4zz75m5w1t30ydm3qorgclxmesi.pdf,5,pdf,1653,2339,0,0.927,no,0.000,no,no,4542.328,241.677,39.852,-0.250,0.925,no,no,accepted,,4b1d0b4708009728af810eeb4bad598ff19ea580b8dfc236bee906c177519ae1,0.110095,,keep,,yes
images/5012734752-120s51nbf6ibzqz7dg36touja6yx__p001.png,5012734752_120s51nbf6ibzqz7dg36touja6yx.pdf,1,pdf,1653,2339,0,0.926,no,0.000,no,no,1422.770,250.515,24.967,0.250,0.794,no,no,review,overexposed,382968f408b8f3bb27c2684eee5e5a0fd9a41ca332bf35c1774c35a797847c61,0.035941,,review,,yes
images/5041972238-dyjlbimx5lc9gmdiexarvgf000n9__p001.png,5041972238_dyjlbimx5lc9gmdiexarvgf000n9.pdf,1,pdf,1654,2339,0,0.927,no,0.000,no,no,3885.298,236.937,50.456,-0.000,0.730,no,no,accepted,,4a33bdf23237fd318d4642d04613d6249501f2c5e795b415155a246020f834b9,0.101268,,keep,,yes
images/5087968533-14snkqtdprhpvioo4gie2nt7nkzx__p001.png,5087968533_14snkqtdprhpvioo4gie2nt7nkzx.pdf,1,pdf,1653,2339,0,0.926,no,0.000,no,no,2258.853,249.442,28.436,-0.000,0.696,no,no,accepted,,3c8989d5df4b3c55f719b23704824e4b1036990f1cd27dbb69cfcf5c036192c5,0.065866,,keep,,yes
images/5087968533-14snkqtdprhpvioo4gie2nt7nkzx__p002.png,5087968533_14snkqtdprhpvioo4gie2nt7nkzx.pdf,2,pdf,1653,2339,0,0.927,no,0.000,no,no,956.549,251.985,19.638,-0.000,0.546,no,yes,review,contrast_enhanced;overexposed,7d8db82596e476a60f33ae2a5d351c1a86b2e687924877550326dd4b4ef115eb,0.072677,,review,,yes
images/5087968533-14snkqtdprhpvioo4gie2nt7nkzx__p003.png,5087968533_14snkqtdprhpvioo4gie2nt7nkzx.pdf,3,pdf,1694,2368,0,0.923,no,0.000,no,no,5552.230,246.631,34.085,1.000,0.797,yes,no,corrected,deskewed,d2caca134b8709aa518cbf4d2f3524f319b13bf5e9cbc8cc6f9e4983807407a0,0.077411,,keep,,yes
images/5087968533-14snkqtdprhpvioo4gie2nt7nkzx__p004.png,5087968533_14snkqtdprhpvioo4gie2nt7nkzx.pdf,4,pdf,1684,2361,0,0.923,no,0.000,no,no,6228.636,246.530,34.952,0.750,0.895,yes,no,corrected,deskewed,432968190f7a74fb3a8d55b551fe0b24fa1816a067d18ee510ce2a5fcf71f9bb,0.052400,,keep,,yes
images/5087968533-14snkqtdprhpvioo4gie2nt7nkzx__p005.png,5087968533_14snkqtdprhpvioo4gie2nt7nkzx.pdf,5,pdf,1653,2339,0,0.912,no,0.000,no,no,3786.464,249.743,28.087,0.500,0.689,no,no,accepted,,4e5aa53258add8b92ea03d45b7c99a93abd7e3f2248147927a91fbd12e08de67,0.029590,,keep,,yes
images/5087968533-14snkqtdprhpvioo4gie2nt7nkzx__p006.png,5087968533_14snkqtdprhpvioo4gie2nt7nkzx.pdf,6,pdf,1653,2339,0,0.925,no,0.000,no,no,1472.620,252.088,20.005,-0.250,0.561,no,yes,review,contrast_enhanced;overexposed,dd7bba5ae4c0e50cd109e7cf2d4ad446c9994b70a43bbd0e4b8c741763c80d2a,0.044632,,review,,yes
images/5087968534-hdn6xcttqjq51m2k08ravqy6voi6__p001.png,5087968534_hdn6xcttqjq51m2k08ravqy6voi6.pdf,1,pdf,1653,2339,0,0.923,no,0.000,no,no,2253.361,249.455,28.416,-0.000,0.689,no,no,accepted,,75da51cc4f181298fb0d4c1dd0021efbebbe7245257e720ddc0d60d7c70224bb,0.065792,,keep,,yes
images/5087968534-hdn6xcttqjq51m2k08ravqy6voi6__p002.png,5087968534_hdn6xcttqjq51m2k08ravqy6voi6.pdf,2,pdf,1653,2339,0,0.928,no,0.000,no,no,953.989,251.987,19.629,-0.000,0.546,no,yes,review,contrast_enhanced;overexposed,aed55bd5a31683b9d34bbe4b5bf84c606a795a6f3fa8b08c93a5a10e190ca49a,0.072659,,review,,yes
images/5087968534-hdn6xcttqjq51m2k08ravqy6voi6__p003.png,5087968534_hdn6xcttqjq51m2k08ravqy6voi6.pdf,3,pdf,1689,2364,0,0.834,no,0.000,no,no,5476.995,246.729,33.922,0.875,0.936,yes,no,corrected,deskewed,da287fcc6fa5d8074781b015db0f55046a31cc2d4cb1dfef05e9422b15ef49fb,0.077255,,keep,,yes
images/5087968534-hdn6xcttqjq51m2k08ravqy6voi6__p004.png,5087968534_hdn6xcttqjq51m2k08ravqy6voi6.pdf,4,pdf,1694,2368,0,0.909,no,0.000,no,no,6210.710,246.596,34.850,1.000,0.865,yes,no,corrected,deskewed,0774b62a070cfc56f0a77c297fbc2eadad5613168104178931494af55f3e894e,0.051453,,keep,,yes
images/5087968534-hdn6xcttqjq51m2k08ravqy6voi6__p005.png,5087968534_hdn6xcttqjq51m2k08ravqy6voi6.pdf,5,pdf,1684,2361,0,0.919,no,0.000,no,no,6085.021,246.756,34.524,0.750,0.880,yes,no,corrected,deskewed,489251505475b789386f50946cb59f20ae0fadabfca4991a5ceabd14106fedb4,0.050984,,keep,,yes
images/5087968534-hdn6xcttqjq51m2k08ravqy6voi6__p006.png,5087968534_hdn6xcttqjq51m2k08ravqy6voi6.pdf,6,pdf,1653,2339,0,0.923,no,0.000,no,no,2660.641,250.418,25.697,-0.000,0.636,no,no,review,overexposed,babc25b3df6f87ecd952b9454290efc6cd9ffc7448d5b4129bc390d872e08070,0.053149,,review,,yes
images/6-1-ici-ton-pneu-14-01-2026__p001.png,6-1  ICI TON PNEU 14 01 2026.pdf,1,pdf,1654,2339,0,0.904,no,0.000,no,no,1689.950,249.958,26.302,-0.000,0.659,no,no,accepted,,166a182fbfd76337d790922d5ee1c9bd9fe09f0e39e3850c5410d4709dc9af1b,0.054422,,keep,,yes
images/7-1-ici-ton-pneu-20-01-2026__p001.png,7-1  ici ton pneu 20 01 2026.pdf,1,pdf,1654,2339,0,0.910,no,0.000,no,no,1709.416,249.954,26.312,-0.000,0.666,no,no,accepted,,a25d33a0000eb1f1b5fe6a315e5396e9bf063e78d9477dfe9ff1572b0d1afc55,0.054439,,keep,,yes
images/8-1-ici-ton-pneu-21-01-2026__p001.png,8-1  ICI TON PNEU 21 01 2026.pdf,1,pdf,1654,2339,0,0.898,no,0.000,no,no,1707.939,249.954,26.311,-0.000,0.647,no,no,accepted,,deeac83febe1e7c54f946a88a8341363172161c3380b111f87336e994538cb6b,0.054452,,keep,,yes
images/9-1-ici-ton-pneu-27-01-2026__p001.png,9-1  ICI TON PNEU 27 01 2026.pdf,1,pdf,1654,2339,0,0.907,no,0.000,no,no,1710.562,249.948,26.312,-0.000,0.655,no,no,accepted,,e271a918db49fe45a4d8626a0baedc923045a80e0878501443b3262e8210e5d2,0.054483,,keep,,yes
images/achats-p1-a-3-06-25-ok__p001.png,Achats P1 à 3   06-25 ok.pdf,1,pdf,460,1312,0,0.923,no,0.000,no,no,805.761,234.030,40.932,-0.000,0.771,no,no,accepted,,c559f25b48d4e0f972ab345e107df9487865b43e4ee08b84391a3a6813b9c07a,0.273093,,keep,,yes
images/achats-p1-a-3-06-25-ok__p002.png,Achats P1 à 3   06-25 ok.pdf,2,pdf,1656,2342,0,0.926,no,0.000,no,no,1961.350,233.104,47.817,0.250,0.797,no,no,accepted,,0c152a4b79183f95d62571237c3255002ddd676df3d260fccc1b26ecd582483c,0.218493,,keep,,yes
images/achats-p1-a-3-06-25-ok__p003.png,Achats P1 à 3   06-25 ok.pdf,3,pdf,1652,2346,0,0.897,no,0.000,no,no,3449.379,241.857,35.280,-0.000,0.809,no,no,accepted,,7304587dfd3efa380e8623185f2ba49f4efdf7c459ac2a4703409ede76f4d4bf,0.132789,,keep,,yes
images/achats-p1-a-3-06-25-ok__p004.png,Achats P1 à 3   06-25 ok.pdf,4,pdf,1648,2346,0,0.923,no,0.000,no,no,3801.737,242.090,35.943,-0.000,0.797,no,no,accepted,,2551cc6a5f020a29f57ad839f3fd9194cb8651c0ccad193fc76bcd6639b9bed7,0.124195,,keep,,yes
images/amazon-fr-commande-406-3261031-5533958__p001.png,Amazon.fr - Commande 406-3261031-5533958.pdf,1,pdf,1700,2200,0,0.910,no,0.000,no,no,4060.104,246.862,35.983,-0.000,0.726,no,no,accepted,,afbb55dd12d48cd5e35876c0dc897f01a31fb80b44f6bdfe09949dac37e564b7,0.046564,,keep,,yes
images/amazon-fr-commande-407-1058311-7664329__p001.png,Amazon.fr - Commande 407-1058311-7664329.pdf,1,pdf,1700,2200,0,0.933,no,0.000,no,no,3799.078,247.285,35.157,-0.000,0.790,no,no,accepted,,5390c2b3df1561c65d9e93f050c024dbc36c134f9bfbc42ec3af81559b0d187d,0.044403,,keep,,yes
images/amazon-16__p001.png,amazon_16.pdf,1,pdf,1654,2339,0,0.925,no,0.000,no,no,2830.649,247.033,31.701,-0.000,0.782,no,no,accepted,,1733a9ece423e0ba36859a09fafb3ca0bcb9649b9e0156c7fad3ff539b6e51f0,0.103621,,keep,,yes
images/amazon-16__p002.png,amazon_16.pdf,2,pdf,1654,2339,0,0.256,no,0.000,no,no,229.105,252.150,22.790,0.750,0.400,no,no,review,overexposed;skew_uncertain,fe118dd18c0bf2ad4b450b163c6f58ea1ab6a21def6fc32818a967c62c6c4e34,0.015932,,review,,yes
images/amazon-2__p001.png,amazon_2.pdf,1,pdf,1654,2339,0,0.923,no,0.000,no,no,2939.710,248.831,25.186,-0.000,0.816,no,no,accepted,,d2a64659550f18998109e9765a412c8b4d7443488e3f5fdd978e2aef7dfa0fbd,0.093649,,keep,,yes
images/amazon-24__p001.png,amazon_24.pdf,1,pdf,1654,2339,0,0.913,no,0.000,no,no,2916.234,246.242,32.838,-0.000,0.839,no,no,accepted,,0a3bc6e96af79e2bcb1f0fbae260569be4e0cc8702f1c860fbe47264225e063d,0.105731,,keep,,yes
images/amazon-24__p002.png,amazon_24.pdf,2,pdf,1654,2339,0,0.256,no,0.000,no,no,547.683,251.194,25.121,-0.000,0.542,no,no,review,overexposed,ea5f08928e0baa92b05fa375001ed1d0e9b8d444441674fdae9c7fd1f224a8aa,0.023997,,review,,yes
images/amazon-374__p001.png,amazon_374.pdf,1,pdf,1654,2339,0,0.921,no,0.000,no,no,3026.940,246.335,33.100,-0.000,0.835,no,no,accepted,,bc1d314184469f1604d83e84becba91e82fecc96fe82fe187810dfc6416a06ee,0.105824,,keep,,yes
images/amazon-fr50005__p001.png,AMAZON_FR50005.pdf,1,pdf,1654,2339,0,0.923,no,0.000,no,no,2731.508,247.514,29.344,-0.000,0.738,no,no,accepted,,b626a92578f3f227693a30d410cf593cf1ffc42aff1e0357ba942fceb38281bf,0.100454,,keep,,yes
images/amazon-fr501kr__p001.png,AMAZON_FR501KR.pdf,1,pdf,1654,2339,0,0.922,no,0.000,no,no,2702.058,246.742,33.843,-0.000,0.734,no,no,accepted,,225f1c391e0307d14bdae3fe7a904d1c5f2e2191e60847626ded41a938c813a7,0.047673,,keep,,yes
images/amazon-fr501kr__p002.png,AMAZON_FR501KR.pdf,2,pdf,1654,2339,0,0.256,no,0.000,no,no,262.034,251.611,26.239,0.250,0.415,no,no,review,overexposed,1c379477a3e2e9ca9ef714ccfa6f8d15c576839f14fc2bec6ddc3083da8001ba,0.017943,,review,,yes
images/avoir-g7-access-2543700611__p001.png,AVOIR_G7_ACCESS_2543700611.pdf,1,pdf,1654,2339,0,0.930,no,0.000,no,no,4183.545,246.830,35.457,-0.000,0.734,no,no,accepted,,5afa1d5bf6d92e7d06ee9b1d62cf4b029140e672816c4f298a535726b150d318,0.050146,,keep,,yes
images/cdiscount-414985012-29__p001.png,CDiscount_414985012_29.pdf,1,pdf,1653,2339,0,0.919,no,0.000,no,no,3597.111,247.919,29.849,-0.000,0.689,no,no,accepted,,507482cec24c9442011123a669333209b3f2ebe2283bfb37e32da77d7df5f5b3,0.089600,,keep,,yes
images/d-facture-2-25__p001.png,D facture 2-25.pdf,1,pdf,1653,2339,0,0.925,no,0.000,no,no,2434.271,244.483,40.976,-0.000,0.700,no,no,accepted,,2be8a3d0c946f20b26d652b2fd30d67fe935db1ae99897382d7372cc54580732,0.062131,,keep,,yes
images/d-facture-2-25__p002.png,D facture 2-25.pdf,2,pdf,1653,2339,0,0.926,no,0.000,no,no,2189.098,248.064,30.330,-0.000,0.681,no,no,accepted,,4e5713f1a367d6ea15a47a22de3d3db5cc5903e4ae6c1b75e555c1d6b3912afc,0.047382,,keep,,yes
images/d-facture-2-25__p003.png,D facture 2-25.pdf,3,pdf,1653,2339,0,0.924,no,0.000,no,no,2396.776,248.896,28.388,-0.250,0.584,no,no,accepted,,fec2b8132b97c6fe68603e0c1cb3985c095981ef61b76b1fde624f2c377ff140,0.040584,,keep,,yes
images/d-facture-2-25__p004.png,D facture 2-25.pdf,4,pdf,1653,2339,0,0.928,no,0.000,no,no,5323.325,240.162,44.023,-0.000,0.865,no,no,accepted,,26a95e1679506dce5a1db22f5933a9405b158f80584b12b25bf108f255f27d95,0.096428,dup_008,review,exact_duplicate,yes
images/d-facture-6-25__p001.png,D facture 6-25.pdf,1,pdf,1653,2339,0,0.923,no,0.000,no,no,2414.507,244.511,40.887,-0.000,0.715,no,no,accepted,,54e7f776c81703dc3ad853b0ef41cae0a583c62a86f771fd387fff0c1560fed3,0.062069,,keep,,yes
images/d-facture-6-25__p002.png,D facture 6-25.pdf,2,pdf,1653,2339,0,0.924,no,0.000,no,no,2090.790,248.210,30.058,-0.000,0.730,no,no,accepted,,c71bb0ecdd9dbaca82641a93bf1384adf3232dff1271dd714835c527b2f6fd07,0.046113,,keep,,yes
images/d-facture-6-25__p003.png,D facture 6-25.pdf,3,pdf,1653,2339,0,0.929,no,0.000,no,no,3151.988,247.733,30.559,-0.000,0.681,no,no,accepted,,7a975e8461320f4e93b84fba1240a495c0094f3740c110fd4e13fb11b28f67c8,0.048432,,keep,,yes
images/d-facture-6-25__p004.png,D facture 6-25.pdf,4,pdf,1653,2339,0,0.928,no,0.000,no,no,5323.325,240.162,44.023,-0.000,0.865,no,no,accepted,,26a95e1679506dce5a1db22f5933a9405b158f80584b12b25bf108f255f27d95,0.096428,dup_008,review,exact_duplicate,yes
images/devis-alu-cerdagne-capcir-residence-la-pradella-n11019-appart-016__p001.png,Devis ALU CERDAGNE CAPCIR - RÉSIDENCE LA PRADELLA n°11019 - Appart 016.pdf,1,pdf,1654,2339,0,0.920,no,0.000,no,no,4156.723,235.798,50.739,-0.000,0.869,no,no,accepted,,a5b6fa26657031bed5b32246027985b236cb841ff9ee38e448188be80e5eb900,0.132327,,keep,,yes
images/doublon-20250226151000__p001.png,DOUBLON  20250226151000.pdf,1,pdf,1654,2338,0,0.927,no,0.000,no,no,4514.155,244.659,35.757,-0.000,0.805,no,no,accepted,,f0d0fdca9ea07a55221777f3cc9fd8081a38a7ced5a920b5400e4f109addf917,0.087992,dup_018,review,exact_duplicate,yes
images/e496989e-2320-4837-acd5-6e9cb31da03b__p001.png,e496989e-2320-4837-acd5-6e9cb31da03b.pdf,1,pdf,1654,2339,0,0.926,no,0.000,no,no,1943.409,249.520,27.941,-0.000,0.749,no,no,accepted,,e9a7602962df329b841d6032915677ae1ea7d2af6a185be272a36af130cd6881,0.044401,,keep,,yes
images/fa014980__p001.png,FA014980.pdf,1,pdf,1654,2339,0,0.894,no,0.000,no,no,3773.400,246.642,31.255,-0.000,0.820,no,no,accepted,,414bf0a26f727dab4e9a77971c205120f83be6675ddcbc88fe821d8464f55953,0.129482,,keep,,yes
images/fa409972__p001.png,FA409972.pdf,1,pdf,1654,2339,0,0.922,no,0.000,no,no,3560.542,243.471,38.111,-0.000,0.812,no,no,accepted,,f3467a80081c866c6bb6aa81f021414c8d0e3ec110f2c693d843ab2b0905b56b,0.171440,dup_019,review,exact_duplicate,yes
images/fact-frais-gestion-approches-taxi-11333-2524746905__p001.png,FACT_FRAIS_GESTION_APPROCHES_TAXI_11333_2524746905.pdf,1,pdf,1654,2339,0,0.927,no,0.000,no,no,4429.730,246.182,36.255,-0.000,0.816,no,no,accepted,,6ef818ccbf622081931120ddf2a950a8dd4035d30083f52e54215d08533ae0d0,0.057904,,keep,,yes
images/facture-alu-cerdagne-capcir-du-23022024-appt-16__p001.png,Facture ALU CERDAGNE CAPCIR du 23022024- appt 16.pdf,1,pdf,1654,2339,0,0.925,no,0.000,no,no,4273.847,239.436,45.990,0.250,0.809,no,no,accepted,,512315303b636d0ea6c5632c0cb06941e51b49958e00e766b22903ef156f5fcc,0.133497,,keep,,yes
images/facture-girokits-balcons-02-2022__p001.png,Facture Girokits Balcons  02-2022.pdf,1,pdf,1653,2339,0,0.928,no,0.000,no,no,3686.357,248.775,28.932,-0.000,0.715,no,no,accepted,,02732017f7e5ed8ebdc67eff811dfbf116a00946ae6d1437cd8e2ff604096c16,0.042305,,keep,,yes
images/facture-girokits-balcons-02-2022__p002.png,Facture Girokits Balcons  02-2022.pdf,2,pdf,1653,2339,0,0.708,no,0.000,no,no,1090.656,252.760,19.014,-0.500,0.411,no,yes,review,contrast_enhanced;overexposed;skew_uncertain,a51c227727eb5465aa1045d0e8e1b1f027c6e5fb7ebdf040bc8c4481fb5aa8ee,0.013219,dup_020,review,exact_duplicate,yes
images/facture-girokits-pradella-02-2022__p001.png,Facture Girokits Pradella 02-2022.pdf,1,pdf,1653,2339,0,0.927,no,0.000,no,no,3640.328,248.841,28.804,-0.000,0.696,no,no,accepted,,12f94edf9202d759f1e4ecd501fd49bf19f1f31f0a85b06e78c0b94fe8bb59e9,0.041918,,keep,,yes
images/facture-girokits-pradella-02-2022__p002.png,Facture Girokits Pradella 02-2022.pdf,2,pdf,1653,2339,0,0.708,no,0.000,no,no,1090.656,252.760,19.014,-0.500,0.411,no,yes,review,contrast_enhanced;overexposed;skew_uncertain,a51c227727eb5465aa1045d0e8e1b1f027c6e5fb7ebdf040bc8c4481fb5aa8ee,0.013219,dup_020,review,exact_duplicate,yes
images/facture-n-fc-2468__p001.png,Facture N° FC 2468.pdf,1,pdf,1653,2339,0,0.923,no,0.000,no,no,2870.503,232.668,33.589,-0.000,0.816,no,no,accepted,,cf4e1a506a0587376f77301a7e7a4431899e60be4f515d6c871084a13f6b82ee,0.618103,,keep,,yes
images/facture-23020013-du-03-au-07-01-23__p001.png,Facture_23020013 du 03 au 07-01-23.pdf,1,pdf,1700,2200,0,0.924,no,0.000,no,no,1565.082,250.424,24.246,-0.000,0.647,no,no,review,overexposed,6d9c11dba59decbe211722bb9b10aa86c0fb7e28e9908ea455fff3ae02ac3e7e,0.059034,,review,,yes
images/facture-23020014-du-19-au-24-01-2023__p001.png,Facture_23020014 du 19 au 24-01-2023.pdf,1,pdf,1654,2339,0,0.899,no,0.000,no,no,1492.075,250.642,23.250,-0.000,0.666,no,no,review,overexposed,126eacd4411d26872d3d082252fdfc258243f5f6abab4327655c4574ecdfe52a,0.057369,,review,,yes
images/facture-23020015-du-23-au-27-01-2023__p001.png,Facture_23020015 du 23 au 27-01-2023.pdf,1,pdf,1654,2339,0,0.889,no,0.000,no,no,1548.169,250.543,23.596,-0.000,0.681,no,no,review,overexposed,1b7608ac26059971886e7bfaed32575610f3c0051dcb26f4100ebaabf3f4d693,0.057871,,review,,yes
images/facture-23020016-du-30-01-au-04-02-2023__p001.png,Facture_23020016 du 30-01 au 04-02-2023.pdf,1,pdf,1654,2339,0,0.903,no,0.000,no,no,1611.938,250.467,23.815,-0.000,0.674,no,no,review,overexposed,d1735f63652ae85ba79b51e0bd7453f4e2838a040c5d534bf4a1f2546db9abee,0.058303,,review,,yes
images/facture-23020017-du-06-au-11-02-2023__p001.png,Facture_23020017 du 06 au 11-02-2023.pdf,1,pdf,1654,2339,0,0.885,no,0.000,no,no,1621.780,250.476,23.754,-0.000,0.677,no,no,review,overexposed,3007494e6cafa601509e0aa064d7d87b1d3c4434fa05397ef4653bfe2e9671a9,0.058286,,review,,yes
images/facture-25-1844-fr-fr__p001.png,facture_25-1844_fr-FR.pdf,1,pdf,1654,2339,0,0.925,no,0.000,no,no,2693.489,248.929,27.818,-0.000,0.644,no,no,accepted,,3abfd9214299f4cc92198997eb9f2976ae600ca7dcc3c1f83cfec47ecfccf8f9,0.101085,,keep,,yes
images/facture-714315167-20140206__p001.png,facture_714315167_20140206.pdf,1,pdf,1654,2339,0,0.927,no,0.000,no,no,3135.969,249.613,28.387,-0.000,0.749,no,no,accepted,,6ade9ba38b345c1fc5a40a490219a108b04391022f155200f559f26933d422fd,0.032268,,keep,,yes
images/facture-714315167-20140206__p002.png,facture_714315167_20140206.pdf,2,pdf,1654,2339,0,0.929,no,0.000,no,no,7192.171,244.085,36.135,-0.000,0.738,no,no,accepted,,38b096c6f6e29fc7bb39614e0086f50a1d57f447cac7a03afde31d3162a892bf,0.068275,,keep,,yes
images/facture-714315167-20140206__p003.png,facture_714315167_20140206.pdf,3,pdf,1654,2339,0,0.724,no,0.000,no,no,4736.704,247.724,29.684,-0.000,0.550,no,no,accepted,,e1cb25e7a26302977f40eb8d3ca4361561d0f6a1f268c6855e76a054adfcf743,0.046354,,keep,,yes
images/facture-edf-02__p001.png,Facture_EDF_02.pdf,1,pdf,1653,2339,0,0.926,no,0.000,no,no,3207.087,244.422,34.045,-0.000,0.741,no,no,accepted,,bce566fb0a080f75b5235a44d2d0e463f20837090c65a91be59983aeb9b61835,0.118837,dup_021,review,exact_duplicate,yes
images/facture-edf-02__p002.png,Facture_EDF_02.pdf,2,pdf,1653,2339,0,0.925,no,0.000,no,no,4277.247,227.452,56.881,-0.000,0.771,no,no,accepted,,b62b619377dfa32233880c56971e53165d55c286ca43782b2a5a03411877f0ed,0.239763,dup_022,review,exact_duplicate,yes
images/facture-edf-02__p003.png,Facture_EDF_02.pdf,3,pdf,1653,2339,0,0.923,no,0.000,no,no,5744.364,244.323,33.709,-0.000,0.846,no,no,accepted,,46880541a756559cf59683b9e84cab44b7690a0ffa48c26b7324f9a34e88ab27,0.082649,dup_023,review,exact_duplicate,yes
images/facture-edf-02__p004.png,Facture_EDF_02.pdf,4,pdf,1653,2339,0,0.256,no,0.000,no,no,0.000,255.000,0.000,0.000,0.000,no,yes,review,contrast_enhanced;blurry;overexposed,f1fa61989e6572bc441ba1607d58f31e5ce60845c27af6f53aad2aa7ba1b694a,0.000000,dup_007,review,exact_duplicate;low_content,yes
images/facture-frais-de-gestion-cb-taxi-11333-259053694__p001.png,FACTURE_FRAIS_DE_GESTION_CB_TAXI_11333_259053694.pdf,1,pdf,1654,2339,0,0.927,no,0.000,no,no,4243.657,246.952,35.753,-0.000,0.809,no,no,accepted,,1dd6fe614b2f64969288ea22a8c804b88deb4cf970954bb07b2987c2f6eb8b0d,0.047006,,keep,,yes
images/facture-participat-budget-publicitaire-taxi-11333-256523285__p001.png,FACTURE_PARTICIPAT__BUDGET_PUBLICITAIRE_TAXI_11333_256523285.pdf,1,pdf,1654,2339,0,0.930,no,0.000,no,no,4224.393,246.723,35.773,-0.000,0.764,no,no,accepted,,7370fa5a3df3b94d16e8cfe1b204b762066c13213b185294a319bf01a886f576,0.050615,,keep,,yes
images/facture-redevance-taxi-11333-256061962__p001.png,FACTURE_REDEVANCE_TAXI_11333_256061962.pdf,1,pdf,1654,2339,0,0.929,no,0.000,no,no,4258.652,246.405,36.239,-0.125,0.741,no,no,accepted,,9d835072f9725f055a85d8513888815147faa126abdad839b6037a452cdd6041,0.053660,,keep,,yes
images/fr20253729411__p001.png,FR20253729411.pdf,1,pdf,1654,2339,0,0.920,no,0.000,no,no,1110.620,250.577,27.183,-0.000,0.640,no,no,review,overexposed,b31c2faaf752b7a31a6bbf74c81cb6d795eebd5f633058f3a211424fb2856db7,0.028896,,review,,yes
images/fr55178987__p001.png,FR55178987.pdf,1,pdf,1653,2339,0,0.927,no,0.000,no,no,3282.792,240.625,35.957,-0.000,0.891,no,no,accepted,,381292fa858bd016e032277a824b8d5a4c21cf7474c8aa3261a51dae1c6e0e0e,0.282337,,keep,,yes
images/fr55178987__p002.png,FR55178987.pdf,2,pdf,1653,2339,0,0.928,no,0.000,no,no,2204.767,248.041,25.799,-0.000,0.723,no,no,accepted,,677f3de46eb6f0da1475f13e7e8c69408131a9ec25c1bc4c0ef461d039d55c3a,0.131651,,keep,,yes
images/fr55331045__p001.png,FR55331045.pdf,1,pdf,1653,2339,0,0.926,no,0.000,no,no,2652.712,237.833,43.686,-0.000,0.876,no,no,accepted,,5d5319614b58d3f7fca30fb0a7a0d81163be9ce5bc58a064ba48a3012174ffd0,0.222917,,keep,,yes
images/fr55331045__p002.png,FR55331045.pdf,2,pdf,1653,2339,0,0.926,no,0.000,no,no,908.371,245.759,31.309,-0.000,0.644,no,no,accepted,,857b7b2a09d6e11f11ef3fb13d00b238e1d0b02920dad155598cd19f035f78a4,0.137070,,keep,,yes
images/fr55331045__p003.png,FR55331045.pdf,3,pdf,1653,2339,0,0.924,no,0.000,no,no,2968.814,237.155,33.668,-0.000,0.876,no,no,accepted,,3ca354bb9f69c99d11b224bf05e3a72161f0018aa8a0090e831159e4c7b99b08,0.482331,,keep,,yes
images/fr55331064__p001.png,FR55331064.pdf,1,pdf,1653,2339,0,0.927,no,0.000,no,no,2034.310,240.165,41.677,-0.250,0.685,no,no,accepted,,7cc638872674691f407575e5a46412d1992c87cc7f12eb5e0ed049fd6144fb33,0.195280,,keep,,yes
images/fr55331064__p002.png,FR55331064.pdf,2,pdf,1653,2339,0,0.919,no,0.000,no,no,864.529,246.219,31.051,-0.000,0.644,no,no,accepted,,c5712714cf138a861a5583c91be7feb7cc65d0bc226ddb21fae423114a846add,0.120460,,keep,,yes
images/fr55331064__p003.png,FR55331064.pdf,3,pdf,1653,2339,0,0.924,no,0.000,no,no,2968.733,237.154,33.669,-0.000,0.876,no,no,accepted,,15f802795dc0ece87f4e68d7922cb0aa6f76493a8bb82c1ea817786b79a2aea1,0.482342,,keep,,yes
images/fr55721450__p001.png,FR55721450.pdf,1,pdf,1653,2339,0,0.926,no,0.000,no,no,3234.368,242.900,35.288,-0.000,0.820,no,no,accepted,,1a61ebba73907ad022a56653b0280696f4ccad78bbd1d6ea3a3ee3fc0ad75742,0.212459,,keep,,yes
images/fr55722528__p001.png,FR55722528.pdf,1,pdf,1653,2339,0,0.925,no,0.000,no,no,2982.174,241.634,35.862,-0.000,0.850,no,no,accepted,,f35445c8c9dbe9554b03a163b419df1f1e6f575bf3171037eb9457451e5b5b33,0.258868,,keep,,yes
images/fr55722528__p002.png,FR55722528.pdf,2,pdf,1653,2339,0,0.256,no,0.000,no,no,1042.750,253.519,14.524,-0.250,0.438,no,yes,review,contrast_enhanced;overexposed,0a8179ccfee96ed5c701b7e0a81fe982a3bc3f7d4f65b577dd9525db528863e2,0.008917,,review,low_content,yes
images/fr55888540__p001.png,FR55888540.pdf,1,pdf,1653,2339,0,0.925,no,0.000,no,no,2505.979,245.474,32.452,-0.000,0.790,no,no,accepted,,a55435576623d4d76990d073bcbccafeeb5b0baa690afca3ef488282c3e7bb7a,0.159187,,keep,,yes
images/fr56117592__p001.png,FR56117592.pdf,1,pdf,1653,2339,0,0.927,no,0.000,no,no,3040.891,242.621,34.472,-0.000,0.790,no,no,accepted,,42b7996d0022e5cb025993b2383b825ef6d61a4eb93e403218dcc10f6a16e3ad,0.229372,,keep,,yes
images/fr56117592__p002.png,FR56117592.pdf,2,pdf,1653,2339,0,0.921,no,0.000,no,no,1463.853,252.542,18.388,-0.000,0.542,no,yes,review,contrast_enhanced;overexposed,52c9fb19821d53c122e960b079429ee7c3029ca74bbe3602c7d77143918e0195,0.024126,,review,,yes
images/fr56193228__p001.png,FR56193228.pdf,1,pdf,1653,2339,0,0.926,no,0.000,no,no,2660.045,237.824,43.703,-0.000,0.876,no,no,accepted,,9185c544bdf52d5cc676619d4d2d3bee8cc2a8e077c19411e11c4ff36c38e133,0.222973,,keep,,yes
images/fr56193228__p002.png,FR56193228.pdf,2,pdf,1653,2339,0,0.926,no,0.000,no,no,911.093,245.755,31.320,-0.000,0.655,no,no,accepted,,cb4e6daf6980e9457c36112e65fd81d8379e0f213ea3dfa69fdd4174f42db4a6,0.137100,,keep,,yes
images/fr56193228__p003.png,FR56193228.pdf,3,pdf,1653,2339,0,0.924,no,0.000,no,no,2970.419,237.153,33.671,-0.000,0.876,no,no,accepted,,94ade1b8425eea7c9bd579a199f9939edf7f62473af25e03981d8e453784b61e,0.482345,,keep,,yes
images/fr56193252__p001.png,FR56193252.pdf,1,pdf,1653,2339,0,0.927,no,0.000,no,no,2038.209,240.168,41.674,-0.250,0.685,no,no,accepted,,c3c668d8b25f627b6a986593daf6ff3865361a43f58d7c36cbca32808fd254ef,0.195267,,keep,,yes
images/fr56193252__p002.png,FR56193252.pdf,2,pdf,1653,2339,0,0.920,no,0.000,no,no,865.236,246.224,31.040,-0.000,0.655,no,no,accepted,,bf98ff8296246859f936240329835a27b76a25acfc13eeeec1ab5d73e8060e9b,0.120435,,keep,,yes
images/fr56193252__p003.png,FR56193252.pdf,3,pdf,1653,2339,0,0.924,no,0.000,no,no,2969.781,237.154,33.669,-0.000,0.876,no,no,accepted,,501d325ed3519d23d3b9cc3302a5396d72108a4806fdd7485e273785a67445e7,0.482336,,keep,,yes
images/fr56608748__p001.png,FR56608748.pdf,1,pdf,1653,2339,0,0.926,no,0.000,no,no,3389.892,240.261,36.633,-0.000,0.876,no,no,accepted,,6065898bc0406d61032d5fac7e97eab5f3be27494e2329516a49ed6d0e2633e4,0.284858,,keep,,yes
images/fr56608748__p002.png,FR56608748.pdf,2,pdf,1653,2339,0,0.926,no,0.000,no,no,2052.052,248.247,25.102,-0.000,0.693,no,no,accepted,,0b23eac21657fb4f160fe2703ebe05dd53a2d0bfdda52e5864cc0af85ed946ac,0.132436,,keep,,yes
images/fr56725732__p001.png,FR56725732.pdf,1,pdf,1653,2339,0,0.926,no,0.000,no,no,2653.313,237.852,43.666,-0.000,0.876,no,no,accepted,,22e26b9ca6f09372121a745281b56aaba462c2060c08bca5f7713653d250102d,0.222769,,keep,,yes
images/fr56725732__p002.png,FR56725732.pdf,2,pdf,1653,2339,0,0.926,no,0.000,no,no,906.749,245.776,31.276,-0.000,0.651,no,no,accepted,,d5ab3c429ad8b3d4caa651bcc7960541d62bed2c12d8c6648c29f51bac1bbe99,0.136934,,keep,,yes
images/fr56725732__p003.png,FR56725732.pdf,3,pdf,1653,2339,0,0.924,no,0.000,no,no,2968.702,237.157,33.665,-0.000,0.876,no,no,accepted,,9e66a018baacf36e6d7cb8b876cdd960415c8d3a63e2db855ead182232854e92,0.482318,,keep,,yes
images/fr56725752__p001.png,FR56725752.pdf,1,pdf,1653,2339,0,0.926,no,0.000,no,no,2034.138,240.187,41.650,-0.250,0.685,no,no,accepted,,eb5c04776e807e94e52067f2f303978b2b702226b3b9c5d53b4923714060fbee,0.195114,,keep,,yes
images/fr56725752__p002.png,FR56725752.pdf,2,pdf,1653,2339,0,0.921,no,0.000,no,no,862.917,246.238,31.015,-0.000,0.655,no,no,accepted,,bb880cfe89fb462e34df98a3335fbabf53da2fcceca48998c6da4b35b0b26074,0.120309,,keep,,yes
images/fr56725752__p003.png,FR56725752.pdf,3,pdf,1653,2339,0,0.924,no,0.000,no,no,2968.987,237.157,33.666,-0.000,0.876,no,no,accepted,,6df85977c4ebdb6aa02f69b1eeb7a25d3dd7acdcc7d3c69afc4ef30a2ebcf9e6,0.482320,,keep,,yes
images/fv202400276343__p001.png,FV202400276343.pdf,1,pdf,1655,2340,0,0.903,no,0.000,no,no,6025.785,243.726,41.068,-0.250,0.670,no,no,accepted,,99d68c6807207990a2098ab1f38fc902ba1fdc79cd7564b39fca0295737c39f6,0.063903,dup_024,review,exact_duplicate,yes
images/fv202400276343__p002.png,FV202400276343.pdf,2,pdf,1653,2339,0,0.928,no,0.000,no,no,19679.891,226.894,57.163,-0.000,0.985,no,no,accepted,,16782c600f017a879e24fa3b3ff4d9a560367d6da010836d10147f34add2d2c3,0.167465,dup_025,review,exact_duplicate,yes
images/fv202400276343__p003.png,FV202400276343.pdf,3,pdf,1653,2339,0,0.927,no,0.000,no,no,14043.231,204.550,60.304,-0.000,0.944,no,no,accepted,,13d501ab0216e7c92aa5579a70fd14ffe076326fab5886b7d6cd795d1ba1ed95,0.499654,dup_026,review,exact_duplicate,yes
images/fv202400276343__p004.png,FV202400276343.pdf,4,pdf,1653,2339,0,0.926,no,0.000,no,no,12384.808,238.814,45.108,-0.000,0.738,no,no,accepted,,257caf5a1f58aa795fd866ce5751d41f520a9c3309c7c86c564879693d4de214,0.096545,dup_027,review,exact_duplicate,yes
images/fzn3545862-29721384355-1698333989__p001.png,FZN3545862-29721384355_1698333989.pdf,1,pdf,1653,2339,0,0.923,no,0.000,no,no,3008.586,225.846,57.848,-0.000,0.760,no,no,accepted,,06f1041adcd7a31e26de0b800dbb77643131007ebd1e2748d17bdbc3fa21c8e1,0.234324,,keep,,yes
images/fzn3545862-29721384355-1698333989__p002.png,FZN3545862-29721384355_1698333989.pdf,2,pdf,1653,2339,0,0.925,no,0.000,no,no,2201.502,218.751,61.310,-0.000,0.749,no,no,accepted,,99a817c7bb291f62e7995d3004c9a034f42f51955180955f1cf7667a3c6cf736,0.286904,,keep,,yes
images/greffe-du-tribunal-de-commerce-de-perpignan-facture-num-24-046802-5b0583cc-6359-42d3-ae93-e589656639fb__p001.png,Greffe du Tribunal de Commerce de perpignan_Facture_num_24-046802_5b0583cc-6359-42d3-ae93-e589656639fb.pdf,1,pdf,1654,2339,0,0.901,no,0.000,no,no,4366.945,246.849,33.966,-0.250,0.677,no,no,accepted,,b5ec78a39915ceb8a7bae2f2806f828b0b6880fc1d0338f328e7889300361122,0.049261,,keep,,yes
images/grosbill-4043565__p001.png,GrosBill_4043565.pdf,1,pdf,1653,2339,0,0.883,no,0.599,no,no,3643.165,243.699,34.982,-0.000,0.696,no,no,review,document_contour_uncertain,f27ecdc9b555966775a292081125374d4e9e5c916171c7ec71a51032362f33df,0.094534,,review,,yes
images/grosbill-4043565__p002.png,GrosBill_4043565.pdf,2,pdf,2339,3307,0,0.920,no,0.000,no,no,15906.781,230.441,47.514,-0.000,1.000,no,no,accepted,,a5b93b0614bbaa353c6b1c7b71b4471abcb85a0d67142a290f3f8f32a88e48ed,0.145536,,keep,,yes
images/grosbill-4043565__p003.png,GrosBill_4043565.pdf,3,pdf,2339,3307,0,0.926,no,0.000,no,no,3968.450,248.705,26.755,-0.000,0.996,no,no,accepted,,23c132ed93d8dd172efb890a68e0c384af7796f49078473e24442dfbd01c84a8,0.037466,,keep,,yes
images/innovatio__p001.png,INNOVATIO.pdf,1,pdf,1654,2339,0,0.832,no,0.605,no,no,3341.809,245.660,35.794,-0.000,0.588,no,no,review,document_contour_uncertain,7ce7c0118804ad064dac0f2e4e9857195729f3e5404844e32935b8d2e1086e6c,0.076625,,review,,yes
images/invoice-1__p001.png,invoice(1).pdf,1,pdf,1654,2339,0,0.922,no,0.000,no,no,2955.666,246.466,32.848,-0.000,0.850,no,no,accepted,,e629cb13e892197a0dd3bb2a570b1ea11d11b6570b553ed7ea7005cce0945309,0.105034,,keep,,yes
images/invoice-1-73729daf__p001.png,invoice-1.pdf,1,pdf,1654,2339,0,0.914,no,0.000,no,no,3939.180,242.132,44.501,-0.000,0.723,no,no,accepted,,9044bf26da8914fb905c751fe057f371f884cec3db9dff81e47dc41443718271,0.071505,,keep,,yes
images/invoice-1-73729daf__p002.png,invoice-1.pdf,2,pdf,1654,2339,0,0.256,no,0.000,no,no,0.000,255.000,0.000,0.000,0.000,no,yes,review,contrast_enhanced;blurry;overexposed,bf7f01040e195d19a2cc83af36a1b6b163429acab230a664b419b545990a74b7,0.000000,dup_006,review,exact_duplicate;low_content,yes
images/invoice-1548133552__p001.png,invoice-1548133552.pdf,1,pdf,1653,2339,0,0.930,no,0.000,no,no,4680.989,245.308,39.895,-0.250,0.655,no,no,accepted,,39eded152c83cebbb43ecb6f767cf4892049643fdfc3b83c79f777cfd65c0442,0.052069,,keep,,yes
images/invoice-1554762102__p001.png,invoice-1554762102.pdf,1,pdf,1654,2339,0,0.927,no,0.000,no,no,3852.637,244.598,39.413,-0.000,0.850,no,no,accepted,,59c849b7e1031af4091f025f5c1907736d8e77186e5085964f87278c8ac26bbf,0.062699,,keep,,yes
images/invoice-2__p001.png,invoice-2.pdf,1,pdf,1654,2339,0,0.911,no,0.000,no,no,3824.245,242.246,44.341,-0.000,0.767,no,no,accepted,,4c35d6c3a4417a8908d6238b578fd568feb4aecde8b5332a272433eabf2cea00,0.070827,,keep,,yes
images/invoice-2__p002.png,invoice-2.pdf,2,pdf,1654,2339,0,0.256,no,0.000,no,no,0.000,255.000,0.000,0.000,0.000,no,yes,review,contrast_enhanced;blurry;overexposed,bf7f01040e195d19a2cc83af36a1b6b163429acab230a664b419b545990a74b7,0.000000,dup_006,review,exact_duplicate;low_content,yes
images/invoice-4100145900-25-644279986-000-ok__p001.png,Invoice-4100145900-25_644279986_000 OK.pdf,1,pdf,1654,2339,0,0.927,no,0.000,no,no,3418.198,248.794,27.643,-0.375,0.588,no,no,accepted,,49e4c30fb0056227a3292c890b8fbde56a0e7cec7c087c5e6f2ba9e1b2490a13,0.060278,,keep,,yes
images/invoice-4100145900-25-644279986-000-ok__p002.png,Invoice-4100145900-25_644279986_000 OK.pdf,2,pdf,2339,1654,0,0.890,no,0.000,no,no,4648.719,244.642,33.150,-0.000,0.767,no,no,accepted,,a494a93c4be07b8f76e4f0af1c496eb29a3c33075ea578e9430469aa07914a18,0.113961,,keep,,yes
images/invoice-4100145900-25-644294009-000-ok__p001.png,Invoice-4100145900-25_644294009_000 OK.pdf,1,pdf,1654,2339,0,0.927,no,0.000,no,no,3415.547,248.803,27.620,-0.375,0.588,no,no,accepted,,509432e8543c9ca1c2fdf3075fbcc91f67b39c707792eaa55ea9a1d7388600db,0.060228,,keep,,yes
images/invoice-4100145900-25-644294009-000-ok__p002.png,Invoice-4100145900-25_644294009_000 OK.pdf,2,pdf,2339,1654,0,0.887,no,0.000,no,no,4658.977,244.637,33.147,-0.000,0.749,no,no,accepted,,a43899700e379f225d8d1ec6a14bc725a67cb36d61c15e5cc4d6a7b5b8d72e43,0.113976,,keep,,yes
images/invoice-4100145900-25-644602976-000-ok__p001.png,Invoice-4100145900-25_644602976_000 OK.pdf,1,pdf,1654,2339,0,0.927,no,0.000,no,no,3415.070,248.806,27.596,-0.375,0.584,no,no,accepted,,57fe2918b72a10529a5615aab21492dad3df3f84e2a58ee1dd3a21cb87caa681,0.060247,,keep,,yes
images/invoice-4100145900-25-644602976-000-ok__p002.png,Invoice-4100145900-25_644602976_000 OK.pdf,2,pdf,2339,1654,0,0.846,no,0.000,no,no,5334.088,243.742,34.720,-0.000,0.764,no,no,accepted,,c4d1d647f27339040b7b6a4ff5f40e2db02fbd471cd62813a567c119cab73686,0.119560,,keep,,yes
images/invoice-4100145900-25-644610058-000ok__p001.png,Invoice-4100145900-25_644610058_000OK.pdf,1,pdf,1654,2339,0,0.927,no,0.000,no,no,3409.446,248.806,27.604,-0.500,0.542,no,no,review,skew_uncertain,6759329fde184eeae29ceefa6c76db8b370922b6a75b86bf41554a30a99e46df,0.060253,,review,,yes
images/invoice-4100145900-25-644610058-000ok__p002.png,Invoice-4100145900-25_644610058_000OK.pdf,2,pdf,2339,1654,0,0.875,no,0.000,no,no,4708.495,244.561,33.282,-0.000,0.767,no,no,accepted,,f8c71e827e6e5737cc0f46f5e6b4cb15150d14bd497b18fd5a811d37853e23eb,0.114458,,keep,,yes
images/invoice-4100145900-25-644882287-000-ok__p001.png,Invoice-4100145900-25_644882287_000 OK.pdf,1,pdf,1654,2339,0,0.927,no,0.000,no,no,3579.135,248.519,28.149,-0.250,0.576,no,no,accepted,,2589b9083b56e410f8e69f48f98ea7fb3b631dba466c8e20de98553f506fde54,0.062129,,keep,,yes
images/invoice-4100145900-25-644882287-000-ok__p002.png,Invoice-4100145900-25_644882287_000 OK.pdf,2,pdf,2339,1654,0,0.885,no,0.000,no,no,4442.841,245.057,32.535,-0.000,0.745,no,no,accepted,,b0bbfcbd5477b3db2d3704a8fffde59408c89777fcb1c076281a469b840dd0b1,0.111334,,keep,,yes
images/invoice__p001.png,invoice.pdf,1,pdf,1654,2339,0,0.926,no,0.000,no,no,2793.914,247.051,31.797,-0.000,0.775,no,no,accepted,,f27d10370282d27b48f8c5f73634d81fc10d1c0157d5737d08cd0581c700cbba,0.103531,,keep,,yes
images/kaspersky-30-01-24__p001.png,KASPERSKY-30_01_24.pdf,1,pdf,1653,2339,0,0.923,no,0.000,no,no,5311.606,242.663,39.026,-0.000,0.790,no,no,accepted,,beb74fcce6c4f6a835a4b9a68f2f39895f78b47023cf4a41b4058c46741a855f,0.202509,,keep,,yes
images/kaspersky-fr-24-013489557__p001.png,KASPERSKY-FR-24-013489557.pdf,1,pdf,1653,2339,0,0.923,no,0.000,no,no,1832.299,246.907,31.275,-0.250,0.617,no,no,accepted,,6ceacf9a0f9f776692de52246f459591ddb79e4b13aa73d1e1695ed8ca6a0f27,0.168945,,keep,,yes
images/kubii-fa409972-2509__p001.png,KUBII-FA409972_2509.pdf,1,pdf,1654,2339,0,0.922,no,0.000,no,no,3560.542,243.471,38.111,-0.000,0.812,no,no,accepted,,f3467a80081c866c6bb6aa81f021414c8d0e3ec110f2c693d843ab2b0905b56b,0.171440,dup_019,review,exact_duplicate,yes
images/leboncoin-741.png,LEBONCOIN-741.png,1,image,1874,1306,0,0.926,no,0.000,no,no,1761.336,240.026,39.250,-0.000,0.786,no,no,accepted,,13f81efa5719ddc63c988e007c6a5613c756a4717852a733b1f27b8d6a5e2c12,0.258066,,keep,,yes
images/mafacture-224150611__p001.png,MaFacture-224150611.pdf,1,pdf,1653,2339,0,0.919,no,0.000,no,no,4148.693,247.344,31.024,-0.000,0.745,no,no,accepted,,981e1e6692ad355455255853053f881de45942e49ba57286e03d9db1a76581bb,0.093508,,keep,,yes
images/mafacture-340475004__p001.png,MaFacture-340475004.pdf,1,pdf,1653,2339,0,0.925,no,0.000,no,no,4598.990,246.438,32.708,-0.000,0.753,no,no,accepted,,7835490d75e2a7be01c5416772aa913204a253ed521b646dbd96f469bc6a060c,0.102580,,keep,,yes
images/mafacture-350893750__p001.png,MaFacture-350893750.pdf,1,pdf,1653,2339,0,0.927,no,0.000,no,no,4563.985,246.499,32.546,-0.000,0.771,no,no,accepted,,c26a7393fe11bfefffe57bfb954b9216d97b0e07a31accd45f4f997e59a8cca3,0.102293,,keep,,yes
images/mafacture-369191504__p001.png,MaFacture-369191504.pdf,1,pdf,1653,2339,0,0.925,no,0.000,no,no,4532.118,246.527,32.480,-0.000,0.760,no,no,accepted,,155df96b454acba28e10b46a20ed58beebb78a9239e55fe8d3f1f7d5f8890152,0.102171,,keep,,yes
images/ok-01-12-454749a006dc49d8b3d0257edc4fa602__p001.png,OK 01-12 454749a006dc49d8b3d0257edc4fa602.pdf,1,pdf,2339,1654,0,0.914,no,0.000,no,no,5581.958,244.924,35.400,-0.000,0.588,no,no,accepted,,49ad9bd35b4322f846ba34d73a78da374386bda0120082734f79aff0344eadc7,0.064698,,keep,,yes
images/ok-01-12-454749a006dc49d8b3d0257edc4fa602__p002.png,OK 01-12 454749a006dc49d8b3d0257edc4fa602.pdf,2,pdf,2339,1654,0,0.919,no,0.000,no,no,5820.372,241.396,38.675,-0.000,0.809,no,no,accepted,,03f41482b03db2d1053c4588c770fb09a62e1a68cfd4f2e39d59db3539488bd0,0.109070,,keep,,yes
images/ok-02-12-747181f6228440bcb2539fa9aed0b5b4__p001.png,OK 02-12 747181f6228440bcb2539fa9aed0b5b4.pdf,1,pdf,2339,1654,0,0.915,no,0.000,no,no,6614.094,243.300,37.857,-0.000,0.685,no,no,accepted,,100310aa97ddf957af7081c656aa6edaca23348b0aad10af783431d85d6d0efe,0.074071,,keep,,yes
images/ok-02-12-747181f6228440bcb2539fa9aed0b5b4__p002.png,OK 02-12 747181f6228440bcb2539fa9aed0b5b4.pdf,2,pdf,2339,1654,0,0.920,no,0.000,no,no,5846.941,241.366,38.724,-0.000,0.812,no,no,accepted,,4db7dc12c38bd63b94e0009c78ff36c869dc485f2e26e936596e64b0a1128708,0.109211,,keep,,yes
images/ok-03-12-a5daecb19e2f48deb02a0e3aa8789c85__p001.png,OK 03-12 a5daecb19e2f48deb02a0e3aa8789c85.pdf,1,pdf,2339,1654,0,0.923,no,0.000,no,no,6484.842,243.817,37.339,-0.000,0.659,no,no,accepted,,b5b514587581001d541bc36e3347fc09e609346c22e9e2006ad08f6b3cc3e714,0.071300,,keep,,yes
images/ok-03-12-a5daecb19e2f48deb02a0e3aa8789c85__p002.png,OK 03-12 a5daecb19e2f48deb02a0e3aa8789c85.pdf,2,pdf,2339,1654,0,0.920,no,0.000,no,no,5834.000,241.379,38.701,-0.000,0.805,no,no,accepted,,8567e339aab1b0a54bc249c1dd1008f4ebbab62c9e53730ef82da75648f879bd,0.109162,,keep,,yes
images/ok-04-12-a4492b5ff2c04eb2b3b1851d3de23a7d__p001.png,OK 04-12 a4492b5ff2c04eb2b3b1851d3de23a7d.pdf,1,pdf,2339,1654,0,0.915,no,0.000,no,no,4884.595,246.210,33.420,-0.000,0.527,no,no,accepted,,dded3c475fcc015062adb5a9a69d68bfc6a861b5095fdefe886e318e82440ad3,0.056314,,keep,,yes
images/ok-04-12-a4492b5ff2c04eb2b3b1851d3de23a7d__p002.png,OK 04-12 a4492b5ff2c04eb2b3b1851d3de23a7d.pdf,2,pdf,2339,1654,0,0.919,no,0.000,no,no,5823.312,241.380,38.697,-0.000,0.812,no,no,accepted,,b615282f9c111ada36ba179c11404ae254e94d7bab6f40a54b2158080bb01bb7,0.109152,,keep,,yes
images/ok-05-12-adf9b278319e41f6b813828a4eda94a4__p001.png,OK 05-12 adf9b278319e41f6b813828a4eda94a4.pdf,1,pdf,2339,1654,0,0.921,no,0.000,no,no,7190.037,239.102,41.511,-0.000,0.730,no,no,accepted,,19f60afc08d902dce6e4260053de3bac4dd82bb97e8c641a399c65d97f1e9c51,0.121384,,keep,,yes
images/ok-06-12-fra-15-60-15415-20251226181053__p001.png,OK 06-12 FRA_15_60_15415_20251226181053.pdf,1,pdf,1653,2339,0,0.924,no,0.000,no,no,8912.899,241.587,40.626,-0.000,0.816,no,no,accepted,,faa27b86f5d68f4606699beb8eda7e6278bb388bdcb586c5a10a39194c74a450,0.090471,,keep,,yes
images/ok-06-12-fra-15-60-15415-20251226181053__p002.png,OK 06-12 FRA_15_60_15415_20251226181053.pdf,2,pdf,1653,2339,0,0.920,no,0.000,no,no,8417.222,242.244,39.579,-0.000,0.835,no,no,accepted,,ddcd70c4a4e7447aae620a017b45f4ae0377cf7fd7b08d663e1cad9ff8887cad,0.087312,,keep,,yes
images/ok-06-12-fra-15-60-15415-20251226181053__p003.png,OK 06-12 FRA_15_60_15415_20251226181053.pdf,3,pdf,1653,2339,0,0.929,no,0.000,no,no,4672.671,247.510,29.967,-0.000,0.782,no,no,accepted,,34e0afacfbae4dd3ef378312f238d80209758c3462d0106d3f5e23ef9380f655,0.057045,,keep,,yes
images/ok-07-12-fra-134-52-10237-20251219190943__p001.png,OK 07-12 FRA_134_52_10237_20251219190943.pdf,1,pdf,1653,2339,0,0.923,no,0.000,no,no,7326.549,243.619,37.178,-0.000,0.820,no,no,accepted,,e02e692f647aa6d74f7bb069fb1e7c895a9bcf52f249c3431bd2528bb069cdea,0.079649,,keep,,yes
images/ok-07-12-fra-134-52-10237-20251219190943__p002.png,OK 07-12 FRA_134_52_10237_20251219190943.pdf,2,pdf,1653,2339,0,0.925,no,0.000,no,no,4338.490,248.154,28.670,-0.000,0.764,no,no,accepted,,60321d19e6f0f87d9886bc78645bb3731edcf24ebe48b610c25ca51e8ac7a3d9,0.053109,,keep,,yes
images/ok-08-12-fra-134-53-8225-20251204193635__p001.png,OK 08-12 FRA_134_53_8225_20251204193635.pdf,1,pdf,1653,2339,0,0.925,no,0.000,no,no,8440.502,242.397,39.455,-0.000,0.895,no,no,accepted,,31e569ad9a5944f38ac0a50d02758ccdfabfe658862023d28113d380bfc604a6,0.085755,,keep,,yes
images/ok-08-12-fra-134-53-8225-20251204193635__p002.png,OK 08-12 FRA_134_53_8225_20251204193635.pdf,2,pdf,1653,2339,0,0.925,no,0.000,no,no,5168.901,246.839,31.265,-0.000,0.767,no,no,accepted,,041525f552e007aec3dab931b05871fec23d34facc3565ef1067ca4499278049,0.061487,,keep,,yes
images/ok-09-12-fra-134-53-10171-20251215192619__p001.png,OK 09-12 FRA_134_53_10171_20251215192619.pdf,1,pdf,1653,2339,0,0.923,no,0.000,no,no,6945.771,244.207,36.171,-0.000,0.839,no,no,accepted,,f646259eb2ea3a7903d1235a31824c6afc2a171198fbb28866572add69d497f2,0.076382,,keep,,yes
images/ok-09-12-fra-134-53-10171-20251215192619__p002.png,OK 09-12 FRA_134_53_10171_20251215192619.pdf,2,pdf,1653,2339,0,0.925,no,0.000,no,no,4329.054,248.158,28.668,-0.000,0.764,no,no,accepted,,45d8f87437a34ea4747f0c248c33b6cd5e01f49b5c3478052a2eb257ce41544e,0.053087,,keep,,yes
images/ok-1-2-facture-edf-02__p001.png,OK 1-2 Facture_EDF_02.pdf,1,pdf,1653,2339,0,0.926,no,0.000,no,no,3207.087,244.422,34.045,-0.000,0.741,no,no,accepted,,bce566fb0a080f75b5235a44d2d0e463f20837090c65a91be59983aeb9b61835,0.118837,dup_021,review,exact_duplicate,yes
images/ok-1-2-facture-edf-02__p002.png,OK 1-2 Facture_EDF_02.pdf,2,pdf,1653,2339,0,0.925,no,0.000,no,no,4277.247,227.452,56.881,-0.000,0.771,no,no,accepted,,b62b619377dfa32233880c56971e53165d55c286ca43782b2a5a03411877f0ed,0.239763,dup_022,review,exact_duplicate,yes
images/ok-1-2-facture-edf-02__p003.png,OK 1-2 Facture_EDF_02.pdf,3,pdf,1653,2339,0,0.923,no,0.000,no,no,5744.364,244.323,33.709,-0.000,0.846,no,no,accepted,,46880541a756559cf59683b9e84cab44b7690a0ffa48c26b7324f9a34e88ab27,0.082649,dup_023,review,exact_duplicate,yes
images/ok-1-2-facture-edf-02__p004.png,OK 1-2 Facture_EDF_02.pdf,4,pdf,1653,2339,0,0.256,no,0.000,no,no,0.000,255.000,0.000,0.000,0.000,no,yes,review,contrast_enhanced;blurry;overexposed,f1fa61989e6572bc441ba1607d58f31e5ce60845c27af6f53aad2aa7ba1b694a,0.000000,dup_007,review,exact_duplicate;low_content,yes
images/ok-10-12-fra-134-54-18138-20251229221702__p001.png,OK 10-12 FRA_134_54_18138_20251229221702.pdf,1,pdf,1653,2339,0,0.927,no,0.000,no,no,6684.841,244.646,35.459,-0.000,0.858,no,no,accepted,,76d9fafe6b845332f99bf70e44a8862029bd5cf8727df68952097ee650f5036e,0.074205,,keep,,yes
images/ok-10-12-fra-134-54-18138-20251229221702__p002.png,OK 10-12 FRA_134_54_18138_20251229221702.pdf,2,pdf,1653,2339,0,0.926,no,0.000,no,no,3846.769,248.810,27.170,-0.000,0.730,no,no,accepted,,f6b4ea187ae11b83bc9f556d76654fa08627976cf16f3b422019a202553ba0d5,0.049011,,keep,,yes
images/ok-3-2-20250226151000__p001.png,OK 3-2 20250226151000.pdf,1,pdf,1654,2338,0,0.927,no,0.000,no,no,4514.155,244.659,35.757,-0.000,0.805,no,no,accepted,,f0d0fdca9ea07a55221777f3cc9fd8081a38a7ced5a920b5400e4f109addf917,0.087992,dup_018,review,exact_duplicate,yes
images/ok-4-2-7934942657291729528__p001.png,OK 4-2 7934942657291729528.pdf,1,pdf,1700,2200,0,0.925,no,0.000,no,no,2144.327,249.635,30.132,-0.000,0.629,no,no,accepted,,195f441e728c0346df9eccf529f4ff629c16b0151d628350afa7280bb5b43298,0.029483,,keep,,yes
images/ok-4-2-7934942657291729528__p002.png,OK 4-2 7934942657291729528.pdf,2,pdf,1700,2200,0,0.256,no,0.000,no,no,0.000,255.000,0.000,0.000,0.000,no,yes,review,contrast_enhanced;blurry;overexposed,09edbec9d62074a0f9ee9241415a67ec2d9a09e36671d0d227b41436d0b8c37e,0.000000,,review,low_content,yes
images/ok-41-12-facture-pef-f0423178__p001.png,OK 41-12 Facture PEF-F0423178.pdf,1,pdf,1654,2339,0,0.927,no,0.000,no,no,1920.922,249.082,24.087,-0.000,0.734,no,no,accepted,,44ddfd0085693bc09831b0112699e02fd1540196db0224b588d6354a97da5b1e,0.052495,,keep,,yes
images/ok-41-12-facture-pef-f0423178__p002.png,OK 41-12 Facture PEF-F0423178.pdf,2,pdf,1654,2339,0,0.899,no,0.000,no,no,2580.895,248.071,25.860,-0.000,0.824,no,no,accepted,,dfb9a8028b528243b51a82ccc639569a21218dede24e678ce532ce6fb25438a7,0.060445,,keep,,yes
images/ok-42-12-3b0cd71d-e042-4a41-9065-a27990161eef__p001.png,OK 42-12 3b0cd71d-e042-4a41-9065-a27990161eef.pdf,1,pdf,1653,2339,0,0.923,no,0.000,no,no,6430.640,230.546,55.170,-0.000,0.854,no,no,accepted,,97efb3ffbb2c153a762b56add73f871f01d04e73af34374c627d451449740cd1,0.158663,,keep,,yes
images/ok-5-2-facture-n-1000006343-sarl-rahma__p001.png,OK 5-2 Facture n- 1000006343 SARL RAHMA.pdf,1,pdf,1654,2339,0,0.928,no,0.000,no,no,6927.707,244.548,35.108,-0.000,0.861,no,no,accepted,,bb081eeb73e617fe1bdd1b3a621c891d8a1e584e51da7ef41a7753d39d651f2e,0.065961,,keep,,yes
images/ok-5-2-facture-n-1000006343-sarl-rahma__p002.png,OK 5-2 Facture n- 1000006343 SARL RAHMA.pdf,2,pdf,1654,2339,0,0.921,no,0.000,no,no,7174.416,244.017,35.388,-0.000,0.869,no,no,accepted,,1ffe89222a3bc43521520e0ba39605d70aeb852e49a305ae613a9964e4533ad8,0.070736,,keep,,yes
images/ok-5-2-facture-n-1000006343-sarl-rahma__p003.png,OK 5-2 Facture n- 1000006343 SARL RAHMA.pdf,3,pdf,1654,2339,180,0.898,yes,0.000,no,no,1893.916,251.054,21.968,-0.000,0.614,no,yes,review,rotated_180;contrast_enhanced;overexposed,f882b5a896b05dc1277685a0c6f1d18fafc84c8306c8a25399e613084b111f87,0.026515,,review,,yes
images/ok-6-2-m10056940b-fa250213-142931-rahma__p001.png,OK 6-2 M10056940B-FA250213-142931-RAHMA.pdf,1,pdf,1653,2339,0,0.912,no,0.000,no,no,9061.473,233.953,49.787,-0.000,0.970,no,no,accepted,,7b07a1b8825ece582251195a973e2d275d094d8b6a3708173a350df09a2ccc7a,0.140270,,keep,,yes
images/ok-6-2-m10056940b-fa250213-142931-rahma__p002.png,OK 6-2 M10056940B-FA250213-142931-RAHMA.pdf,2,pdf,1653,2339,0,0.908,no,0.000,no,no,11272.223,231.647,49.037,-0.000,1.000,no,no,accepted,,bc27a48ccff08d462db4db38ff814a3c4171a0a66b41c62c8ac6aead0183cff8,0.162463,,keep,,yes
images/ok-6-2-m10056940b-fa250213-142931-rahma__p003.png,OK 6-2 M10056940B-FA250213-142931-RAHMA.pdf,3,pdf,1653,2339,0,0.256,no,0.000,no,no,983.873,252.659,17.355,-1.375,0.355,no,yes,review,contrast_enhanced;overexposed;skew_uncertain,9867369011eed93f9a53e55bc304cc3361f1aa1153fabad74a1e101df88f8985,0.015547,,review,,yes
images/ok-achats-p11-a-40-12-25__p001.png,OK Achats P11 à 40   12-25.pdf,1,pdf,1656,2337,0,0.925,no,0.000,no,no,3960.842,198.471,33.936,0.250,0.906,no,no,accepted,,97054d12ba8a45a2819204700c73efbf5f108945f10d83c2ca5d203a2197a0f8,0.983695,,keep,,yes
images/ok-achats-p11-a-40-12-25__p002.png,OK Achats P11 à 40   12-25.pdf,2,pdf,1662,2342,0,0.926,no,0.000,no,no,2128.106,203.949,28.483,0.250,0.861,no,no,accepted,,ae918bbd02fda0c3b0648efb23c654087d44f73e5cee46cfb8694c59473658e0,0.977259,,keep,,yes
images/ok-achats-p11-a-40-12-25__p003.png,OK Achats P11 à 40   12-25.pdf,3,pdf,1658,2341,0,0.923,no,0.000,no,no,3522.571,190.109,35.177,-0.000,0.797,no,no,accepted,,cb3ddd643b02a6d7b71268c605b84175ca02a8769972206b8fa4bb57e11dd63a,0.984075,,keep,,yes
images/ok-achats-p11-a-40-12-25__p004.png,OK Achats P11 à 40   12-25.pdf,4,pdf,1662,2346,0,0.920,no,0.000,no,no,3428.636,192.920,34.861,-0.000,0.872,no,no,accepted,,f1fa27ce4ccc5af37713b6fc44508fbd821f3967e1640823262826a76a5f5875,0.982294,,keep,,yes
images/ok-achats-p11-a-40-12-25__p005.png,OK Achats P11 à 40   12-25.pdf,5,pdf,1652,2341,0,0.921,no,0.000,no,no,2075.456,196.160,29.127,-0.000,0.835,no,no,accepted,,9973e3e07153dc701adfb85e346829790b7cd196ed321b6d759ad717e7dba0b9,0.982898,,keep,,yes
images/ok-achats-p11-a-40-12-25__p006.png,OK Achats P11 à 40   12-25.pdf,6,pdf,1655,2341,0,0.926,no,0.000,no,no,2594.825,196.766,31.391,0.500,0.790,no,no,accepted,,ba16e581ab73c4090052c24ae59cc8983b2494ccaf71047825a5f578cc3381ff,0.964204,,keep,,yes
images/ok-achats-p11-a-40-12-25__p007.png,OK Achats P11 à 40   12-25.pdf,7,pdf,1654,2340,0,0.920,no,0.000,no,no,1577.378,198.914,26.602,0.250,0.843,no,no,accepted,,8f06cdd4de2d4f9c1b52959534adc4c1d6ca786b7ffae2b50817fb54ae7de4ff,0.975459,,keep,,yes
images/ok-achats-p11-a-40-12-25__p008.png,OK Achats P11 à 40   12-25.pdf,8,pdf,1660,2341,0,0.926,no,0.000,no,no,5116.318,237.472,43.532,-0.000,0.812,no,no,accepted,,c6b3c36a1b4d41d0be40ac8b8c520c4a1881867f03704db14764050d6c0fdfe4,0.173238,,keep,,yes
images/ok-achats-p11-a-40-12-25__p009.png,OK Achats P11 à 40   12-25.pdf,9,pdf,1660,2341,0,0.926,no,0.000,no,no,5160.997,237.681,43.373,-0.000,0.797,no,no,accepted,,c75de33250072aa098ac420326ab4a1f7cdcc9285f964bc711abb5bf6166d0eb,0.169637,,keep,,yes
images/ok-achats-p11-a-40-12-25__p010.png,OK Achats P11 à 40   12-25.pdf,10,pdf,1664,2342,0,0.925,no,0.000,no,no,2545.367,186.903,34.699,-0.000,0.880,no,no,accepted,,c317de3ea100173a991ec3bb0d4216252b200309a8b03d7023b552bd6e49b5de,0.973918,,keep,,yes
images/ok-achats-p11-a-40-12-25__p011.png,OK Achats P11 à 40   12-25.pdf,11,pdf,1656,2343,0,0.927,no,0.000,no,no,1497.006,191.886,24.899,-0.000,0.839,no,no,accepted,,42940891a39ee86fa1b22a527260343d0518592655345bbcb349418a03b3b015,0.983245,,keep,,yes
images/ok-achats-p11-a-40-12-25__p012.png,OK Achats P11 à 40   12-25.pdf,12,pdf,1656,2344,0,0.923,no,0.000,no,no,2886.683,244.088,34.430,0.125,0.782,no,no,accepted,,301681f1c92b000ace807c5363f89d0cbbed58f282866eb2572faf46067de24f,0.104269,,keep,,yes
images/ok-achats-p11-a-40-12-25__p013.png,OK Achats P11 à 40   12-25.pdf,13,pdf,2374,1662,0,0.924,no,0.000,no,no,3096.226,244.662,29.710,-0.000,0.805,no,no,accepted,,03935f21eede16a13dc021da047ab0f58039f03b57f655f80733c94886d51d6b,0.124035,,keep,,yes
images/ok-achats-p11-a-40-12-25__p014.png,OK Achats P11 à 40   12-25.pdf,14,pdf,2374,1662,0,0.909,no,0.000,no,no,2394.033,248.280,25.160,-0.250,0.550,no,no,accepted,,6f3eb232af33ba55aefbb57b59de1b195e6e5251226f25f61e2568ecf28fd919,0.069653,,keep,,yes
images/ok-achats-p11-a-40-12-25__p015.png,OK Achats P11 à 40   12-25.pdf,15,pdf,1656,2345,0,0.923,no,0.000,no,no,3475.974,239.938,36.233,-0.000,0.794,no,no,accepted,,3258074605062d3047126ee5aac2fabab9c008f8217efe757fa37d05db0898e0,0.210885,,keep,,yes
images/ok-achats-p11-a-40-12-25__p016.png,OK Achats P11 à 40   12-25.pdf,16,pdf,1654,2346,0,0.927,no,0.000,no,no,3516.151,240.239,36.137,-0.000,0.771,no,no,accepted,,c2106bebd6d22a581f29354e5aed762f61333033f9a323c67058f2667b0f0deb,0.206844,,keep,,yes
images/ok-achats-p11-a-40-12-25__p017.png,OK Achats P11 à 40   12-25.pdf,17,pdf,1666,2351,0,0.927,no,0.000,no,no,2205.147,243.363,32.067,0.250,0.723,no,no,accepted,,bfa77a45f4884ac7aec304356e24f56d5705e88de8a05a981c10decfe45b74bb,0.178146,,keep,,yes
images/ok-achats-p11-a-40-12-25__p018.png,OK Achats P11 à 40   12-25.pdf,18,pdf,1662,2345,0,0.920,no,0.000,no,no,3482.308,241.419,35.722,-0.000,0.812,no,no,accepted,,f3e69609bb8cf2520eb03cbe59767590fb6aeddb22ee3f97b7540c91c71702ce,0.178255,,keep,,yes
images/ok-achats-p11-a-40-12-25__p019.png,OK Achats P11 à 40   12-25.pdf,19,pdf,1666,2348,0,0.926,no,0.000,no,no,2754.252,244.267,33.039,-0.000,0.794,no,no,accepted,,4396aff0a0998bb2af9d67cf72f430d553cd761019545de7ed396e24e2825099,0.142935,,keep,,yes
images/ok-achats-p11-a-40-12-25__p020.png,OK Achats P11 à 40   12-25.pdf,20,pdf,1660,2348,0,0.927,no,0.000,no,no,2739.917,243.107,33.182,-0.000,0.812,no,no,accepted,,a86aea6b448f499908da80b186973c95a8be6fbd93d972dca4c33ff1431fc7c2,0.168802,,keep,,yes
images/ok-achats-p11-a-40-12-25__p021.png,OK Achats P11 à 40   12-25.pdf,21,pdf,1658,2344,0,0.921,no,0.000,no,no,3537.438,190.911,32.496,-0.000,0.872,no,no,accepted,,9aac2abd34db7470c00e5c76af8f0014461cf277226b50d67b1439df42f847c8,0.983532,,keep,,yes
images/ok-achats-p11-a-40-12-25__p022.png,OK Achats P11 à 40   12-25.pdf,22,pdf,1658,2345,0,0.930,no,0.000,no,no,1905.470,195.296,26.939,-0.000,0.794,no,no,accepted,,a930fd1877a051e41dfc2dd3b2d4d2d7dd2d2194811d5975bcbb40224c8042b2,0.980023,,keep,,yes
images/ok-achats-p11-a-40-12-25__p023.png,OK Achats P11 à 40   12-25.pdf,23,pdf,1658,2343,0,0.916,no,0.000,no,no,3182.355,240.865,36.376,0.250,0.812,no,no,accepted,,829fa36538e415d8d7c2cee48ee001873e3efc9f0d9c1ce3234f43ae4d53c7f2,0.189281,,keep,,yes
images/ok-achats-p11-a-40-12-25__p024.png,OK Achats P11 à 40   12-25.pdf,24,pdf,2383,1658,0,0.925,no,0.000,no,no,3278.290,243.598,29.806,-0.000,0.711,no,no,accepted,,1d22b4842a62b84436f5ca0009701a814bddff1bee281e66338868402636e012,0.142163,,keep,,yes
images/ok-achats-p11-a-40-12-25__p025.png,OK Achats P11 à 40   12-25.pdf,25,pdf,1656,2338,0,0.928,no,0.536,no,no,1233.396,242.184,39.992,-0.000,0.685,no,no,review,document_contour_uncertain,85576dca775f341bd549d016fc280a8a0f201a89a4fe71ef13741550d97d4b06,0.142141,,review,,yes
images/ok-achats-p11-a-40-12-25__p026.png,OK Achats P11 à 40   12-25.pdf,26,pdf,1660,2338,0,0.922,no,0.000,no,no,2587.294,246.254,28.653,-0.000,0.820,no,no,accepted,,70462c0e22b11a491f0cc72e61f5534f6f56d38d6a46b7c1ffb57101e35410a1,0.101443,,keep,,yes
images/ok-achats-p11-a-40-12-25__p027.png,OK Achats P11 à 40   12-25.pdf,27,pdf,1649,2334,0,0.925,no,0.000,no,no,1518.634,241.894,28.291,-0.000,0.884,no,no,accepted,,9f0ff52f5408eed4f6a7b449a2d23163b573d16b646700428eca483559de073f,0.208666,,keep,,yes
images/ok-achats-p11-a-40-12-25__p028.png,OK Achats P11 à 40   12-25.pdf,28,pdf,2373,1658,0,0.924,no,0.000,no,no,3026.423,246.164,27.729,-0.000,0.715,no,no,accepted,,952c556cab4a505e44074c6996a8fc80cab76a1234e210d2e5ce6a6320658319,0.094245,,keep,,yes
images/ok-achats-p11-a-40-12-25__p029.png,OK Achats P11 à 40   12-25.pdf,29,pdf,2373,1660,0,0.914,no,0.000,no,no,2607.704,245.491,27.196,-0.000,0.805,no,no,accepted,,502ad7f88b220808007c020dedaface0c4eea662a3db1bdbbf6f7d05da9aff5c,0.123245,,keep,,yes
images/ok-achats-p11-a-40-12-25__p030.png,OK Achats P11 à 40   12-25.pdf,30,pdf,1654,2338,0,0.931,no,0.000,no,no,1513.931,243.807,29.268,0.250,0.880,no,no,accepted,,a9b5bab206650ed2d8783a0be6030268fba84a3defd980f8080a6a1d324e5bfc,0.147245,,keep,,yes
images/ok-achats-p11-a-40-12-25__p031.png,OK Achats P11 à 40   12-25.pdf,31,pdf,1668,2402,0,0.923,no,0.000,no,no,3434.682,242.752,34.520,-0.000,0.730,no,no,accepted,,9415138ca021aef2c54c5a56bc27a67235bcd51088bf6b46957148dbf016a2f3,0.125603,,keep,,yes
images/ok-achats-p11-a-40-12-25__p032.png,OK Achats P11 à 40   12-25.pdf,32,pdf,1656,2340,0,0.916,no,0.000,no,no,3986.391,244.856,31.448,-0.250,0.974,no,no,accepted,,4111e6ecaf4bbee443eccc17698616e9a4f76138d71e42ecca1c3ba46bb23fd6,0.096897,,keep,,yes
images/ok-achats-p11-a-40-12-25__p033.png,OK Achats P11 à 40   12-25.pdf,33,pdf,1658,2344,0,0.928,no,0.000,no,no,2860.922,247.590,27.884,-0.250,0.636,no,no,accepted,,42a57d14e9fab9a1abb78f3da83e1a2a650dfc6b34f56e88fc5fab1609650d45,0.071755,,keep,,yes
images/ok-achats-p11-a-40-12-25__p034.png,OK Achats P11 à 40   12-25.pdf,34,pdf,2376,1662,0,0.922,no,0.000,no,no,2841.592,245.736,28.388,-0.250,0.711,no,no,accepted,,01d76b71ad368d5f470510d65bc1eef58622c58dec1e39d0358fe28ca93e317d,0.101615,,keep,,yes
images/ok-achats-p11-a-40-12-25__p035.png,OK Achats P11 à 40   12-25.pdf,35,pdf,2376,1662,0,0.925,no,0.000,no,no,2546.873,244.234,29.053,-0.000,0.797,no,no,accepted,,be8e88eaf0965b0bfefb817cf01198c4949f0788cb02573209f57ecf38181b03,0.134041,,keep,,yes
images/ok-achats-p11-a-40-12-25__p036.png,OK Achats P11 à 40   12-25.pdf,36,pdf,1660,2342,0,0.923,no,0.000,no,no,4814.683,241.533,37.880,-0.250,0.944,no,no,accepted,,06400bc260a7f1a7394240cec1b1aab34feb94a81cf2e436d1416efe52f83e96,0.132008,,keep,,yes
images/ok-achats-p11-a-40-12-25__p037.png,OK Achats P11 à 40   12-25.pdf,37,pdf,1662,2343,0,0.926,no,0.000,no,no,2103.080,247.262,27.561,0.125,0.771,no,no,accepted,,87d07ab943780898589bcd2b6a7871f626f9aac385ed6398a14825c92839f1a4,0.113140,,keep,,yes
images/ok-achats-p11-a-40-12-25__p038.png,OK Achats P11 à 40   12-25.pdf,38,pdf,1654,2342,0,0.925,no,0.000,no,no,4856.339,240.506,38.308,-0.000,0.929,no,no,accepted,,a712ee753d6bc4c0347399ab67334ccb83d2fe6b9bfc2693cc4f0512f41ee1fb,0.168301,,keep,,yes
images/ok-achats-p11-a-40-12-25__p039.png,OK Achats P11 à 40   12-25.pdf,39,pdf,1650,2333,0,0.914,no,0.000,no,no,2081.744,241.567,33.836,-0.000,0.824,no,no,accepted,,5a3914b541c72f9846994ec336d98e2740ad5476ac69eb67ba8c8d2496695cfe,0.158412,,keep,,yes
images/ok-achats-p11-a-40-12-25__p040.png,OK Achats P11 à 40   12-25.pdf,40,pdf,1658,2342,0,0.927,no,0.000,no,no,3005.517,231.198,59.357,0.250,0.843,no,no,accepted,,d7c64cf11d66b1ea37261ba1feff64e2f3e38ff40bfd7ee3e3e57078564b14d3,0.156316,,keep,,yes
images/ok-achats-p11-a-40-12-25__p041.png,OK Achats P11 à 40   12-25.pdf,41,pdf,1650,2334,0,0.925,no,0.000,no,no,1381.497,243.056,27.157,-0.000,0.899,no,no,accepted,,5a36d9eb3d3114d1b2cbbdeb74b798162075c4fe04e0ccde63160431262f4981,0.188728,,keep,,yes
images/ok-achats-p11-a-40-12-25__p042.png,OK Achats P11 à 40   12-25.pdf,42,pdf,1652,2332,0,0.928,no,0.000,no,no,2059.242,240.871,33.087,-0.000,0.861,no,no,accepted,,b1a5f5edcacf38b42c0325c77d6ef38639cd8019e4d5d5044e2d5fa88e7c37f1,0.176340,,keep,,yes
images/ok-achats-p11-a-40-12-25__p043.png,OK Achats P11 à 40   12-25.pdf,43,pdf,1645,2335,0,0.904,no,0.000,no,no,1754.032,242.607,31.689,-0.250,0.790,no,no,accepted,,c43a193c480ac40a112c18f9aa81175edcb460f12bc5ffa29d3f0e7da8135916,0.153833,,keep,,yes
images/ok-achats-p11-a-40-12-25__p044.png,OK Achats P11 à 40   12-25.pdf,44,pdf,1666,2342,0,0.927,no,0.000,no,no,2510.004,244.834,31.549,-0.000,0.764,no,no,accepted,,53117b17c9a488f79b8d83c71b61cdac143946e6f8401904cf29f2bf734102f8,0.105403,,keep,,yes
images/ok-achats-p11-a-40-12-25__p045.png,OK Achats P11 à 40   12-25.pdf,45,pdf,469,1022,0,0.923,no,0.000,no,no,219.572,241.470,30.163,-0.000,0.603,no,no,accepted,,f407761899df95d5101b039edc57c18e65faaf7e240a42f12a3ba755b529edbc,0.246196,,keep,,yes
images/ok-achats-p11-a-40-12-25__p046.png,OK Achats P11 à 40   12-25.pdf,46,pdf,476,1836,0,0.926,no,0.000,no,no,1919.207,246.622,28.994,0.500,0.644,no,no,accepted,,461c4c83132bd214415f82dd8c4bbc1559f04db317999487298c9d57bcbfe315,0.101647,,keep,,yes
images/ok-facture-achat-3__p001.png,OK FACTURE  ACHAT 3.pdf,1,pdf,1603,2214,0,0.926,no,0.000,no,no,4639.543,229.542,57.885,-0.500,0.666,yes,no,corrected,deskewed,ee15d62a2f27d3976f2d3149ed364520b7e9b5f73100353ca4a86c811869cf4e,0.208227,,keep,,yes
images/ok-facture-achat-4__p001.png,OK FACTURE ACHAT  4.pdf,1,pdf,1469,2200,0,0.921,no,0.000,no,no,2388.722,248.519,28.287,-0.250,0.621,no,no,accepted,,0f07930342c7534a812bd9837a17af3509cb26f0a47033723d5e306201e6813d,0.056542,,keep,,yes
images/ok-facture-achat-5__p001.png,OK FACTURE ACHAT  5.pdf,1,pdf,1461,2213,0,0.921,no,0.000,no,no,2623.074,239.415,41.248,-0.500,0.670,yes,no,corrected,deskewed,eccf6614dc6e2b224317f75ec1e545d80dea7a3f91609039e02e389fcf619418,0.153059,,keep,,yes
images/ok-facture-achat-1__p001.png,OK FACTURE ACHAT 1.pdf,1,pdf,1677,2200,0,0.924,no,0.000,no,no,2310.875,246.232,30.790,-0.625,0.595,no,no,review,skew_uncertain,dc20a74f3373bdab921eeccdd4e723f5d5550cf05527cb026fe256bb49702122,0.127350,,review,,yes
images/ok-facture-achat-2__p001.png,OK FACTURE ACHAT 2.pdf,1,pdf,1568,2227,0,0.896,no,0.000,no,no,3390.236,235.087,36.540,1.000,0.677,yes,no,corrected,deskewed,2cdf8c8edf294914126701148a79623002855f3c3de122f65cdb97dacb620278,0.348803,,keep,,yes
images/ok-facture-achat-6__p001.png,OK FACTURE ACHAT 6.pdf,1,pdf,1529,2200,0,0.921,no,0.000,no,no,1989.974,248.668,27.521,-0.500,0.610,no,no,review,skew_uncertain,2c86da94bc857cd2740ab2d9d61d90790faa8c0d87add29e78dbaaeda87508b6,0.062002,,review,,yes
images/ok-facture-achat-7__p001.png,OK FACTURE ACHAT 7.pdf,1,pdf,1654,2339,0,0.811,no,0.000,no,no,4174.462,246.204,36.281,-0.250,0.693,no,no,accepted,,57d06bf9925b9b8ff23a77eed945137e5afa981a633ad5a649ad26394d31cb1f,0.056951,,keep,,yes
images/ok-facture-free__p001.png,OK FACTURE FREE.pdf,1,pdf,1654,2339,0,0.928,no,0.000,no,no,4023.454,244.378,32.947,-0.000,0.674,no,no,accepted,,df9cfe99c9fd7bd1df3f5ed3d142b447e193ee3654041e5821b50bf2f70f54cc,0.137801,,keep,,yes
images/ok-facture-free__p002.png,OK FACTURE FREE.pdf,2,pdf,1654,2339,0,0.923,no,0.000,no,no,2273.271,241.873,33.956,-0.000,0.801,no,no,accepted,,643095bd618e8a6e4b56d0ec69415aa70e87a1bd2ce13b6018d24f25e78f30c1,0.236362,,keep,,yes
images/ok-facture-free__p003.png,OK FACTURE FREE.pdf,3,pdf,1654,2339,180,0.900,yes,0.000,no,no,7984.743,228.661,51.370,-0.000,0.801,no,no,corrected,rotated_180,b3e71766c99495b1b2d636cfee3c9b880983ae6687ecdd2215d9cf2bfef116f3,0.341096,,keep,,yes
images/ok-facture-free__p004.png,OK FACTURE FREE.pdf,4,pdf,1654,2339,0,0.884,no,0.000,no,no,8782.066,230.117,46.621,-0.000,0.865,no,no,accepted,,7f1e3776053ff3fcccee2860c17506aac201a69db1e4c1444377c3a271378bd4,0.363900,,keep,,yes
images/ok-facture-free__p005.png,OK FACTURE FREE.pdf,5,pdf,1654,2339,0,0.870,no,0.000,no,no,8836.113,230.053,46.690,-0.000,0.891,no,no,accepted,,4f2c08c0c3e17d99e1cbdee5c357fac99151709313c030b4dc2bfdfb0ce3fb16,0.364233,,keep,,yes
images/ok-facture-free__p006.png,OK FACTURE FREE.pdf,6,pdf,1654,2339,0,0.883,no,0.000,no,no,8978.462,229.938,46.927,-0.000,0.865,no,no,accepted,,c5175c074a0a40eb9b8789abcce3f6a169e5f2a5ba2b7ec60eb5d3c367a073f6,0.364542,,keep,,yes
images/ok-facture-free__p007.png,OK FACTURE FREE.pdf,7,pdf,1654,2339,180,0.847,no,0.000,no,no,9146.247,229.714,47.242,-0.000,0.895,no,no,review,orientation_uncertain,f31d5efe7f0506a64691296113443797b46854bd8b1f661161be1d02aa93b233,0.365137,,review,,yes
images/ok-facture-free__p008.png,OK FACTURE FREE.pdf,8,pdf,1654,2339,180,0.910,yes,0.000,no,no,7676.825,222.178,58.995,-0.000,0.861,no,no,corrected,rotated_180,6a53636ee6079af465ab772f8143435cbba3c250532c95f2981bf6dcb463827c,0.377977,,keep,,yes
images/ok-facture-vente-2__p001.png,OK FACTURE VENTE 2.pdf,1,pdf,1447,2200,0,0.921,no,0.000,no,no,5500.468,240.777,40.104,-0.250,0.944,no,no,accepted,,37906a511c723ced5a9811f67fbd93ffb4d82c5be14c01436620d1ed30222147,0.122984,,keep,,yes
images/ok-facture-vente-3__p001.png,OK FACTURE VENTE 3.pdf,1,pdf,1656,2342,0,0.925,no,0.000,no,no,4632.591,242.358,35.254,-0.000,0.992,no,no,accepted,,852255a291638a1e91bcc094fb73b561bbd4333dffcfeab23c6a16846f2f7bd7,0.136547,,keep,,yes
images/ok-facture-vente__p001.png,OK FACTURE VENTE.pdf,1,pdf,1479,2200,0,0.916,no,0.000,no,no,4049.554,243.738,36.690,-0.250,0.771,no,no,accepted,,37a376e87559594f267d2d02dbe969b39276912367667fda2dc6d8d046c78937,0.094025,,keep,,yes
images/ok-facture-vente__p002.png,OK FACTURE VENTE.pdf,2,pdf,1617,2200,0,0.927,no,0.000,no,no,1232.278,246.885,31.116,-1.500,0.557,no,no,review,skew_uncertain,feaa06987309c4589d38b9db754fb291ec28077262955c8291990bc2bf73e377,0.079601,,review,,yes
images/ok-quittance-de-loyer__p001.png,OK QUITTANCE DE LOYER.pdf,1,pdf,1700,1134,0,0.926,no,0.000,no,no,483.222,249.961,17.728,0.250,0.723,no,yes,corrected,contrast_enhanced,3835fe6f5fe9f20948322a2acb1bd729eef73df3c296db25249efdca4d28bf56,0.101291,,keep,,yes
images/orderbillpdf__p001.png,OrderBillPdf.pdf,1,pdf,1655,2340,0,0.903,no,0.000,no,no,6025.785,243.726,41.068,-0.250,0.670,no,no,accepted,,99d68c6807207990a2098ab1f38fc902ba1fdc79cd7564b39fca0295737c39f6,0.063903,dup_024,review,exact_duplicate,yes
images/orderbillpdf__p002.png,OrderBillPdf.pdf,2,pdf,1653,2339,0,0.928,no,0.000,no,no,19679.891,226.894,57.163,-0.000,0.985,no,no,accepted,,16782c600f017a879e24fa3b3ff4d9a560367d6da010836d10147f34add2d2c3,0.167465,dup_025,review,exact_duplicate,yes
images/orderbillpdf__p003.png,OrderBillPdf.pdf,3,pdf,1653,2339,0,0.927,no,0.000,no,no,14043.231,204.550,60.304,-0.000,0.944,no,no,accepted,,13d501ab0216e7c92aa5579a70fd14ffe076326fab5886b7d6cd795d1ba1ed95,0.499654,dup_026,review,exact_duplicate,yes
images/orderbillpdf__p004.png,OrderBillPdf.pdf,4,pdf,1653,2339,0,0.926,no,0.000,no,no,12384.808,238.814,45.108,-0.000,0.738,no,no,accepted,,257caf5a1f58aa795fd866ce5751d41f520a9c3309c7c86c564879693d4de214,0.096545,dup_027,review,exact_duplicate,yes
images/ouverture-compte-ehs__p001.png,Ouverture compte EHS.pdf,1,pdf,1647,2318,0,0.926,no,0.000,no,no,3053.618,228.767,56.885,-0.000,0.858,no,no,accepted,,622d5064bfacfef6b6e9cbba5e7cd1c571469a0c88a24621646bfcceb574d624,0.201852,,keep,,yes
images/p2002-01__p001.png,P2002_01.pdf,1,pdf,1653,2339,0,0.923,no,0.000,no,no,5661.723,239.821,52.368,-0.000,0.816,no,no,accepted,,72a4346cb012152838f0d86f447815b84cf1d37825b36e5ffc718142f6908bf6,0.079378,,keep,,yes
images/p2002-01__p002.png,P2002_01.pdf,2,pdf,1653,2339,0,0.927,no,0.000,no,no,5706.564,243.110,45.097,-0.000,0.753,no,no,accepted,,d01730e30d91bec4f5a68469fbb50287e5acbae981be6e45d11a5ed86a8e1965,0.064038,,keep,,yes
images/p2002-01__p003.png,P2002_01.pdf,3,pdf,1653,2339,0,0.927,no,0.000,no,no,3541.636,246.779,37.028,-1.500,0.456,no,no,review,skew_uncertain,e153c157ddf279ad22591a848e9c9f928260df323b1af6fe55bc620a6087037c,0.046559,,review,,yes
images/p2002-01__p004.png,P2002_01.pdf,4,pdf,1653,2339,0,0.923,no,0.000,no,no,6115.916,237.937,46.013,-0.000,0.730,no,no,accepted,,3084e1513a4f910095aab4d724a46317549b7c570ee5a3ac52cd2a3dbc2653a9,0.140023,,keep,,yes
images/p2002-01__p005.png,P2002_01.pdf,5,pdf,2339,1653,90,0.924,yes,0.000,no,no,9474.687,206.734,74.650,-0.000,0.753,no,no,corrected,rotated_90,c5850a0703b6504576ee45a7e532831bbc3330ea43816fe981533c83d33172f7,0.389665,,keep,,yes
images/p2002-01__p006.png,P2002_01.pdf,6,pdf,1653,2339,0,0.877,no,0.000,no,no,5235.146,244.430,38.400,-0.000,0.902,no,no,accepted,,77f9722da5b52bb28f547eeb0762593427b2edd6f9aedeb8688e5ff61c3d1c0a,0.067354,,keep,,yes
images/p2002-01__p007.png,P2002_01.pdf,7,pdf,1653,2339,0,0.926,no,0.000,no,no,4776.321,244.028,42.196,0.250,0.670,no,no,accepted,,3a5c79c0d067b8fb8b6520a4cbfa8bba94f730a7068b784f6700f562cff1fdd3,0.062578,,keep,,yes
images/p2002-01__p008.png,P2002_01.pdf,8,pdf,1653,2339,0,0.922,no,0.000,no,no,5550.184,244.529,39.924,0.250,0.779,no,no,accepted,,fbacdb5beb7c7250828b3be32ba437ef0f9af8c28cc8eb5d8d1de7303d1ac1e8,0.061918,,keep,,yes
images/p2002-03__p001.png,P2002_03.pdf,1,pdf,1653,2339,0,0.867,no,0.000,no,no,5791.429,244.992,39.053,-0.250,0.629,no,no,accepted,,0f595bc1fb43a0c74280fb3360674d1e407cddb9542252fe6bdb2a1c36c656b9,0.061328,,keep,,yes
images/p2002-03__p002.png,P2002_03.pdf,2,pdf,1653,2339,0,0.917,no,0.595,no,no,5048.763,237.551,51.029,-0.250,0.674,no,no,review,document_contour_uncertain,60d53ce70a8d4e8c8646c4bf5fb56cc5af1dc551c342c95560d6c027447d49bb,0.139382,,review,,yes
images/p2002-03__p003.png,P2002_03.pdf,3,pdf,1653,2339,0,0.931,no,0.000,no,no,4438.930,238.075,39.509,-0.000,0.723,no,no,accepted,,807f1b7b72476d2da83da7a253ce8a5db2188c58db6ee6fca4bd1701e6a3810f,0.212659,,keep,,yes
images/p2002-03__p004.png,P2002_03.pdf,4,pdf,1653,2339,0,0.912,no,0.000,no,no,4849.705,244.945,37.334,-0.000,0.887,no,no,accepted,,400eeeaef9dbff7abdf63c8071d3b5b788efcf61a04f6c83c2f7aac455582e07,0.067490,,keep,,yes
images/p2002-03__p005.png,P2002_03.pdf,5,pdf,1653,2339,0,0.897,no,0.000,no,no,5238.364,244.454,37.901,-0.000,0.929,no,no,accepted,,616a6d220d5d6a5c3c909878f8d55d3081b94102d1463242227ec69fef90d710,0.069513,,keep,,yes
images/p2002-03__p006.png,P2002_03.pdf,6,pdf,2354,1674,270,0.897,yes,0.000,no,no,7172.488,210.066,73.115,-0.500,0.858,yes,no,corrected,rotated_270;deskewed,6132dccad9f9335a42ae0bd1539a8271a6dd5af34ad6fc93a34ed8d1dcc2ddc4,0.444944,,keep,,yes
images/p2002-03__p007.png,P2002_03.pdf,7,pdf,1653,2339,0,0.911,no,0.000,no,no,4648.192,244.014,42.513,-0.000,0.625,no,no,accepted,,9ca0925ad159816baaf67a4cd61f50e6a6c44675f0e655ec41978344b33cf22c,0.064246,,keep,,yes
images/paypal-1628__p001.png,PayPal_1628.pdf,1,pdf,1700,2200,0,0.922,no,0.000,no,no,2707.920,247.713,35.669,-0.000,0.738,no,no,accepted,,adc7326499a7cbe1e4ee8a413782e9d6c121361a41165074e969524e0682f218,0.040018,,keep,,yes
images/pcsoft-25-005831__p001.png,PCSOFT-25-005831.pdf,1,pdf,1654,2339,0,0.915,no,0.000,no,no,5329.763,246.184,33.941,-0.000,0.715,no,no,accepted,,525e9924f7281d875a55ab5ab171704ca8b401e3141957326c169a927fed8c4a,0.055241,,keep,,yes
images/prodevis-facture-alu-cerdagne-capcir-du-26092023__p001.png,ProDevis - Facture ALU CERDAGNE CAPCIR du 26092023.pdf,1,pdf,1656,2339,0,0.927,no,0.000,no,no,4225.250,239.638,45.747,-0.000,0.786,no,no,accepted,,76f19eac3afcbd7aafca72b5fadf16378728dace0990a351cc0a3da6fdf0be15,0.132812,,keep,,yes
images/pva9qjgzkf__p001.png,pVA9QjGZkf.pdf,1,pdf,1654,2339,0,0.924,no,0.000,no,no,2325.591,248.159,29.123,-0.000,0.734,no,no,accepted,,b6e5fd4cc22719dd65d7c6745e3115e737553400e3a338cafcbb392790beef90,0.092310,,keep,,yes
images/remise-qualite-p1-2506-taxi-11333-2530374990__p001.png,REMISE_QUALITE__P1-2506_TAXI_11333_2530374990.pdf,1,pdf,1654,2339,0,0.928,no,0.000,no,no,3507.015,248.321,32.506,-0.000,0.767,no,no,accepted,,aa1f3d0a4fa7fb69a6a6a93da3a04452a36984b42a944b1b4a136cd189814a2a,0.039457,,keep,,yes
images/remise-qualite-p2-2506-taxi-11333-2530383126__p001.png,REMISE_QUALITE__P2-2506_TAXI_11333_2530383126.pdf,1,pdf,1654,2339,0,0.928,no,0.000,no,no,3504.954,248.317,32.513,-0.000,0.767,no,no,accepted,,8a63b76cd61dee08de15c4cb28c8b00076c207bcec07e681384be1f5510cec3b,0.039479,,keep,,yes
images/s4aomyfl__p001.png,s4aoMyFl.pdf,1,pdf,1654,2339,0,0.924,no,0.000,no,no,3933.105,247.939,30.797,-0.000,0.786,no,no,accepted,,285d599b0016ee64bb956337a8503c1fd0a1481c4257f1a2ffaa568081bd9bd7,0.042642,,keep,,yes
images/s4aomyfl__p002.png,s4aoMyFl.pdf,2,pdf,1654,2339,0,0.919,no,0.000,no,no,4773.525,246.240,33.506,-0.000,0.685,no,no,accepted,,75c44a326765ac5e35a40f8d3f275017583995b7127ec0feb80d6522c3a2ae5b,0.052863,,keep,,yes
images/ven-2022-0909-sarl-amorgos-la-pradella__p001.png,VEN_2022_0909 - SARL AMORGOS LA PRADELLA.pdf,1,pdf,1653,2339,0,0.926,no,0.000,no,no,3339.863,249.142,27.311,-0.000,0.723,no,no,accepted,,f6b869b6ace95abdf3f37b59778528ff42841d127aee874e4256296d0ec28565,0.041331,,keep,,yes
images/ven-2022-0910-sarl-amorgos-la-pradella__p001.png,VEN_2022_0910 - SARL AMORGOS LA PRADELLA.pdf,1,pdf,1653,2339,0,0.926,no,0.000,no,no,3377.915,249.081,27.417,-0.000,0.719,no,no,accepted,,70aee0297818bc12cc6b2f430d3c7342ca27deadb6c256a105a6b638bde17a12,0.041777,,keep,,yes
